0             -2             -2              1
1             -2             -2              1
2             -2             -2              1
3             -2             -2              1
4             -2             -2              1
5             -2             -2              1
6             -2             -2              1
7             -2             -2              1
8             -2             -2              1
9             -2             -2              1
10             -2             -2              1
11             -2             -2              1
12             -2             -2              1
13             -2             -2              1
14             -2             -2              1
15             -2             -2              1
16             -2             -2              1
17             -2             -2              1
18             -2             -2              1
19             -2             -2              1
20             -2             -2              1
21             -2             -2              1
22             -2             -2              1
23             -2             -2              1
24             -2             -2              1
25             -2             -2              1
26             -2             -2              1
27             -2             -2              1
28             -2             -2              1
29             -2             -2              1
30             -2             -2              1
31             -2             -2              1
32             -2             -2              1
33             -2             -2              1
34             -2             -2              1
35             -2             -2              1
36             -2             -2              1
37             -2             -2              1
38             -2             -2              1
39             -2             -2              1
40             -2             -2              1
41             -2             -2              1
42             -2             -2              1
43             -2             -2              1
44          -1.98       -1.99956          0.995
45             -2       -1.99957              1
46             -2       -1.99957              1
47             -2       -1.99958              1
48          -1.98       -1.99918          0.995
49             -2        -1.9992              1
50             -2       -1.99922              1
51             -2       -1.99923              1
52             -2       -1.99925              1
53             -2       -1.99926              1
54             -2       -1.99927              1
55             -2       -1.99929              1
56             -2        -1.9993              1
57             -2       -1.99931              1
58          -1.98       -1.99898          0.995
59             -2         -1.999              1
60             -2       -1.99902              1
61             -2       -1.99903              1
62             -2       -1.99905              1
63             -2       -1.99906              1
64             -2       -1.99908              1
65             -2       -1.99909              1
66             -2        -1.9991              1
67             -2       -1.99912              1
68             -2       -1.99913              1
69             -2       -1.99914              1
70             -2       -1.99915              1
71             -2       -1.99917              1
72             -2       -1.99918              1
73             -2       -1.99919              1
74             -2        -1.9992              1
75             -2       -1.99921              1
76          -1.98       -1.99896          0.995
77          -1.98       -1.99872          0.995
78          -1.98       -1.99848          0.995
79             -2        -1.9985              1
80             -2       -1.99852              1
81             -2       -1.99854              1
82             -2       -1.99855              1
83             -2       -1.99857              1
84             -2       -1.99859              1
85             -2        -1.9986              1
86             -2       -1.99862              1
87             -2       -1.99864              1
88             -2       -1.99865              1
89             -2       -1.99867              1
90             -2       -1.99868              1
91             -2        -1.9987              1
92             -2       -1.99871              1
93             -2       -1.99872              1
94             -2       -1.99874              1
95             -2       -1.99875              1
96             -2       -1.99876              1
97             -2       -1.99878              1
98             -2       -1.99879              1
99             -2        -1.9988              1
100             -2       -1.99881              1
101             -2       -1.99882              1
102             -2       -1.99883              1
103          -1.98       -1.99865          0.995
104             -2       -1.99867              1
105             -2       -1.99868              1
106             -2       -1.99869              1
107             -2        -1.9987              1
108             -2       -1.99872              1
109             -2       -1.99873              1
110             -2       -1.99874              1
111             -2       -1.99875              1
112             -2       -1.99876              1
113             -2       -1.99877              1
114             -2       -1.99878              1
115             -2       -1.99879              1
116          -1.98       -1.99863          0.995
117             -2       -1.99864              1
118             -2       -1.99866              1
119          -1.98        -1.9985          0.995
120             -2       -1.99851              1
121             -2       -1.99852              1
122             -2       -1.99854              1
123             -2       -1.99855              1
124             -2       -1.99856              1
125             -2       -1.99857              1
126          -1.98       -1.99843          0.995
127          -1.98       -1.99828          0.995
128          -1.98       -1.99814          0.995
129             -2       -1.99815              1
130             -2       -1.99817              1
131             -2       -1.99818              1
132             -2        -1.9982              1
133          -1.98       -1.99806          0.995
134          -1.98       -1.99793          0.995
135          -1.98       -1.99779          0.995
136             -2       -1.99781              1
137             -2       -1.99783              1
138             -2       -1.99784              1
139             -2       -1.99786              1
140             -2       -1.99787              1
141             -2       -1.99789              1
142             -2        -1.9979              1
143             -2       -1.99792              1
144             -2       -1.99793              1
145             -2       -1.99795              1
146          -1.98       -1.99782          0.995
147          -1.98        -1.9977          0.995
148             -2       -1.99772              1
149             -2       -1.99773              1
150             -2       -1.99775              1
151             -2       -1.99776              1
152             -2       -1.99778              1
153             -2       -1.99779              1
154             -2       -1.99781              1
155             -2       -1.99782              1
156             -2       -1.99783              1
157          -1.98       -1.99772          0.995
158          -1.98       -1.99761          0.995
159          -1.98        -1.9975          0.995
160             -2       -1.99752              1
161             -2       -1.99753              1
162             -2       -1.99755              1
163             -2       -1.99756              1
164          -1.98       -1.99745          0.995
165             -2       -1.99747              1
166             -2       -1.99749              1
167             -2        -1.9975              1
168             -2       -1.99751              1
169             -2       -1.99753              1
170             -2       -1.99754              1
171             -2       -1.99756              1
172          -1.98       -1.99746          0.995
173             -2       -1.99747              1
174             -2       -1.99749              1
175             -2        -1.9975              1
176             -2       -1.99751              1
177          -1.98       -1.99742          0.995
178             -2       -1.99743              1
179             -2       -1.99744              1
180             -2       -1.99746              1
181             -2       -1.99747              1
182             -2       -1.99749              1
183             -2        -1.9975              1
184             -2       -1.99751              1
185             -2       -1.99753              1
186             -2       -1.99754              1
187             -2       -1.99755              1
188          -1.98       -1.99746          0.995
189             -2       -1.99747              1
190             -2       -1.99749              1
191             -2        -1.9975              1
192             -2       -1.99751              1
193             -2       -1.99753              1
194             -2       -1.99754              1
195             -2       -1.99755              1
196             -2       -1.99756              1
197             -2       -1.99758              1
198             -2       -1.99759              1
199             -2        -1.9976              1
200             -2       -1.99761              1
201             -2       -1.99762              1
202             -2       -1.99764              1
203             -2       -1.99765              1
204             -2       -1.99766              1
205             -2       -1.99767              1
206             -2       -1.99768              1
207             -2       -1.99769              1
208             -2        -1.9977              1
209          -1.98       -1.99762          0.995
210          -1.98       -1.99754          0.995
211             -2       -1.99755              1
212             -2       -1.99756              1
213             -2       -1.99757              1
214             -2       -1.99758              1
215             -2       -1.99759              1
216             -2        -1.9976              1
217             -2       -1.99761              1
218             -2       -1.99763              1
219             -2       -1.99764              1
220             -2       -1.99765              1
221             -2       -1.99766              1
222             -2       -1.99767              1
223             -2       -1.99768              1
224             -2       -1.99769              1
225             -2        -1.9977              1
226             -2       -1.99771              1
227             -2       -1.99772              1
228             -2       -1.99773              1
229             -2       -1.99774              1
230             -2       -1.99775              1
231          -1.98       -1.99767          0.995
232             -2       -1.99768              1
233             -2       -1.99769              1
234             -2        -1.9977              1
235             -2       -1.99771              1
236             -2       -1.99772              1
237             -2       -1.99773              1
238             -2       -1.99774              1
239             -2       -1.99775              1
240          -1.98       -1.99768          0.995
241             -2       -1.99769              1
242             -2        -1.9977              1
243             -2        -1.9977              1
244          -1.98       -1.99763          0.995
245          -1.98       -1.99756          0.995
246          -1.98       -1.99749          0.995
247          -1.98       -1.99742          0.995
248             -2       -1.99743              1
249             -2       -1.99744              1
250             -2       -1.99745              1
251             -2       -1.99746              1
252             -2       -1.99747              1
253             -2       -1.99748              1
254             -2       -1.99749              1
255             -2        -1.9975              1
256             -2       -1.99751              1
257             -2       -1.99752              1
258             -2       -1.99753              1
259             -2       -1.99754              1
260             -2       -1.99755              1
261             -2       -1.99756              1
262             -2       -1.99757              1
263             -2       -1.99758              1
264             -2       -1.99758              1
265             -2       -1.99759              1
266          -1.98       -1.99753          0.995
267             -2       -1.99754              1
268             -2       -1.99755              1
269             -2       -1.99756              1
270             -2       -1.99756              1
271             -2       -1.99757              1
272             -2       -1.99758              1
273             -2       -1.99759              1
274             -2        -1.9976              1
275          -1.98       -1.99754          0.995
276             -2       -1.99755              1
277             -2       -1.99755              1
278             -2       -1.99756              1
279             -2       -1.99757              1
280             -2       -1.99758              1
281             -2       -1.99759              1
282             -2        -1.9976              1
283          -1.98       -1.99754          0.995
284             -2       -1.99754              1
285             -2       -1.99755              1
286             -2       -1.99756              1
287             -2       -1.99757              1
288             -2       -1.99758              1
289             -2       -1.99759              1
290          -1.98       -1.99753          0.995
291             -2       -1.99753              1
292             -2       -1.99754              1
293          -1.98       -1.99748          0.995
294             -2       -1.99749              1
295             -2        -1.9975              1
296             -2       -1.99751              1
297             -2       -1.99752              1
298             -2       -1.99753              1
299             -2       -1.99753              1
300             -2       -1.99754              1
301             -2       -1.99755              1
302          -1.98       -1.99749          0.995
303          -1.97        -1.9974           0.99
304             -2       -1.99741              1
305             -2       -1.99742              1
306             -2       -1.99743              1
307             -2       -1.99744              1
308             -2       -1.99744              1
309             -2       -1.99745              1
310             -2       -1.99746              1
311             -2       -1.99747              1
312             -2       -1.99748              1
313             -2       -1.99748              1
314             -2       -1.99749              1
315             -2        -1.9975              1
316             -2       -1.99751              1
317             -2       -1.99752              1
318             -2       -1.99752              1
319             -2       -1.99753              1
320             -2       -1.99754              1
321             -2       -1.99755              1
322             -2       -1.99755              1
323             -2       -1.99756              1
324             -2       -1.99757              1
325             -2       -1.99758              1
326             -2       -1.99758              1
327             -2       -1.99759              1
328             -2        -1.9976              1
329             -2       -1.99761              1
330          -1.98       -1.99755          0.995
331          -1.98        -1.9975          0.995
332             -2       -1.99751              1
333             -2       -1.99751              1
334             -2       -1.99752              1
335          -1.98       -1.99747          0.995
336          -1.98       -1.99742          0.995
337          -1.98       -1.99737          0.995
338          -1.98       -1.99732          0.995
339             -2       -1.99732              1
340             -2       -1.99733              1
341             -2       -1.99734              1
342             -2       -1.99735              1
343             -2       -1.99735              1
344             -2       -1.99736              1
345             -2       -1.99737              1
346             -2       -1.99738              1
347             -2       -1.99739              1
348             -2       -1.99739              1
349             -2        -1.9974              1
350             -2       -1.99741              1
351             -2       -1.99741              1
352             -2       -1.99742              1
353             -2       -1.99743              1
354             -2       -1.99744              1
355             -2       -1.99744              1
356             -2       -1.99745              1
357             -2       -1.99746              1
358             -2       -1.99747              1
359             -2       -1.99747              1
360             -2       -1.99748              1
361             -2       -1.99749              1
362             -2       -1.99749              1
363             -2        -1.9975              1
364             -2       -1.99751              1
365             -2       -1.99751              1
366             -2       -1.99752              1
367             -2       -1.99753              1
368             -2       -1.99753              1
369             -2       -1.99754              1
370          -1.96       -1.99744           0.99
371             -2       -1.99745              1
372             -2       -1.99745              1
373             -2       -1.99746              1
374             -2       -1.99747              1
375             -2       -1.99747              1
376             -2       -1.99748              1
377             -2       -1.99749              1
378             -2       -1.99749              1
379             -2        -1.9975              1
380             -2       -1.99751              1
381          -1.98       -1.99746          0.995
382             -2       -1.99747              1
383             -2       -1.99747              1
384             -2       -1.99748              1
385             -2       -1.99749              1
386          -1.98       -1.99744          0.995
387             -2       -1.99745              1
388             -2       -1.99746              1
389          -1.98       -1.99741          0.995
390             -2       -1.99742              1
391             -2       -1.99742              1
392             -2       -1.99743              1
393             -2       -1.99744              1
394             -2       -1.99744              1
395             -2       -1.99745              1
396          -1.98       -1.99741          0.995
397          -1.98       -1.99736          0.995
398          -1.98       -1.99732          0.995
399             -2       -1.99732              1
400          -1.98       -1.99728          0.995
401             -2       -1.99729              1
402             -2        -1.9973              1
403             -2        -1.9973              1
404          -1.98       -1.99726          0.995
405             -2       -1.99727              1
406             -2       -1.99727              1
407             -2       -1.99728              1
408             -2       -1.99729              1
409             -2       -1.99729              1
410             -2        -1.9973              1
411             -2       -1.99731              1
412             -2       -1.99731              1
413             -2       -1.99732              1
414             -2       -1.99733              1
415             -2       -1.99733              1
416             -2       -1.99734              1
417             -2       -1.99734              1
418             -2       -1.99735              1
419          -1.98       -1.99731          0.995
420             -2       -1.99732              1
421             -2       -1.99732              1
422             -2       -1.99733              1
423             -2       -1.99733              1
424             -2       -1.99734              1
425             -2       -1.99735              1
426             -2       -1.99735              1
427             -2       -1.99736              1
428             -2       -1.99737              1
429             -2       -1.99737              1
430             -2       -1.99738              1
431             -2       -1.99738              1
432             -2       -1.99739              1
433          -1.98       -1.99735          0.995
434             -2       -1.99736              1
435             -2       -1.99736              1
436             -2       -1.99737              1
437          -1.98       -1.99733          0.995
438          -1.98       -1.99729          0.995
439             -2        -1.9973              1
440             -2        -1.9973              1
441             -2       -1.99731              1
442             -2       -1.99731              1
443             -2       -1.99732              1
444             -2       -1.99733              1
445          -1.98       -1.99729          0.995
446             -2       -1.99729              1
447             -2        -1.9973              1
448             -2       -1.99731              1
449             -2       -1.99731              1
450             -2       -1.99732              1
451          -1.96       -1.99723           0.99
452          -1.98        -1.9972          0.995
453          -1.98       -1.99716          0.995
454             -2       -1.99716              1
455             -2       -1.99717              1
456             -2       -1.99718              1
457          -1.98       -1.99714          0.995
458             -2       -1.99715              1
459             -2       -1.99715              1
460          -1.98       -1.99711          0.995
461             -2       -1.99712              1
462             -2       -1.99713              1
463             -2       -1.99713              1
464             -2       -1.99714              1
465             -2       -1.99715              1
466             -2       -1.99715              1
467             -2       -1.99716              1
468             -2       -1.99716              1
469             -2       -1.99717              1
470             -2       -1.99718              1
471             -2       -1.99718              1
472             -2       -1.99719              1
473             -2       -1.99719              1
474             -2        -1.9972              1
475             -2       -1.99721              1
476             -2       -1.99721              1
477             -2       -1.99722              1
478             -2       -1.99722              1
479             -2       -1.99723              1
480             -2       -1.99723              1
481             -2       -1.99724              1
482             -2       -1.99725              1
483             -2       -1.99725              1
484             -2       -1.99726              1
485             -2       -1.99726              1
486             -2       -1.99727              1
487          -1.98       -1.99723          0.995
488          -1.98        -1.9972          0.995
489             -2        -1.9972              1
490             -2       -1.99721              1
491             -2       -1.99722              1
492             -2       -1.99722              1
493             -2       -1.99723              1
494             -2       -1.99723              1
495             -2       -1.99724              1
496             -2       -1.99724              1
497             -2       -1.99725              1
498             -2       -1.99725              1
499             -2       -1.99726              1
500             -2       -1.99727              1
501             -2       -1.99727              1
502             -2       -1.99728              1
503             -2       -1.99728              1
504             -2       -1.99729              1
505          -1.98       -1.99725          0.995
506          -1.98       -1.99722          0.995
507             -2       -1.99722              1
508             -2       -1.99723              1
509             -2       -1.99724              1
510             -2       -1.99724              1
511             -2       -1.99725              1
512             -2       -1.99725              1
513             -2       -1.99726              1
514             -2       -1.99726              1
515          -1.98       -1.99723          0.995
516             -2       -1.99723              1
517             -2       -1.99724              1
518             -2       -1.99724              1
519             -2       -1.99725              1
520             -2       -1.99726              1
521             -2       -1.99726              1
522             -2       -1.99727              1
523          -1.98       -1.99723          0.995
524             -2       -1.99724              1
525             -2       -1.99724              1
526             -2       -1.99725              1
527             -2       -1.99725              1
528             -2       -1.99726              1
529             -2       -1.99726              1
530             -2       -1.99727              1
531             -2       -1.99727              1
532             -2       -1.99728              1
533             -2       -1.99728              1
534             -2       -1.99729              1
535             -2       -1.99729              1
536             -2        -1.9973              1
537             -2        -1.9973              1
538             -2       -1.99731              1
539          -1.98       -1.99728          0.995
540          -1.98       -1.99725          0.995
541             -2       -1.99725              1
542             -2       -1.99726              1
543             -2       -1.99726              1
544             -2       -1.99727              1
545             -2       -1.99727              1
546             -2       -1.99728              1
547             -2       -1.99728              1
548             -2       -1.99729              1
549             -2       -1.99729              1
550             -2        -1.9973              1
551             -2        -1.9973              1
552             -2       -1.99731              1
553          -1.98       -1.99727          0.995
554          -1.98       -1.99724          0.995
555             -2       -1.99725              1
556             -2       -1.99725              1
557             -2       -1.99726              1
558          -1.98       -1.99723          0.995
559          -1.97       -1.99718           0.99
560             -2       -1.99718              1
561             -2       -1.99719              1
562             -2       -1.99719              1
563             -2        -1.9972              1
564             -2        -1.9972              1
565             -2       -1.99721              1
566             -2       -1.99721              1
567             -2       -1.99722              1
568             -2       -1.99722              1
569             -2       -1.99723              1
570          -1.98        -1.9972          0.995
571          -1.98       -1.99717          0.995
572             -2       -1.99717              1
573             -2       -1.99718              1
574             -2       -1.99718              1
575             -2       -1.99719              1
576             -2       -1.99719              1
577             -2        -1.9972              1
578             -2        -1.9972              1
579             -2       -1.99721              1
580             -2       -1.99721              1
581             -2       -1.99722              1
582             -2       -1.99722              1
583             -2       -1.99723              1
584             -2       -1.99723              1
585          -1.96       -1.99717           0.99
586          -1.98       -1.99714          0.995
587          -1.98       -1.99711          0.995
588             -2       -1.99711              1
589             -2       -1.99712              1
590          -1.98       -1.99709          0.995
591          -1.98       -1.99706          0.995
592             -2       -1.99707              1
593             -2       -1.99707              1
594             -2       -1.99708              1
595          -1.98       -1.99705          0.995
596             -2       -1.99705              1
597             -2       -1.99706              1
598             -2       -1.99706              1
599             -2       -1.99707              1
600             -2       -1.99707              1
601             -2       -1.99708              1
602             -2       -1.99708              1
603             -2       -1.99709              1
604             -2       -1.99709              1
605             -2        -1.9971              1
606             -2        -1.9971              1
607             -2       -1.99711              1
608             -2       -1.99711              1
609             -2       -1.99711              1
610             -2       -1.99712              1
611             -2       -1.99712              1
612             -2       -1.99713              1
613             -2       -1.99713              1
614             -2       -1.99714              1
615             -2       -1.99714              1
616             -2       -1.99715              1
617             -2       -1.99715              1
618             -2       -1.99716              1
619             -2       -1.99716              1
620             -2       -1.99717              1
621             -2       -1.99717              1
622             -2       -1.99717              1
623             -2       -1.99718              1
624             -2       -1.99718              1
625             -2       -1.99719              1
626             -2       -1.99719              1
627             -2        -1.9972              1
628             -2        -1.9972              1
629             -2       -1.99721              1
630             -2       -1.99721              1
631             -2       -1.99722              1
632             -2       -1.99722              1
633             -2       -1.99722              1
634             -2       -1.99723              1
635             -2       -1.99723              1
636             -2       -1.99724              1
637             -2       -1.99724              1
638             -2       -1.99725              1
639             -2       -1.99725              1
640             -2       -1.99725              1
641             -2       -1.99726              1
642             -2       -1.99726              1
643             -2       -1.99727              1
644             -2       -1.99727              1
645             -2       -1.99728              1
646             -2       -1.99728              1
647             -2       -1.99728              1
648             -2       -1.99729              1
649             -2       -1.99729              1
650             -2        -1.9973              1
651             -2        -1.9973              1
652             -2        -1.9973              1
653          -1.98       -1.99728          0.995
654          -1.98       -1.99725          0.995
655          -1.98       -1.99723          0.995
656             -2       -1.99723              1
657          -1.98        -1.9972          0.995
658             -2       -1.99721              1
659             -2       -1.99721              1
660             -2       -1.99722              1
661             -2       -1.99722              1
662             -2       -1.99722              1
663             -2       -1.99723              1
664             -2       -1.99723              1
665             -2       -1.99724              1
666          -1.98       -1.99721          0.995
667             -2       -1.99722              1
668             -2       -1.99722              1
669             -2       -1.99722              1
670             -2       -1.99723              1
671             -2       -1.99723              1
672             -2       -1.99724              1
673             -2       -1.99724              1
674             -2       -1.99724              1
675             -2       -1.99725              1
676          -1.98       -1.99722          0.995
677          -1.98        -1.9972          0.995
678             -2        -1.9972              1
679             -2       -1.99721              1
680             -2       -1.99721              1
681          -1.98       -1.99718          0.995
682             -2       -1.99719              1
683             -2       -1.99719              1
684             -2        -1.9972              1
685             -2        -1.9972              1
686             -2       -1.99721              1
687             -2       -1.99721              1
688             -2       -1.99721              1
689             -2       -1.99722              1
690             -2       -1.99722              1
691             -2       -1.99723              1
692          -1.98        -1.9972          0.995
693             -2        -1.9972              1
694          -1.98       -1.99718          0.995
695             -2       -1.99718              1
696             -2       -1.99719              1
697             -2       -1.99719              1
698             -2        -1.9972              1
699             -2        -1.9972              1
700             -2        -1.9972              1
701             -2       -1.99721              1
702             -2       -1.99721              1
703             -2       -1.99722              1
704             -2       -1.99722              1
705             -2       -1.99722              1
706             -2       -1.99723              1
707             -2       -1.99723              1
708             -2       -1.99724              1
709             -2       -1.99724              1
710             -2       -1.99724              1
711             -2       -1.99725              1
712          -1.98       -1.99722          0.995
713             -2       -1.99723              1
714             -2       -1.99723              1
715             -2       -1.99723              1
716             -2       -1.99724              1
717             -2       -1.99724              1
718             -2       -1.99725              1
719             -2       -1.99725              1
720             -2       -1.99725              1
721             -2       -1.99726              1
722             -2       -1.99726              1
723          -1.98       -1.99724          0.995
724             -2       -1.99724              1
725             -2       -1.99725              1
726             -2       -1.99725              1
727             -2       -1.99725              1
728             -2       -1.99726              1
729          -1.98       -1.99723          0.995
730          -1.97        -1.9972           0.99
731          -1.98       -1.99717          0.995
732             -2       -1.99718              1
733             -2       -1.99718              1
734             -2       -1.99718              1
735             -2       -1.99719              1
736          -1.98       -1.99716          0.995
737          -1.98       -1.99714          0.995
738             -2       -1.99714              1
739          -1.98       -1.99712          0.995
740             -2       -1.99713              1
741             -2       -1.99713              1
742          -1.98       -1.99711          0.995
743          -1.98       -1.99708          0.995
744             -2       -1.99709              1
745          -1.98       -1.99706          0.995
746             -2       -1.99707              1
747             -2       -1.99707              1
748             -2       -1.99708              1
749             -2       -1.99708              1
750             -2       -1.99708              1
751             -2       -1.99709              1
752             -2       -1.99709              1
753             -2        -1.9971              1
754             -2        -1.9971              1
755             -2        -1.9971              1
756             -2       -1.99711              1
757             -2       -1.99711              1
758             -2       -1.99711              1
759             -2       -1.99712              1
760             -2       -1.99712              1
761          -1.98        -1.9971          0.995
762             -2        -1.9971              1
763             -2       -1.99711              1
764             -2       -1.99711              1
765             -2       -1.99711              1
766             -2       -1.99712              1
767             -2       -1.99712              1
768             -2       -1.99713              1
769             -2       -1.99713              1
770             -2       -1.99713              1
771             -2       -1.99714              1
772             -2       -1.99714              1
773             -2       -1.99714              1
774             -2       -1.99715              1
775             -2       -1.99715              1
776             -2       -1.99716              1
777             -2       -1.99716              1
778             -2       -1.99716              1
779          -1.98       -1.99714          0.995
780             -2       -1.99714              1
781             -2       -1.99715              1
782             -2       -1.99715              1
783             -2       -1.99716              1
784             -2       -1.99716              1
785          -1.98       -1.99714          0.995
786          -1.98       -1.99712          0.995
787             -2       -1.99712              1
788             -2       -1.99712              1
789             -2       -1.99713              1
790             -2       -1.99713              1
791             -2       -1.99713              1
792             -2       -1.99714              1
793             -2       -1.99714              1
794             -2       -1.99714              1
795             -2       -1.99715              1
796             -2       -1.99715              1
797             -2       -1.99716              1
798             -2       -1.99716              1
799             -2       -1.99716              1
800             -2       -1.99717              1
801          -1.98       -1.99714          0.995
802          -1.98       -1.99712          0.995
803             -2       -1.99713              1
804             -2       -1.99713              1
805             -2       -1.99713              1
806             -2       -1.99714              1
807             -2       -1.99714              1
808             -2       -1.99714              1
809             -2       -1.99715              1
810             -2       -1.99715              1
811             -2       -1.99716              1
812             -2       -1.99716              1
813          -1.98       -1.99714          0.995
814             -2       -1.99714              1
815             -2       -1.99714              1
816             -2       -1.99715              1
817             -2       -1.99715              1
818             -2       -1.99716              1
819             -2       -1.99716              1
820             -2       -1.99716              1
821             -2       -1.99717              1
822             -2       -1.99717              1
823             -2       -1.99717              1
824             -2       -1.99718              1
825             -2       -1.99718              1
826             -2       -1.99718              1
827             -2       -1.99719              1
828          -1.98       -1.99717          0.995
829             -2       -1.99717              1
830             -2       -1.99717              1
831             -2       -1.99718              1
832             -2       -1.99718              1
833             -2       -1.99718              1
834             -2       -1.99719              1
835          -1.98       -1.99717          0.995
836          -1.97       -1.99713           0.99
837          -1.98       -1.99711          0.995
838             -2       -1.99712              1
839             -2       -1.99712              1
840             -2       -1.99712              1
841             -2       -1.99713              1
842             -2       -1.99713              1
843             -2       -1.99713              1
844             -2       -1.99714              1
845             -2       -1.99714              1
846             -2       -1.99714              1
847             -2       -1.99715              1
848             -2       -1.99715              1
849             -2       -1.99715              1
850             -2       -1.99716              1
851             -2       -1.99716              1
852             -2       -1.99716              1
853             -2       -1.99717              1
854          -1.98       -1.99715          0.995
855             -2       -1.99715              1
856             -2       -1.99715              1
857             -2       -1.99716              1
858             -2       -1.99716              1
859             -2       -1.99716              1
860             -2       -1.99717              1
861             -2       -1.99717              1
862             -2       -1.99717              1
863             -2       -1.99718              1
864          -1.98       -1.99716          0.995
865             -2       -1.99716              1
866          -1.98       -1.99714          0.995
867          -1.96        -1.9971           0.99
868             -2        -1.9971              1
869             -2        -1.9971              1
870             -2       -1.99711              1
871             -2       -1.99711              1
872             -2       -1.99711              1
873             -2       -1.99712              1
874             -2       -1.99712              1
875             -2       -1.99712              1
876             -2       -1.99713              1
877             -2       -1.99713              1
878             -2       -1.99713              1
879             -2       -1.99714              1
880             -2       -1.99714              1
881             -2       -1.99714              1
882             -2       -1.99715              1
883             -2       -1.99715              1
884             -2       -1.99715              1
885             -2       -1.99716              1
886             -2       -1.99716              1
887             -2       -1.99716              1
888             -2       -1.99717              1
889             -2       -1.99717              1
890             -2       -1.99717              1
891             -2       -1.99717              1
892             -2       -1.99718              1
893             -2       -1.99718              1
894             -2       -1.99718              1
895             -2       -1.99719              1
896             -2       -1.99719              1
897             -2       -1.99719              1
898             -2        -1.9972              1
899          -1.98       -1.99718          0.995
900          -1.98       -1.99716          0.995
901             -2       -1.99716              1
902             -2       -1.99717              1
903             -2       -1.99717              1
904             -2       -1.99717              1
905             -2       -1.99717              1
906             -2       -1.99718              1
907             -2       -1.99718              1
908             -2       -1.99718              1
909             -2       -1.99719              1
910             -2       -1.99719              1
911             -2       -1.99719              1
912             -2        -1.9972              1
913             -2        -1.9972              1
914             -2        -1.9972              1
915          -1.98       -1.99718          0.995
916             -2       -1.99719              1
917             -2       -1.99719              1
918             -2       -1.99719              1
919             -2        -1.9972              1
920             -2        -1.9972              1
921             -2        -1.9972              1
922             -2        -1.9972              1
923             -2       -1.99721              1
924             -2       -1.99721              1
925             -2       -1.99721              1
926          -1.97       -1.99718           0.99
927             -2       -1.99719              1
928          -1.98       -1.99717          0.995
929             -2       -1.99717              1
930             -2       -1.99718              1
931             -2       -1.99718              1
932             -2       -1.99718              1
933             -2       -1.99718              1
934             -2       -1.99719              1
935             -2       -1.99719              1
936             -2       -1.99719              1
937             -2        -1.9972              1
938             -2        -1.9972              1
939             -2        -1.9972              1
940             -2       -1.99721              1
941             -2       -1.99721              1
942             -2       -1.99721              1
943             -2       -1.99721              1
944             -2       -1.99722              1
945             -2       -1.99722              1
946             -2       -1.99722              1
947             -2       -1.99723              1
948             -2       -1.99723              1
949             -2       -1.99723              1
950             -2       -1.99723              1
951             -2       -1.99724              1
952             -2       -1.99724              1
953             -2       -1.99724              1
954             -2       -1.99725              1
955             -2       -1.99725              1
956             -2       -1.99725              1
957          -1.98       -1.99723          0.995
958             -2       -1.99724              1
959             -2       -1.99724              1
960             -2       -1.99724              1
961             -2       -1.99725              1
962             -2       -1.99725              1
963             -2       -1.99725              1
964             -2       -1.99725              1
965             -2       -1.99726              1
966             -2       -1.99726              1
967             -2       -1.99726              1
968             -2       -1.99727              1
969             -2       -1.99727              1
970             -2       -1.99727              1
971             -2       -1.99727              1
972             -2       -1.99728              1
973             -2       -1.99728              1
974          -1.98       -1.99726          0.995
975             -2       -1.99726              1
976             -2       -1.99727              1
977             -2       -1.99727              1
978             -2       -1.99727              1
979             -2       -1.99728              1
980             -2       -1.99728              1
981             -2       -1.99728              1
982             -2       -1.99728              1
983          -1.98       -1.99727          0.995
984          -1.98       -1.99725          0.995
985          -1.98       -1.99723          0.995
986          -1.98       -1.99721          0.995
987             -2       -1.99722              1
988             -2       -1.99722              1
989             -2       -1.99722              1
990             -2       -1.99723              1
991             -2       -1.99723              1
992             -2       -1.99723              1
993             -2       -1.99723              1
994             -2       -1.99724              1
995             -2       -1.99724              1
996             -2       -1.99724              1
997             -2       -1.99724              1
998             -2       -1.99725              1
999             -2       -1.99725              1
1000             -2       -1.99725              1
1001             -2       -1.99726              1
1002             -2       -1.99726              1
1003             -2       -1.99726              1
1004          -1.98       -1.99724          0.995
1005             -2       -1.99725              1
1006             -2       -1.99725              1
1007             -2       -1.99725              1
1008             -2       -1.99725              1
1009             -2       -1.99726              1
1010             -2       -1.99726              1
1011             -2       -1.99726              1
1012             -2       -1.99727              1
1013             -2       -1.99727              1
1014             -2       -1.99727              1
1015             -2       -1.99727              1
1016          -1.98       -1.99726          0.995
1017             -2       -1.99726              1
1018             -2       -1.99726              1
1019          -1.98       -1.99725          0.995
1020             -2       -1.99725              1
1021             -2       -1.99725              1
1022             -2       -1.99725              1
1023             -2       -1.99726              1
1024             -2       -1.99726              1
1025             -2       -1.99726              1
1026             -2       -1.99726              1
1027          -1.98       -1.99725          0.995
1028             -2       -1.99725              1
1029             -2       -1.99725              1
1030             -2       -1.99726              1
1031          -1.98       -1.99724          0.995
1032          -1.98       -1.99722          0.995
1033             -2       -1.99722              1
1034             -2       -1.99723              1
1035             -2       -1.99723              1
1036             -2       -1.99723              1
1037             -2       -1.99724              1
1038             -2       -1.99724              1
1039             -2       -1.99724              1
1040             -2       -1.99724              1
1041             -2       -1.99725              1
1042             -2       -1.99725              1
1043             -2       -1.99725              1
1044             -2       -1.99725              1
1045             -2       -1.99726              1
1046             -2       -1.99726              1
1047             -2       -1.99726              1
1048             -2       -1.99726              1
1049             -2       -1.99727              1
1050             -2       -1.99727              1
1051             -2       -1.99727              1
1052             -2       -1.99727              1
1053             -2       -1.99728              1
1054             -2       -1.99728              1
1055             -2       -1.99728              1
1056             -2       -1.99728              1
1057             -2       -1.99729              1
1058             -2       -1.99729              1
1059             -2       -1.99729              1
1060          -1.98       -1.99728          0.995
1061             -2       -1.99728              1
1062             -2       -1.99728              1
1063             -2       -1.99728              1
1064             -2       -1.99729              1
1065             -2       -1.99729              1
1066             -2       -1.99729              1
1067             -2       -1.99729              1
1068             -2        -1.9973              1
1069             -2        -1.9973              1
1070             -2        -1.9973              1
1071             -2        -1.9973              1
1072             -2       -1.99731              1
1073             -2       -1.99731              1
1074             -2       -1.99731              1
1075             -2       -1.99731              1
1076             -2       -1.99732              1
1077             -2       -1.99732              1
1078             -2       -1.99732              1
1079             -2       -1.99732              1
1080             -2       -1.99733              1
1081             -2       -1.99733              1
1082             -2       -1.99733              1
1083             -2       -1.99733              1
1084             -2       -1.99734              1
1085             -2       -1.99734              1
1086             -2       -1.99734              1
1087          -1.97       -1.99732           0.99
1088          -1.98        -1.9973          0.995
1089             -2        -1.9973              1
1090             -2       -1.99731              1
1091             -2       -1.99731              1
1092             -2       -1.99731              1
1093             -2       -1.99731              1
1094             -2       -1.99732              1
1095             -2       -1.99732              1
1096             -2       -1.99732              1
1097             -2       -1.99732              1
1098             -2       -1.99732              1
1099             -2       -1.99733              1
1100             -2       -1.99733              1
1101             -2       -1.99733              1
1102             -2       -1.99733              1
1103             -2       -1.99734              1
1104             -2       -1.99734              1
1105             -2       -1.99734              1
1106             -2       -1.99734              1
1107             -2       -1.99735              1
1108             -2       -1.99735              1
1109             -2       -1.99735              1
1110             -2       -1.99735              1
1111          -1.98       -1.99734          0.995
1112             -2       -1.99734              1
1113             -2       -1.99734              1
1114             -2       -1.99735              1
1115             -2       -1.99735              1
1116             -2       -1.99735              1
1117             -2       -1.99735              1
1118             -2       -1.99735              1
1119             -2       -1.99736              1
1120             -2       -1.99736              1
1121             -2       -1.99736              1
1122             -2       -1.99736              1
1123             -2       -1.99737              1
1124             -2       -1.99737              1
1125             -2       -1.99737              1
1126             -2       -1.99737              1
1127             -2       -1.99738              1
1128             -2       -1.99738              1
1129             -2       -1.99738              1
1130             -2       -1.99738              1
1131          -1.98       -1.99737          0.995
1132             -2       -1.99737              1
1133             -2       -1.99737              1
1134             -2       -1.99737              1
1135             -2       -1.99738              1
1136             -2       -1.99738              1
1137             -2       -1.99738              1
1138             -2       -1.99738              1
1139             -2       -1.99739              1
1140             -2       -1.99739              1
1141             -2       -1.99739              1
1142             -2       -1.99739              1
1143             -2        -1.9974              1
1144          -1.98       -1.99738          0.995
1145          -1.97       -1.99736           0.99
1146             -2       -1.99736              1
1147             -2       -1.99736              1
1148             -2       -1.99736              1
1149             -2       -1.99737              1
1150             -2       -1.99737              1
1151          -1.98       -1.99735          0.995
1152             -2       -1.99735              1
1153             -2       -1.99736              1
1154             -2       -1.99736              1
1155             -2       -1.99736              1
1156          -1.98       -1.99735          0.995
1157          -1.98       -1.99733          0.995
1158             -2       -1.99733              1
1159             -2       -1.99734              1
1160             -2       -1.99734              1
1161             -2       -1.99734              1
1162             -2       -1.99734              1
1163             -2       -1.99735              1
1164             -2       -1.99735              1
1165             -2       -1.99735              1
1166             -2       -1.99735              1
1167             -2       -1.99735              1
1168             -2       -1.99736              1
1169             -2       -1.99736              1
1170             -2       -1.99736              1
1171             -2       -1.99736              1
1172             -2       -1.99737              1
1173             -2       -1.99737              1
1174             -2       -1.99737              1
1175             -2       -1.99737              1
1176             -2       -1.99737              1
1177             -2       -1.99738              1
1178          -1.97       -1.99735           0.99
1179             -2       -1.99736              1
1180             -2       -1.99736              1
1181             -2       -1.99736              1
1182             -2       -1.99736              1
1183             -2       -1.99736              1
1184             -2       -1.99737              1
1185             -2       -1.99737              1
1186             -2       -1.99737              1
1187             -2       -1.99737              1
1188             -2       -1.99738              1
1189             -2       -1.99738              1
1190             -2       -1.99738              1
1191             -2       -1.99738              1
1192          -1.98       -1.99737          0.995
1193          -1.98       -1.99735          0.995
1194             -2       -1.99736              1
1195             -2       -1.99736              1
1196             -2       -1.99736              1
1197             -2       -1.99736              1
1198             -2       -1.99736              1
1199             -2       -1.99737              1
1200             -2       -1.99737              1
1201             -2       -1.99737              1
1202             -2       -1.99737              1
1203             -2       -1.99738              1
1204             -2       -1.99738              1
1205             -2       -1.99738              1
1206             -2       -1.99738              1
1207             -2       -1.99738              1
1208             -2       -1.99739              1
1209             -2       -1.99739              1
1210             -2       -1.99739              1
1211             -2       -1.99739              1
1212             -2       -1.99739              1
1213             -2        -1.9974              1
1214             -2        -1.9974              1
1215             -2        -1.9974              1
1216             -2        -1.9974              1
1217             -2       -1.99741              1
1218             -2       -1.99741              1
1219             -2       -1.99741              1
1220             -2       -1.99741              1
1221             -2       -1.99741              1
1222          -1.98        -1.9974          0.995
1223          -1.98       -1.99739          0.995
1224             -2       -1.99739              1
1225             -2       -1.99739              1
1226             -2       -1.99739              1
1227             -2       -1.99739              1
1228             -2        -1.9974              1
1229             -2        -1.9974              1
1230          -1.98       -1.99738          0.995
1231          -1.98       -1.99737          0.995
1232          -1.98       -1.99736          0.995
1233          -1.98       -1.99734          0.995
1234          -1.98       -1.99733          0.995
1235          -1.98       -1.99731          0.995
1236             -2       -1.99732              1
1237             -2       -1.99732              1
1238             -2       -1.99732              1
1239             -2       -1.99732              1
1240             -2       -1.99732              1
1241             -2       -1.99733              1
1242             -2       -1.99733              1
1243             -2       -1.99733              1
1244             -2       -1.99733              1
1245             -2       -1.99734              1
1246             -2       -1.99734              1
1247             -2       -1.99734              1
1248             -2       -1.99734              1
1249             -2       -1.99734              1
1250             -2       -1.99735              1
1251          -1.98       -1.99733          0.995
1252             -2       -1.99733              1
1253             -2       -1.99734              1
1254             -2       -1.99734              1
1255             -2       -1.99734              1
1256             -2       -1.99734              1
1257             -2       -1.99734              1
1258             -2       -1.99735              1
1259             -2       -1.99735              1
1260             -2       -1.99735              1
1261             -2       -1.99735              1
1262             -2       -1.99736              1
1263             -2       -1.99736              1
1264          -1.98       -1.99734          0.995
1265          -1.98       -1.99733          0.995
1266             -2       -1.99733              1
1267             -2       -1.99733              1
1268             -2       -1.99734              1
1269             -2       -1.99734              1
1270          -1.98       -1.99732          0.995
1271          -1.98       -1.99731          0.995
1272          -1.98        -1.9973          0.995
1273          -1.98       -1.99728          0.995
1274          -1.98       -1.99727          0.995
1275          -1.98       -1.99726          0.995
1276          -1.98       -1.99724          0.995
1277          -1.98       -1.99723          0.995
1278             -2       -1.99723              1
1279             -2       -1.99723              1
1280             -2       -1.99724              1
1281             -2       -1.99724              1
1282             -2       -1.99724              1
1283             -2       -1.99724              1
1284             -2       -1.99725              1
1285          -1.98       -1.99723          0.995
1286          -1.98       -1.99722          0.995
1287             -2       -1.99722              1
1288             -2       -1.99722              1
1289             -2       -1.99722              1
1290             -2       -1.99723              1
1291             -2       -1.99723              1
1292          -1.98       -1.99722          0.995
1293             -2       -1.99722              1
1294          -1.98        -1.9972          0.995
1295          -1.98       -1.99719          0.995
1296          -1.98       -1.99718          0.995
1297             -2       -1.99718              1
1298             -2       -1.99718              1
1299             -2       -1.99718              1
1300             -2       -1.99719              1
1301             -2       -1.99719              1
1302             -2       -1.99719              1
1303             -2       -1.99719              1
1304             -2        -1.9972              1
1305             -2        -1.9972              1
1306             -2        -1.9972              1
1307             -2        -1.9972              1
1308             -2        -1.9972              1
1309             -2       -1.99721              1
1310             -2       -1.99721              1
1311             -2       -1.99721              1
1312             -2       -1.99721              1
1313             -2       -1.99721              1
1314             -2       -1.99722              1
1315             -2       -1.99722              1
1316             -2       -1.99722              1
1317             -2       -1.99722              1
1318             -2       -1.99723              1
1319             -2       -1.99723              1
1320             -2       -1.99723              1
1321             -2       -1.99723              1
1322             -2       -1.99723              1
1323             -2       -1.99724              1
1324             -2       -1.99724              1
1325             -2       -1.99724              1
1326             -2       -1.99724              1
1327             -2       -1.99724              1
1328             -2       -1.99725              1
1329             -2       -1.99725              1
1330             -2       -1.99725              1
1331             -2       -1.99725              1
1332             -2       -1.99725              1
1333             -2       -1.99726              1
1334             -2       -1.99726              1
1335          -1.98       -1.99725          0.995
1336             -2       -1.99725              1
1337             -2       -1.99725              1
1338             -2       -1.99725              1
1339             -2       -1.99725              1
1340             -2       -1.99726              1
1341             -2       -1.99726              1
1342             -2       -1.99726              1
1343             -2       -1.99726              1
1344             -2       -1.99726              1
1345             -2       -1.99727              1
1346             -2       -1.99727              1
1347             -2       -1.99727              1
1348             -2       -1.99727              1
1349             -2       -1.99727              1
1350             -2       -1.99728              1
1351             -2       -1.99728              1
1352             -2       -1.99728              1
1353             -2       -1.99728              1
1354             -2       -1.99728              1
1355             -2       -1.99729              1
1356             -2       -1.99729              1
1357             -2       -1.99729              1
1358             -2       -1.99729              1
1359             -2       -1.99729              1
1360             -2        -1.9973              1
1361             -2        -1.9973              1
1362             -2        -1.9973              1
1363             -2        -1.9973              1
1364             -2        -1.9973              1
1365             -2       -1.99731              1
1366          -1.98       -1.99729          0.995
1367          -1.98       -1.99728          0.995
1368             -2       -1.99728              1
1369          -1.98       -1.99727          0.995
1370          -1.98       -1.99726          0.995
1371             -2       -1.99726              1
1372             -2       -1.99726              1
1373             -2       -1.99726              1
1374             -2       -1.99727              1
1375             -2       -1.99727              1
1376             -2       -1.99727              1
1377             -2       -1.99727              1
1378             -2       -1.99727              1
1379             -2       -1.99728              1
1380             -2       -1.99728              1
1381             -2       -1.99728              1
1382             -2       -1.99728              1
1383             -2       -1.99728              1
1384             -2       -1.99729              1
1385             -2       -1.99729              1
1386             -2       -1.99729              1
1387             -2       -1.99729              1
1388             -2       -1.99729              1
1389             -2       -1.99729              1
1390             -2        -1.9973              1
1391          -1.98       -1.99728          0.995
1392             -2       -1.99729              1
1393             -2       -1.99729              1
1394             -2       -1.99729              1
1395             -2       -1.99729              1
1396             -2       -1.99729              1
1397             -2        -1.9973              1
1398             -2        -1.9973              1
1399          -1.98       -1.99729          0.995
1400          -1.98       -1.99727          0.995
1401             -2       -1.99728              1
1402             -2       -1.99728              1
1403             -2       -1.99728              1
1404             -2       -1.99728              1
1405             -2       -1.99728              1
1406             -2       -1.99729              1
1407             -2       -1.99729              1
1408             -2       -1.99729              1
1409             -2       -1.99729              1
1410             -2       -1.99729              1
1411             -2       -1.99729              1
1412             -2        -1.9973              1
1413             -2        -1.9973              1
1414             -2        -1.9973              1
1415             -2        -1.9973              1
1416             -2        -1.9973              1
1417             -2       -1.99731              1
1418             -2       -1.99731              1
1419             -2       -1.99731              1
1420             -2       -1.99731              1
1421             -2       -1.99731              1
1422             -2       -1.99732              1
1423             -2       -1.99732              1
1424             -2       -1.99732              1
1425             -2       -1.99732              1
1426             -2       -1.99732              1
1427             -2       -1.99732              1
1428             -2       -1.99733              1
1429             -2       -1.99733              1
1430             -2       -1.99733              1
1431             -2       -1.99733              1
1432          -1.98       -1.99732          0.995
1433          -1.98       -1.99731          0.995
1434          -1.98        -1.9973          0.995
1435             -2        -1.9973              1
1436             -2        -1.9973              1
1437             -2        -1.9973              1
1438             -2        -1.9973              1
1439             -2       -1.99731              1
1440             -2       -1.99731              1
1441             -2       -1.99731              1
1442             -2       -1.99731              1
1443             -2       -1.99731              1
1444             -2       -1.99731              1
1445             -2       -1.99732              1
1446             -2       -1.99732              1
1447             -2       -1.99732              1
1448             -2       -1.99732              1
1449             -2       -1.99732              1
1450             -2       -1.99733              1
1451             -2       -1.99733              1
1452             -2       -1.99733              1
1453             -2       -1.99733              1
1454             -2       -1.99733              1
1455             -2       -1.99734              1
1456             -2       -1.99734              1
1457             -2       -1.99734              1
1458             -2       -1.99734              1
1459             -2       -1.99734              1
1460             -2       -1.99734              1
1461             -2       -1.99735              1
1462             -2       -1.99735              1
1463             -2       -1.99735              1
1464          -1.98       -1.99734          0.995
1465          -1.98       -1.99733          0.995
1466             -2       -1.99733              1
1467             -2       -1.99733              1
1468             -2       -1.99733              1
1469             -2       -1.99733              1
1470             -2       -1.99734              1
1471             -2       -1.99734              1
1472             -2       -1.99734              1
1473             -2       -1.99734              1
1474             -2       -1.99734              1
1475             -2       -1.99734              1
1476          -1.98       -1.99733          0.995
1477             -2       -1.99733              1
1478             -2       -1.99734              1
1479             -2       -1.99734              1
1480             -2       -1.99734              1
1481             -2       -1.99734              1
1482             -2       -1.99734              1
1483             -2       -1.99735              1
1484             -2       -1.99735              1
1485             -2       -1.99735              1
1486             -2       -1.99735              1
1487             -2       -1.99735              1
1488             -2       -1.99735              1
1489             -2       -1.99736              1
1490          -1.98       -1.99734          0.995
1491          -1.98       -1.99733          0.995
1492             -2       -1.99733              1
1493             -2       -1.99734              1
1494             -2       -1.99734              1
1495             -2       -1.99734              1
1496             -2       -1.99734              1
1497             -2       -1.99734              1
1498             -2       -1.99734              1
1499          -1.98       -1.99733          0.995
1500             -2       -1.99734              1
1501             -2       -1.99734              1
1502             -2       -1.99734              1
1503             -2       -1.99734              1
1504             -2       -1.99734              1
1505             -2       -1.99734              1
1506             -2       -1.99735              1
1507             -2       -1.99735              1
1508          -1.98       -1.99734          0.995
1509          -1.98       -1.99732          0.995
1510             -2       -1.99733              1
1511             -2       -1.99733              1
1512             -2       -1.99733              1
1513             -2       -1.99733              1
1514             -2       -1.99733              1
1515             -2       -1.99734              1
1516             -2       -1.99734              1
1517             -2       -1.99734              1
1518             -2       -1.99734              1
1519             -2       -1.99734              1
1520             -2       -1.99734              1
1521             -2       -1.99735              1
1522             -2       -1.99735              1
1523             -2       -1.99735              1
1524             -2       -1.99735              1
1525             -2       -1.99735              1
1526             -2       -1.99735              1
1527             -2       -1.99736              1
1528          -1.98       -1.99734          0.995
1529          -1.98       -1.99733          0.995
1530          -1.98       -1.99732          0.995
1531             -2       -1.99732              1
1532             -2       -1.99733              1
1533             -2       -1.99733              1
1534             -2       -1.99733              1
1535             -2       -1.99733              1
1536             -2       -1.99733              1
1537             -2       -1.99733              1
1538             -2       -1.99734              1
1539             -2       -1.99734              1
1540             -2       -1.99734              1
1541             -2       -1.99734              1
1542             -2       -1.99734              1
1543             -2       -1.99734              1
1544             -2       -1.99735              1
1545             -2       -1.99735              1
1546             -2       -1.99735              1
1547             -2       -1.99735              1
1548             -2       -1.99735              1
1549             -2       -1.99735              1
1550             -2       -1.99736              1
1551             -2       -1.99736              1
1552             -2       -1.99736              1
1553             -2       -1.99736              1
1554             -2       -1.99736              1
1555             -2       -1.99737              1
1556          -1.98       -1.99735          0.995
1557          -1.98       -1.99734          0.995
1558             -2       -1.99734              1
1559             -2       -1.99735              1
1560             -2       -1.99735              1
1561             -2       -1.99735              1
1562             -2       -1.99735              1
1563             -2       -1.99735              1
1564             -2       -1.99735              1
1565             -2       -1.99736              1
1566             -2       -1.99736              1
1567             -2       -1.99736              1
1568             -2       -1.99736              1
1569             -2       -1.99736              1
1570             -2       -1.99736              1
1571             -2       -1.99737              1
1572             -2       -1.99737              1
1573             -2       -1.99737              1
1574             -2       -1.99737              1
1575             -2       -1.99737              1
1576             -2       -1.99737              1
1577             -2       -1.99738              1
1578             -2       -1.99738              1
1579             -2       -1.99738              1
1580             -2       -1.99738              1
1581             -2       -1.99738              1
1582             -2       -1.99738              1
1583             -2       -1.99739              1
1584             -2       -1.99739              1
1585             -2       -1.99739              1
1586             -2       -1.99739              1
1587             -2       -1.99739              1
1588             -2       -1.99739              1
1589             -2        -1.9974              1
1590          -1.98       -1.99739          0.995
1591             -2       -1.99739              1
1592             -2       -1.99739              1
1593             -2       -1.99739              1
1594             -2       -1.99739              1
1595             -2       -1.99739              1
1596             -2        -1.9974              1
1597             -2        -1.9974              1
1598             -2        -1.9974              1
1599             -2        -1.9974              1
1600             -2        -1.9974              1
1601             -2        -1.9974              1
1602             -2        -1.9974              1
1603             -2       -1.99741              1
1604             -2       -1.99741              1
1605             -2       -1.99741              1
1606             -2       -1.99741              1
1607             -2       -1.99741              1
1608             -2       -1.99741              1
1609             -2       -1.99742              1
1610             -2       -1.99742              1
1611             -2       -1.99742              1
1612             -2       -1.99742              1
1613             -2       -1.99742              1
1614             -2       -1.99742              1
1615             -2       -1.99743              1
1616             -2       -1.99743              1
1617             -2       -1.99743              1
1618             -2       -1.99743              1
1619             -2       -1.99743              1
1620             -2       -1.99743              1
1621             -2       -1.99744              1
1622             -2       -1.99744              1
1623             -2       -1.99744              1
1624             -2       -1.99744              1
1625             -2       -1.99744              1
1626             -2       -1.99744              1
1627             -2       -1.99744              1
1628             -2       -1.99745              1
1629             -2       -1.99745              1
1630             -2       -1.99745              1
1631             -2       -1.99745              1
1632             -2       -1.99745              1
1633             -2       -1.99745              1
1634             -2       -1.99746              1
1635             -2       -1.99746              1
1636             -2       -1.99746              1
1637             -2       -1.99746              1
1638             -2       -1.99746              1
1639             -2       -1.99746              1
1640          -1.98       -1.99745          0.995
1641          -1.95       -1.99742          0.985
1642          -1.94       -1.99739          0.985
1643          -1.98       -1.99738          0.995
1644             -2       -1.99738              1
1645             -2       -1.99738              1
1646             -2       -1.99738              1
1647             -2       -1.99738              1
1648             -2       -1.99739              1
1649             -2       -1.99739              1
1650             -2       -1.99739              1
1651             -2       -1.99739              1
1652             -2       -1.99739              1
1653             -2       -1.99739              1
1654             -2        -1.9974              1
1655             -2        -1.9974              1
1656             -2        -1.9974              1
1657             -2        -1.9974              1
1658             -2        -1.9974              1
1659             -2        -1.9974              1
1660             -2       -1.99741              1
1661             -2       -1.99741              1
1662             -2       -1.99741              1
1663             -2       -1.99741              1
1664             -2       -1.99741              1
1665             -2       -1.99741              1
1666          -1.98        -1.9974          0.995
1667          -1.98       -1.99739          0.995
1668          -1.98       -1.99738          0.995
1669             -2       -1.99738              1
1670             -2       -1.99738              1
1671             -2       -1.99739              1
1672          -1.98       -1.99738          0.995
1673             -2       -1.99738              1
1674             -2       -1.99738              1
1675          -1.96       -1.99736           0.99
1676             -2       -1.99736              1
1677             -2       -1.99736              1
1678             -2       -1.99736              1
1679          -1.98       -1.99735          0.995
1680          -1.96       -1.99733           0.99
1681          -1.98       -1.99732          0.995
1682             -2       -1.99732              1
1683             -2       -1.99732              1
1684             -2       -1.99732              1
1685          -1.98       -1.99731          0.995
1686             -2       -1.99731              1
1687             -2       -1.99732              1
1688             -2       -1.99732              1
1689             -2       -1.99732              1
1690             -2       -1.99732              1
1691          -1.98       -1.99731          0.995
1692             -2       -1.99731              1
1693             -2       -1.99731              1
1694             -2       -1.99732              1
1695             -2       -1.99732              1
1696             -2       -1.99732              1
1697             -2       -1.99732              1
1698             -2       -1.99732              1
1699             -2       -1.99732              1
1700          -1.98       -1.99731          0.995
1701          -1.98        -1.9973          0.995
1702             -2        -1.9973              1
1703             -2       -1.99731              1
1704             -2       -1.99731              1
1705             -2       -1.99731              1
1706             -2       -1.99731              1
1707             -2       -1.99731              1
1708          -1.98        -1.9973          0.995
1709             -2        -1.9973              1
1710             -2       -1.99731              1
1711             -2       -1.99731              1
1712             -2       -1.99731              1
1713             -2       -1.99731              1
1714             -2       -1.99731              1
1715             -2       -1.99731              1
1716             -2       -1.99732              1
1717             -2       -1.99732              1
1718             -2       -1.99732              1
1719             -2       -1.99732              1
1720             -2       -1.99732              1
1721             -2       -1.99732              1
1722             -2       -1.99732              1
1723             -2       -1.99733              1
1724             -2       -1.99733              1
1725             -2       -1.99733              1
1726             -2       -1.99733              1
1727             -2       -1.99733              1
1728             -2       -1.99733              1
1729          -1.98       -1.99732          0.995
1730             -2       -1.99733              1
1731             -2       -1.99733              1
1732             -2       -1.99733              1
1733             -2       -1.99733              1
1734          -1.98       -1.99732          0.995
1735             -2       -1.99732              1
1736             -2       -1.99732              1
1737             -2       -1.99732              1
1738             -2       -1.99733              1
1739             -2       -1.99733              1
1740             -2       -1.99733              1
1741             -2       -1.99733              1
1742             -2       -1.99733              1
1743             -2       -1.99733              1
1744             -2       -1.99734              1
1745             -2       -1.99734              1
1746             -2       -1.99734              1
1747             -2       -1.99734              1
1748             -2       -1.99734              1
1749             -2       -1.99734              1
1750             -2       -1.99734              1
1751             -2       -1.99735              1
1752             -2       -1.99735              1
1753             -2       -1.99735              1
1754             -2       -1.99735              1
1755             -2       -1.99735              1
1756             -2       -1.99735              1
1757          -1.98       -1.99734          0.995
1758             -2       -1.99735              1
1759             -2       -1.99735              1
1760             -2       -1.99735              1
1761             -2       -1.99735              1
1762          -1.98       -1.99734          0.995
1763             -2       -1.99734              1
1764             -2       -1.99734              1
1765             -2       -1.99734              1
1766             -2       -1.99735              1
1767             -2       -1.99735              1
1768             -2       -1.99735              1
1769             -2       -1.99735              1
1770             -2       -1.99735              1
1771             -2       -1.99735              1
1772             -2       -1.99735              1
1773             -2       -1.99736              1
1774             -2       -1.99736              1
1775             -2       -1.99736              1
1776             -2       -1.99736              1
1777          -1.98       -1.99735          0.995
1778             -2       -1.99735              1
1779             -2       -1.99735              1
1780          -1.96       -1.99733           0.99
1781          -1.98       -1.99732          0.995
1782          -1.98       -1.99731          0.995
1783             -2       -1.99732              1
1784             -2       -1.99732              1
1785          -1.98       -1.99731          0.995
1786             -2       -1.99731              1
1787             -2       -1.99731              1
1788             -2       -1.99731              1
1789             -2       -1.99731              1
1790             -2       -1.99731              1
1791             -2       -1.99732              1
1792             -2       -1.99732              1
1793             -2       -1.99732              1
1794             -2       -1.99732              1
1795          -1.96        -1.9973           0.99
1796          -1.96       -1.99728           0.99
1797          -1.97       -1.99726           0.99
1798          -1.97       -1.99725           0.99
1799          -1.98       -1.99724          0.995
1800          -1.98       -1.99723          0.995
1801             -2       -1.99723              1
1802             -2       -1.99723              1
1803             -2       -1.99723              1
1804             -2       -1.99724              1
1805             -2       -1.99724              1
1806             -2       -1.99724              1
1807             -2       -1.99724              1
1808             -2       -1.99724              1
1809             -2       -1.99724              1
1810             -2       -1.99724              1
1811             -2       -1.99725              1
1812             -2       -1.99725              1
1813             -2       -1.99725              1
1814             -2       -1.99725              1
1815             -2       -1.99725              1
1816             -2       -1.99725              1
1817          -1.98       -1.99724          0.995
1818             -2       -1.99725              1
1819             -2       -1.99725              1
1820          -1.98       -1.99724          0.995
1821             -2       -1.99724              1
1822             -2       -1.99724              1
1823             -2       -1.99724              1
1824             -2       -1.99724              1
1825             -2       -1.99725              1
1826             -2       -1.99725              1
1827             -2       -1.99725              1
1828             -2       -1.99725              1
1829             -2       -1.99725              1
1830             -2       -1.99725              1
1831             -2       -1.99725              1
1832             -2       -1.99726              1
1833             -2       -1.99726              1
1834             -2       -1.99726              1
1835             -2       -1.99726              1
1836             -2       -1.99726              1
1837             -2       -1.99726              1
1838             -2       -1.99726              1
1839          -1.98       -1.99726          0.995
1840             -2       -1.99726              1
1841             -2       -1.99726              1
1842             -2       -1.99726              1
1843             -2       -1.99726              1
1844             -2       -1.99726              1
1845             -2       -1.99726              1
1846             -2       -1.99727              1
1847          -1.98       -1.99726          0.995
1848             -2       -1.99726              1
1849             -2       -1.99726              1
1850             -2       -1.99726              1
1851             -2       -1.99726              1
1852             -2       -1.99726              1
1853             -2       -1.99727              1
1854             -2       -1.99727              1
1855             -2       -1.99727              1
1856             -2       -1.99727              1
1857             -2       -1.99727              1
1858             -2       -1.99727              1
1859             -2       -1.99727              1
1860             -2       -1.99728              1
1861             -2       -1.99728              1
1862             -2       -1.99728              1
1863             -2       -1.99728              1
1864             -2       -1.99728              1
1865             -2       -1.99728              1
1866             -2       -1.99728              1
1867             -2       -1.99729              1
1868             -2       -1.99729              1
1869             -2       -1.99729              1
1870          -1.98       -1.99728          0.995
1871          -1.98       -1.99727          0.995
1872          -1.98       -1.99726          0.995
1873             -2       -1.99726              1
1874          -1.98       -1.99725          0.995
1875             -2       -1.99725              1
1876             -2       -1.99726              1
1877             -2       -1.99726              1
1878             -2       -1.99726              1
1879             -2       -1.99726              1
1880             -2       -1.99726              1
1881             -2       -1.99726              1
1882             -2       -1.99727              1
1883             -2       -1.99727              1
1884             -2       -1.99727              1
1885             -2       -1.99727              1
1886             -2       -1.99727              1
1887             -2       -1.99727              1
1888          -1.98       -1.99726          0.995
1889          -1.98       -1.99725          0.995
1890          -1.98       -1.99724          0.995
1891          -1.98       -1.99724          0.995
1892             -2       -1.99724              1
1893             -2       -1.99724              1
1894          -1.98       -1.99723          0.995
1895          -1.98       -1.99722          0.995
1896          -1.98       -1.99721          0.995
1897             -2       -1.99721              1
1898             -2       -1.99721              1
1899             -2       -1.99722              1
1900             -2       -1.99722              1
1901          -1.98       -1.99721          0.995
1902          -1.98        -1.9972          0.995
1903          -1.97       -1.99718           0.99
1904          -1.98       -1.99718          0.995
1905          -1.98       -1.99717          0.995
1906             -2       -1.99717              1
1907             -2       -1.99717              1
1908          -1.98       -1.99716          0.995
1909             -2       -1.99716              1
1910             -2       -1.99716              1
1911             -2       -1.99717              1
1912          -1.98       -1.99716          0.995
1913          -1.98       -1.99715          0.995
1914          -1.98       -1.99714          0.995
1915             -2       -1.99714              1
1916             -2       -1.99714              1
1917             -2       -1.99714              1
1918             -2       -1.99714              1
1919             -2       -1.99715              1
1920             -2       -1.99715              1
1921             -2       -1.99715              1
1922             -2       -1.99715              1
1923             -2       -1.99715              1
1924             -2       -1.99715              1
1925             -2       -1.99715              1
1926             -2       -1.99716              1
1927             -2       -1.99716              1
1928             -2       -1.99716              1
1929          -1.98       -1.99715          0.995
1930             -2       -1.99715              1
1931             -2       -1.99715              1
1932             -2       -1.99715              1
1933             -2       -1.99716              1
1934             -2       -1.99716              1
1935             -2       -1.99716              1
1936             -2       -1.99716              1
1937          -1.98       -1.99715          0.995
1938          -1.98       -1.99714          0.995
1939             -2       -1.99714              1
1940             -2       -1.99715              1
1941             -2       -1.99715              1
1942             -2       -1.99715              1
1943             -2       -1.99715              1
1944          -1.98       -1.99714          0.995
1945             -2       -1.99714              1
1946             -2       -1.99714              1
1947             -2       -1.99715              1
1948             -2       -1.99715              1
1949             -2       -1.99715              1
1950             -2       -1.99715              1
1951             -2       -1.99715              1
1952             -2       -1.99715              1
1953             -2       -1.99715              1
1954             -2       -1.99716              1
1955             -2       -1.99716              1
1956             -2       -1.99716              1
1957             -2       -1.99716              1
1958             -2       -1.99716              1
1959             -2       -1.99716              1
1960             -2       -1.99716              1
1961          -1.98       -1.99716          0.995
1962             -2       -1.99716              1
1963             -2       -1.99716              1
1964             -2       -1.99716              1
1965             -2       -1.99716              1
1966          -1.98       -1.99715          0.995
1967          -1.96       -1.99713           0.99
1968             -2       -1.99714              1
1969          -1.98       -1.99713          0.995
1970             -2       -1.99713              1
1971             -2       -1.99713              1
1972             -2       -1.99713              1
1973          -1.98       -1.99712          0.995
1974             -2       -1.99712              1
1975             -2       -1.99713              1
1976             -2       -1.99713              1
1977             -2       -1.99713              1
1978             -2       -1.99713              1
1979             -2       -1.99713              1
1980             -2       -1.99713              1
1981             -2       -1.99713              1
1982             -2       -1.99714              1
1983             -2       -1.99714              1
1984          -1.98       -1.99713          0.995
1985             -2       -1.99713              1
1986             -2       -1.99713              1
1987             -2       -1.99713              1
1988          -1.98       -1.99712          0.995
1989             -2       -1.99713              1
1990             -2       -1.99713              1
1991             -2       -1.99713              1
1992             -2       -1.99713              1
1993             -2       -1.99713              1
1994             -2       -1.99713              1
1995             -2       -1.99713              1
1996             -2       -1.99714              1
1997             -2       -1.99714              1
1998             -2       -1.99714              1
1999             -2       -1.99714              1
2000             -2       -1.99714              1
2001             -2       -1.99714              1
2002             -2       -1.99714              1
2003             -2       -1.99715              1
2004             -2       -1.99715              1
2005             -2       -1.99715              1
2006             -2       -1.99715              1
2007             -2       -1.99715              1
2008             -2       -1.99715              1
2009             -2       -1.99715              1
2010             -2       -1.99716              1
2011             -2       -1.99716              1
2012             -2       -1.99716              1
2013             -2       -1.99716              1
2014             -2       -1.99716              1
2015             -2       -1.99716              1
2016             -2       -1.99716              1
2017             -2       -1.99717              1
2018             -2       -1.99717              1
2019             -2       -1.99717              1
2020          -1.98       -1.99716          0.995
2021             -2       -1.99716              1
2022             -2       -1.99716              1
2023             -2       -1.99716              1
2024             -2       -1.99717              1
2025             -2       -1.99717              1
2026             -2       -1.99717              1
2027             -2       -1.99717              1
2028             -2       -1.99717              1
2029          -1.98       -1.99716          0.995
2030          -1.98       -1.99715          0.995
2031             -2       -1.99716              1
2032             -2       -1.99716              1
2033             -2       -1.99716              1
2034             -2       -1.99716              1
2035             -2       -1.99716              1
2036             -2       -1.99716              1
2037             -2       -1.99716              1
2038          -1.98       -1.99716          0.995
2039             -2       -1.99716              1
2040             -2       -1.99716              1
2041             -2       -1.99716              1
2042             -2       -1.99716              1
2043             -2       -1.99716              1
2044             -2       -1.99716              1
2045             -2       -1.99717              1
2046             -2       -1.99717              1
2047             -2       -1.99717              1
2048             -2       -1.99717              1
2049             -2       -1.99717              1
2050             -2       -1.99717              1
2051             -2       -1.99717              1
2052             -2       -1.99717              1
2053          -1.98       -1.99717          0.995
2054             -2       -1.99717              1
2055             -2       -1.99717              1
2056             -2       -1.99717              1
2057             -2       -1.99717              1
2058             -2       -1.99717              1
2059             -2       -1.99717              1
2060             -2       -1.99718              1
2061             -2       -1.99718              1
2062             -2       -1.99718              1
2063          -1.98       -1.99717          0.995
2064             -2       -1.99717              1
2065             -2       -1.99717              1
2066             -2       -1.99717              1
2067             -2       -1.99718              1
2068             -2       -1.99718              1
2069             -2       -1.99718              1
2070             -2       -1.99718              1
2071             -2       -1.99718              1
2072             -2       -1.99718              1
2073             -2       -1.99718              1
2074             -2       -1.99719              1
2075             -2       -1.99719              1
2076             -2       -1.99719              1
2077             -2       -1.99719              1
2078             -2       -1.99719              1
2079             -2       -1.99719              1
2080             -2       -1.99719              1
2081             -2        -1.9972              1
2082             -2        -1.9972              1
2083             -2        -1.9972              1
2084             -2        -1.9972              1
2085             -2        -1.9972              1
2086             -2        -1.9972              1
2087             -2        -1.9972              1
2088             -2        -1.9972              1
2089             -2       -1.99721              1
2090             -2       -1.99721              1
2091             -2       -1.99721              1
2092             -2       -1.99721              1
2093             -2       -1.99721              1
2094             -2       -1.99721              1
2095             -2       -1.99721              1
2096             -2       -1.99722              1
2097             -2       -1.99722              1
2098             -2       -1.99722              1
2099             -2       -1.99722              1
2100             -2       -1.99722              1
2101             -2       -1.99722              1
2102             -2       -1.99722              1
2103             -2       -1.99722              1
2104             -2       -1.99723              1
2105             -2       -1.99723              1
2106             -2       -1.99723              1
2107             -2       -1.99723              1
2108             -2       -1.99723              1
2109             -2       -1.99723              1
2110             -2       -1.99723              1
2111          -1.98       -1.99723          0.995
2112          -1.98       -1.99722          0.995
2113             -2       -1.99722              1
2114             -2       -1.99722              1
2115             -2       -1.99722              1
2116             -2       -1.99722              1
2117             -2       -1.99722              1
2118             -2       -1.99723              1
2119             -2       -1.99723              1
2120          -1.98       -1.99722          0.995
2121             -2       -1.99722              1
2122             -2       -1.99722              1
2123             -2       -1.99722              1
2124             -2       -1.99722              1
2125          -1.98       -1.99722          0.995
2126             -2       -1.99722              1
2127             -2       -1.99722              1
2128             -2       -1.99722              1
2129             -2       -1.99722              1
2130             -2       -1.99722              1
2131             -2       -1.99722              1
2132             -2       -1.99722              1
2133             -2       -1.99723              1
2134             -2       -1.99723              1
2135             -2       -1.99723              1
2136             -2       -1.99723              1
2137             -2       -1.99723              1
2138             -2       -1.99723              1
2139             -2       -1.99723              1
2140             -2       -1.99723              1
2141             -2       -1.99724              1
2142             -2       -1.99724              1
2143             -2       -1.99724              1
2144             -2       -1.99724              1
2145             -2       -1.99724              1
2146             -2       -1.99724              1
2147             -2       -1.99724              1
2148          -1.98       -1.99724          0.995
2149          -1.96       -1.99722           0.99
2150             -2       -1.99722              1
2151             -2       -1.99722              1
2152             -2       -1.99722              1
2153             -2       -1.99722              1
2154             -2       -1.99723              1
2155             -2       -1.99723              1
2156             -2       -1.99723              1
2157             -2       -1.99723              1
2158             -2       -1.99723              1
2159             -2       -1.99723              1
2160             -2       -1.99723              1
2161             -2       -1.99723              1
2162             -2       -1.99724              1
2163             -2       -1.99724              1
2164             -2       -1.99724              1
2165             -2       -1.99724              1
2166          -1.98       -1.99723          0.995
2167             -2       -1.99723              1
2168          -1.98       -1.99722          0.995
2169          -1.98       -1.99722          0.995
2170             -2       -1.99722              1
2171             -2       -1.99722              1
2172             -2       -1.99722              1
2173             -2       -1.99722              1
2174             -2       -1.99722              1
2175          -1.98       -1.99722          0.995
2176             -2       -1.99722              1
2177             -2       -1.99722              1
2178          -1.98       -1.99721          0.995
2179          -1.98        -1.9972          0.995
2180             -2        -1.9972              1
2181             -2        -1.9972              1
2182             -2       -1.99721              1
2183             -2       -1.99721              1
2184             -2       -1.99721              1
2185          -1.98        -1.9972          0.995
2186          -1.98       -1.99719          0.995
2187             -2       -1.99719              1
2188             -2        -1.9972              1
2189             -2        -1.9972              1
2190             -2        -1.9972              1
2191             -2        -1.9972              1
2192             -2        -1.9972              1
2193             -2        -1.9972              1
2194             -2        -1.9972              1
2195             -2        -1.9972              1
2196             -2       -1.99721              1
2197             -2       -1.99721              1
2198             -2       -1.99721              1
2199             -2       -1.99721              1
2200             -2       -1.99721              1
2201             -2       -1.99721              1
2202             -2       -1.99721              1
2203             -2       -1.99721              1
2204             -2       -1.99722              1
2205             -2       -1.99722              1
2206             -2       -1.99722              1
2207             -2       -1.99722              1
2208             -2       -1.99722              1
2209             -2       -1.99722              1
2210          -1.98       -1.99721          0.995
2211             -2       -1.99722              1
2212             -2       -1.99722              1
2213             -2       -1.99722              1
2214             -2       -1.99722              1
2215             -2       -1.99722              1
2216             -2       -1.99722              1
2217             -2       -1.99722              1
2218             -2       -1.99722              1
2219             -2       -1.99723              1
2220             -2       -1.99723              1
2221          -1.98       -1.99722          0.995
2222             -2       -1.99722              1
2223             -2       -1.99722              1
2224             -2       -1.99722              1
2225             -2       -1.99722              1
2226             -2       -1.99722              1
2227             -2       -1.99723              1
2228             -2       -1.99723              1
2229             -2       -1.99723              1
2230             -2       -1.99723              1
2231             -2       -1.99723              1
2232             -2       -1.99723              1
2233             -2       -1.99723              1
2234             -2       -1.99723              1
2235             -2       -1.99724              1
2236             -2       -1.99724              1
2237             -2       -1.99724              1
2238             -2       -1.99724              1
2239             -2       -1.99724              1
2240             -2       -1.99724              1
2241             -2       -1.99724              1
2242             -2       -1.99724              1
2243             -2       -1.99725              1
2244             -2       -1.99725              1
2245             -2       -1.99725              1
2246             -2       -1.99725              1
2247             -2       -1.99725              1
2248             -2       -1.99725              1
2249          -1.98       -1.99724          0.995
2250             -2       -1.99725              1
2251             -2       -1.99725              1
2252             -2       -1.99725              1
2253          -1.98       -1.99724          0.995
2254             -2       -1.99724              1
2255             -2       -1.99724              1
2256             -2       -1.99724              1
2257             -2       -1.99725              1
2258             -2       -1.99725              1
2259          -1.98       -1.99724          0.995
2260             -2       -1.99724              1
2261             -2       -1.99724              1
2262             -2       -1.99724              1
2263          -1.98       -1.99723          0.995
2264          -1.98       -1.99723          0.995
2265             -2       -1.99723              1
2266             -2       -1.99723              1
2267             -2       -1.99723              1
2268             -2       -1.99723              1
2269             -2       -1.99723              1
2270             -2       -1.99723              1
2271             -2       -1.99724              1
2272             -2       -1.99724              1
2273             -2       -1.99724              1
2274             -2       -1.99724              1
2275             -2       -1.99724              1
2276             -2       -1.99724              1
2277             -2       -1.99724              1
2278             -2       -1.99724              1
2279             -2       -1.99725              1
2280             -2       -1.99725              1
2281             -2       -1.99725              1
2282             -2       -1.99725              1
2283             -2       -1.99725              1
2284             -2       -1.99725              1
2285             -2       -1.99725              1
2286             -2       -1.99725              1
2287             -2       -1.99726              1
2288             -2       -1.99726              1
2289             -2       -1.99726              1
2290             -2       -1.99726              1
2291             -2       -1.99726              1
2292             -2       -1.99726              1
2293             -2       -1.99726              1
2294          -1.98       -1.99725          0.995
2295          -1.98       -1.99725          0.995
2296             -2       -1.99725              1
2297             -2       -1.99725              1
2298             -2       -1.99725              1
2299             -2       -1.99725              1
2300             -2       -1.99725              1
2301             -2       -1.99725              1
2302             -2       -1.99726              1
2303             -2       -1.99726              1
2304             -2       -1.99726              1
2305             -2       -1.99726              1
2306             -2       -1.99726              1
2307             -2       -1.99726              1
2308             -2       -1.99726              1
2309             -2       -1.99726              1
2310             -2       -1.99727              1
2311             -2       -1.99727              1
2312             -2       -1.99727              1
2313             -2       -1.99727              1
2314             -2       -1.99727              1
2315             -2       -1.99727              1
2316             -2       -1.99727              1
2317             -2       -1.99727              1
2318             -2       -1.99727              1
2319             -2       -1.99728              1
2320             -2       -1.99728              1
2321             -2       -1.99728              1
2322             -2       -1.99728              1
2323             -2       -1.99728              1
2324             -2       -1.99728              1
2325             -2       -1.99728              1
2326             -2       -1.99728              1
2327             -2       -1.99729              1
2328             -2       -1.99729              1
2329             -2       -1.99729              1
2330             -2       -1.99729              1
2331             -2       -1.99729              1
2332             -2       -1.99729              1
2333             -2       -1.99729              1
2334             -2       -1.99729              1
2335             -2       -1.99729              1
2336          -1.98       -1.99729          0.995
2337             -2       -1.99729              1
2338             -2       -1.99729              1
2339             -2       -1.99729              1
2340             -2       -1.99729              1
2341             -2       -1.99729              1
2342             -2       -1.99729              1
2343             -2        -1.9973              1
2344             -2        -1.9973              1
2345             -2        -1.9973              1
2346             -2        -1.9973              1
2347             -2        -1.9973              1
2348             -2        -1.9973              1
2349             -2        -1.9973              1
2350             -2        -1.9973              1
2351             -2        -1.9973              1
2352             -2       -1.99731              1
2353             -2       -1.99731              1
2354          -1.98        -1.9973          0.995
2355          -1.98       -1.99729          0.995
2356          -1.98       -1.99728          0.995
2357          -1.98       -1.99728          0.995
2358          -1.98       -1.99727          0.995
2359             -2       -1.99727              1
2360             -2       -1.99727              1
2361             -2       -1.99727              1
2362             -2       -1.99727              1
2363             -2       -1.99728              1
2364          -1.98       -1.99727          0.995
2365          -1.98       -1.99726          0.995
2366          -1.98       -1.99725          0.995
2367          -1.98       -1.99725          0.995
2368             -2       -1.99725              1
2369             -2       -1.99725              1
2370             -2       -1.99725              1
2371             -2       -1.99725              1
2372             -2       -1.99725              1
2373             -2       -1.99725              1
2374             -2       -1.99725              1
2375             -2       -1.99726              1
2376             -2       -1.99726              1
2377             -2       -1.99726              1
2378             -2       -1.99726              1
2379             -2       -1.99726              1
2380             -2       -1.99726              1
2381             -2       -1.99726              1
2382          -1.98       -1.99726          0.995
2383             -2       -1.99726              1
2384             -2       -1.99726              1
2385             -2       -1.99726              1
2386             -2       -1.99726              1
2387             -2       -1.99726              1
2388          -1.98       -1.99725          0.995
2389             -2       -1.99726              1
2390             -2       -1.99726              1
2391             -2       -1.99726              1
2392          -1.98       -1.99725          0.995
2393             -2       -1.99725              1
2394             -2       -1.99725              1
2395             -2       -1.99725              1
2396             -2       -1.99725              1
2397             -2       -1.99726              1
2398          -1.98       -1.99725          0.995
2399             -2       -1.99725              1
2400             -2       -1.99725              1
2401             -2       -1.99725              1
2402             -2       -1.99725              1
2403             -2       -1.99725              1
2404          -1.98       -1.99725          0.995
2405             -2       -1.99725              1
2406             -2       -1.99725              1
2407             -2       -1.99725              1
2408             -2       -1.99725              1
2409             -2       -1.99725              1
2410             -2       -1.99725              1
2411             -2       -1.99726              1
2412          -1.98       -1.99725          0.995
2413          -1.98       -1.99724          0.995
2414             -2       -1.99724              1
2415             -2       -1.99724              1
2416             -2       -1.99724              1
2417             -2       -1.99725              1
2418             -2       -1.99725              1
2419             -2       -1.99725              1
2420             -2       -1.99725              1
2421             -2       -1.99725              1
2422             -2       -1.99725              1
2423             -2       -1.99725              1
2424             -2       -1.99725              1
2425             -2       -1.99725              1
2426             -2       -1.99726              1
2427             -2       -1.99726              1
2428             -2       -1.99726              1
2429             -2       -1.99726              1
2430             -2       -1.99726              1
2431             -2       -1.99726              1
2432             -2       -1.99726              1
2433             -2       -1.99726              1
2434             -2       -1.99726              1
2435             -2       -1.99727              1
2436             -2       -1.99727              1
2437          -1.98       -1.99726          0.995
2438             -2       -1.99726              1
2439             -2       -1.99726              1
2440             -2       -1.99726              1
2441             -2       -1.99726              1
2442             -2       -1.99727              1
2443             -2       -1.99727              1
2444             -2       -1.99727              1
2445             -2       -1.99727              1
2446             -2       -1.99727              1
2447             -2       -1.99727              1
2448             -2       -1.99727              1
2449             -2       -1.99727              1
2450             -2       -1.99727              1
2451             -2       -1.99728              1
2452             -2       -1.99728              1
2453             -2       -1.99728              1
2454             -2       -1.99728              1
2455             -2       -1.99728              1
2456             -2       -1.99728              1
2457             -2       -1.99728              1
2458             -2       -1.99728              1
2459             -2       -1.99728              1
2460             -2       -1.99729              1
2461             -2       -1.99729              1
2462             -2       -1.99729              1
2463             -2       -1.99729              1
2464             -2       -1.99729              1
2465             -2       -1.99729              1
2466          -1.98       -1.99728          0.995
2467          -1.98       -1.99728          0.995
2468          -1.98       -1.99727          0.995
2469             -2       -1.99727              1
2470             -2       -1.99727              1
2471             -2       -1.99727              1
2472             -2       -1.99727              1
2473             -2       -1.99728              1
2474             -2       -1.99728              1
2475             -2       -1.99728              1
2476             -2       -1.99728              1
2477             -2       -1.99728              1
2478             -2       -1.99728              1
2479             -2       -1.99728              1
2480             -2       -1.99728              1
2481             -2       -1.99728              1
2482             -2       -1.99729              1
2483             -2       -1.99729              1
2484             -2       -1.99729              1
2485             -2       -1.99729              1
2486          -1.98       -1.99728          0.995
2487          -1.97       -1.99727           0.99
2488             -2       -1.99727              1
2489             -2       -1.99727              1
2490             -2       -1.99727              1
2491             -2       -1.99728              1
2492             -2       -1.99728              1
2493             -2       -1.99728              1
2494             -2       -1.99728              1
2495             -2       -1.99728              1
2496          -1.95       -1.99726          0.985
2497          -1.96       -1.99725           0.99
2498             -2       -1.99725              1
2499             -2       -1.99725              1
2500             -2       -1.99725              1
2501             -2       -1.99725              1
2502             -2       -1.99725              1
2503             -2       -1.99725              1
2504             -2       -1.99725              1
2505             -2       -1.99725              1
2506             -2       -1.99726              1
2507             -2       -1.99726              1
2508          -1.96       -1.99724           0.99
2509          -1.98       -1.99724          0.995
2510          -1.98       -1.99723          0.995
2511          -1.98       -1.99722          0.995
2512          -1.98       -1.99721          0.995
2513             -2       -1.99722              1
2514          -1.98       -1.99721          0.995
2515          -1.98        -1.9972          0.995
2516             -2        -1.9972              1
2517             -2        -1.9972              1
2518          -1.98        -1.9972          0.995
2519             -2        -1.9972              1
2520             -2        -1.9972              1
2521             -2        -1.9972              1
2522             -2        -1.9972              1
2523             -2        -1.9972              1
2524             -2        -1.9972              1
2525          -1.98        -1.9972          0.995
2526             -2        -1.9972              1
2527          -1.98       -1.99719          0.995
2528          -1.98       -1.99718          0.995
2529             -2       -1.99719              1
2530             -2       -1.99719              1
2531             -2       -1.99719              1
2532             -2       -1.99719              1
2533             -2       -1.99719              1
2534             -2       -1.99719              1
2535             -2       -1.99719              1
2536             -2       -1.99719              1
2537             -2       -1.99719              1
2538             -2        -1.9972              1
2539             -2        -1.9972              1
2540             -2        -1.9972              1
2541             -2        -1.9972              1
2542             -2        -1.9972              1
2543             -2        -1.9972              1
2544             -2        -1.9972              1
2545             -2        -1.9972              1
2546             -2        -1.9972              1
2547             -2       -1.99721              1
2548             -2       -1.99721              1
2549             -2       -1.99721              1
2550             -2       -1.99721              1
2551             -2       -1.99721              1
2552             -2       -1.99721              1
2553             -2       -1.99721              1
2554             -2       -1.99721              1
2555             -2       -1.99721              1
2556             -2       -1.99722              1
2557             -2       -1.99722              1
2558             -2       -1.99722              1
2559             -2       -1.99722              1
2560             -2       -1.99722              1
2561             -2       -1.99722              1
2562             -2       -1.99722              1
2563             -2       -1.99722              1
2564             -2       -1.99722              1
2565             -2       -1.99723              1
2566             -2       -1.99723              1
2567             -2       -1.99723              1
2568             -2       -1.99723              1
2569             -2       -1.99723              1
2570             -2       -1.99723              1
2571             -2       -1.99723              1
2572             -2       -1.99723              1
2573             -2       -1.99723              1
2574             -2       -1.99723              1
2575             -2       -1.99724              1
2576             -2       -1.99724              1
2577             -2       -1.99724              1
2578             -2       -1.99724              1
2579             -2       -1.99724              1
2580             -2       -1.99724              1
2581             -2       -1.99724              1
2582             -2       -1.99724              1
2583             -2       -1.99724              1
2584             -2       -1.99725              1
2585             -2       -1.99725              1
2586             -2       -1.99725              1
2587             -2       -1.99725              1
2588             -2       -1.99725              1
2589             -2       -1.99725              1
2590             -2       -1.99725              1
2591             -2       -1.99725              1
2592             -2       -1.99725              1
2593             -2       -1.99726              1
2594             -2       -1.99726              1
2595             -2       -1.99726              1
2596             -2       -1.99726              1
2597             -2       -1.99726              1
2598             -2       -1.99726              1
2599             -2       -1.99726              1
2600             -2       -1.99726              1
2601             -2       -1.99726              1
2602             -2       -1.99726              1
2603             -2       -1.99727              1
2604             -2       -1.99727              1
2605             -2       -1.99727              1
2606             -2       -1.99727              1
2607             -2       -1.99727              1
2608             -2       -1.99727              1
2609             -2       -1.99727              1
2610          -1.98       -1.99727          0.995
2611          -1.98       -1.99726          0.995
2612             -2       -1.99726              1
2613          -1.98       -1.99725          0.995
2614          -1.98       -1.99725          0.995
2615             -2       -1.99725              1
2616             -2       -1.99725              1
2617             -2       -1.99725              1
2618             -2       -1.99725              1
2619             -2       -1.99725              1
2620             -2       -1.99725              1
2621             -2       -1.99725              1
2622             -2       -1.99726              1
2623             -2       -1.99726              1
2624             -2       -1.99726              1
2625             -2       -1.99726              1
2626             -2       -1.99726              1
2627             -2       -1.99726              1
2628             -2       -1.99726              1
2629             -2       -1.99726              1
2630             -2       -1.99726              1
2631             -2       -1.99726              1
2632             -2       -1.99727              1
2633             -2       -1.99727              1
2634             -2       -1.99727              1
2635             -2       -1.99727              1
2636             -2       -1.99727              1
2637             -2       -1.99727              1
2638             -2       -1.99727              1
2639             -2       -1.99727              1
2640             -2       -1.99727              1
2641             -2       -1.99727              1
2642             -2       -1.99728              1
2643             -2       -1.99728              1
2644             -2       -1.99728              1
2645             -2       -1.99728              1
2646             -2       -1.99728              1
2647             -2       -1.99728              1
2648             -2       -1.99728              1
2649             -2       -1.99728              1
2650             -2       -1.99728              1
2651             -2       -1.99729              1
2652             -2       -1.99729              1
2653             -2       -1.99729              1
2654             -2       -1.99729              1
2655             -2       -1.99729              1
2656          -1.98       -1.99728          0.995
2657          -1.98       -1.99728          0.995
2658             -2       -1.99728              1
2659          -1.98       -1.99727          0.995
2660          -1.98       -1.99726          0.995
2661             -2       -1.99727              1
2662             -2       -1.99727              1
2663             -2       -1.99727              1
2664             -2       -1.99727              1
2665             -2       -1.99727              1
2666             -2       -1.99727              1
2667             -2       -1.99727              1
2668             -2       -1.99727              1
2669             -2       -1.99727              1
2670             -2       -1.99727              1
2671             -2       -1.99728              1
2672             -2       -1.99728              1
2673             -2       -1.99728              1
2674          -1.98       -1.99727          0.995
2675          -1.98       -1.99726          0.995
2676             -2       -1.99727              1
2677             -2       -1.99727              1
2678             -2       -1.99727              1
2679             -2       -1.99727              1
2680             -2       -1.99727              1
2681             -2       -1.99727              1
2682             -2       -1.99727              1
2683             -2       -1.99727              1
2684             -2       -1.99727              1
2685             -2       -1.99727              1
2686             -2       -1.99728              1
2687             -2       -1.99728              1
2688             -2       -1.99728              1
2689             -2       -1.99728              1
2690             -2       -1.99728              1
2691             -2       -1.99728              1
2692             -2       -1.99728              1
2693          -1.98       -1.99728          0.995
2694          -1.98       -1.99727          0.995
2695             -2       -1.99727              1
2696             -2       -1.99727              1
2697             -2       -1.99727              1
2698             -2       -1.99727              1
2699             -2       -1.99727              1
2700             -2       -1.99728              1
2701             -2       -1.99728              1
2702             -2       -1.99728              1
2703             -2       -1.99728              1
2704             -2       -1.99728              1
2705             -2       -1.99728              1
2706             -2       -1.99728              1
2707             -2       -1.99728              1
2708             -2       -1.99728              1
2709             -2       -1.99728              1
2710             -2       -1.99729              1
2711             -2       -1.99729              1
2712             -2       -1.99729              1
2713             -2       -1.99729              1
2714             -2       -1.99729              1
2715             -2       -1.99729              1
2716             -2       -1.99729              1
2717             -2       -1.99729              1
2718             -2       -1.99729              1
2719          -1.98       -1.99729          0.995
2720          -1.98       -1.99728          0.995
2721          -1.98       -1.99727          0.995
2722             -2       -1.99728              1
2723             -2       -1.99728              1
2724          -1.98       -1.99727          0.995
2725             -2       -1.99727              1
2726             -2       -1.99727              1
2727             -2       -1.99727              1
2728          -1.96       -1.99726           0.99
2729          -1.98       -1.99725          0.995
2730             -2       -1.99725              1
2731             -2       -1.99725              1
2732             -2       -1.99726              1
2733             -2       -1.99726              1
2734             -2       -1.99726              1
2735             -2       -1.99726              1
2736             -2       -1.99726              1
2737             -2       -1.99726              1
2738             -2       -1.99726              1
2739             -2       -1.99726              1
2740             -2       -1.99726              1
2741             -2       -1.99726              1
2742          -1.98       -1.99726          0.995
2743             -2       -1.99726              1
2744             -2       -1.99726              1
2745             -2       -1.99726              1
2746             -2       -1.99726              1
2747             -2       -1.99726              1
2748             -2       -1.99726              1
2749             -2       -1.99727              1
2750             -2       -1.99727              1
2751             -2       -1.99727              1
2752             -2       -1.99727              1
2753             -2       -1.99727              1
2754             -2       -1.99727              1
2755             -2       -1.99727              1
2756          -1.98       -1.99727          0.995
2757             -2       -1.99727              1
2758             -2       -1.99727              1
2759             -2       -1.99727              1
2760             -2       -1.99727              1
2761             -2       -1.99727              1
2762             -2       -1.99727              1
2763             -2       -1.99727              1
2764             -2       -1.99727              1
2765             -2       -1.99727              1
2766             -2       -1.99728              1
2767             -2       -1.99728              1
2768             -2       -1.99728              1
2769             -2       -1.99728              1
2770             -2       -1.99728              1
2771             -2       -1.99728              1
2772             -2       -1.99728              1
2773             -2       -1.99728              1
2774             -2       -1.99728              1
2775             -2       -1.99728              1
2776             -2       -1.99728              1
2777             -2       -1.99729              1
2778             -2       -1.99729              1
2779             -2       -1.99729              1
2780             -2       -1.99729              1
2781             -2       -1.99729              1
2782             -2       -1.99729              1
2783             -2       -1.99729              1
2784          -1.98       -1.99729          0.995
2785             -2       -1.99729              1
2786             -2       -1.99729              1
2787             -2       -1.99729              1
2788             -2       -1.99729              1
2789             -2       -1.99729              1
2790             -2       -1.99729              1
2791             -2       -1.99729              1
2792             -2       -1.99729              1
2793             -2       -1.99729              1
2794             -2        -1.9973              1
2795             -2        -1.9973              1
2796             -2        -1.9973              1
2797             -2        -1.9973              1
2798             -2        -1.9973              1
2799             -2        -1.9973              1
2800             -2        -1.9973              1
2801             -2        -1.9973              1
2802             -2        -1.9973              1
2803             -2        -1.9973              1
2804             -2        -1.9973              1
2805             -2       -1.99731              1
2806             -2       -1.99731              1
2807             -2       -1.99731              1
2808             -2       -1.99731              1
2809             -2       -1.99731              1
2810             -2       -1.99731              1
2811             -2       -1.99731              1
2812             -2       -1.99731              1
2813             -2       -1.99731              1
2814             -2       -1.99731              1
2815             -2       -1.99732              1
2816             -2       -1.99732              1
2817             -2       -1.99732              1
2818             -2       -1.99732              1
2819          -1.98       -1.99731          0.995
2820          -1.98       -1.99731          0.995
2821             -2       -1.99731              1
2822             -2       -1.99731              1
2823             -2       -1.99731              1
2824             -2       -1.99731              1
2825             -2       -1.99731              1
2826             -2       -1.99731              1
2827             -2       -1.99731              1
2828             -2       -1.99731              1
2829             -2       -1.99731              1
2830             -2       -1.99732              1
2831             -2       -1.99732              1
2832             -2       -1.99732              1
2833             -2       -1.99732              1
2834             -2       -1.99732              1
2835             -2       -1.99732              1
2836             -2       -1.99732              1
2837             -2       -1.99732              1
2838             -2       -1.99732              1
2839             -2       -1.99732              1
2840             -2       -1.99732              1
2841             -2       -1.99733              1
2842          -1.98       -1.99732          0.995
2843          -1.98       -1.99731          0.995
2844          -1.98       -1.99731          0.995
2845          -1.98        -1.9973          0.995
2846             -2        -1.9973              1
2847             -2        -1.9973              1
2848             -2        -1.9973              1
2849             -2       -1.99731              1
2850             -2       -1.99731              1
2851             -2       -1.99731              1
2852             -2       -1.99731              1
2853             -2       -1.99731              1
2854             -2       -1.99731              1
2855             -2       -1.99731              1
2856             -2       -1.99731              1
2857             -2       -1.99731              1
2858             -2       -1.99731              1
2859             -2       -1.99731              1
2860             -2       -1.99732              1
2861             -2       -1.99732              1
2862             -2       -1.99732              1
2863             -2       -1.99732              1
2864             -2       -1.99732              1
2865             -2       -1.99732              1
2866          -1.98       -1.99731          0.995
2867             -2       -1.99732              1
2868             -2       -1.99732              1
2869             -2       -1.99732              1
2870             -2       -1.99732              1
2871             -2       -1.99732              1
2872             -2       -1.99732              1
2873             -2       -1.99732              1
2874             -2       -1.99732              1
2875             -2       -1.99732              1
2876             -2       -1.99732              1
2877             -2       -1.99732              1
2878             -2       -1.99733              1
2879          -1.98       -1.99732          0.995
2880             -2       -1.99732              1
2881             -2       -1.99732              1
2882             -2       -1.99732              1
2883             -2       -1.99732              1
2884             -2       -1.99732              1
2885          -1.98       -1.99732          0.995
2886          -1.98       -1.99731          0.995
2887             -2       -1.99731              1
2888          -1.98       -1.99731          0.995
2889             -2       -1.99731              1
2890             -2       -1.99731              1
2891             -2       -1.99731              1
2892             -2       -1.99731              1
2893             -2       -1.99731              1
2894             -2       -1.99731              1
2895             -2       -1.99731              1
2896             -2       -1.99731              1
2897             -2       -1.99732              1
2898             -2       -1.99732              1
2899             -2       -1.99732              1
2900             -2       -1.99732              1
2901             -2       -1.99732              1
2902             -2       -1.99732              1
2903             -2       -1.99732              1
2904             -2       -1.99732              1
2905             -2       -1.99732              1
2906             -2       -1.99732              1
2907             -2       -1.99732              1
2908          -1.98       -1.99732          0.995
2909             -2       -1.99732              1
2910             -2       -1.99732              1
2911             -2       -1.99732              1
2912             -2       -1.99732              1
2913             -2       -1.99732              1
2914             -2       -1.99732              1
2915             -2       -1.99733              1
2916             -2       -1.99733              1
2917             -2       -1.99733              1
2918             -2       -1.99733              1
2919             -2       -1.99733              1
2920             -2       -1.99733              1
2921             -2       -1.99733              1
2922             -2       -1.99733              1
2923             -2       -1.99733              1
2924             -2       -1.99733              1
2925             -2       -1.99733              1
2926             -2       -1.99734              1
2927             -2       -1.99734              1
2928             -2       -1.99734              1
2929             -2       -1.99734              1
2930             -2       -1.99734              1
2931             -2       -1.99734              1
2932             -2       -1.99734              1
2933             -2       -1.99734              1
2934             -2       -1.99734              1
2935             -2       -1.99734              1
2936             -2       -1.99734              1
2937             -2       -1.99735              1
2938             -2       -1.99735              1
2939             -2       -1.99735              1
2940             -2       -1.99735              1
2941          -1.98       -1.99734          0.995
2942             -2       -1.99734              1
2943             -2       -1.99734              1
2944             -2       -1.99734              1
2945             -2       -1.99735              1
2946             -2       -1.99735              1
2947             -2       -1.99735              1
2948          -1.98       -1.99734          0.995
2949          -1.98       -1.99734          0.995
2950             -2       -1.99734              1
2951             -2       -1.99734              1
2952             -2       -1.99734              1
2953             -2       -1.99734              1
2954             -2       -1.99734              1
2955             -2       -1.99734              1
2956             -2       -1.99734              1
2957             -2       -1.99734              1
2958             -2       -1.99734              1
2959             -2       -1.99734              1
2960             -2       -1.99735              1
2961             -2       -1.99735              1
2962             -2       -1.99735              1
2963          -1.98       -1.99734          0.995
2964             -2       -1.99734              1
2965          -1.98       -1.99734          0.995
2966          -1.98       -1.99733          0.995
2967          -1.96       -1.99732           0.99
2968          -1.95        -1.9973          0.985
2969          -1.98        -1.9973          0.995
2970          -1.98       -1.99729          0.995
2971          -1.98       -1.99728          0.995
2972          -1.98       -1.99728          0.995
2973             -2       -1.99728              1
2974             -2       -1.99728              1
2975             -2       -1.99728              1
2976             -2       -1.99728              1
2977             -2       -1.99728              1
2978             -2       -1.99728              1
2979             -2       -1.99729              1
2980             -2       -1.99729              1
2981             -2       -1.99729              1
2982             -2       -1.99729              1
2983             -2       -1.99729              1
2984             -2       -1.99729              1
2985             -2       -1.99729              1
2986             -2       -1.99729              1
2987             -2       -1.99729              1
2988          -1.98       -1.99729          0.995
2989          -1.98       -1.99728          0.995
2990             -2       -1.99728              1
2991             -2       -1.99728              1
2992             -2       -1.99728              1
2993             -2       -1.99728              1
2994             -2       -1.99729              1
2995             -2       -1.99729              1
2996             -2       -1.99729              1
2997             -2       -1.99729              1
2998             -2       -1.99729              1
2999             -2       -1.99729              1
3000             -2       -1.99729              1
3001             -2       -1.99729              1
3002             -2       -1.99729              1
3003             -2       -1.99729              1
3004             -2       -1.99729              1
3005          -1.98       -1.99729          0.995
3006          -1.97       -1.99728           0.99
3007             -2       -1.99728              1
3008             -2       -1.99728              1
3009             -2       -1.99728              1
3010             -2       -1.99728              1
3011             -2       -1.99728              1
3012             -2       -1.99729              1
3013             -2       -1.99729              1
3014             -2       -1.99729              1
3015             -2       -1.99729              1
3016             -2       -1.99729              1
3017             -2       -1.99729              1
3018             -2       -1.99729              1
3019             -2       -1.99729              1
3020             -2       -1.99729              1
3021             -2       -1.99729              1
3022             -2       -1.99729              1
3023             -2       -1.99729              1
3024             -2        -1.9973              1
3025             -2        -1.9973              1
3026             -2        -1.9973              1
3027             -2        -1.9973              1
3028          -1.98       -1.99729          0.995
3029             -2       -1.99729              1
3030             -2       -1.99729              1
3031             -2        -1.9973              1
3032             -2        -1.9973              1
3033             -2        -1.9973              1
3034             -2        -1.9973              1
3035             -2        -1.9973              1
3036             -2        -1.9973              1
3037          -1.98       -1.99729          0.995
3038          -1.98       -1.99729          0.995
3039          -1.98       -1.99728          0.995
3040          -1.96       -1.99727           0.99
3041             -2       -1.99727              1
3042             -2       -1.99727              1
3043             -2       -1.99727              1
3044             -2       -1.99727              1
3045             -2       -1.99728              1
3046             -2       -1.99728              1
3047             -2       -1.99728              1
3048             -2       -1.99728              1
3049             -2       -1.99728              1
3050             -2       -1.99728              1
3051             -2       -1.99728              1
3052             -2       -1.99728              1
3053             -2       -1.99728              1
3054             -2       -1.99728              1
3055             -2       -1.99728              1
3056             -2       -1.99728              1
3057          -1.98       -1.99728          0.995
3058          -1.98       -1.99727          0.995
3059             -2       -1.99727              1
3060             -2       -1.99728              1
3061             -2       -1.99728              1
3062             -2       -1.99728              1
3063             -2       -1.99728              1
3064          -1.98       -1.99727          0.995
3065          -1.98       -1.99727          0.995
3066          -1.98       -1.99726          0.995
3067          -1.98       -1.99726          0.995
3068             -2       -1.99726              1
3069          -1.98       -1.99725          0.995
3070             -2       -1.99725              1
3071             -2       -1.99725              1
3072             -2       -1.99725              1
3073             -2       -1.99725              1
3074             -2       -1.99726              1
3075             -2       -1.99726              1
3076             -2       -1.99726              1
3077          -1.98       -1.99725          0.995
3078             -2       -1.99725              1
3079             -2       -1.99725              1
3080             -2       -1.99725              1
3081             -2       -1.99726              1
3082             -2       -1.99726              1
3083             -2       -1.99726              1
3084             -2       -1.99726              1
3085          -1.98       -1.99725          0.995
3086             -2       -1.99725              1
3087             -2       -1.99725              1
3088             -2       -1.99725              1
3089             -2       -1.99726              1
3090             -2       -1.99726              1
3091             -2       -1.99726              1
3092             -2       -1.99726              1
3093             -2       -1.99726              1
3094             -2       -1.99726              1
3095             -2       -1.99726              1
3096             -2       -1.99726              1
3097             -2       -1.99726              1
3098             -2       -1.99726              1
3099             -2       -1.99726              1
3100             -2       -1.99727              1
3101          -1.98       -1.99726          0.995
3102             -2       -1.99726              1
3103             -2       -1.99726              1
3104             -2       -1.99726              1
3105             -2       -1.99726              1
3106             -2       -1.99726              1
3107             -2       -1.99727              1
3108             -2       -1.99727              1
3109             -2       -1.99727              1
3110             -2       -1.99727              1
3111             -2       -1.99727              1
3112             -2       -1.99727              1
3113             -2       -1.99727              1
3114             -2       -1.99727              1
3115             -2       -1.99727              1
3116             -2       -1.99727              1
3117             -2       -1.99727              1
3118             -2       -1.99727              1
3119             -2       -1.99728              1
3120          -1.98       -1.99727          0.995
3121             -2       -1.99727              1
3122             -2       -1.99727              1
3123             -2       -1.99727              1
3124             -2       -1.99727              1
3125             -2       -1.99727              1
3126             -2       -1.99728              1
3127             -2       -1.99728              1
3128             -2       -1.99728              1
3129             -2       -1.99728              1
3130             -2       -1.99728              1
3131             -2       -1.99728              1
3132             -2       -1.99728              1
3133             -2       -1.99728              1
3134             -2       -1.99728              1
3135             -2       -1.99728              1
3136             -2       -1.99728              1
3137          -1.98       -1.99728          0.995
3138             -2       -1.99728              1
3139             -2       -1.99728              1
3140             -2       -1.99728              1
3141             -2       -1.99728              1
3142             -2       -1.99728              1
3143             -2       -1.99728              1
3144             -2       -1.99728              1
3145             -2       -1.99729              1
3146             -2       -1.99729              1
3147             -2       -1.99729              1
3148             -2       -1.99729              1
3149             -2       -1.99729              1
3150             -2       -1.99729              1
3151             -2       -1.99729              1
3152             -2       -1.99729              1
3153             -2       -1.99729              1
3154             -2       -1.99729              1
3155             -2       -1.99729              1
3156             -2       -1.99729              1
3157             -2        -1.9973              1
3158             -2        -1.9973              1
3159             -2        -1.9973              1
3160             -2        -1.9973              1
3161             -2        -1.9973              1
3162             -2        -1.9973              1
3163             -2        -1.9973              1
3164             -2        -1.9973              1
3165             -2        -1.9973              1
3166          -1.98        -1.9973          0.995
3167             -2        -1.9973              1
3168             -2        -1.9973              1
3169             -2        -1.9973              1
3170             -2        -1.9973              1
3171             -2        -1.9973              1
3172             -2        -1.9973              1
3173             -2        -1.9973              1
3174             -2        -1.9973              1
3175             -2        -1.9973              1
3176             -2       -1.99731              1
3177             -2       -1.99731              1
3178             -2       -1.99731              1
3179             -2       -1.99731              1
3180             -2       -1.99731              1
3181             -2       -1.99731              1
3182             -2       -1.99731              1
3183             -2       -1.99731              1
3184             -2       -1.99731              1
3185             -2       -1.99731              1
3186          -1.98       -1.99731          0.995
3187          -1.98        -1.9973          0.995
3188             -2        -1.9973              1
3189             -2        -1.9973              1
3190             -2        -1.9973              1
3191             -2       -1.99731              1
3192             -2       -1.99731              1
3193             -2       -1.99731              1
3194             -2       -1.99731              1
3195             -2       -1.99731              1
3196             -2       -1.99731              1
3197             -2       -1.99731              1
3198             -2       -1.99731              1
3199          -1.98       -1.99731          0.995
3200          -1.98        -1.9973          0.995
3201             -2        -1.9973              1
3202             -2        -1.9973              1
3203             -2        -1.9973              1
3204             -2        -1.9973              1
3205             -2       -1.99731              1
3206             -2       -1.99731              1
3207             -2       -1.99731              1
3208             -2       -1.99731              1
3209             -2       -1.99731              1
3210             -2       -1.99731              1
3211          -1.98        -1.9973          0.995
3212             -2        -1.9973              1
3213             -2       -1.99731              1
3214             -2       -1.99731              1
3215             -2       -1.99731              1
3216             -2       -1.99731              1
3217             -2       -1.99731              1
3218             -2       -1.99731              1
3219             -2       -1.99731              1
3220             -2       -1.99731              1
3221             -2       -1.99731              1
3222          -1.98       -1.99731          0.995
3223             -2       -1.99731              1
3224             -2       -1.99731              1
3225             -2       -1.99731              1
3226             -2       -1.99731              1
3227             -2       -1.99731              1
3228             -2       -1.99731              1
3229             -2       -1.99731              1
3230             -2       -1.99731              1
3231             -2       -1.99731              1
3232             -2       -1.99732              1
3233             -2       -1.99732              1
3234             -2       -1.99732              1
3235             -2       -1.99732              1
3236             -2       -1.99732              1
3237             -2       -1.99732              1
3238          -1.98       -1.99731          0.995
3239             -2       -1.99731              1
3240             -2       -1.99732              1
3241             -2       -1.99732              1
3242             -2       -1.99732              1
3243             -2       -1.99732              1
3244             -2       -1.99732              1
3245             -2       -1.99732              1
3246             -2       -1.99732              1
3247             -2       -1.99732              1
3248             -2       -1.99732              1
3249             -2       -1.99732              1
3250             -2       -1.99732              1
3251             -2       -1.99732              1
3252             -2       -1.99733              1
3253             -2       -1.99733              1
3254             -2       -1.99733              1
3255             -2       -1.99733              1
3256             -2       -1.99733              1
3257             -2       -1.99733              1
3258          -1.98       -1.99732          0.995
3259          -1.98       -1.99732          0.995
3260          -1.97       -1.99731           0.99
3261             -2       -1.99731              1
3262          -1.98       -1.99731          0.995
3263             -2       -1.99731              1
3264             -2       -1.99731              1
3265             -2       -1.99731              1
3266             -2       -1.99731              1
3267             -2       -1.99731              1
3268             -2       -1.99731              1
3269             -2       -1.99731              1
3270             -2       -1.99731              1
3271             -2       -1.99731              1
3272             -2       -1.99731              1
3273             -2       -1.99732              1
3274             -2       -1.99732              1
3275             -2       -1.99732              1
3276             -2       -1.99732              1
3277             -2       -1.99732              1
3278             -2       -1.99732              1
3279             -2       -1.99732              1
3280             -2       -1.99732              1
3281             -2       -1.99732              1
3282             -2       -1.99732              1
3283             -2       -1.99732              1
3284             -2       -1.99732              1
3285             -2       -1.99733              1
3286             -2       -1.99733              1
3287             -2       -1.99733              1
3288             -2       -1.99733              1
3289             -2       -1.99733              1
3290             -2       -1.99733              1
3291             -2       -1.99733              1
3292             -2       -1.99733              1
3293             -2       -1.99733              1
3294             -2       -1.99733              1
3295             -2       -1.99733              1
3296             -2       -1.99733              1
3297             -2       -1.99733              1
3298             -2       -1.99734              1
3299             -2       -1.99734              1
3300             -2       -1.99734              1
3301             -2       -1.99734              1
3302          -1.98       -1.99733          0.995
3303             -2       -1.99733              1
3304             -2       -1.99733              1
3305             -2       -1.99734              1
3306             -2       -1.99734              1
3307          -1.98       -1.99733          0.995
3308             -2       -1.99733              1
3309             -2       -1.99733              1
3310             -2       -1.99733              1
3311             -2       -1.99733              1
3312             -2       -1.99733              1
3313             -2       -1.99734              1
3314             -2       -1.99734              1
3315             -2       -1.99734              1
3316             -2       -1.99734              1
3317             -2       -1.99734              1
3318             -2       -1.99734              1
3319             -2       -1.99734              1
3320             -2       -1.99734              1
3321             -2       -1.99734              1
3322             -2       -1.99734              1
3323             -2       -1.99734              1
3324             -2       -1.99734              1
3325             -2       -1.99735              1
3326             -2       -1.99735              1
3327             -2       -1.99735              1
3328             -2       -1.99735              1
3329             -2       -1.99735              1
3330             -2       -1.99735              1
3331             -2       -1.99735              1
3332             -2       -1.99735              1
3333             -2       -1.99735              1
3334             -2       -1.99735              1
3335             -2       -1.99735              1
3336             -2       -1.99735              1
3337             -2       -1.99735              1
3338             -2       -1.99736              1
3339             -2       -1.99736              1
3340             -2       -1.99736              1
3341             -2       -1.99736              1
3342             -2       -1.99736              1
3343             -2       -1.99736              1
3344             -2       -1.99736              1
3345             -2       -1.99736              1
3346          -1.98       -1.99736          0.995
3347          -1.98       -1.99735          0.995
3348             -2       -1.99735              1
3349             -2       -1.99735              1
3350          -1.98       -1.99735          0.995
3351          -1.96       -1.99734           0.99
3352             -2       -1.99734              1
3353             -2       -1.99734              1
3354             -2       -1.99734              1
3355             -2       -1.99734              1
3356             -2       -1.99734              1
3357             -2       -1.99734              1
3358             -2       -1.99734              1
3359             -2       -1.99734              1
3360             -2       -1.99734              1
3361             -2       -1.99734              1
3362          -1.98       -1.99734          0.995
3363             -2       -1.99734              1
3364             -2       -1.99734              1
3365             -2       -1.99734              1
3366             -2       -1.99734              1
3367             -2       -1.99734              1
3368             -2       -1.99734              1
3369             -2       -1.99734              1
3370             -2       -1.99735              1
3371             -2       -1.99735              1
3372             -2       -1.99735              1
3373             -2       -1.99735              1
3374             -2       -1.99735              1
3375             -2       -1.99735              1
3376             -2       -1.99735              1
3377             -2       -1.99735              1
3378             -2       -1.99735              1
3379             -2       -1.99735              1
3380             -2       -1.99735              1
3381             -2       -1.99735              1
3382             -2       -1.99735              1
3383             -2       -1.99736              1
3384             -2       -1.99736              1
3385             -2       -1.99736              1
3386             -2       -1.99736              1
3387             -2       -1.99736              1
3388             -2       -1.99736              1
3389             -2       -1.99736              1
3390             -2       -1.99736              1
3391             -2       -1.99736              1
3392             -2       -1.99736              1
3393             -2       -1.99736              1
3394             -2       -1.99736              1
3395             -2       -1.99736              1
3396             -2       -1.99737              1
3397             -2       -1.99737              1
3398             -2       -1.99737              1
3399             -2       -1.99737              1
3400          -1.98       -1.99736          0.995
3401             -2       -1.99736              1
3402             -2       -1.99736              1
3403             -2       -1.99736              1
3404             -2       -1.99737              1
3405             -2       -1.99737              1
3406             -2       -1.99737              1
3407             -2       -1.99737              1
3408             -2       -1.99737              1
3409             -2       -1.99737              1
3410             -2       -1.99737              1
3411             -2       -1.99737              1
3412             -2       -1.99737              1
3413             -2       -1.99737              1
3414             -2       -1.99737              1
3415             -2       -1.99737              1
3416             -2       -1.99737              1
3417             -2       -1.99738              1
3418             -2       -1.99738              1
3419             -2       -1.99738              1
3420          -1.98       -1.99737          0.995
3421          -1.98       -1.99737          0.995
3422          -1.98       -1.99736          0.995
3423             -2       -1.99736              1
3424          -1.98       -1.99736          0.995
3425          -1.98       -1.99735          0.995
3426          -1.98       -1.99735          0.995
3427             -2       -1.99735              1
3428             -2       -1.99735              1
3429             -2       -1.99735              1
3430             -2       -1.99735              1
3431             -2       -1.99735              1
3432             -2       -1.99735              1
3433             -2       -1.99735              1
3434             -2       -1.99735              1
3435             -2       -1.99735              1
3436             -2       -1.99736              1
3437             -2       -1.99736              1
3438             -2       -1.99736              1
3439             -2       -1.99736              1
3440             -2       -1.99736              1
3441             -2       -1.99736              1
3442             -2       -1.99736              1
3443             -2       -1.99736              1
3444             -2       -1.99736              1
3445             -2       -1.99736              1
3446             -2       -1.99736              1
3447             -2       -1.99736              1
3448             -2       -1.99736              1
3449             -2       -1.99737              1
3450             -2       -1.99737              1
3451             -2       -1.99737              1
3452             -2       -1.99737              1
3453             -2       -1.99737              1
3454             -2       -1.99737              1
3455             -2       -1.99737              1
3456             -2       -1.99737              1
3457             -2       -1.99737              1
3458          -1.98       -1.99737          0.995
3459             -2       -1.99737              1
3460             -2       -1.99737              1
3461             -2       -1.99737              1
3462             -2       -1.99737              1
3463             -2       -1.99737              1
3464             -2       -1.99737              1
3465             -2       -1.99737              1
3466             -2       -1.99737              1
3467             -2       -1.99737              1
3468             -2       -1.99737              1
3469             -2       -1.99737              1
3470             -2       -1.99738              1
3471             -2       -1.99738              1
3472          -1.98       -1.99737          0.995
3473          -1.98       -1.99737          0.995
3474             -2       -1.99737              1
3475             -2       -1.99737              1
3476             -2       -1.99737              1
3477             -2       -1.99737              1
3478             -2       -1.99737              1
3479             -2       -1.99737              1
3480             -2       -1.99737              1
3481             -2       -1.99737              1
3482             -2       -1.99737              1
3483             -2       -1.99737              1
3484          -1.98       -1.99737          0.995
3485             -2       -1.99737              1
3486             -2       -1.99737              1
3487             -2       -1.99737              1
3488             -2       -1.99737              1
3489             -2       -1.99737              1
3490             -2       -1.99737              1
3491             -2       -1.99737              1
3492             -2       -1.99737              1
3493          -1.98       -1.99737          0.995
3494             -2       -1.99737              1
3495             -2       -1.99737              1
3496             -2       -1.99737              1
3497             -2       -1.99737              1
3498          -1.98       -1.99737          0.995
3499          -1.98       -1.99736          0.995
3500             -2       -1.99736              1
3501             -2       -1.99736              1
3502             -2       -1.99737              1
3503             -2       -1.99737              1
3504          -1.98       -1.99736          0.995
3505          -1.98       -1.99736          0.995
3506          -1.98       -1.99735          0.995
3507          -1.98       -1.99735          0.995
3508             -2       -1.99735              1
3509             -2       -1.99735              1
3510          -1.98       -1.99734          0.995
3511             -2       -1.99734              1
3512             -2       -1.99734              1
3513             -2       -1.99734              1
3514             -2       -1.99735              1
3515             -2       -1.99735              1
3516             -2       -1.99735              1
3517             -2       -1.99735              1
3518             -2       -1.99735              1
3519             -2       -1.99735              1
3520             -2       -1.99735              1
3521             -2       -1.99735              1
3522             -2       -1.99735              1
3523             -2       -1.99735              1
3524             -2       -1.99735              1
3525             -2       -1.99735              1
3526          -1.96       -1.99734           0.99
3527          -1.98       -1.99734          0.995
3528             -2       -1.99734              1
3529             -2       -1.99734              1
3530             -2       -1.99734              1
3531             -2       -1.99734              1
3532             -2       -1.99734              1
3533             -2       -1.99734              1
3534             -2       -1.99734              1
3535             -2       -1.99734              1
3536             -2       -1.99735              1
3537             -2       -1.99735              1
3538          -1.98       -1.99734          0.995
3539          -1.98       -1.99734          0.995
3540             -2       -1.99734              1
3541             -2       -1.99734              1
3542             -2       -1.99734              1
3543             -2       -1.99734              1
3544             -2       -1.99734              1
3545             -2       -1.99734              1
3546             -2       -1.99734              1
3547             -2       -1.99734              1
3548             -2       -1.99734              1
3549             -2       -1.99734              1
3550             -2       -1.99734              1
3551             -2       -1.99735              1
3552          -1.98       -1.99734          0.995
3553             -2       -1.99734              1
3554             -2       -1.99734              1
3555             -2       -1.99734              1
3556             -2       -1.99734              1
3557             -2       -1.99734              1
3558             -2       -1.99734              1
3559             -2       -1.99735              1
3560             -2       -1.99735              1
3561          -1.98       -1.99734          0.995
3562             -2       -1.99734              1
3563             -2       -1.99734              1
3564             -2       -1.99734              1
3565             -2       -1.99734              1
3566             -2       -1.99735              1
3567             -2       -1.99735              1
3568             -2       -1.99735              1
3569             -2       -1.99735              1
3570             -2       -1.99735              1
3571             -2       -1.99735              1
3572             -2       -1.99735              1
3573             -2       -1.99735              1
3574             -2       -1.99735              1
3575             -2       -1.99735              1
3576             -2       -1.99735              1
3577             -2       -1.99735              1
3578             -2       -1.99735              1
3579             -2       -1.99735              1
3580             -2       -1.99736              1
3581             -2       -1.99736              1
3582             -2       -1.99736              1
3583             -2       -1.99736              1
3584             -2       -1.99736              1
3585             -2       -1.99736              1
3586             -2       -1.99736              1
3587             -2       -1.99736              1
3588          -1.98       -1.99736          0.995
3589             -2       -1.99736              1
3590             -2       -1.99736              1
3591             -2       -1.99736              1
3592             -2       -1.99736              1
3593             -2       -1.99736              1
3594             -2       -1.99736              1
3595             -2       -1.99736              1
3596             -2       -1.99736              1
3597             -2       -1.99736              1
3598             -2       -1.99736              1
3599             -2       -1.99736              1
3600             -2       -1.99736              1
3601             -2       -1.99737              1
3602             -2       -1.99737              1
3603             -2       -1.99737              1
3604             -2       -1.99737              1
3605             -2       -1.99737              1
3606             -2       -1.99737              1
3607             -2       -1.99737              1
3608             -2       -1.99737              1
3609             -2       -1.99737              1
3610             -2       -1.99737              1
3611             -2       -1.99737              1
3612             -2       -1.99737              1
3613             -2       -1.99737              1
3614          -1.98       -1.99737          0.995
3615             -2       -1.99737              1
3616             -2       -1.99737              1
3617             -2       -1.99737              1
3618             -2       -1.99737              1
3619             -2       -1.99737              1
3620             -2       -1.99737              1
3621             -2       -1.99737              1
3622             -2       -1.99738              1
3623             -2       -1.99738              1
3624             -2       -1.99738              1
3625             -2       -1.99738              1
3626             -2       -1.99738              1
3627             -2       -1.99738              1
3628             -2       -1.99738              1
3629          -1.98       -1.99737          0.995
3630          -1.98       -1.99737          0.995
3631             -2       -1.99737              1
3632             -2       -1.99737              1
3633             -2       -1.99737              1
3634             -2       -1.99737              1
3635             -2       -1.99737              1
3636             -2       -1.99737              1
3637             -2       -1.99737              1
3638             -2       -1.99738              1
3639             -2       -1.99738              1
3640             -2       -1.99738              1
3641             -2       -1.99738              1
3642             -2       -1.99738              1
3643             -2       -1.99738              1
3644             -2       -1.99738              1
3645             -2       -1.99738              1
3646             -2       -1.99738              1
3647             -2       -1.99738              1
3648          -1.98       -1.99738          0.995
3649             -2       -1.99738              1
3650          -1.98       -1.99737          0.995
3651             -2       -1.99737              1
3652             -2       -1.99737              1
3653             -2       -1.99738              1
3654             -2       -1.99738              1
3655             -2       -1.99738              1
3656             -2       -1.99738              1
3657             -2       -1.99738              1
3658             -2       -1.99738              1
3659             -2       -1.99738              1
3660             -2       -1.99738              1
3661             -2       -1.99738              1
3662             -2       -1.99738              1
3663             -2       -1.99738              1
3664             -2       -1.99738              1
3665             -2       -1.99738              1
3666             -2       -1.99738              1
3667             -2       -1.99739              1
3668             -2       -1.99739              1
3669             -2       -1.99739              1
3670             -2       -1.99739              1
3671             -2       -1.99739              1
3672             -2       -1.99739              1
3673          -1.98       -1.99738          0.995
3674          -1.97       -1.99738           0.99
3675          -1.98       -1.99737          0.995
3676             -2       -1.99737              1
3677             -2       -1.99737              1
3678             -2       -1.99737              1
3679             -2       -1.99738              1
3680             -2       -1.99738              1
3681             -2       -1.99738              1
3682             -2       -1.99738              1
3683             -2       -1.99738              1
3684             -2       -1.99738              1
3685             -2       -1.99738              1
3686          -1.98       -1.99737          0.995
3687          -1.98       -1.99737          0.995
3688          -1.98       -1.99737          0.995
3689          -1.98       -1.99736          0.995
3690          -1.98       -1.99736          0.995
3691          -1.96       -1.99735           0.99
3692          -1.98       -1.99734          0.995
3693             -2       -1.99734              1
3694             -2       -1.99734              1
3695             -2       -1.99734              1
3696             -2       -1.99734              1
3697             -2       -1.99734              1
3698             -2       -1.99735              1
3699             -2       -1.99735              1
3700             -2       -1.99735              1
3701             -2       -1.99735              1
3702             -2       -1.99735              1
3703             -2       -1.99735              1
3704             -2       -1.99735              1
3705             -2       -1.99735              1
3706             -2       -1.99735              1
3707             -2       -1.99735              1
3708             -2       -1.99735              1
3709             -2       -1.99735              1
3710             -2       -1.99735              1
3711             -2       -1.99735              1
3712             -2       -1.99736              1
3713             -2       -1.99736              1
3714             -2       -1.99736              1
3715             -2       -1.99736              1
3716             -2       -1.99736              1
3717             -2       -1.99736              1
3718             -2       -1.99736              1
3719             -2       -1.99736              1
3720             -2       -1.99736              1
3721             -2       -1.99736              1
3722             -2       -1.99736              1
3723             -2       -1.99736              1
3724             -2       -1.99736              1
3725             -2       -1.99736              1
3726             -2       -1.99737              1
3727             -2       -1.99737              1
3728             -2       -1.99737              1
3729             -2       -1.99737              1
3730             -2       -1.99737              1
3731             -2       -1.99737              1
3732             -2       -1.99737              1
3733             -2       -1.99737              1
3734             -2       -1.99737              1
3735             -2       -1.99737              1
3736             -2       -1.99737              1
3737             -2       -1.99737              1
3738          -1.98       -1.99737          0.995
3739          -1.98       -1.99736          0.995
3740          -1.98       -1.99736          0.995
3741             -2       -1.99736              1
3742             -2       -1.99736              1
3743          -1.98       -1.99736          0.995
3744             -2       -1.99736              1
3745             -2       -1.99736              1
3746             -2       -1.99736              1
3747             -2       -1.99736              1
3748             -2       -1.99736              1
3749             -2       -1.99736              1
3750          -1.98       -1.99736          0.995
3751             -2       -1.99736              1
3752             -2       -1.99736              1
3753             -2       -1.99736              1
3754             -2       -1.99736              1
3755             -2       -1.99736              1
3756             -2       -1.99736              1
3757             -2       -1.99736              1
3758             -2       -1.99736              1
3759             -2       -1.99736              1
3760             -2       -1.99736              1
3761             -2       -1.99736              1
3762             -2       -1.99736              1
3763             -2       -1.99736              1
3764             -2       -1.99737              1
3765             -2       -1.99737              1
3766             -2       -1.99737              1
3767             -2       -1.99737              1
3768             -2       -1.99737              1
3769             -2       -1.99737              1
3770             -2       -1.99737              1
3771             -2       -1.99737              1
3772             -2       -1.99737              1
3773             -2       -1.99737              1
3774             -2       -1.99737              1
3775             -2       -1.99737              1
3776             -2       -1.99737              1
3777             -2       -1.99737              1
3778             -2       -1.99737              1
3779             -2       -1.99738              1
3780          -1.98       -1.99737          0.995
3781          -1.98       -1.99737          0.995
3782          -1.98       -1.99736          0.995
3783             -2       -1.99736              1
3784             -2       -1.99736              1
3785             -2       -1.99736              1
3786             -2       -1.99736              1
3787             -2       -1.99737              1
3788             -2       -1.99737              1
3789             -2       -1.99737              1
3790             -2       -1.99737              1
3791             -2       -1.99737              1
3792             -2       -1.99737              1
3793             -2       -1.99737              1
3794             -2       -1.99737              1
3795             -2       -1.99737              1
3796             -2       -1.99737              1
3797             -2       -1.99737              1
3798             -2       -1.99737              1
3799             -2       -1.99737              1
3800             -2       -1.99737              1
3801          -1.98       -1.99737          0.995
3802             -2       -1.99737              1
3803             -2       -1.99737              1
3804             -2       -1.99737              1
3805             -2       -1.99737              1
3806             -2       -1.99737              1
3807             -2       -1.99737              1
3808             -2       -1.99737              1
3809             -2       -1.99738              1
3810          -1.98       -1.99737          0.995
3811             -2       -1.99737              1
3812          -1.98       -1.99737          0.995
3813          -1.98       -1.99736          0.995
3814             -2       -1.99736              1
3815          -1.98       -1.99736          0.995
3816          -1.98       -1.99735          0.995
3817             -2       -1.99735              1
3818             -2       -1.99736              1
3819          -1.98       -1.99735          0.995
3820             -2       -1.99735              1
3821             -2       -1.99735              1
3822          -1.98       -1.99735          0.995
3823          -1.98       -1.99734          0.995
3824             -2       -1.99734              1
3825             -2       -1.99734              1
3826             -2       -1.99735              1
3827             -2       -1.99735              1
3828             -2       -1.99735              1
3829             -2       -1.99735              1
3830             -2       -1.99735              1
3831             -2       -1.99735              1
3832             -2       -1.99735              1
3833             -2       -1.99735              1
3834             -2       -1.99735              1
3835             -2       -1.99735              1
3836          -1.98       -1.99735          0.995
3837          -1.98       -1.99734          0.995
3838          -1.98       -1.99734          0.995
3839          -1.98       -1.99733          0.995
3840             -2       -1.99733              1
3841             -2       -1.99733              1
3842             -2       -1.99734              1
3843             -2       -1.99734              1
3844             -2       -1.99734              1
3845             -2       -1.99734              1
3846             -2       -1.99734              1
3847             -2       -1.99734              1
3848             -2       -1.99734              1
3849             -2       -1.99734              1
3850          -1.98       -1.99734          0.995
3851          -1.98       -1.99733          0.995
3852          -1.98       -1.99733          0.995
3853          -1.98       -1.99732          0.995
3854             -2       -1.99732              1
3855             -2       -1.99732              1
3856             -2       -1.99732              1
3857             -2       -1.99733              1
3858             -2       -1.99733              1
3859             -2       -1.99733              1
3860             -2       -1.99733              1
3861             -2       -1.99733              1
3862             -2       -1.99733              1
3863             -2       -1.99733              1
3864             -2       -1.99733              1
3865             -2       -1.99733              1
3866             -2       -1.99733              1
3867          -1.98       -1.99733          0.995
3868             -2       -1.99733              1
3869             -2       -1.99733              1
3870             -2       -1.99733              1
3871             -2       -1.99733              1
3872             -2       -1.99733              1
3873             -2       -1.99733              1
3874             -2       -1.99733              1
3875             -2       -1.99733              1
3876             -2       -1.99733              1
3877             -2       -1.99733              1
3878             -2       -1.99733              1
3879             -2       -1.99734              1
3880             -2       -1.99734              1
3881             -2       -1.99734              1
3882             -2       -1.99734              1
3883             -2       -1.99734              1
3884             -2       -1.99734              1
3885             -2       -1.99734              1
3886             -2       -1.99734              1
3887             -2       -1.99734              1
3888             -2       -1.99734              1
3889             -2       -1.99734              1
3890             -2       -1.99734              1
3891             -2       -1.99734              1
3892             -2       -1.99734              1
3893             -2       -1.99734              1
3894          -1.98       -1.99734          0.995
3895          -1.98       -1.99734          0.995
3896          -1.98       -1.99733          0.995
3897             -2       -1.99733              1
3898             -2       -1.99733              1
3899          -1.98       -1.99733          0.995
3900             -2       -1.99733              1
3901             -2       -1.99733              1
3902             -2       -1.99733              1
3903             -2       -1.99733              1
3904          -1.94       -1.99732          0.985
3905          -1.96       -1.99731           0.99
3906          -1.98        -1.9973          0.995
3907             -2        -1.9973              1
3908             -2        -1.9973              1
3909             -2        -1.9973              1
3910             -2       -1.99731              1
3911             -2       -1.99731              1
3912             -2       -1.99731              1
3913             -2       -1.99731              1
3914             -2       -1.99731              1
3915             -2       -1.99731              1
3916             -2       -1.99731              1
3917             -2       -1.99731              1
3918             -2       -1.99731              1
3919             -2       -1.99731              1
3920             -2       -1.99731              1
3921          -1.98       -1.99731          0.995
3922          -1.98        -1.9973          0.995
3923             -2        -1.9973              1
3924             -2        -1.9973              1
3925             -2       -1.99731              1
3926             -2       -1.99731              1
3927             -2       -1.99731              1
3928             -2       -1.99731              1
3929             -2       -1.99731              1
3930          -1.98        -1.9973          0.995
3931             -2        -1.9973              1
3932             -2        -1.9973              1
3933             -2       -1.99731              1
3934             -2       -1.99731              1
3935             -2       -1.99731              1
3936             -2       -1.99731              1
3937             -2       -1.99731              1
3938             -2       -1.99731              1
3939             -2       -1.99731              1
3940             -2       -1.99731              1
3941             -2       -1.99731              1
3942             -2       -1.99731              1
3943             -2       -1.99731              1
3944             -2       -1.99731              1
3945             -2       -1.99731              1
3946             -2       -1.99731              1
3947             -2       -1.99732              1
3948             -2       -1.99732              1
3949             -2       -1.99732              1
3950             -2       -1.99732              1
3951             -2       -1.99732              1
3952             -2       -1.99732              1
3953             -2       -1.99732              1
3954             -2       -1.99732              1
3955             -2       -1.99732              1
3956             -2       -1.99732              1
3957             -2       -1.99732              1
3958             -2       -1.99732              1
3959             -2       -1.99732              1
3960             -2       -1.99732              1
3961             -2       -1.99732              1
3962             -2       -1.99733              1
3963             -2       -1.99733              1
3964             -2       -1.99733              1
3965             -2       -1.99733              1
3966             -2       -1.99733              1
3967             -2       -1.99733              1
3968             -2       -1.99733              1
3969             -2       -1.99733              1
3970             -2       -1.99733              1
3971             -2       -1.99733              1
3972             -2       -1.99733              1
3973             -2       -1.99733              1
3974             -2       -1.99733              1
3975             -2       -1.99733              1
3976             -2       -1.99733              1
3977             -2       -1.99734              1
3978             -2       -1.99734              1
3979             -2       -1.99734              1
3980             -2       -1.99734              1
3981             -2       -1.99734              1
3982             -2       -1.99734              1
3983             -2       -1.99734              1
3984             -2       -1.99734              1
3985             -2       -1.99734              1
3986             -2       -1.99734              1
3987             -2       -1.99734              1
3988             -2       -1.99734              1
3989             -2       -1.99734              1
3990          -1.98       -1.99734          0.995
3991             -2       -1.99734              1
3992             -2       -1.99734              1
3993             -2       -1.99734              1
3994             -2       -1.99734              1
3995             -2       -1.99734              1
3996             -2       -1.99734              1
3997             -2       -1.99734              1
3998             -2       -1.99734              1
3999             -2       -1.99734              1
4000             -2       -1.99735              1
4001             -2       -1.99735              1
4002             -2       -1.99735              1
4003             -2       -1.99735              1
4004             -2       -1.99735              1
4005             -2       -1.99735              1
4006             -2       -1.99735              1
4007          -1.98       -1.99735          0.995
4008             -2       -1.99735              1
4009             -2       -1.99735              1
4010          -1.98       -1.99734          0.995
4011          -1.98       -1.99734          0.995
4012             -2       -1.99734              1
4013             -2       -1.99734              1
4014             -2       -1.99734              1
4015             -2       -1.99734              1
4016             -2       -1.99734              1
4017             -2       -1.99734              1
4018             -2       -1.99734              1
4019             -2       -1.99734              1
4020             -2       -1.99734              1
4021             -2       -1.99734              1
4022             -2       -1.99735              1
4023             -2       -1.99735              1
4024             -2       -1.99735              1
4025             -2       -1.99735              1
4026             -2       -1.99735              1
4027             -2       -1.99735              1
4028             -2       -1.99735              1
4029             -2       -1.99735              1
4030             -2       -1.99735              1
4031             -2       -1.99735              1
4032             -2       -1.99735              1
4033             -2       -1.99735              1
4034             -2       -1.99735              1
4035             -2       -1.99735              1
4036             -2       -1.99735              1
4037             -2       -1.99736              1
4038             -2       -1.99736              1
4039             -2       -1.99736              1
4040             -2       -1.99736              1
4041             -2       -1.99736              1
4042             -2       -1.99736              1
4043             -2       -1.99736              1
4044             -2       -1.99736              1
4045             -2       -1.99736              1
4046             -2       -1.99736              1
4047             -2       -1.99736              1
4048             -2       -1.99736              1
4049             -2       -1.99736              1
4050             -2       -1.99736              1
4051             -2       -1.99736              1
4052             -2       -1.99736              1
4053             -2       -1.99737              1
4054             -2       -1.99737              1
4055             -2       -1.99737              1
4056             -2       -1.99737              1
4057             -2       -1.99737              1
4058             -2       -1.99737              1
4059          -1.98       -1.99736          0.995
4060             -2       -1.99737              1
4061             -2       -1.99737              1
4062             -2       -1.99737              1
4063          -1.98       -1.99736          0.995
4064             -2       -1.99736              1
4065             -2       -1.99736              1
4066             -2       -1.99736              1
4067             -2       -1.99736              1
4068             -2       -1.99737              1
4069             -2       -1.99737              1
4070          -1.98       -1.99736          0.995
4071             -2       -1.99736              1
4072             -2       -1.99736              1
4073             -2       -1.99736              1
4074          -1.98       -1.99736          0.995
4075             -2       -1.99736              1
4076             -2       -1.99736              1
4077             -2       -1.99736              1
4078             -2       -1.99736              1
4079             -2       -1.99736              1
4080          -1.98       -1.99736          0.995
4081             -2       -1.99736              1
4082          -1.98       -1.99735          0.995
4083          -1.98       -1.99735          0.995
4084          -1.98       -1.99735          0.995
4085             -2       -1.99735              1
4086             -2       -1.99735              1
4087             -2       -1.99735              1
4088             -2       -1.99735              1
4089             -2       -1.99735              1
4090             -2       -1.99735              1
4091             -2       -1.99735              1
4092             -2       -1.99735              1
4093             -2       -1.99735              1
4094             -2       -1.99735              1
4095             -2       -1.99735              1
4096             -2       -1.99735              1
4097             -2       -1.99735              1
4098             -2       -1.99736              1
4099             -2       -1.99736              1
4100             -2       -1.99736              1
4101             -2       -1.99736              1
4102             -2       -1.99736              1
4103          -1.98       -1.99735          0.995
4104             -2       -1.99735              1
4105             -2       -1.99736              1
4106             -2       -1.99736              1
4107             -2       -1.99736              1
4108             -2       -1.99736              1
4109             -2       -1.99736              1
4110             -2       -1.99736              1
4111             -2       -1.99736              1
4112             -2       -1.99736              1
4113             -2       -1.99736              1
4114             -2       -1.99736              1
4115             -2       -1.99736              1
4116             -2       -1.99736              1
4117             -2       -1.99736              1
4118             -2       -1.99736              1
4119             -2       -1.99736              1
4120             -2       -1.99736              1
4121             -2       -1.99737              1
4122             -2       -1.99737              1
4123             -2       -1.99737              1
4124             -2       -1.99737              1
4125             -2       -1.99737              1
4126             -2       -1.99737              1
4127             -2       -1.99737              1
4128             -2       -1.99737              1
4129             -2       -1.99737              1
4130             -2       -1.99737              1
4131             -2       -1.99737              1
4132             -2       -1.99737              1
4133             -2       -1.99737              1
4134             -2       -1.99737              1
4135             -2       -1.99737              1
4136             -2       -1.99737              1
4137             -2       -1.99738              1
4138             -2       -1.99738              1
4139             -2       -1.99738              1
4140             -2       -1.99738              1
4141             -2       -1.99738              1
4142             -2       -1.99738              1
4143             -2       -1.99738              1
4144             -2       -1.99738              1
4145             -2       -1.99738              1
4146             -2       -1.99738              1
4147             -2       -1.99738              1
4148             -2       -1.99738              1
4149             -2       -1.99738              1
4150             -2       -1.99738              1
4151             -2       -1.99738              1
4152             -2       -1.99739              1
4153             -2       -1.99739              1
4154             -2       -1.99739              1
4155          -1.98       -1.99738          0.995
4156          -1.98       -1.99738          0.995
4157          -1.98       -1.99737          0.995
4158          -1.98       -1.99737          0.995
4159             -2       -1.99737              1
4160             -2       -1.99737              1
4161             -2       -1.99737              1
4162          -1.98       -1.99737          0.995
4163          -1.98       -1.99736          0.995
4164          -1.97       -1.99736           0.99
4165          -1.98       -1.99735          0.995
4166             -2       -1.99735              1
4167             -2       -1.99735              1
4168          -1.98       -1.99735          0.995
4169          -1.96       -1.99734          0.985
4170          -1.98       -1.99734          0.995
4171             -2       -1.99734              1
4172             -2       -1.99734              1
4173             -2       -1.99734              1
4174             -2       -1.99734              1
4175             -2       -1.99734              1
4176             -2       -1.99734              1
4177             -2       -1.99734              1
4178             -2       -1.99734              1
4179          -1.98       -1.99734          0.995
4180             -2       -1.99734              1
4181             -2       -1.99734              1
4182             -2       -1.99734              1
4183             -2       -1.99734              1
4184             -2       -1.99734              1
4185             -2       -1.99734              1
4186             -2       -1.99734              1
4187             -2       -1.99734              1
4188             -2       -1.99734              1
4189             -2       -1.99734              1
4190             -2       -1.99734              1
4191             -2       -1.99734              1
4192             -2       -1.99735              1
4193             -2       -1.99735              1
4194             -2       -1.99735              1
4195             -2       -1.99735              1
4196             -2       -1.99735              1
4197             -2       -1.99735              1
4198             -2       -1.99735              1
4199             -2       -1.99735              1
4200          -1.98       -1.99735          0.995
4201          -1.98       -1.99734          0.995
4202          -1.98       -1.99734          0.995
4203             -2       -1.99734              1
4204             -2       -1.99734              1
4205             -2       -1.99734              1
4206             -2       -1.99734              1
4207             -2       -1.99734              1
4208             -2       -1.99734              1
4209             -2       -1.99734              1
4210          -1.98       -1.99734          0.995
4211          -1.98       -1.99733          0.995
4212          -1.96       -1.99732           0.99
4213          -1.98       -1.99732          0.995
4214             -2       -1.99732              1
4215             -2       -1.99732              1
4216             -2       -1.99732              1
4217             -2       -1.99732              1
4218             -2       -1.99732              1
4219             -2       -1.99732              1
4220             -2       -1.99733              1
4221             -2       -1.99733              1
4222          -1.98       -1.99732          0.995
4223             -2       -1.99732              1
4224             -2       -1.99732              1
4225             -2       -1.99732              1
4226             -2       -1.99732              1
4227             -2       -1.99732              1
4228             -2       -1.99733              1
4229             -2       -1.99733              1
4230             -2       -1.99733              1
4231             -2       -1.99733              1
4232             -2       -1.99733              1
4233             -2       -1.99733              1
4234             -2       -1.99733              1
4235             -2       -1.99733              1
4236             -2       -1.99733              1
4237             -2       -1.99733              1
4238             -2       -1.99733              1
4239             -2       -1.99733              1
4240             -2       -1.99733              1
4241          -1.98       -1.99733          0.995
4242          -1.98       -1.99733          0.995
4243          -1.98       -1.99732          0.995
4244             -2       -1.99732              1
4245             -2       -1.99732              1
4246             -2       -1.99732              1
4247             -2       -1.99732              1
4248             -2       -1.99732              1
4249             -2       -1.99732              1
4250             -2       -1.99733              1
4251             -2       -1.99733              1
4252             -2       -1.99733              1
4253             -2       -1.99733              1
4254             -2       -1.99733              1
4255             -2       -1.99733              1
4256             -2       -1.99733              1
4257             -2       -1.99733              1
4258             -2       -1.99733              1
4259             -2       -1.99733              1
4260             -2       -1.99733              1
4261             -2       -1.99733              1
4262             -2       -1.99733              1
4263             -2       -1.99733              1
4264             -2       -1.99733              1
4265             -2       -1.99733              1
4266             -2       -1.99734              1
4267             -2       -1.99734              1
4268             -2       -1.99734              1
4269          -1.98       -1.99733          0.995
4270             -2       -1.99733              1
4271             -2       -1.99733              1
4272             -2       -1.99733              1
4273             -2       -1.99734              1
4274             -2       -1.99734              1
4275             -2       -1.99734              1
4276             -2       -1.99734              1
4277             -2       -1.99734              1
4278             -2       -1.99734              1
4279             -2       -1.99734              1
4280             -2       -1.99734              1
4281             -2       -1.99734              1
4282             -2       -1.99734              1
4283             -2       -1.99734              1
4284             -2       -1.99734              1
4285             -2       -1.99734              1
4286             -2       -1.99734              1
4287             -2       -1.99734              1
4288             -2       -1.99734              1
4289             -2       -1.99734              1
4290             -2       -1.99735              1
4291             -2       -1.99735              1
4292             -2       -1.99735              1
4293             -2       -1.99735              1
4294             -2       -1.99735              1
4295             -2       -1.99735              1
4296             -2       -1.99735              1
4297             -2       -1.99735              1
4298             -2       -1.99735              1
4299             -2       -1.99735              1
4300             -2       -1.99735              1
4301             -2       -1.99735              1
4302             -2       -1.99735              1
4303             -2       -1.99735              1
4304          -1.98       -1.99735          0.995
4305             -2       -1.99735              1
4306             -2       -1.99735              1
4307             -2       -1.99735              1
4308             -2       -1.99735              1
4309             -2       -1.99735              1
4310             -2       -1.99735              1
4311             -2       -1.99735              1
4312             -2       -1.99735              1
4313             -2       -1.99736              1
4314             -2       -1.99736              1
4315             -2       -1.99736              1
4316             -2       -1.99736              1
4317             -2       -1.99736              1
4318          -1.98       -1.99735          0.995
4319          -1.98       -1.99735          0.995
4320             -2       -1.99735              1
4321             -2       -1.99735              1
4322             -2       -1.99735              1
4323             -2       -1.99735              1
4324             -2       -1.99735              1
4325             -2       -1.99735              1
4326             -2       -1.99735              1
4327             -2       -1.99735              1
4328             -2       -1.99736              1
4329             -2       -1.99736              1
4330             -2       -1.99736              1
4331          -1.98       -1.99735          0.995
4332             -2       -1.99735              1
4333             -2       -1.99735              1
4334          -1.96       -1.99734           0.99
4335             -2       -1.99735              1
4336             -2       -1.99735              1
4337          -1.98       -1.99734          0.995
4338          -1.98       -1.99734          0.995
4339          -1.98       -1.99733          0.995
4340          -1.98       -1.99733          0.995
4341          -1.98       -1.99733          0.995
4342             -2       -1.99733              1
4343             -2       -1.99733              1
4344          -1.98       -1.99732          0.995
4345          -1.98       -1.99732          0.995
4346             -2       -1.99732              1
4347             -2       -1.99732              1
4348             -2       -1.99732              1
4349             -2       -1.99732              1
4350             -2       -1.99732              1
4351             -2       -1.99732              1
4352          -1.98       -1.99732          0.995
4353             -2       -1.99732              1
4354             -2       -1.99732              1
4355             -2       -1.99732              1
4356          -1.98       -1.99732          0.995
4357          -1.98       -1.99731          0.995
4358             -2       -1.99731              1
4359             -2       -1.99731              1
4360             -2       -1.99731              1
4361             -2       -1.99732              1
4362             -2       -1.99732              1
4363             -2       -1.99732              1
4364             -2       -1.99732              1
4365             -2       -1.99732              1
4366             -2       -1.99732              1
4367             -2       -1.99732              1
4368             -2       -1.99732              1
4369             -2       -1.99732              1
4370             -2       -1.99732              1
4371             -2       -1.99732              1
4372             -2       -1.99732              1
4373          -1.98       -1.99732          0.995
4374          -1.96       -1.99731          0.985
4375          -1.96        -1.9973          0.985
4376          -1.97       -1.99729           0.99
4377          -1.98       -1.99729          0.995
4378             -2       -1.99729              1
4379             -2       -1.99729              1
4380             -2       -1.99729              1
4381             -2       -1.99729              1
4382             -2       -1.99729              1
4383             -2       -1.99729              1
4384             -2        -1.9973              1
4385             -2        -1.9973              1
4386          -1.98       -1.99729          0.995
4387             -2       -1.99729              1
4388             -2       -1.99729              1
4389             -2       -1.99729              1
4390             -2       -1.99729              1
4391             -2        -1.9973              1
4392             -2        -1.9973              1
4393             -2        -1.9973              1
4394             -2        -1.9973              1
4395             -2        -1.9973              1
4396             -2        -1.9973              1
4397             -2        -1.9973              1
4398          -1.98       -1.99729          0.995
4399             -2        -1.9973              1
4400          -1.98       -1.99729          0.995
4401             -2       -1.99729              1
4402             -2       -1.99729              1
4403             -2       -1.99729              1
4404             -2       -1.99729              1
4405             -2       -1.99729              1
4406             -2        -1.9973              1
4407             -2        -1.9973              1
4408             -2        -1.9973              1
4409             -2        -1.9973              1
4410             -2        -1.9973              1
4411             -2        -1.9973              1
4412             -2        -1.9973              1
4413          -1.98       -1.99729          0.995
4414             -2        -1.9973              1
4415             -2        -1.9973              1
4416             -2        -1.9973              1
4417             -2        -1.9973              1
4418             -2        -1.9973              1
4419             -2        -1.9973              1
4420             -2        -1.9973              1
4421             -2        -1.9973              1
4422             -2        -1.9973              1
4423             -2        -1.9973              1
4424             -2        -1.9973              1
4425             -2        -1.9973              1
4426             -2        -1.9973              1
4427             -2        -1.9973              1
4428             -2        -1.9973              1
4429             -2        -1.9973              1
4430             -2       -1.99731              1
4431             -2       -1.99731              1
4432             -2       -1.99731              1
4433             -2       -1.99731              1
4434             -2       -1.99731              1
4435             -2       -1.99731              1
4436             -2       -1.99731              1
4437             -2       -1.99731              1
4438             -2       -1.99731              1
4439             -2       -1.99731              1
4440             -2       -1.99731              1
4441             -2       -1.99731              1
4442          -1.98       -1.99731          0.995
4443          -1.98        -1.9973          0.995
4444          -1.98        -1.9973          0.995
4445             -2        -1.9973              1
4446             -2        -1.9973              1
4447             -2        -1.9973              1
4448             -2        -1.9973              1
4449             -2        -1.9973              1
4450             -2        -1.9973              1
4451             -2        -1.9973              1
4452             -2       -1.99731              1
4453          -1.98        -1.9973          0.995
4454             -2        -1.9973              1
4455             -2        -1.9973              1
4456             -2        -1.9973              1
4457             -2        -1.9973              1
4458             -2        -1.9973              1
4459             -2        -1.9973              1
4460             -2       -1.99731              1
4461             -2       -1.99731              1
4462             -2       -1.99731              1
4463             -2       -1.99731              1
4464             -2       -1.99731              1
4465             -2       -1.99731              1
4466             -2       -1.99731              1
4467             -2       -1.99731              1
4468          -1.98       -1.99731          0.995
4469             -2       -1.99731              1
4470             -2       -1.99731              1
4471             -2       -1.99731              1
4472             -2       -1.99731              1
4473             -2       -1.99731              1
4474          -1.98       -1.99731          0.995
4475             -2       -1.99731              1
4476             -2       -1.99731              1
4477             -2       -1.99731              1
4478             -2       -1.99731              1
4479             -2       -1.99731              1
4480             -2       -1.99731              1
4481             -2       -1.99731              1
4482             -2       -1.99731              1
4483             -2       -1.99731              1
4484             -2       -1.99731              1
4485             -2       -1.99731              1
4486          -1.98       -1.99731          0.995
4487             -2       -1.99731              1
4488             -2       -1.99731              1
4489             -2       -1.99731              1
4490             -2       -1.99731              1
4491             -2       -1.99731              1
4492             -2       -1.99731              1
4493             -2       -1.99731              1
4494             -2       -1.99731              1
4495             -2       -1.99731              1
4496             -2       -1.99731              1
4497             -2       -1.99731              1
4498             -2       -1.99731              1
4499             -2       -1.99732              1
4500             -2       -1.99732              1
4501             -2       -1.99732              1
4502             -2       -1.99732              1
4503             -2       -1.99732              1
4504             -2       -1.99732              1
4505             -2       -1.99732              1
4506             -2       -1.99732              1
4507          -1.98       -1.99732          0.995
4508             -2       -1.99732              1
4509          -1.98       -1.99731          0.995
4510             -2       -1.99731              1
4511             -2       -1.99731              1
4512             -2       -1.99731              1
4513          -1.98       -1.99731          0.995
4514          -1.98       -1.99731          0.995
4515             -2       -1.99731              1
4516             -2       -1.99731              1
4517             -2       -1.99731              1
4518             -2       -1.99731              1
4519             -2       -1.99731              1
4520             -2       -1.99731              1
4521             -2       -1.99731              1
4522             -2       -1.99731              1
4523             -2       -1.99731              1
4524             -2       -1.99731              1
4525             -2       -1.99731              1
4526          -1.98       -1.99731          0.995
4527             -2       -1.99731              1
4528             -2       -1.99731              1
4529             -2       -1.99731              1
4530             -2       -1.99731              1
4531             -2       -1.99731              1
4532             -2       -1.99731              1
4533             -2       -1.99731              1
4534             -2       -1.99731              1
4535             -2       -1.99731              1
4536             -2       -1.99732              1
4537             -2       -1.99732              1
4538             -2       -1.99732              1
4539             -2       -1.99732              1
4540             -2       -1.99732              1
4541             -2       -1.99732              1
4542             -2       -1.99732              1
4543             -2       -1.99732              1
4544             -2       -1.99732              1
4545             -2       -1.99732              1
4546             -2       -1.99732              1
4547             -2       -1.99732              1
4548             -2       -1.99732              1
4549             -2       -1.99732              1
4550             -2       -1.99732              1
4551             -2       -1.99732              1
4552             -2       -1.99732              1
4553             -2       -1.99733              1
4554             -2       -1.99733              1
4555             -2       -1.99733              1
4556          -1.98       -1.99732          0.995
4557             -2       -1.99732              1
4558             -2       -1.99732              1
4559             -2       -1.99732              1
4560             -2       -1.99733              1
4561             -2       -1.99733              1
4562             -2       -1.99733              1
4563             -2       -1.99733              1
4564             -2       -1.99733              1
4565             -2       -1.99733              1
4566             -2       -1.99733              1
4567             -2       -1.99733              1
4568             -2       -1.99733              1
4569             -2       -1.99733              1
4570             -2       -1.99733              1
4571             -2       -1.99733              1
4572             -2       -1.99733              1
4573          -1.98       -1.99733          0.995
4574          -1.98       -1.99732          0.995
4575          -1.98       -1.99732          0.995
4576          -1.98       -1.99732          0.995
4577          -1.98       -1.99731          0.995
4578             -2       -1.99731              1
4579             -2       -1.99731              1
4580             -2       -1.99731              1
4581          -1.98       -1.99731          0.995
4582          -1.98       -1.99731          0.995
4583          -1.98        -1.9973          0.995
4584          -1.98        -1.9973          0.995
4585          -1.98        -1.9973          0.995
4586          -1.97       -1.99729           0.99
4587          -1.98       -1.99729          0.995
4588             -2       -1.99729              1
4589             -2       -1.99729              1
4590             -2       -1.99729              1
4591          -1.98       -1.99728          0.995
4592             -2       -1.99728              1
4593             -2       -1.99729              1
4594             -2       -1.99729              1
4595             -2       -1.99729              1
4596             -2       -1.99729              1
4597             -2       -1.99729              1
4598             -2       -1.99729              1
4599             -2       -1.99729              1
4600             -2       -1.99729              1
4601             -2       -1.99729              1
4602             -2       -1.99729              1
4603             -2       -1.99729              1
4604             -2       -1.99729              1
4605             -2       -1.99729              1
4606             -2       -1.99729              1
4607             -2       -1.99729              1
4608             -2       -1.99729              1
4609             -2        -1.9973              1
4610             -2        -1.9973              1
4611             -2        -1.9973              1
4612             -2        -1.9973              1
4613             -2        -1.9973              1
4614             -2        -1.9973              1
4615             -2        -1.9973              1
4616             -2        -1.9973              1
4617             -2        -1.9973              1
4618             -2        -1.9973              1
4619             -2        -1.9973              1
4620             -2        -1.9973              1
4621             -2        -1.9973              1
4622             -2        -1.9973              1
4623             -2        -1.9973              1
4624             -2        -1.9973              1
4625             -2        -1.9973              1
4626             -2        -1.9973              1
4627             -2       -1.99731              1
4628             -2       -1.99731              1
4629             -2       -1.99731              1
4630          -1.98        -1.9973          0.995
4631             -2        -1.9973              1
4632             -2        -1.9973              1
4633             -2        -1.9973              1
4634          -1.98        -1.9973          0.995
4635          -1.96       -1.99729           0.99
4636             -2       -1.99729              1
4637             -2       -1.99729              1
4638             -2       -1.99729              1
4639          -1.98       -1.99729          0.995
4640          -1.98       -1.99729          0.995
4641          -1.98       -1.99728          0.995
4642          -1.98       -1.99728          0.995
4643             -2       -1.99728              1
4644             -2       -1.99728              1
4645             -2       -1.99728              1
4646             -2       -1.99728              1
4647             -2       -1.99728              1
4648             -2       -1.99728              1
4649             -2       -1.99728              1
4650             -2       -1.99728              1
4651             -2       -1.99729              1
4652             -2       -1.99729              1
4653             -2       -1.99729              1
4654             -2       -1.99729              1
4655             -2       -1.99729              1
4656             -2       -1.99729              1
4657          -1.98       -1.99728          0.995
4658             -2       -1.99728              1
4659             -2       -1.99729              1
4660             -2       -1.99729              1
4661             -2       -1.99729              1
4662          -1.98       -1.99728          0.995
4663          -1.98       -1.99728          0.995
4664             -2       -1.99728              1
4665             -2       -1.99728              1
4666          -1.98       -1.99728          0.995
4667             -2       -1.99728              1
4668             -2       -1.99728              1
4669             -2       -1.99728              1
4670             -2       -1.99728              1
4671             -2       -1.99728              1
4672             -2       -1.99728              1
4673             -2       -1.99728              1
4674             -2       -1.99728              1
4675             -2       -1.99728              1
4676             -2       -1.99728              1
4677             -2       -1.99728              1
4678             -2       -1.99728              1
4679          -1.98       -1.99728          0.995
4680          -1.98       -1.99728          0.995
4681          -1.98       -1.99727          0.995
4682          -1.98       -1.99727          0.995
4683             -2       -1.99727              1
4684             -2       -1.99727              1
4685             -2       -1.99727              1
4686             -2       -1.99727              1
4687             -2       -1.99727              1
4688             -2       -1.99727              1
4689             -2       -1.99727              1
4690             -2       -1.99727              1
4691             -2       -1.99727              1
4692             -2       -1.99727              1
4693             -2       -1.99728              1
4694             -2       -1.99728              1
4695             -2       -1.99728              1
4696             -2       -1.99728              1
4697             -2       -1.99728              1
4698             -2       -1.99728              1
4699             -2       -1.99728              1
4700             -2       -1.99728              1
4701             -2       -1.99728              1
4702             -2       -1.99728              1
4703          -1.98       -1.99728          0.995
4704             -2       -1.99728              1
4705             -2       -1.99728              1
4706             -2       -1.99728              1
4707             -2       -1.99728              1
4708             -2       -1.99728              1
4709             -2       -1.99728              1
4710             -2       -1.99728              1
4711          -1.98       -1.99728          0.995
4712             -2       -1.99728              1
4713             -2       -1.99728              1
4714          -1.98       -1.99727          0.995
4715             -2       -1.99728              1
4716             -2       -1.99728              1
4717             -2       -1.99728              1
4718             -2       -1.99728              1
4719             -2       -1.99728              1
4720             -2       -1.99728              1
4721             -2       -1.99728              1
4722             -2       -1.99728              1
4723             -2       -1.99728              1
4724             -2       -1.99728              1
4725             -2       -1.99728              1
4726             -2       -1.99728              1
4727             -2       -1.99728              1
4728             -2       -1.99728              1
4729             -2       -1.99728              1
4730             -2       -1.99728              1
4731             -2       -1.99728              1
4732             -2       -1.99729              1
4733             -2       -1.99729              1
4734             -2       -1.99729              1
4735             -2       -1.99729              1
4736             -2       -1.99729              1
4737             -2       -1.99729              1
4738             -2       -1.99729              1
4739             -2       -1.99729              1
4740             -2       -1.99729              1
4741             -2       -1.99729              1
4742             -2       -1.99729              1
4743             -2       -1.99729              1
4744             -2       -1.99729              1
4745             -2       -1.99729              1
4746             -2       -1.99729              1
4747             -2       -1.99729              1
4748             -2       -1.99729              1
4749             -2       -1.99729              1
4750             -2        -1.9973              1
4751             -2        -1.9973              1
4752             -2        -1.9973              1
4753             -2        -1.9973              1
4754             -2        -1.9973              1
4755             -2        -1.9973              1
4756             -2        -1.9973              1
4757             -2        -1.9973              1
4758             -2        -1.9973              1
4759             -2        -1.9973              1
4760             -2        -1.9973              1
4761             -2        -1.9973              1
4762             -2        -1.9973              1
4763             -2        -1.9973              1
4764             -2        -1.9973              1
4765             -2        -1.9973              1
4766             -2        -1.9973              1
4767             -2        -1.9973              1
4768             -2       -1.99731              1
4769             -2       -1.99731              1
4770             -2       -1.99731              1
4771             -2       -1.99731              1
4772             -2       -1.99731              1
4773             -2       -1.99731              1
4774             -2       -1.99731              1
4775             -2       -1.99731              1
4776             -2       -1.99731              1
4777             -2       -1.99731              1
4778          -1.98       -1.99731          0.995
4779             -2       -1.99731              1
4780             -2       -1.99731              1
4781          -1.98        -1.9973          0.995
4782          -1.98        -1.9973          0.995
4783          -1.98        -1.9973          0.995
4784          -1.98       -1.99729          0.995
4785          -1.98       -1.99729          0.995
4786          -1.98       -1.99729          0.995
4787             -2       -1.99729              1
4788             -2       -1.99729              1
4789             -2       -1.99729              1
4790             -2       -1.99729              1
4791             -2       -1.99729              1
4792             -2       -1.99729              1
4793             -2       -1.99729              1
4794             -2       -1.99729              1
4795             -2       -1.99729              1
4796             -2       -1.99729              1
4797             -2       -1.99729              1
4798             -2       -1.99729              1
4799             -2       -1.99729              1
4800             -2       -1.99729              1
4801             -2       -1.99729              1
4802             -2        -1.9973              1
4803          -1.98       -1.99729          0.995
4804             -2       -1.99729              1
4805             -2       -1.99729              1
4806             -2       -1.99729              1
4807             -2       -1.99729              1
4808             -2       -1.99729              1
4809             -2        -1.9973              1
4810             -2        -1.9973              1
4811             -2        -1.9973              1
4812             -2        -1.9973              1
4813             -2        -1.9973              1
4814             -2        -1.9973              1
4815             -2        -1.9973              1
4816             -2        -1.9973              1
4817             -2        -1.9973              1
4818             -2        -1.9973              1
4819             -2        -1.9973              1
4820             -2        -1.9973              1
4821             -2        -1.9973              1
4822             -2        -1.9973              1
4823             -2        -1.9973              1
4824             -2        -1.9973              1
4825             -2        -1.9973              1
4826             -2        -1.9973              1
4827             -2       -1.99731              1
4828             -2       -1.99731              1
4829             -2       -1.99731              1
4830             -2       -1.99731              1
4831             -2       -1.99731              1
4832             -2       -1.99731              1
4833             -2       -1.99731              1
4834             -2       -1.99731              1
4835          -1.98       -1.99731          0.995
4836             -2       -1.99731              1
4837             -2       -1.99731              1
4838             -2       -1.99731              1
4839             -2       -1.99731              1
4840             -2       -1.99731              1
4841             -2       -1.99731              1
4842             -2       -1.99731              1
4843             -2       -1.99731              1
4844             -2       -1.99731              1
4845             -2       -1.99731              1
4846             -2       -1.99731              1
4847             -2       -1.99731              1
4848          -1.98       -1.99731          0.995
4849             -2       -1.99731              1
4850             -2       -1.99731              1
4851          -1.98       -1.99731          0.995
4852             -2       -1.99731              1
4853             -2       -1.99731              1
4854             -2       -1.99731              1
4855          -1.98        -1.9973          0.995
4856          -1.98        -1.9973          0.995
4857             -2        -1.9973              1
4858             -2        -1.9973              1
4859             -2        -1.9973              1
4860          -1.98        -1.9973          0.995
4861          -1.98        -1.9973          0.995
4862          -1.98       -1.99729          0.995
4863          -1.98       -1.99729          0.995
4864             -2       -1.99729              1
4865             -2       -1.99729              1
4866             -2       -1.99729              1
4867             -2       -1.99729              1
4868             -2       -1.99729              1
4869             -2       -1.99729              1
4870             -2       -1.99729              1
4871             -2       -1.99729              1
4872             -2       -1.99729              1
4873             -2       -1.99729              1
4874             -2       -1.99729              1
4875             -2       -1.99729              1
4876             -2        -1.9973              1
4877             -2        -1.9973              1
4878             -2        -1.9973              1
4879             -2        -1.9973              1
4880             -2        -1.9973              1
4881             -2        -1.9973              1
4882             -2        -1.9973              1
4883             -2        -1.9973              1
4884             -2        -1.9973              1
4885             -2        -1.9973              1
4886             -2        -1.9973              1
4887             -2        -1.9973              1
4888             -2        -1.9973              1
4889             -2        -1.9973              1
4890             -2        -1.9973              1
4891             -2        -1.9973              1
4892             -2        -1.9973              1
4893             -2        -1.9973              1
4894             -2       -1.99731              1
4895             -2       -1.99731              1
4896             -2       -1.99731              1
4897             -2       -1.99731              1
4898             -2       -1.99731              1
4899             -2       -1.99731              1
4900             -2       -1.99731              1
4901             -2       -1.99731              1
4902          -1.98       -1.99731          0.995
4903          -1.98        -1.9973          0.995
4904          -1.98        -1.9973          0.995
4905             -2        -1.9973              1
4906             -2        -1.9973              1
4907             -2        -1.9973              1
4908             -2        -1.9973              1
4909             -2        -1.9973              1
4910             -2        -1.9973              1
4911             -2        -1.9973              1
4912             -2        -1.9973              1
4913             -2        -1.9973              1
4914             -2        -1.9973              1
4915             -2        -1.9973              1
4916             -2       -1.99731              1
4917             -2       -1.99731              1
4918             -2       -1.99731              1
4919             -2       -1.99731              1
4920             -2       -1.99731              1
4921             -2       -1.99731              1
4922             -2       -1.99731              1
4923             -2       -1.99731              1
4924          -1.98       -1.99731          0.995
4925             -2       -1.99731              1
4926             -2       -1.99731              1
4927             -2       -1.99731              1
4928             -2       -1.99731              1
4929             -2       -1.99731              1
4930             -2       -1.99731              1
4931             -2       -1.99731              1
4932             -2       -1.99731              1
4933             -2       -1.99731              1
4934             -2       -1.99731              1
4935             -2       -1.99731              1
4936          -1.98       -1.99731          0.995
4937             -2       -1.99731              1
4938             -2       -1.99731              1
4939             -2       -1.99731              1
4940             -2       -1.99731              1
4941             -2       -1.99731              1
4942             -2       -1.99731              1
4943          -1.98       -1.99731          0.995
4944             -2       -1.99731              1
4945             -2       -1.99731              1
4946             -2       -1.99731              1
4947             -2       -1.99731              1
4948             -2       -1.99731              1
4949             -2       -1.99731              1
4950             -2       -1.99731              1
4951             -2       -1.99731              1
4952             -2       -1.99731              1
4953             -2       -1.99731              1
4954             -2       -1.99731              1
4955             -2       -1.99731              1
4956          -1.98       -1.99731          0.995
4957             -2       -1.99731              1
4958             -2       -1.99731              1
4959             -2       -1.99731              1
4960             -2       -1.99731              1
4961             -2       -1.99731              1
4962             -2       -1.99731              1
4963          -1.98       -1.99731          0.995
4964          -1.98       -1.99731          0.995
4965          -1.98        -1.9973          0.995
4966             -2        -1.9973              1
4967          -1.98        -1.9973          0.995
4968             -2        -1.9973              1
4969             -2        -1.9973              1
4970             -2        -1.9973              1
4971             -2        -1.9973              1
4972             -2        -1.9973              1
4973             -2        -1.9973              1
4974             -2        -1.9973              1
4975          -1.98        -1.9973          0.995
4976             -2        -1.9973              1
4977             -2        -1.9973              1
4978             -2        -1.9973              1
4979             -2        -1.9973              1
4980             -2        -1.9973              1
4981             -2        -1.9973              1
4982             -2        -1.9973              1
4983             -2       -1.99731              1
4984             -2       -1.99731              1
4985             -2       -1.99731              1
4986          -1.98        -1.9973          0.995
4987          -1.98        -1.9973          0.995
4988          -1.98        -1.9973          0.995
4989             -2        -1.9973              1
4990             -2        -1.9973              1
4991          -1.98       -1.99729          0.995
4992          -1.97       -1.99729           0.99
4993             -2       -1.99729              1
4994             -2       -1.99729              1
4995             -2       -1.99729              1
4996             -2       -1.99729              1
4997             -2       -1.99729              1
4998             -2       -1.99729              1
4999          -1.98       -1.99729          0.995
5000             -2       -1.99729              1
5001          -1.98       -1.99729          0.995
5002             -2       -1.99729              1
5003             -2       -1.99729              1
5004             -2       -1.99729              1
5005             -2       -1.99729              1
5006             -2       -1.99729              1
5007             -2       -1.99729              1
5008             -2       -1.99729              1
5009          -1.98       -1.99729          0.995
5010          -1.98       -1.99728          0.995
5011          -1.98       -1.99728          0.995
5012          -1.98       -1.99728          0.995
5013          -1.98       -1.99727          0.995
5014             -2       -1.99727              1
5015             -2       -1.99727              1
5016             -2       -1.99727              1
5017             -2       -1.99727              1
5018             -2       -1.99727              1
5019             -2       -1.99727              1
5020             -2       -1.99728              1
5021             -2       -1.99728              1
5022             -2       -1.99728              1
5023             -2       -1.99728              1
5024             -2       -1.99728              1
5025             -2       -1.99728              1
5026             -2       -1.99728              1
5027             -2       -1.99728              1
5028             -2       -1.99728              1
5029             -2       -1.99728              1
5030             -2       -1.99728              1
5031             -2       -1.99728              1
5032             -2       -1.99728              1
5033          -1.98       -1.99728          0.995
5034          -1.98       -1.99728          0.995
5035          -1.98       -1.99727          0.995
5036          -1.96       -1.99726           0.99
5037             -2       -1.99726              1
5038             -2       -1.99727              1
5039             -2       -1.99727              1
5040             -2       -1.99727              1
5041             -2       -1.99727              1
5042             -2       -1.99727              1
5043             -2       -1.99727              1
5044             -2       -1.99727              1
5045             -2       -1.99727              1
5046             -2       -1.99727              1
5047             -2       -1.99727              1
5048             -2       -1.99727              1
5049             -2       -1.99727              1
5050             -2       -1.99727              1
5051             -2       -1.99727              1
5052          -1.98       -1.99727          0.995
5053             -2       -1.99727              1
5054             -2       -1.99727              1
5055             -2       -1.99727              1
5056             -2       -1.99727              1
5057             -2       -1.99727              1
5058             -2       -1.99727              1
5059             -2       -1.99727              1
5060             -2       -1.99727              1
5061             -2       -1.99727              1
5062             -2       -1.99727              1
5063             -2       -1.99727              1
5064             -2       -1.99728              1
5065             -2       -1.99728              1
5066             -2       -1.99728              1
5067             -2       -1.99728              1
5068             -2       -1.99728              1
5069             -2       -1.99728              1
5070             -2       -1.99728              1
5071             -2       -1.99728              1
5072             -2       -1.99728              1
5073             -2       -1.99728              1
5074             -2       -1.99728              1
5075             -2       -1.99728              1
5076             -2       -1.99728              1
5077             -2       -1.99728              1
5078             -2       -1.99728              1
5079             -2       -1.99728              1
5080             -2       -1.99728              1
5081             -2       -1.99728              1
5082             -2       -1.99729              1
5083             -2       -1.99729              1
5084             -2       -1.99729              1
5085             -2       -1.99729              1
5086             -2       -1.99729              1
5087          -1.98       -1.99728          0.995
5088             -2       -1.99728              1
5089             -2       -1.99728              1
5090             -2       -1.99729              1
5091             -2       -1.99729              1
5092             -2       -1.99729              1
5093             -2       -1.99729              1
5094             -2       -1.99729              1
5095             -2       -1.99729              1
5096             -2       -1.99729              1
5097             -2       -1.99729              1
5098             -2       -1.99729              1
5099             -2       -1.99729              1
5100             -2       -1.99729              1
5101          -1.98       -1.99729          0.995
5102          -1.98       -1.99728          0.995
5103          -1.98       -1.99728          0.995
5104          -1.98       -1.99728          0.995
5105          -1.96       -1.99727           0.99
5106          -1.98       -1.99727          0.995
5107          -1.98       -1.99726          0.995
5108          -1.98       -1.99726          0.995
5109          -1.98       -1.99726          0.995
5110             -2       -1.99726              1
5111             -2       -1.99726              1
5112             -2       -1.99726              1
5113             -2       -1.99726              1
5114             -2       -1.99726              1
5115             -2       -1.99726              1
5116             -2       -1.99726              1
5117             -2       -1.99726              1
5118             -2       -1.99726              1
5119             -2       -1.99726              1
5120             -2       -1.99726              1
5121             -2       -1.99726              1
5122             -2       -1.99726              1
5123             -2       -1.99726              1
5124             -2       -1.99726              1
5125             -2       -1.99726              1
5126             -2       -1.99727              1
5127             -2       -1.99727              1
5128             -2       -1.99727              1
5129             -2       -1.99727              1
5130             -2       -1.99727              1
5131             -2       -1.99727              1
5132             -2       -1.99727              1
5133             -2       -1.99727              1
5134             -2       -1.99727              1
5135             -2       -1.99727              1
5136             -2       -1.99727              1
5137             -2       -1.99727              1
5138             -2       -1.99727              1
5139             -2       -1.99727              1
5140             -2       -1.99727              1
5141             -2       -1.99727              1
5142             -2       -1.99727              1
5143             -2       -1.99727              1
5144             -2       -1.99728              1
5145             -2       -1.99728              1
5146             -2       -1.99728              1
5147             -2       -1.99728              1
5148             -2       -1.99728              1
5149             -2       -1.99728              1
5150          -1.98       -1.99727          0.995
5151             -2       -1.99727              1
5152             -2       -1.99728              1
5153             -2       -1.99728              1
5154             -2       -1.99728              1
5155             -2       -1.99728              1
5156             -2       -1.99728              1
5157             -2       -1.99728              1
5158             -2       -1.99728              1
5159             -2       -1.99728              1
5160             -2       -1.99728              1
5161          -1.98       -1.99728          0.995
5162          -1.98       -1.99727          0.995
5163             -2       -1.99727              1
5164             -2       -1.99727              1
5165             -2       -1.99727              1
5166             -2       -1.99728              1
5167             -2       -1.99728              1
5168             -2       -1.99728              1
5169             -2       -1.99728              1
5170             -2       -1.99728              1
5171             -2       -1.99728              1
5172             -2       -1.99728              1
5173          -1.98       -1.99727          0.995
5174             -2       -1.99728              1
5175             -2       -1.99728              1
5176             -2       -1.99728              1
5177             -2       -1.99728              1
5178             -2       -1.99728              1
5179             -2       -1.99728              1
5180             -2       -1.99728              1
5181             -2       -1.99728              1
5182             -2       -1.99728              1
5183             -2       -1.99728              1
5184             -2       -1.99728              1
5185             -2       -1.99728              1
5186             -2       -1.99728              1
5187             -2       -1.99728              1
5188             -2       -1.99728              1
5189             -2       -1.99728              1
5190             -2       -1.99728              1
5191             -2       -1.99728              1
5192             -2       -1.99728              1
5193             -2       -1.99729              1
5194             -2       -1.99729              1
5195             -2       -1.99729              1
5196             -2       -1.99729              1
5197             -2       -1.99729              1
5198             -2       -1.99729              1
5199             -2       -1.99729              1
5200             -2       -1.99729              1
5201             -2       -1.99729              1
5202             -2       -1.99729              1
5203             -2       -1.99729              1
5204             -2       -1.99729              1
5205             -2       -1.99729              1
5206             -2       -1.99729              1
5207             -2       -1.99729              1
5208             -2       -1.99729              1
5209             -2       -1.99729              1
5210             -2       -1.99729              1
5211             -2       -1.99729              1
5212             -2        -1.9973              1
5213             -2        -1.9973              1
5214             -2        -1.9973              1
5215             -2        -1.9973              1
5216             -2        -1.9973              1
5217             -2        -1.9973              1
5218             -2        -1.9973              1
5219          -1.98        -1.9973          0.995
5220          -1.98       -1.99729          0.995
5221          -1.98       -1.99729          0.995
5222          -1.98       -1.99729          0.995
5223             -2       -1.99729              1
5224             -2       -1.99729              1
5225             -2       -1.99729              1
5226             -2       -1.99729              1
5227             -2       -1.99729              1
5228             -2       -1.99729              1
5229             -2       -1.99729              1
5230             -2       -1.99729              1
5231             -2       -1.99729              1
5232             -2       -1.99729              1
5233             -2       -1.99729              1
5234             -2       -1.99729              1
5235             -2       -1.99729              1
5236             -2       -1.99729              1
5237             -2       -1.99729              1
5238          -1.98       -1.99729          0.995
5239             -2       -1.99729              1
5240          -1.98       -1.99729          0.995
5241          -1.96       -1.99728           0.99
5242          -1.98       -1.99728          0.995
5243          -1.98       -1.99727          0.995
5244             -2       -1.99727              1
5245             -2       -1.99727              1
5246             -2       -1.99727              1
5247             -2       -1.99728              1
5248             -2       -1.99728              1
5249          -1.96       -1.99727           0.99
5250             -2       -1.99727              1
5251             -2       -1.99727              1
5252             -2       -1.99727              1
5253             -2       -1.99727              1
5254             -2       -1.99727              1
5255             -2       -1.99727              1
5256             -2       -1.99727              1
5257             -2       -1.99727              1
5258             -2       -1.99727              1
5259             -2       -1.99727              1
5260             -2       -1.99727              1
5261             -2       -1.99727              1
5262          -1.98       -1.99727          0.995
5263          -1.98       -1.99727          0.995
5264          -1.98       -1.99726          0.995
5265          -1.98       -1.99726          0.995
5266             -2       -1.99726              1
5267          -1.98       -1.99726          0.995
5268             -2       -1.99726              1
5269             -2       -1.99726              1
5270             -2       -1.99726              1
5271             -2       -1.99726              1
5272          -1.98       -1.99726          0.995
5273             -2       -1.99726              1
5274             -2       -1.99726              1
5275             -2       -1.99726              1
5276             -2       -1.99726              1
5277             -2       -1.99726              1
5278             -2       -1.99726              1
5279          -1.98       -1.99726          0.995
5280          -1.98       -1.99725          0.995
5281             -2       -1.99725              1
5282             -2       -1.99726              1
5283             -2       -1.99726              1
5284             -2       -1.99726              1
5285          -1.98       -1.99725          0.995
5286          -1.98       -1.99725          0.995
5287             -2       -1.99725              1
5288             -2       -1.99725              1
5289             -2       -1.99725              1
5290             -2       -1.99725              1
5291             -2       -1.99725              1
5292             -2       -1.99725              1
5293             -2       -1.99725              1
5294             -2       -1.99725              1
5295             -2       -1.99725              1
5296             -2       -1.99726              1
5297             -2       -1.99726              1
5298          -1.98       -1.99725          0.995
5299             -2       -1.99725              1
5300             -2       -1.99725              1
5301             -2       -1.99725              1
5302             -2       -1.99725              1
5303             -2       -1.99725              1
5304             -2       -1.99726              1
5305             -2       -1.99726              1
5306             -2       -1.99726              1
5307             -2       -1.99726              1
5308             -2       -1.99726              1
5309             -2       -1.99726              1
5310             -2       -1.99726              1
5311             -2       -1.99726              1
5312             -2       -1.99726              1
5313             -2       -1.99726              1
5314             -2       -1.99726              1
5315             -2       -1.99726              1
5316             -2       -1.99726              1
5317             -2       -1.99726              1
5318             -2       -1.99726              1
5319             -2       -1.99726              1
5320             -2       -1.99726              1
5321             -2       -1.99726              1
5322             -2       -1.99726              1
5323             -2       -1.99727              1
5324             -2       -1.99727              1
5325             -2       -1.99727              1
5326             -2       -1.99727              1
5327             -2       -1.99727              1
5328             -2       -1.99727              1
5329             -2       -1.99727              1
5330             -2       -1.99727              1
5331             -2       -1.99727              1
5332             -2       -1.99727              1
5333             -2       -1.99727              1
5334             -2       -1.99727              1
5335             -2       -1.99727              1
5336             -2       -1.99727              1
5337             -2       -1.99727              1
5338             -2       -1.99727              1
5339             -2       -1.99727              1
5340             -2       -1.99727              1
5341             -2       -1.99727              1
5342             -2       -1.99727              1
5343             -2       -1.99728              1
5344             -2       -1.99728              1
5345             -2       -1.99728              1
5346             -2       -1.99728              1
5347             -2       -1.99728              1
5348             -2       -1.99728              1
5349             -2       -1.99728              1
5350             -2       -1.99728              1
5351             -2       -1.99728              1
5352             -2       -1.99728              1
5353          -1.98       -1.99728          0.995
5354             -2       -1.99728              1
5355             -2       -1.99728              1
5356             -2       -1.99728              1
5357             -2       -1.99728              1
5358             -2       -1.99728              1
5359             -2       -1.99728              1
5360             -2       -1.99728              1
5361             -2       -1.99728              1
5362             -2       -1.99728              1
5363             -2       -1.99728              1
5364             -2       -1.99728              1
5365             -2       -1.99728              1
5366             -2       -1.99728              1
5367             -2       -1.99728              1
5368             -2       -1.99728              1
5369             -2       -1.99728              1
5370             -2       -1.99729              1
5371             -2       -1.99729              1
5372             -2       -1.99729              1
5373             -2       -1.99729              1
5374             -2       -1.99729              1
5375             -2       -1.99729              1
5376             -2       -1.99729              1
5377             -2       -1.99729              1
5378             -2       -1.99729              1
5379             -2       -1.99729              1
5380             -2       -1.99729              1
5381             -2       -1.99729              1
5382             -2       -1.99729              1
5383             -2       -1.99729              1
5384             -2       -1.99729              1
5385             -2       -1.99729              1
5386             -2       -1.99729              1
5387             -2       -1.99729              1
5388             -2       -1.99729              1
5389             -2       -1.99729              1
5390             -2        -1.9973              1
5391             -2        -1.9973              1
5392             -2        -1.9973              1
5393             -2        -1.9973              1
5394          -1.98       -1.99729          0.995
5395             -2       -1.99729              1
5396             -2       -1.99729              1
5397             -2        -1.9973              1
5398             -2        -1.9973              1
5399             -2        -1.9973              1
5400             -2        -1.9973              1
5401             -2        -1.9973              1
5402             -2        -1.9973              1
5403             -2        -1.9973              1
5404             -2        -1.9973              1
5405             -2        -1.9973              1
5406             -2        -1.9973              1
5407             -2        -1.9973              1
5408             -2        -1.9973              1
5409             -2        -1.9973              1
5410             -2        -1.9973              1
5411             -2        -1.9973              1
5412             -2        -1.9973              1
5413             -2        -1.9973              1
5414             -2        -1.9973              1
5415             -2        -1.9973              1
5416             -2        -1.9973              1
5417             -2       -1.99731              1
5418          -1.98        -1.9973          0.995
5419          -1.98        -1.9973          0.995
5420          -1.98        -1.9973          0.995
5421             -2        -1.9973              1
5422             -2        -1.9973              1
5423             -2        -1.9973              1
5424             -2        -1.9973              1
5425             -2        -1.9973              1
5426             -2        -1.9973              1
5427             -2        -1.9973              1
5428          -1.98        -1.9973          0.995
5429             -2        -1.9973              1
5430             -2        -1.9973              1
5431             -2        -1.9973              1
5432             -2        -1.9973              1
5433             -2        -1.9973              1
5434             -2        -1.9973              1
5435             -2        -1.9973              1
5436             -2        -1.9973              1
5437             -2        -1.9973              1
5438             -2        -1.9973              1
5439             -2        -1.9973              1
5440             -2        -1.9973              1
5441             -2        -1.9973              1
5442             -2        -1.9973              1
5443             -2        -1.9973              1
5444             -2        -1.9973              1
5445             -2        -1.9973              1
5446             -2        -1.9973              1
5447             -2       -1.99731              1
5448             -2       -1.99731              1
5449             -2       -1.99731              1
5450             -2       -1.99731              1
5451          -1.98        -1.9973          0.995
5452          -1.98        -1.9973          0.995
5453          -1.97        -1.9973           0.99
5454          -1.98       -1.99729          0.995
5455             -2       -1.99729              1
5456             -2       -1.99729              1
5457             -2       -1.99729              1
5458             -2       -1.99729              1
5459             -2       -1.99729              1
5460             -2        -1.9973              1
5461             -2        -1.9973              1
5462             -2        -1.9973              1
5463             -2        -1.9973              1
5464             -2        -1.9973              1
5465          -1.98       -1.99729          0.995
5466             -2       -1.99729              1
5467             -2        -1.9973              1
5468             -2        -1.9973              1
5469          -1.97       -1.99729           0.99
5470          -1.97       -1.99729           0.99
5471             -2       -1.99729              1
5472             -2       -1.99729              1
5473             -2       -1.99729              1
5474             -2       -1.99729              1
5475             -2       -1.99729              1
5476             -2       -1.99729              1
5477             -2       -1.99729              1
5478             -2       -1.99729              1
5479          -1.98       -1.99729          0.995
5480             -2       -1.99729              1
5481             -2       -1.99729              1
5482             -2       -1.99729              1
5483             -2       -1.99729              1
5484             -2       -1.99729              1
5485             -2       -1.99729              1
5486             -2       -1.99729              1
5487          -1.98       -1.99729          0.995
5488             -2       -1.99729              1
5489             -2       -1.99729              1
5490             -2       -1.99729              1
5491             -2       -1.99729              1
5492             -2       -1.99729              1
5493             -2       -1.99729              1
5494             -2       -1.99729              1
5495             -2       -1.99729              1
5496             -2       -1.99729              1
5497             -2       -1.99729              1
5498             -2       -1.99729              1
5499             -2       -1.99729              1
5500             -2       -1.99729              1
5501             -2       -1.99729              1
5502             -2       -1.99729              1
5503             -2       -1.99729              1
5504             -2        -1.9973              1
5505          -1.98       -1.99729          0.995
5506          -1.96       -1.99729           0.99
5507             -2       -1.99729              1
5508             -2       -1.99729              1
5509             -2       -1.99729              1
5510             -2       -1.99729              1
5511             -2       -1.99729              1
5512             -2       -1.99729              1
5513             -2       -1.99729              1
5514             -2       -1.99729              1
5515             -2       -1.99729              1
5516             -2       -1.99729              1
5517             -2       -1.99729              1
5518             -2       -1.99729              1
5519             -2       -1.99729              1
5520             -2       -1.99729              1
5521             -2       -1.99729              1
5522             -2       -1.99729              1
5523             -2       -1.99729              1
5524             -2       -1.99729              1
5525             -2       -1.99729              1
5526             -2        -1.9973              1
5527             -2        -1.9973              1
5528             -2        -1.9973              1
5529             -2        -1.9973              1
5530          -1.98       -1.99729          0.995
5531          -1.98       -1.99729          0.995
5532             -2       -1.99729              1
5533             -2       -1.99729              1
5534             -2       -1.99729              1
5535             -2       -1.99729              1
5536             -2       -1.99729              1
5537             -2       -1.99729              1
5538             -2       -1.99729              1
5539             -2       -1.99729              1
5540             -2       -1.99729              1
5541             -2        -1.9973              1
5542             -2        -1.9973              1
5543             -2        -1.9973              1
5544          -1.98       -1.99729          0.995
5545          -1.98       -1.99729          0.995
5546             -2       -1.99729              1
5547             -2       -1.99729              1
5548             -2       -1.99729              1
5549             -2       -1.99729              1
5550             -2       -1.99729              1
5551             -2       -1.99729              1
5552             -2       -1.99729              1
5553          -1.98       -1.99729          0.995
5554             -2       -1.99729              1
5555             -2       -1.99729              1
5556             -2       -1.99729              1
5557             -2       -1.99729              1
5558             -2       -1.99729              1
5559             -2       -1.99729              1
5560             -2       -1.99729              1
5561             -2       -1.99729              1
5562             -2       -1.99729              1
5563             -2        -1.9973              1
5564          -1.98       -1.99729          0.995
5565          -1.98       -1.99729          0.995
5566          -1.98       -1.99729          0.995
5567          -1.98       -1.99728          0.995
5568          -1.98       -1.99728          0.995
5569             -2       -1.99728              1
5570             -2       -1.99728              1
5571          -1.98       -1.99728          0.995
5572          -1.98       -1.99727          0.995
5573             -2       -1.99727              1
5574          -1.98       -1.99727          0.995
5575             -2       -1.99727              1
5576             -2       -1.99727              1
5577             -2       -1.99727              1
5578             -2       -1.99727              1
5579             -2       -1.99727              1
5580             -2       -1.99727              1
5581             -2       -1.99728              1
5582             -2       -1.99728              1
5583             -2       -1.99728              1
5584             -2       -1.99728              1
5585             -2       -1.99728              1
5586             -2       -1.99728              1
5587             -2       -1.99728              1
5588             -2       -1.99728              1
5589             -2       -1.99728              1
5590             -2       -1.99728              1
5591             -2       -1.99728              1
5592          -1.98       -1.99728          0.995
5593             -2       -1.99728              1
5594             -2       -1.99728              1
5595             -2       -1.99728              1
5596             -2       -1.99728              1
5597             -2       -1.99728              1
5598             -2       -1.99728              1
5599             -2       -1.99728              1
5600             -2       -1.99728              1
5601             -2       -1.99728              1
5602             -2       -1.99728              1
5603          -1.98       -1.99728          0.995
5604             -2       -1.99728              1
5605             -2       -1.99728              1
5606             -2       -1.99728              1
5607             -2       -1.99728              1
5608             -2       -1.99728              1
5609             -2       -1.99728              1
5610             -2       -1.99728              1
5611             -2       -1.99728              1
5612             -2       -1.99728              1
5613             -2       -1.99728              1
5614             -2       -1.99728              1
5615             -2       -1.99728              1
5616             -2       -1.99729              1
5617             -2       -1.99729              1
5618             -2       -1.99729              1
5619             -2       -1.99729              1
5620             -2       -1.99729              1
5621             -2       -1.99729              1
5622             -2       -1.99729              1
5623          -1.98       -1.99728          0.995
5624             -2       -1.99729              1
5625          -1.98       -1.99728          0.995
5626          -1.98       -1.99728          0.995
5627             -2       -1.99728              1
5628             -2       -1.99728              1
5629             -2       -1.99728              1
5630             -2       -1.99728              1
5631             -2       -1.99728              1
5632             -2       -1.99728              1
5633             -2       -1.99728              1
5634          -1.98       -1.99728          0.995
5635          -1.98       -1.99728          0.995
5636          -1.98       -1.99727          0.995
5637             -2       -1.99727              1
5638          -1.98       -1.99727          0.995
5639             -2       -1.99727              1
5640             -2       -1.99727              1
5641             -2       -1.99727              1
5642             -2       -1.99727              1
5643             -2       -1.99727              1
5644             -2       -1.99727              1
5645             -2       -1.99727              1
5646             -2       -1.99727              1
5647             -2       -1.99728              1
5648             -2       -1.99728              1
5649             -2       -1.99728              1
5650             -2       -1.99728              1
5651             -2       -1.99728              1
5652             -2       -1.99728              1
5653             -2       -1.99728              1
5654             -2       -1.99728              1
5655             -2       -1.99728              1
5656             -2       -1.99728              1
5657             -2       -1.99728              1
5658             -2       -1.99728              1
5659             -2       -1.99728              1
5660             -2       -1.99728              1
5661             -2       -1.99728              1
5662             -2       -1.99728              1
5663             -2       -1.99728              1
5664             -2       -1.99728              1
5665             -2       -1.99728              1
5666             -2       -1.99728              1
5667             -2       -1.99728              1
5668             -2       -1.99729              1
5669             -2       -1.99729              1
5670             -2       -1.99729              1
5671             -2       -1.99729              1
5672             -2       -1.99729              1
5673             -2       -1.99729              1
5674          -1.96       -1.99728           0.99
5675          -1.98       -1.99728          0.995
5676             -2       -1.99728              1
5677             -2       -1.99728              1
5678             -2       -1.99728              1
5679             -2       -1.99728              1
5680             -2       -1.99728              1
5681             -2       -1.99728              1
5682             -2       -1.99728              1
5683             -2       -1.99728              1
5684             -2       -1.99728              1
5685             -2       -1.99728              1
5686          -1.98       -1.99728          0.995
5687          -1.98       -1.99728          0.995
5688             -2       -1.99728              1
5689          -1.98       -1.99727          0.995
5690             -2       -1.99727              1
5691             -2       -1.99728              1
5692          -1.98       -1.99727          0.995
5693             -2       -1.99727              1
5694             -2       -1.99727              1
5695             -2       -1.99727              1
5696             -2       -1.99727              1
5697          -1.98       -1.99727          0.995
5698          -1.98       -1.99727          0.995
5699          -1.98       -1.99726          0.995
5700             -2       -1.99727              1
5701             -2       -1.99727              1
5702             -2       -1.99727              1
5703             -2       -1.99727              1
5704             -2       -1.99727              1
5705          -1.97       -1.99726           0.99
5706             -2       -1.99726              1
5707             -2       -1.99726              1
5708          -1.98       -1.99726          0.995
5709             -2       -1.99726              1
5710             -2       -1.99726              1
5711          -1.98       -1.99726          0.995
5712             -2       -1.99726              1
5713             -2       -1.99726              1
5714             -2       -1.99726              1
5715          -1.98       -1.99726          0.995
5716             -2       -1.99726              1
5717             -2       -1.99726              1
5718             -2       -1.99726              1
5719             -2       -1.99726              1
5720             -2       -1.99726              1
5721             -2       -1.99726              1
5722             -2       -1.99726              1
5723             -2       -1.99726              1
5724             -2       -1.99726              1
5725             -2       -1.99726              1
5726             -2       -1.99726              1
5727             -2       -1.99726              1
5728             -2       -1.99726              1
5729             -2       -1.99726              1
5730             -2       -1.99726              1
5731             -2       -1.99726              1
5732          -1.97       -1.99726           0.99
5733          -1.98       -1.99726          0.995
5734          -1.98       -1.99725          0.995
5735          -1.98       -1.99725          0.995
5736          -1.98       -1.99725          0.995
5737          -1.96       -1.99724           0.99
5738             -2       -1.99724              1
5739             -2       -1.99724              1
5740             -2       -1.99724              1
5741             -2       -1.99724              1
5742             -2       -1.99724              1
5743             -2       -1.99724              1
5744             -2       -1.99724              1
5745             -2       -1.99725              1
5746             -2       -1.99725              1
5747             -2       -1.99725              1
5748             -2       -1.99725              1
5749          -1.98       -1.99724          0.995
5750          -1.98       -1.99724          0.995
5751          -1.98       -1.99724          0.995
5752          -1.97       -1.99723           0.99
5753          -1.98       -1.99723          0.995
5754             -2       -1.99723              1
5755             -2       -1.99723              1
5756             -2       -1.99723              1
5757             -2       -1.99723              1
5758             -2       -1.99723              1
5759          -1.97       -1.99723           0.99
5760             -2       -1.99723              1
5761             -2       -1.99723              1
5762          -1.98       -1.99723          0.995
5763             -2       -1.99723              1
5764             -2       -1.99723              1
5765             -2       -1.99723              1
5766             -2       -1.99723              1
5767          -1.98       -1.99722          0.995
5768          -1.98       -1.99722          0.995
5769          -1.98       -1.99722          0.995
5770          -1.98       -1.99722          0.995
5771          -1.97       -1.99721           0.99
5772          -1.98       -1.99721          0.995
5773          -1.98        -1.9972          0.995
5774             -2       -1.99721              1
5775             -2       -1.99721              1
5776             -2       -1.99721              1
5777             -2       -1.99721              1
5778             -2       -1.99721              1
5779             -2       -1.99721              1
5780             -2       -1.99721              1
5781             -2       -1.99721              1
5782             -2       -1.99721              1
5783             -2       -1.99721              1
5784             -2       -1.99721              1
5785             -2       -1.99721              1
5786             -2       -1.99721              1
5787             -2       -1.99721              1
5788             -2       -1.99721              1
5789             -2       -1.99721              1
5790             -2       -1.99721              1
5791             -2       -1.99721              1
5792             -2       -1.99721              1
5793             -2       -1.99721              1
5794             -2       -1.99721              1
5795             -2       -1.99722              1
5796             -2       -1.99722              1
5797             -2       -1.99722              1
5798             -2       -1.99722              1
5799          -1.98       -1.99721          0.995
5800             -2       -1.99721              1
5801             -2       -1.99721              1
5802             -2       -1.99722              1
5803             -2       -1.99722              1
5804             -2       -1.99722              1
5805             -2       -1.99722              1
5806             -2       -1.99722              1
5807             -2       -1.99722              1
5808             -2       -1.99722              1
5809             -2       -1.99722              1
5810             -2       -1.99722              1
5811             -2       -1.99722              1
5812             -2       -1.99722              1
5813             -2       -1.99722              1
5814             -2       -1.99722              1
5815             -2       -1.99722              1
5816             -2       -1.99722              1
5817          -1.97       -1.99722           0.99
5818          -1.98       -1.99721          0.995
5819             -2       -1.99721              1
5820             -2       -1.99722              1
5821             -2       -1.99722              1
5822             -2       -1.99722              1
5823             -2       -1.99722              1
5824             -2       -1.99722              1
5825             -2       -1.99722              1
5826             -2       -1.99722              1
5827             -2       -1.99722              1
5828             -2       -1.99722              1
5829             -2       -1.99722              1
5830             -2       -1.99722              1
5831             -2       -1.99722              1
5832             -2       -1.99722              1
5833             -2       -1.99722              1
5834             -2       -1.99722              1
5835             -2       -1.99722              1
5836             -2       -1.99722              1
5837             -2       -1.99722              1
5838          -1.98       -1.99722          0.995
5839             -2       -1.99722              1
5840             -2       -1.99722              1
5841             -2       -1.99722              1
5842          -1.98       -1.99722          0.995
5843             -2       -1.99722              1
5844             -2       -1.99722              1
5845          -1.98       -1.99722          0.995
5846          -1.98       -1.99721          0.995
5847             -2       -1.99721              1
5848             -2       -1.99721              1
5849             -2       -1.99722              1
5850             -2       -1.99722              1
5851             -2       -1.99722              1
5852             -2       -1.99722              1
5853             -2       -1.99722              1
5854             -2       -1.99722              1
5855             -2       -1.99722              1
5856             -2       -1.99722              1
5857             -2       -1.99722              1
5858             -2       -1.99722              1
5859             -2       -1.99722              1
5860          -1.98       -1.99722          0.995
5861          -1.98       -1.99721          0.995
5862             -2       -1.99721              1
5863             -2       -1.99722              1
5864             -2       -1.99722              1
5865             -2       -1.99722              1
5866             -2       -1.99722              1
5867             -2       -1.99722              1
5868             -2       -1.99722              1
5869             -2       -1.99722              1
5870             -2       -1.99722              1
5871             -2       -1.99722              1
5872             -2       -1.99722              1
5873             -2       -1.99722              1
5874             -2       -1.99722              1
5875             -2       -1.99722              1
5876             -2       -1.99722              1
5877             -2       -1.99722              1
5878          -1.98       -1.99722          0.995
5879             -2       -1.99722              1
5880             -2       -1.99722              1
5881             -2       -1.99722              1
5882             -2       -1.99722              1
5883             -2       -1.99722              1
5884             -2       -1.99722              1
5885             -2       -1.99722              1
5886             -2       -1.99722              1
5887             -2       -1.99722              1
5888             -2       -1.99722              1
5889             -2       -1.99722              1
5890             -2       -1.99722              1
5891             -2       -1.99723              1
5892             -2       -1.99723              1
5893             -2       -1.99723              1
5894             -2       -1.99723              1
5895             -2       -1.99723              1
5896             -2       -1.99723              1
5897             -2       -1.99723              1
5898             -2       -1.99723              1
5899             -2       -1.99723              1
5900             -2       -1.99723              1
5901          -1.98       -1.99723          0.995
5902             -2       -1.99723              1
5903             -2       -1.99723              1
5904             -2       -1.99723              1
5905             -2       -1.99723              1
5906             -2       -1.99723              1
5907             -2       -1.99723              1
5908             -2       -1.99723              1
5909             -2       -1.99723              1
5910             -2       -1.99723              1
5911             -2       -1.99723              1
5912             -2       -1.99723              1
5913             -2       -1.99723              1
5914             -2       -1.99723              1
5915             -2       -1.99723              1
5916             -2       -1.99723              1
5917             -2       -1.99723              1
5918             -2       -1.99723              1
5919             -2       -1.99723              1
5920             -2       -1.99724              1
5921             -2       -1.99724              1
5922             -2       -1.99724              1
5923             -2       -1.99724              1
5924             -2       -1.99724              1
5925             -2       -1.99724              1
5926             -2       -1.99724              1
5927             -2       -1.99724              1
5928          -1.98       -1.99724          0.995
5929          -1.98       -1.99723          0.995
5930          -1.98       -1.99723          0.995
5931          -1.97       -1.99723           0.99
5932          -1.98       -1.99722          0.995
5933             -2       -1.99722              1
5934             -2       -1.99722              1
5935             -2       -1.99722              1
5936             -2       -1.99722              1
5937             -2       -1.99722              1
5938             -2       -1.99723              1
5939             -2       -1.99723              1
5940             -2       -1.99723              1
5941             -2       -1.99723              1
5942             -2       -1.99723              1
5943             -2       -1.99723              1
5944             -2       -1.99723              1
5945             -2       -1.99723              1
5946             -2       -1.99723              1
5947             -2       -1.99723              1
5948             -2       -1.99723              1
5949             -2       -1.99723              1
5950             -2       -1.99723              1
5951             -2       -1.99723              1
5952             -2       -1.99723              1
5953             -2       -1.99723              1
5954             -2       -1.99723              1
5955             -2       -1.99723              1
5956             -2       -1.99723              1
5957             -2       -1.99723              1
5958             -2       -1.99723              1
5959             -2       -1.99723              1
5960             -2       -1.99724              1
5961             -2       -1.99724              1
5962             -2       -1.99724              1
5963             -2       -1.99724              1
5964             -2       -1.99724              1
5965             -2       -1.99724              1
5966             -2       -1.99724              1
5967             -2       -1.99724              1
5968          -1.98       -1.99724          0.995
5969          -1.98       -1.99723          0.995
5970          -1.98       -1.99723          0.995
5971          -1.98       -1.99723          0.995
5972             -2       -1.99723              1
5973             -2       -1.99723              1
5974             -2       -1.99723              1
5975             -2       -1.99723              1
5976             -2       -1.99723              1
5977             -2       -1.99723              1
5978             -2       -1.99723              1
5979             -2       -1.99723              1
5980             -2       -1.99723              1
5981             -2       -1.99723              1
5982             -2       -1.99723              1
5983          -1.98       -1.99723          0.995
5984             -2       -1.99723              1
5985             -2       -1.99723              1
5986          -1.98       -1.99723          0.995
5987             -2       -1.99723              1
5988          -1.98       -1.99722          0.995
5989             -2       -1.99723              1
5990             -2       -1.99723              1
5991             -2       -1.99723              1
5992             -2       -1.99723              1
5993             -2       -1.99723              1
5994          -1.98       -1.99722          0.995
5995             -2       -1.99722              1
5996             -2       -1.99723              1
5997             -2       -1.99723              1
5998             -2       -1.99723              1
5999             -2       -1.99723              1
6000             -2       -1.99723              1
6001             -2       -1.99723              1
6002             -2       -1.99723              1
6003             -2       -1.99723              1
6004             -2       -1.99723              1
6005             -2       -1.99723              1
6006             -2       -1.99723              1
6007             -2       -1.99723              1
6008          -1.98       -1.99723          0.995
6009          -1.98       -1.99722          0.995
6010          -1.98       -1.99722          0.995
6011             -2       -1.99722              1
6012             -2       -1.99722              1
6013             -2       -1.99722              1
6014             -2       -1.99722              1
6015             -2       -1.99722              1
6016             -2       -1.99722              1
6017             -2       -1.99722              1
6018             -2       -1.99723              1
6019             -2       -1.99723              1
6020          -1.98       -1.99722          0.995
6021          -1.98       -1.99722          0.995
6022             -2       -1.99722              1
6023             -2       -1.99722              1
6024             -2       -1.99722              1
6025             -2       -1.99722              1
6026             -2       -1.99722              1
6027             -2       -1.99722              1
6028             -2       -1.99722              1
6029             -2       -1.99722              1
6030             -2       -1.99722              1
6031             -2       -1.99722              1
6032             -2       -1.99723              1
6033             -2       -1.99723              1
6034             -2       -1.99723              1
6035             -2       -1.99723              1
6036             -2       -1.99723              1
6037             -2       -1.99723              1
6038             -2       -1.99723              1
6039             -2       -1.99723              1
6040             -2       -1.99723              1
6041             -2       -1.99723              1
6042             -2       -1.99723              1
6043             -2       -1.99723              1
6044             -2       -1.99723              1
6045             -2       -1.99723              1
6046             -2       -1.99723              1
6047             -2       -1.99723              1
6048             -2       -1.99723              1
6049             -2       -1.99723              1
6050             -2       -1.99723              1
6051             -2       -1.99723              1
6052             -2       -1.99723              1
6053             -2       -1.99723              1
6054             -2       -1.99724              1
6055             -2       -1.99724              1
6056             -2       -1.99724              1
6057             -2       -1.99724              1
6058             -2       -1.99724              1
6059             -2       -1.99724              1
6060             -2       -1.99724              1
6061             -2       -1.99724              1
6062             -2       -1.99724              1
6063             -2       -1.99724              1
6064             -2       -1.99724              1
6065             -2       -1.99724              1
6066             -2       -1.99724              1
6067             -2       -1.99724              1
6068             -2       -1.99724              1
6069             -2       -1.99724              1
6070             -2       -1.99724              1
6071             -2       -1.99724              1
6072             -2       -1.99724              1
6073             -2       -1.99724              1
6074             -2       -1.99724              1
6075             -2       -1.99724              1
6076             -2       -1.99725              1
6077          -1.98       -1.99724          0.995
6078             -2       -1.99724              1
6079             -2       -1.99724              1
6080          -1.98       -1.99724          0.995
6081             -2       -1.99724              1
6082             -2       -1.99724              1
6083             -2       -1.99724              1
6084             -2       -1.99724              1
6085          -1.98       -1.99724          0.995
6086          -1.98       -1.99724          0.995
6087             -2       -1.99724              1
6088             -2       -1.99724              1
6089             -2       -1.99724              1
6090             -2       -1.99724              1
6091             -2       -1.99724              1
6092             -2       -1.99724              1
6093             -2       -1.99724              1
6094             -2       -1.99724              1
6095             -2       -1.99724              1
6096             -2       -1.99724              1
6097             -2       -1.99724              1
6098             -2       -1.99724              1
6099             -2       -1.99724              1
6100             -2       -1.99724              1
6101             -2       -1.99724              1
6102             -2       -1.99724              1
6103             -2       -1.99724              1
6104             -2       -1.99724              1
6105             -2       -1.99725              1
6106             -2       -1.99725              1
6107             -2       -1.99725              1
6108             -2       -1.99725              1
6109             -2       -1.99725              1
6110             -2       -1.99725              1
6111             -2       -1.99725              1
6112             -2       -1.99725              1
6113             -2       -1.99725              1
6114             -2       -1.99725              1
6115             -2       -1.99725              1
6116             -2       -1.99725              1
6117             -2       -1.99725              1
6118             -2       -1.99725              1
6119          -1.98       -1.99725          0.995
6120          -1.98       -1.99725          0.995
6121             -2       -1.99725              1
6122             -2       -1.99725              1
6123             -2       -1.99725              1
6124             -2       -1.99725              1
6125             -2       -1.99725              1
6126             -2       -1.99725              1
6127          -1.98       -1.99725          0.995
6128             -2       -1.99725              1
6129          -1.98       -1.99724          0.995
6130             -2       -1.99724              1
6131             -2       -1.99724              1
6132             -2       -1.99724              1
6133             -2       -1.99724              1
6134             -2       -1.99725              1
6135             -2       -1.99725              1
6136             -2       -1.99725              1
6137             -2       -1.99725              1
6138             -2       -1.99725              1
6139             -2       -1.99725              1
6140             -2       -1.99725              1
6141             -2       -1.99725              1
6142             -2       -1.99725              1
6143             -2       -1.99725              1
6144             -2       -1.99725              1
6145             -2       -1.99725              1
6146             -2       -1.99725              1
6147             -2       -1.99725              1
6148          -1.98       -1.99725          0.995
6149             -2       -1.99725              1
6150             -2       -1.99725              1
6151             -2       -1.99725              1
6152             -2       -1.99725              1
6153             -2       -1.99725              1
6154             -2       -1.99725              1
6155             -2       -1.99725              1
6156             -2       -1.99725              1
6157             -2       -1.99725              1
6158             -2       -1.99725              1
6159             -2       -1.99725              1
6160             -2       -1.99725              1
6161             -2       -1.99725              1
6162             -2       -1.99725              1
6163             -2       -1.99726              1
6164             -2       -1.99726              1
6165             -2       -1.99726              1
6166             -2       -1.99726              1
6167             -2       -1.99726              1
6168             -2       -1.99726              1
6169             -2       -1.99726              1
6170             -2       -1.99726              1
6171             -2       -1.99726              1
6172             -2       -1.99726              1
6173          -1.98       -1.99726          0.995
6174             -2       -1.99726              1
6175             -2       -1.99726              1
6176             -2       -1.99726              1
6177             -2       -1.99726              1
6178             -2       -1.99726              1
6179          -1.98       -1.99726          0.995
6180             -2       -1.99726              1
6181             -2       -1.99726              1
6182             -2       -1.99726              1
6183          -1.98       -1.99725          0.995
6184          -1.98       -1.99725          0.995
6185             -2       -1.99725              1
6186             -2       -1.99725              1
6187          -1.98       -1.99725          0.995
6188          -1.98       -1.99725          0.995
6189             -2       -1.99725              1
6190             -2       -1.99725              1
6191             -2       -1.99725              1
6192             -2       -1.99725              1
6193             -2       -1.99725              1
6194             -2       -1.99725              1
6195             -2       -1.99725              1
6196             -2       -1.99725              1
6197             -2       -1.99725              1
6198             -2       -1.99725              1
6199             -2       -1.99725              1
6200             -2       -1.99725              1
6201             -2       -1.99725              1
6202             -2       -1.99725              1
6203             -2       -1.99725              1
6204          -1.98       -1.99725          0.995
6205             -2       -1.99725              1
6206             -2       -1.99725              1
6207             -2       -1.99725              1
6208             -2       -1.99725              1
6209          -1.98       -1.99725          0.995
6210             -2       -1.99725              1
6211             -2       -1.99725              1
6212             -2       -1.99725              1
6213             -2       -1.99725              1
6214             -2       -1.99725              1
6215             -2       -1.99725              1
6216             -2       -1.99725              1
6217             -2       -1.99725              1
6218             -2       -1.99725              1
6219             -2       -1.99725              1
6220             -2       -1.99725              1
6221             -2       -1.99725              1
6222             -2       -1.99726              1
6223             -2       -1.99726              1
6224             -2       -1.99726              1
6225             -2       -1.99726              1
6226             -2       -1.99726              1
6227             -2       -1.99726              1
6228             -2       -1.99726              1
6229             -2       -1.99726              1
6230             -2       -1.99726              1
6231             -2       -1.99726              1
6232             -2       -1.99726              1
6233             -2       -1.99726              1
6234             -2       -1.99726              1
6235             -2       -1.99726              1
6236          -1.96       -1.99726           0.99
6237             -2       -1.99726              1
6238             -2       -1.99726              1
6239             -2       -1.99726              1
6240          -1.98       -1.99725          0.995
6241          -1.98       -1.99725          0.995
6242             -2       -1.99725              1
6243             -2       -1.99725              1
6244             -2       -1.99725              1
6245             -2       -1.99725              1
6246             -2       -1.99725              1
6247             -2       -1.99725              1
6248             -2       -1.99725              1
6249             -2       -1.99725              1
6250             -2       -1.99725              1
6251             -2       -1.99726              1
6252             -2       -1.99726              1
6253             -2       -1.99726              1
6254             -2       -1.99726              1
6255             -2       -1.99726              1
6256             -2       -1.99726              1
6257             -2       -1.99726              1
6258             -2       -1.99726              1
6259             -2       -1.99726              1
6260             -2       -1.99726              1
6261             -2       -1.99726              1
6262             -2       -1.99726              1
6263             -2       -1.99726              1
6264             -2       -1.99726              1
6265             -2       -1.99726              1
6266             -2       -1.99726              1
6267             -2       -1.99726              1
6268             -2       -1.99726              1
6269             -2       -1.99726              1
6270             -2       -1.99726              1
6271             -2       -1.99726              1
6272             -2       -1.99726              1
6273             -2       -1.99726              1
6274             -2       -1.99727              1
6275             -2       -1.99727              1
6276             -2       -1.99727              1
6277             -2       -1.99727              1
6278             -2       -1.99727              1
6279             -2       -1.99727              1
6280             -2       -1.99727              1
6281             -2       -1.99727              1
6282             -2       -1.99727              1
6283             -2       -1.99727              1
6284             -2       -1.99727              1
6285             -2       -1.99727              1
6286             -2       -1.99727              1
6287             -2       -1.99727              1
6288             -2       -1.99727              1
6289             -2       -1.99727              1
6290             -2       -1.99727              1
6291          -1.98       -1.99727          0.995
6292          -1.97       -1.99727           0.99
6293             -2       -1.99727              1
6294             -2       -1.99727              1
6295             -2       -1.99727              1
6296             -2       -1.99727              1
6297             -2       -1.99727              1
6298             -2       -1.99727              1
6299             -2       -1.99727              1
6300          -1.98       -1.99727          0.995
6301          -1.98       -1.99726          0.995
6302             -2       -1.99726              1
6303             -2       -1.99726              1
6304             -2       -1.99726              1
6305             -2       -1.99726              1
6306             -2       -1.99726              1
6307             -2       -1.99727              1
6308             -2       -1.99727              1
6309             -2       -1.99727              1
6310             -2       -1.99727              1
6311             -2       -1.99727              1
6312             -2       -1.99727              1
6313             -2       -1.99727              1
6314             -2       -1.99727              1
6315             -2       -1.99727              1
6316             -2       -1.99727              1
6317             -2       -1.99727              1
6318             -2       -1.99727              1
6319             -2       -1.99727              1
6320             -2       -1.99727              1
6321             -2       -1.99727              1
6322             -2       -1.99727              1
6323             -2       -1.99727              1
6324             -2       -1.99727              1
6325             -2       -1.99727              1
6326             -2       -1.99727              1
6327             -2       -1.99727              1
6328             -2       -1.99727              1
6329             -2       -1.99727              1
6330             -2       -1.99728              1
6331             -2       -1.99728              1
6332             -2       -1.99728              1
6333             -2       -1.99728              1
6334             -2       -1.99728              1
6335             -2       -1.99728              1
6336          -1.98       -1.99727          0.995
6337             -2       -1.99728              1
6338             -2       -1.99728              1
6339             -2       -1.99728              1
6340             -2       -1.99728              1
6341             -2       -1.99728              1
6342             -2       -1.99728              1
6343             -2       -1.99728              1
6344          -1.98       -1.99728          0.995
6345          -1.98       -1.99727          0.995
6346             -2       -1.99727              1
6347             -2       -1.99727              1
6348             -2       -1.99727              1
6349          -1.98       -1.99727          0.995
6350             -2       -1.99727              1
6351             -2       -1.99727              1
6352             -2       -1.99727              1
6353             -2       -1.99727              1
6354             -2       -1.99727              1
6355             -2       -1.99727              1
6356             -2       -1.99727              1
6357             -2       -1.99727              1
6358             -2       -1.99727              1
6359             -2       -1.99728              1
6360             -2       -1.99728              1
6361             -2       -1.99728              1
6362             -2       -1.99728              1
6363          -1.98       -1.99727          0.995
6364             -2       -1.99727              1
6365             -2       -1.99727              1
6366             -2       -1.99728              1
6367             -2       -1.99728              1
6368             -2       -1.99728              1
6369             -2       -1.99728              1
6370             -2       -1.99728              1
6371             -2       -1.99728              1
6372             -2       -1.99728              1
6373             -2       -1.99728              1
6374             -2       -1.99728              1
6375             -2       -1.99728              1
6376             -2       -1.99728              1
6377             -2       -1.99728              1
6378             -2       -1.99728              1
6379             -2       -1.99728              1
6380             -2       -1.99728              1
6381             -2       -1.99728              1
6382          -1.98       -1.99728          0.995
6383             -2       -1.99728              1
6384             -2       -1.99728              1
6385             -2       -1.99728              1
6386             -2       -1.99728              1
6387             -2       -1.99728              1
6388          -1.98       -1.99728          0.995
6389             -2       -1.99728              1
6390             -2       -1.99728              1
6391             -2       -1.99728              1
6392             -2       -1.99728              1
6393             -2       -1.99728              1
6394             -2       -1.99728              1
6395             -2       -1.99728              1
6396             -2       -1.99728              1
6397             -2       -1.99728              1
6398             -2       -1.99728              1
6399          -1.96       -1.99728           0.99
6400             -2       -1.99728              1
6401             -2       -1.99728              1
6402             -2       -1.99728              1
6403             -2       -1.99728              1
6404             -2       -1.99728              1
6405             -2       -1.99728              1
6406             -2       -1.99728              1
6407             -2       -1.99728              1
6408             -2       -1.99728              1
6409             -2       -1.99728              1
6410             -2       -1.99728              1
6411             -2       -1.99728              1
6412             -2       -1.99728              1
6413             -2       -1.99728              1
6414             -2       -1.99728              1
6415             -2       -1.99728              1
6416             -2       -1.99728              1
6417             -2       -1.99728              1
6418             -2       -1.99728              1
6419          -1.98       -1.99728          0.995
6420             -2       -1.99728              1
6421             -2       -1.99728              1
6422             -2       -1.99728              1
6423             -2       -1.99728              1
6424             -2       -1.99728              1
6425             -2       -1.99728              1
6426             -2       -1.99728              1
6427             -2       -1.99729              1
6428             -2       -1.99729              1
6429             -2       -1.99729              1
6430             -2       -1.99729              1
6431             -2       -1.99729              1
6432             -2       -1.99729              1
6433             -2       -1.99729              1
6434             -2       -1.99729              1
6435             -2       -1.99729              1
6436             -2       -1.99729              1
6437             -2       -1.99729              1
6438             -2       -1.99729              1
6439             -2       -1.99729              1
6440             -2       -1.99729              1
6441             -2       -1.99729              1
6442             -2       -1.99729              1
6443             -2       -1.99729              1
6444             -2       -1.99729              1
6445             -2       -1.99729              1
6446             -2       -1.99729              1
6447             -2       -1.99729              1
6448             -2       -1.99729              1
6449             -2       -1.99729              1
6450             -2       -1.99729              1
6451             -2        -1.9973              1
6452             -2        -1.9973              1
6453             -2        -1.9973              1
6454             -2        -1.9973              1
6455             -2        -1.9973              1
6456             -2        -1.9973              1
6457          -1.98       -1.99729          0.995
6458          -1.98       -1.99729          0.995
6459             -2       -1.99729              1
6460             -2       -1.99729              1
6461             -2       -1.99729              1
6462             -2       -1.99729              1
6463             -2       -1.99729              1
6464             -2       -1.99729              1
6465             -2        -1.9973              1
6466          -1.98       -1.99729          0.995
6467             -2       -1.99729              1
6468             -2       -1.99729              1
6469             -2       -1.99729              1
6470          -1.98       -1.99729          0.995
6471             -2       -1.99729              1
6472             -2       -1.99729              1
6473             -2       -1.99729              1
6474             -2       -1.99729              1
6475             -2       -1.99729              1
6476             -2       -1.99729              1
6477             -2       -1.99729              1
6478             -2       -1.99729              1
6479             -2       -1.99729              1
6480             -2        -1.9973              1
6481             -2        -1.9973              1
6482             -2        -1.9973              1
6483             -2        -1.9973              1
6484             -2        -1.9973              1
6485             -2        -1.9973              1
6486             -2        -1.9973              1
6487             -2        -1.9973              1
6488             -2        -1.9973              1
6489          -1.98        -1.9973          0.995
6490             -2        -1.9973              1
6491             -2        -1.9973              1
6492             -2        -1.9973              1
6493             -2        -1.9973              1
6494             -2        -1.9973              1
6495             -2        -1.9973              1
6496             -2        -1.9973              1
6497             -2        -1.9973              1
6498             -2        -1.9973              1
6499             -2        -1.9973              1
6500             -2        -1.9973              1
6501             -2        -1.9973              1
6502             -2        -1.9973              1
6503             -2        -1.9973              1
6504          -1.98        -1.9973          0.995
6505          -1.98        -1.9973          0.995
6506          -1.98       -1.99729          0.995
6507          -1.95       -1.99729          0.985
6508          -1.96       -1.99728           0.99
6509             -2       -1.99728              1
6510             -2       -1.99728              1
6511             -2       -1.99728              1
6512             -2       -1.99728              1
6513             -2       -1.99728              1
6514             -2       -1.99728              1
6515             -2       -1.99728              1
6516             -2       -1.99728              1
6517             -2       -1.99728              1
6518             -2       -1.99728              1
6519             -2       -1.99729              1
6520             -2       -1.99729              1
6521             -2       -1.99729              1
6522             -2       -1.99729              1
6523             -2       -1.99729              1
6524             -2       -1.99729              1
6525             -2       -1.99729              1
6526             -2       -1.99729              1
6527             -2       -1.99729              1
6528          -1.98       -1.99729          0.995
6529          -1.98       -1.99728          0.995
6530             -2       -1.99728              1
6531             -2       -1.99728              1
6532             -2       -1.99728              1
6533             -2       -1.99728              1
6534             -2       -1.99729              1
6535             -2       -1.99729              1
6536             -2       -1.99729              1
6537             -2       -1.99729              1
6538             -2       -1.99729              1
6539             -2       -1.99729              1
6540             -2       -1.99729              1
6541             -2       -1.99729              1
6542             -2       -1.99729              1
6543             -2       -1.99729              1
6544             -2       -1.99729              1
6545             -2       -1.99729              1
6546          -1.98       -1.99729          0.995
6547          -1.98       -1.99728          0.995
6548          -1.98       -1.99728          0.995
6549          -1.98       -1.99728          0.995
6550          -1.98       -1.99728          0.995
6551          -1.98       -1.99727          0.995
6552             -2       -1.99727              1
6553             -2       -1.99727              1
6554          -1.98       -1.99727          0.995
6555             -2       -1.99727              1
6556             -2       -1.99727              1
6557             -2       -1.99727              1
6558             -2       -1.99727              1
6559             -2       -1.99727              1
6560             -2       -1.99727              1
6561             -2       -1.99728              1
6562          -1.98       -1.99727          0.995
6563             -2       -1.99727              1
6564             -2       -1.99727              1
6565             -2       -1.99727              1
6566             -2       -1.99727              1
6567             -2       -1.99727              1
6568             -2       -1.99728              1
6569             -2       -1.99728              1
6570             -2       -1.99728              1
6571             -2       -1.99728              1
6572             -2       -1.99728              1
6573             -2       -1.99728              1
6574             -2       -1.99728              1
6575             -2       -1.99728              1
6576             -2       -1.99728              1
6577             -2       -1.99728              1
6578             -2       -1.99728              1
6579             -2       -1.99728              1
6580             -2       -1.99728              1
6581             -2       -1.99728              1
6582             -2       -1.99728              1
6583             -2       -1.99728              1
6584          -1.98       -1.99728          0.995
6585             -2       -1.99728              1
6586             -2       -1.99728              1
6587             -2       -1.99728              1
6588             -2       -1.99728              1
6589             -2       -1.99728              1
6590             -2       -1.99728              1
6591             -2       -1.99728              1
6592             -2       -1.99728              1
6593             -2       -1.99728              1
6594             -2       -1.99728              1
6595             -2       -1.99728              1
6596             -2       -1.99728              1
6597             -2       -1.99728              1
6598             -2       -1.99728              1
6599             -2       -1.99728              1
6600             -2       -1.99729              1
6601          -1.98       -1.99728          0.995
6602             -2       -1.99728              1
6603             -2       -1.99728              1
6604             -2       -1.99728              1
6605             -2       -1.99728              1
6606          -1.98       -1.99728          0.995
6607             -2       -1.99728              1
6608             -2       -1.99728              1
6609             -2       -1.99728              1
6610             -2       -1.99728              1
6611             -2       -1.99728              1
6612             -2       -1.99728              1
6613             -2       -1.99728              1
6614             -2       -1.99728              1
6615             -2       -1.99729              1
6616             -2       -1.99729              1
6617             -2       -1.99729              1
6618             -2       -1.99729              1
6619             -2       -1.99729              1
6620          -1.98       -1.99728          0.995
6621             -2       -1.99728              1
6622             -2       -1.99729              1
6623          -1.98       -1.99728          0.995
6624          -1.96       -1.99728           0.99
6625             -2       -1.99728              1
6626             -2       -1.99728              1
6627             -2       -1.99728              1
6628             -2       -1.99728              1
6629             -2       -1.99728              1
6630             -2       -1.99728              1
6631          -1.98       -1.99728          0.995
6632             -2       -1.99728              1
6633             -2       -1.99728              1
6634             -2       -1.99728              1
6635             -2       -1.99728              1
6636             -2       -1.99728              1
6637             -2       -1.99728              1
6638             -2       -1.99728              1
6639             -2       -1.99728              1
6640             -2       -1.99728              1
6641             -2       -1.99728              1
6642             -2       -1.99728              1
6643          -1.98       -1.99728          0.995
6644             -2       -1.99728              1
6645             -2       -1.99728              1
6646          -1.98       -1.99728          0.995
6647             -2       -1.99728              1
6648             -2       -1.99728              1
6649             -2       -1.99728              1
6650             -2       -1.99728              1
6651          -1.98       -1.99728          0.995
6652          -1.98       -1.99727          0.995
6653             -2       -1.99727              1
6654             -2       -1.99727              1
6655             -2       -1.99727              1
6656             -2       -1.99728              1
6657             -2       -1.99728              1
6658             -2       -1.99728              1
6659             -2       -1.99728              1
6660             -2       -1.99728              1
6661             -2       -1.99728              1
6662             -2       -1.99728              1
6663             -2       -1.99728              1
6664             -2       -1.99728              1
6665             -2       -1.99728              1
6666             -2       -1.99728              1
6667             -2       -1.99728              1
6668             -2       -1.99728              1
6669             -2       -1.99728              1
6670             -2       -1.99728              1
6671             -2       -1.99728              1
6672          -1.98       -1.99728          0.995
6673             -2       -1.99728              1
6674             -2       -1.99728              1
6675             -2       -1.99728              1
6676          -1.98       -1.99728          0.995
6677             -2       -1.99728              1
6678          -1.98       -1.99728          0.995
6679             -2       -1.99728              1
6680             -2       -1.99728              1
6681             -2       -1.99728              1
6682             -2       -1.99728              1
6683             -2       -1.99728              1
6684             -2       -1.99728              1
6685             -2       -1.99728              1
6686             -2       -1.99728              1
6687             -2       -1.99728              1
6688             -2       -1.99728              1
6689             -2       -1.99728              1
6690             -2       -1.99728              1
6691             -2       -1.99728              1
6692             -2       -1.99728              1
6693             -2       -1.99728              1
6694             -2       -1.99728              1
6695             -2       -1.99728              1
6696             -2       -1.99728              1
6697             -2       -1.99728              1
6698             -2       -1.99728              1
6699             -2       -1.99728              1
6700             -2       -1.99728              1
6701             -2       -1.99728              1
6702             -2       -1.99728              1
6703             -2       -1.99729              1
6704             -2       -1.99729              1
6705             -2       -1.99729              1
6706             -2       -1.99729              1
6707             -2       -1.99729              1
6708             -2       -1.99729              1
6709             -2       -1.99729              1
6710             -2       -1.99729              1
6711             -2       -1.99729              1
6712          -1.98       -1.99729          0.995
6713          -1.98       -1.99728          0.995
6714          -1.98       -1.99728          0.995
6715             -2       -1.99728              1
6716             -2       -1.99728              1
6717             -2       -1.99728              1
6718             -2       -1.99728              1
6719             -2       -1.99728              1
6720             -2       -1.99728              1
6721             -2       -1.99728              1
6722             -2       -1.99728              1
6723             -2       -1.99728              1
6724             -2       -1.99728              1
6725             -2       -1.99729              1
6726          -1.96       -1.99728           0.99
6727          -1.98       -1.99728          0.995
6728          -1.98       -1.99727          0.995
6729             -2       -1.99727              1
6730             -2       -1.99728              1
6731             -2       -1.99728              1
6732             -2       -1.99728              1
6733             -2       -1.99728              1
6734             -2       -1.99728              1
6735             -2       -1.99728              1
6736          -1.98       -1.99727          0.995
6737             -2       -1.99728              1
6738             -2       -1.99728              1
6739             -2       -1.99728              1
6740             -2       -1.99728              1
6741             -2       -1.99728              1
6742             -2       -1.99728              1
6743             -2       -1.99728              1
6744             -2       -1.99728              1
6745             -2       -1.99728              1
6746             -2       -1.99728              1
6747             -2       -1.99728              1
6748             -2       -1.99728              1
6749             -2       -1.99728              1
6750             -2       -1.99728              1
6751             -2       -1.99728              1
6752             -2       -1.99728              1
6753             -2       -1.99728              1
6754             -2       -1.99728              1
6755             -2       -1.99728              1
6756             -2       -1.99728              1
6757             -2       -1.99728              1
6758             -2       -1.99728              1
6759             -2       -1.99728              1
6760             -2       -1.99728              1
6761             -2       -1.99728              1
6762             -2       -1.99729              1
6763             -2       -1.99729              1
6764             -2       -1.99729              1
6765             -2       -1.99729              1
6766             -2       -1.99729              1
6767             -2       -1.99729              1
6768             -2       -1.99729              1
6769             -2       -1.99729              1
6770          -1.98       -1.99729          0.995
6771          -1.98       -1.99728          0.995
6772             -2       -1.99728              1
6773             -2       -1.99728              1
6774             -2       -1.99728              1
6775             -2       -1.99728              1
6776             -2       -1.99728              1
6777             -2       -1.99729              1
6778             -2       -1.99729              1
6779             -2       -1.99729              1
6780             -2       -1.99729              1
6781             -2       -1.99729              1
6782             -2       -1.99729              1
6783             -2       -1.99729              1
6784             -2       -1.99729              1
6785             -2       -1.99729              1
6786             -2       -1.99729              1
6787             -2       -1.99729              1
6788             -2       -1.99729              1
6789             -2       -1.99729              1
6790             -2       -1.99729              1
6791             -2       -1.99729              1
6792             -2       -1.99729              1
6793             -2       -1.99729              1
6794             -2       -1.99729              1
6795             -2       -1.99729              1
6796             -2       -1.99729              1
6797             -2       -1.99729              1
6798             -2       -1.99729              1
6799             -2       -1.99729              1
6800             -2       -1.99729              1
6801             -2       -1.99729              1
6802             -2        -1.9973              1
6803             -2        -1.9973              1
6804             -2        -1.9973              1
6805             -2        -1.9973              1
6806             -2        -1.9973              1
6807             -2        -1.9973              1
6808             -2        -1.9973              1
6809          -1.98        -1.9973          0.995
6810          -1.98       -1.99729          0.995
6811          -1.98       -1.99729          0.995
6812             -2       -1.99729              1
6813             -2       -1.99729              1
6814             -2       -1.99729              1
6815             -2       -1.99729              1
6816             -2       -1.99729              1
6817             -2       -1.99729              1
6818             -2       -1.99729              1
6819             -2       -1.99729              1
6820          -1.98       -1.99729          0.995
6821             -2       -1.99729              1
6822             -2       -1.99729              1
6823             -2       -1.99729              1
6824             -2       -1.99729              1
6825          -1.98       -1.99729          0.995
6826             -2       -1.99729              1
6827             -2       -1.99729              1
6828             -2       -1.99729              1
6829             -2       -1.99729              1
6830             -2       -1.99729              1
6831             -2       -1.99729              1
6832          -1.98       -1.99729          0.995
6833             -2       -1.99729              1
6834             -2       -1.99729              1
6835          -1.98       -1.99729          0.995
6836          -1.98       -1.99729          0.995
6837             -2       -1.99729              1
6838             -2       -1.99729              1
6839             -2       -1.99729              1
6840             -2       -1.99729              1
6841             -2       -1.99729              1
6842             -2       -1.99729              1
6843             -2       -1.99729              1
6844             -2       -1.99729              1
6845             -2       -1.99729              1
6846             -2       -1.99729              1
6847             -2       -1.99729              1
6848          -1.98       -1.99729          0.995
6849          -1.95       -1.99728          0.985
6850          -1.98       -1.99728          0.995
6851             -2       -1.99728              1
6852          -1.98       -1.99728          0.995
6853             -2       -1.99728              1
6854             -2       -1.99728              1
6855             -2       -1.99728              1
6856             -2       -1.99728              1
6857             -2       -1.99728              1
6858             -2       -1.99728              1
6859             -2       -1.99728              1
6860             -2       -1.99728              1
6861             -2       -1.99728              1
6862             -2       -1.99728              1
6863             -2       -1.99728              1
6864             -2       -1.99728              1
6865             -2       -1.99728              1
6866             -2       -1.99728              1
6867             -2       -1.99728              1
6868             -2       -1.99728              1
6869             -2       -1.99728              1
6870             -2       -1.99728              1
6871             -2       -1.99728              1
6872             -2       -1.99728              1
6873             -2       -1.99728              1
6874             -2       -1.99728              1
6875          -1.98       -1.99728          0.995
6876             -2       -1.99728              1
6877             -2       -1.99728              1
6878             -2       -1.99728              1
6879             -2       -1.99728              1
6880             -2       -1.99728              1
6881          -1.98       -1.99728          0.995
6882          -1.98       -1.99728          0.995
6883             -2       -1.99728              1
6884             -2       -1.99728              1
6885             -2       -1.99728              1
6886             -2       -1.99728              1
6887             -2       -1.99728              1
6888          -1.98       -1.99728          0.995
6889          -1.96       -1.99727           0.99
6890             -2       -1.99727              1
6891             -2       -1.99727              1
6892             -2       -1.99727              1
6893          -1.98       -1.99727          0.995
6894             -2       -1.99727              1
6895             -2       -1.99727              1
6896             -2       -1.99727              1
6897             -2       -1.99727              1
6898             -2       -1.99727              1
6899             -2       -1.99727              1
6900             -2       -1.99727              1
6901             -2       -1.99727              1
6902             -2       -1.99728              1
6903             -2       -1.99728              1
6904          -1.98       -1.99727          0.995
6905          -1.98       -1.99727          0.995
6906          -1.98       -1.99727          0.995
6907          -1.98       -1.99727          0.995
6908             -2       -1.99727              1
6909             -2       -1.99727              1
6910             -2       -1.99727              1
6911             -2       -1.99727              1
6912             -2       -1.99727              1
6913             -2       -1.99727              1
6914             -2       -1.99727              1
6915             -2       -1.99727              1
6916             -2       -1.99727              1
6917             -2       -1.99727              1
6918             -2       -1.99727              1
6919             -2       -1.99727              1
6920             -2       -1.99727              1
6921             -2       -1.99727              1
6922             -2       -1.99727              1
6923             -2       -1.99727              1
6924             -2       -1.99727              1
6925             -2       -1.99727              1
6926             -2       -1.99727              1
6927             -2       -1.99727              1
6928          -1.98       -1.99727          0.995
6929          -1.98       -1.99727          0.995
6930             -2       -1.99727              1
6931             -2       -1.99727              1
6932             -2       -1.99727              1
6933             -2       -1.99727              1
6934             -2       -1.99727              1
6935             -2       -1.99727              1
6936          -1.98       -1.99727          0.995
6937          -1.98       -1.99727          0.995
6938          -1.98       -1.99726          0.995
6939             -2       -1.99726              1
6940             -2       -1.99726              1
6941             -2       -1.99726              1
6942             -2       -1.99726              1
6943             -2       -1.99727              1
6944             -2       -1.99727              1
6945             -2       -1.99727              1
6946             -2       -1.99727              1
6947             -2       -1.99727              1
6948             -2       -1.99727              1
6949             -2       -1.99727              1
6950             -2       -1.99727              1
6951             -2       -1.99727              1
6952             -2       -1.99727              1
6953             -2       -1.99727              1
6954             -2       -1.99727              1
6955             -2       -1.99727              1
6956             -2       -1.99727              1
6957             -2       -1.99727              1
6958             -2       -1.99727              1
6959             -2       -1.99727              1
6960             -2       -1.99727              1
6961             -2       -1.99727              1
6962             -2       -1.99727              1
6963          -1.98       -1.99727          0.995
6964          -1.98       -1.99727          0.995
6965             -2       -1.99727              1
6966             -2       -1.99727              1
6967             -2       -1.99727              1
6968             -2       -1.99727              1
6969             -2       -1.99727              1
6970          -1.98       -1.99727          0.995
6971             -2       -1.99727              1
6972             -2       -1.99727              1
6973             -2       -1.99727              1
6974             -2       -1.99727              1
6975             -2       -1.99727              1
6976             -2       -1.99727              1
6977             -2       -1.99727              1
6978             -2       -1.99727              1
6979             -2       -1.99727              1
6980          -1.98       -1.99727          0.995
6981          -1.98       -1.99727          0.995
6982          -1.98       -1.99726          0.995
6983             -2       -1.99726              1
6984             -2       -1.99726              1
6985             -2       -1.99726              1
6986             -2       -1.99726              1
6987             -2       -1.99727              1
6988             -2       -1.99727              1
6989             -2       -1.99727              1
6990          -1.98       -1.99726          0.995
6991          -1.98       -1.99726          0.995
6992          -1.95       -1.99725           0.98
6993          -1.98       -1.99725          0.995
6994          -1.98       -1.99725          0.995
6995             -2       -1.99725              1
6996             -2       -1.99725              1
6997             -2       -1.99725              1
6998             -2       -1.99725              1
6999             -2       -1.99725              1
7000             -2       -1.99725              1
7001             -2       -1.99725              1
7002             -2       -1.99725              1
7003             -2       -1.99725              1
7004             -2       -1.99725              1
7005             -2       -1.99725              1
7006          -1.98       -1.99725          0.995
7007             -2       -1.99725              1
7008             -2       -1.99725              1
7009             -2       -1.99725              1
7010             -2       -1.99725              1
7011          -1.98       -1.99725          0.995
7012          -1.98       -1.99725          0.995
7013          -1.98       -1.99725          0.995
7014             -2       -1.99725              1
7015             -2       -1.99725              1
7016             -2       -1.99725              1
7017          -1.98       -1.99724          0.995
7018          -1.98       -1.99724          0.995
7019          -1.98       -1.99724          0.995
7020             -2       -1.99724              1
7021             -2       -1.99724              1
7022             -2       -1.99724              1
7023             -2       -1.99724              1
7024             -2       -1.99724              1
7025             -2       -1.99724              1
7026             -2       -1.99724              1
7027          -1.96       -1.99724           0.99
7028             -2       -1.99724              1
7029             -2       -1.99724              1
7030             -2       -1.99724              1
7031             -2       -1.99724              1
7032             -2       -1.99724              1
7033             -2       -1.99724              1
7034             -2       -1.99724              1
7035             -2       -1.99724              1
7036             -2       -1.99724              1
7037             -2       -1.99724              1
7038             -2       -1.99724              1
7039             -2       -1.99724              1
7040             -2       -1.99724              1
7041             -2       -1.99724              1
7042             -2       -1.99724              1
7043             -2       -1.99724              1
7044             -2       -1.99724              1
7045             -2       -1.99724              1
7046             -2       -1.99724              1
7047             -2       -1.99724              1
7048             -2       -1.99724              1
7049             -2       -1.99725              1
7050             -2       -1.99725              1
7051             -2       -1.99725              1
7052             -2       -1.99725              1
7053             -2       -1.99725              1
7054          -1.98       -1.99724          0.995
7055          -1.98       -1.99724          0.995
7056             -2       -1.99724              1
7057             -2       -1.99724              1
7058             -2       -1.99724              1
7059             -2       -1.99724              1
7060             -2       -1.99724              1
7061             -2       -1.99724              1
7062             -2       -1.99724              1
7063             -2       -1.99725              1
7064             -2       -1.99725              1
7065             -2       -1.99725              1
7066          -1.98       -1.99724          0.995
7067             -2       -1.99724              1
7068             -2       -1.99724              1
7069             -2       -1.99724              1
7070             -2       -1.99725              1
7071             -2       -1.99725              1
7072             -2       -1.99725              1
7073             -2       -1.99725              1
7074             -2       -1.99725              1
7075             -2       -1.99725              1
7076             -2       -1.99725              1
7077             -2       -1.99725              1
7078             -2       -1.99725              1
7079             -2       -1.99725              1
7080             -2       -1.99725              1
7081             -2       -1.99725              1
7082             -2       -1.99725              1
7083             -2       -1.99725              1
7084             -2       -1.99725              1
7085             -2       -1.99725              1
7086             -2       -1.99725              1
7087             -2       -1.99725              1
7088             -2       -1.99725              1
7089             -2       -1.99725              1
7090             -2       -1.99725              1
7091             -2       -1.99725              1
7092             -2       -1.99725              1
7093          -1.98       -1.99725          0.995
7094          -1.98       -1.99725          0.995
7095          -1.98       -1.99725          0.995
7096          -1.96       -1.99724           0.99
7097          -1.98       -1.99724          0.995
7098             -2       -1.99724              1
7099             -2       -1.99724              1
7100             -2       -1.99724              1
7101             -2       -1.99724              1
7102          -1.98       -1.99724          0.995
7103             -2       -1.99724              1
7104             -2       -1.99724              1
7105          -1.98       -1.99724          0.995
7106             -2       -1.99724              1
7107             -2       -1.99724              1
7108             -2       -1.99724              1
7109             -2       -1.99724              1
7110             -2       -1.99724              1
7111             -2       -1.99724              1
7112             -2       -1.99724              1
7113             -2       -1.99724              1
7114             -2       -1.99724              1
7115             -2       -1.99724              1
7116             -2       -1.99724              1
7117             -2       -1.99724              1
7118             -2       -1.99724              1
7119             -2       -1.99724              1
7120             -2       -1.99724              1
7121             -2       -1.99724              1
7122             -2       -1.99724              1
7123          -1.98       -1.99724          0.995
7124             -2       -1.99724              1
7125             -2       -1.99724              1
7126             -2       -1.99724              1
7127             -2       -1.99724              1
7128             -2       -1.99724              1
7129             -2       -1.99724              1
7130             -2       -1.99724              1
7131             -2       -1.99724              1
7132             -2       -1.99724              1
7133             -2       -1.99724              1
7134          -1.98       -1.99724          0.995
7135             -2       -1.99724              1
7136             -2       -1.99724              1
7137             -2       -1.99724              1
7138             -2       -1.99724              1
7139          -1.98       -1.99724          0.995
7140             -2       -1.99724              1
7141             -2       -1.99724              1
7142             -2       -1.99724              1
7143             -2       -1.99724              1
7144             -2       -1.99724              1
7145             -2       -1.99724              1
7146          -1.96       -1.99724           0.99
7147          -1.98       -1.99724          0.995
7148          -1.98       -1.99723          0.995
7149             -2       -1.99723              1
7150             -2       -1.99723              1
7151             -2       -1.99723              1
7152             -2       -1.99723              1
7153             -2       -1.99724              1
7154             -2       -1.99724              1
7155             -2       -1.99724              1
7156          -1.98       -1.99723          0.995
7157             -2       -1.99723              1
7158             -2       -1.99723              1
7159             -2       -1.99723              1
7160             -2       -1.99724              1
7161             -2       -1.99724              1
7162             -2       -1.99724              1
7163          -1.98       -1.99723          0.995
7164             -2       -1.99723              1
7165             -2       -1.99723              1
7166          -1.98       -1.99723          0.995
7167             -2       -1.99723              1
7168             -2       -1.99723              1
7169             -2       -1.99723              1
7170             -2       -1.99723              1
7171             -2       -1.99723              1
7172             -2       -1.99723              1
7173             -2       -1.99723              1
7174             -2       -1.99723              1
7175             -2       -1.99724              1
7176          -1.98       -1.99723          0.995
7177          -1.98       -1.99723          0.995
7178             -2       -1.99723              1
7179             -2       -1.99723              1
7180             -2       -1.99723              1
7181             -2       -1.99723              1
7182             -2       -1.99723              1
7183             -2       -1.99723              1
7184             -2       -1.99723              1
7185             -2       -1.99723              1
7186             -2       -1.99723              1
7187             -2       -1.99723              1
7188             -2       -1.99723              1
7189             -2       -1.99724              1
7190             -2       -1.99724              1
7191             -2       -1.99724              1
7192             -2       -1.99724              1
7193             -2       -1.99724              1
7194          -1.98       -1.99723          0.995
7195             -2       -1.99723              1
7196             -2       -1.99723              1
7197             -2       -1.99724              1
7198             -2       -1.99724              1
7199          -1.97       -1.99723           0.99
7200          -1.98       -1.99723          0.995
7201             -2       -1.99723              1
7202             -2       -1.99723              1
7203             -2       -1.99723              1
7204             -2       -1.99723              1
7205             -2       -1.99723              1
7206             -2       -1.99723              1
7207             -2       -1.99723              1
7208             -2       -1.99723              1
7209             -2       -1.99723              1
7210             -2       -1.99723              1
7211             -2       -1.99723              1
7212             -2       -1.99723              1
7213             -2       -1.99723              1
7214          -1.98       -1.99723          0.995
7215             -2       -1.99723              1
7216             -2       -1.99723              1
7217             -2       -1.99723              1
7218             -2       -1.99723              1
7219             -2       -1.99723              1
7220             -2       -1.99723              1
7221             -2       -1.99723              1
7222             -2       -1.99724              1
7223             -2       -1.99724              1
7224             -2       -1.99724              1
7225             -2       -1.99724              1
7226             -2       -1.99724              1
7227             -2       -1.99724              1
7228             -2       -1.99724              1
7229             -2       -1.99724              1
7230             -2       -1.99724              1
7231             -2       -1.99724              1
7232             -2       -1.99724              1
7233             -2       -1.99724              1
7234             -2       -1.99724              1
7235             -2       -1.99724              1
7236             -2       -1.99724              1
7237             -2       -1.99724              1
7238             -2       -1.99724              1
7239             -2       -1.99724              1
7240             -2       -1.99724              1
7241             -2       -1.99724              1
7242             -2       -1.99724              1
7243             -2       -1.99724              1
7244             -2       -1.99724              1
7245          -1.98       -1.99724          0.995
7246          -1.98       -1.99724          0.995
7247             -2       -1.99724              1
7248             -2       -1.99724              1
7249             -2       -1.99724              1
7250             -2       -1.99724              1
7251             -2       -1.99724              1
7252             -2       -1.99724              1
7253             -2       -1.99724              1
7254             -2       -1.99724              1
7255             -2       -1.99724              1
7256             -2       -1.99724              1
7257          -1.98       -1.99724          0.995
7258             -2       -1.99724              1
7259          -1.97       -1.99724           0.99
7260          -1.98       -1.99723          0.995
7261             -2       -1.99723              1
7262             -2       -1.99724              1
7263          -1.98       -1.99723          0.995
7264             -2       -1.99723              1
7265             -2       -1.99723              1
7266             -2       -1.99723              1
7267             -2       -1.99723              1
7268             -2       -1.99723              1
7269             -2       -1.99724              1
7270             -2       -1.99724              1
7271             -2       -1.99724              1
7272             -2       -1.99724              1
7273             -2       -1.99724              1
7274             -2       -1.99724              1
7275             -2       -1.99724              1
7276             -2       -1.99724              1
7277             -2       -1.99724              1
7278             -2       -1.99724              1
7279             -2       -1.99724              1
7280             -2       -1.99724              1
7281             -2       -1.99724              1
7282             -2       -1.99724              1
7283             -2       -1.99724              1
7284             -2       -1.99724              1
7285          -1.98       -1.99724          0.995
7286             -2       -1.99724              1
7287             -2       -1.99724              1
7288             -2       -1.99724              1
7289             -2       -1.99724              1
7290             -2       -1.99724              1
7291             -2       -1.99724              1
7292             -2       -1.99724              1
7293             -2       -1.99724              1
7294             -2       -1.99724              1
7295             -2       -1.99724              1
7296             -2       -1.99724              1
7297             -2       -1.99724              1
7298             -2       -1.99724              1
7299             -2       -1.99724              1
7300             -2       -1.99724              1
7301             -2       -1.99724              1
7302             -2       -1.99724              1
7303             -2       -1.99725              1
7304             -2       -1.99725              1
7305             -2       -1.99725              1
7306             -2       -1.99725              1
7307          -1.98       -1.99724          0.995
7308             -2       -1.99724              1
7309             -2       -1.99724              1
7310             -2       -1.99725              1
7311             -2       -1.99725              1
7312             -2       -1.99725              1
7313             -2       -1.99725              1
7314             -2       -1.99725              1
7315             -2       -1.99725              1
7316             -2       -1.99725              1
7317             -2       -1.99725              1
7318             -2       -1.99725              1
7319             -2       -1.99725              1
7320             -2       -1.99725              1
7321             -2       -1.99725              1
7322             -2       -1.99725              1
7323             -2       -1.99725              1
7324             -2       -1.99725              1
7325             -2       -1.99725              1
7326             -2       -1.99725              1
7327             -2       -1.99725              1
7328             -2       -1.99725              1
7329             -2       -1.99725              1
7330             -2       -1.99725              1
7331             -2       -1.99725              1
7332             -2       -1.99725              1
7333             -2       -1.99725              1
7334             -2       -1.99725              1
7335             -2       -1.99725              1
7336             -2       -1.99726              1
7337             -2       -1.99726              1
7338             -2       -1.99726              1
7339             -2       -1.99726              1
7340             -2       -1.99726              1
7341             -2       -1.99726              1
7342             -2       -1.99726              1
7343             -2       -1.99726              1
7344             -2       -1.99726              1
7345             -2       -1.99726              1
7346             -2       -1.99726              1
7347             -2       -1.99726              1
7348          -1.98       -1.99726          0.995
7349          -1.98       -1.99725          0.995
7350          -1.98       -1.99725          0.995
7351          -1.98       -1.99725          0.995
7352          -1.98       -1.99725          0.995
7353             -2       -1.99725              1
7354             -2       -1.99725              1
7355             -2       -1.99725              1
7356             -2       -1.99725              1
7357             -2       -1.99725              1
7358          -1.98       -1.99725          0.995
7359          -1.96       -1.99724           0.99
7360          -1.98       -1.99724          0.995
7361             -2       -1.99724              1
7362             -2       -1.99724              1
7363             -2       -1.99724              1
7364             -2       -1.99724              1
7365             -2       -1.99724              1
7366             -2       -1.99724              1
7367             -2       -1.99724              1
7368             -2       -1.99724              1
7369             -2       -1.99724              1
7370             -2       -1.99724              1
7371             -2       -1.99724              1
7372             -2       -1.99724              1
7373             -2       -1.99724              1
7374          -1.96       -1.99724           0.99
7375          -1.95       -1.99723          0.985
7376             -2       -1.99723              1
7377             -2       -1.99723              1
7378             -2       -1.99723              1
7379          -1.98       -1.99723          0.995
7380             -2       -1.99723              1
7381             -2       -1.99723              1
7382             -2       -1.99723              1
7383             -2       -1.99723              1
7384          -1.97       -1.99723           0.99
7385             -2       -1.99723              1
7386             -2       -1.99723              1
7387             -2       -1.99723              1
7388             -2       -1.99723              1
7389             -2       -1.99723              1
7390             -2       -1.99723              1
7391          -1.98       -1.99723          0.995
7392          -1.98       -1.99723          0.995
7393          -1.98       -1.99722          0.995
7394          -1.98       -1.99722          0.995
7395          -1.98       -1.99722          0.995
7396          -1.96       -1.99722           0.99
7397             -2       -1.99722              1
7398             -2       -1.99722              1
7399             -2       -1.99722              1
7400             -2       -1.99722              1
7401             -2       -1.99722              1
7402             -2       -1.99722              1
7403             -2       -1.99722              1
7404             -2       -1.99722              1
7405             -2       -1.99722              1
7406             -2       -1.99722              1
7407             -2       -1.99722              1
7408             -2       -1.99722              1
7409             -2       -1.99722              1
7410             -2       -1.99722              1
7411             -2       -1.99722              1
7412             -2       -1.99722              1
7413             -2       -1.99722              1
7414          -1.98       -1.99722          0.995
7415             -2       -1.99722              1
7416             -2       -1.99722              1
7417             -2       -1.99722              1
7418             -2       -1.99722              1
7419             -2       -1.99722              1
7420             -2       -1.99722              1
7421             -2       -1.99722              1
7422             -2       -1.99722              1
7423             -2       -1.99722              1
7424             -2       -1.99722              1
7425             -2       -1.99722              1
7426          -1.98       -1.99722          0.995
7427             -2       -1.99722              1
7428             -2       -1.99722              1
7429             -2       -1.99722              1
7430             -2       -1.99722              1
7431             -2       -1.99722              1
7432             -2       -1.99722              1
7433             -2       -1.99722              1
7434             -2       -1.99722              1
7435             -2       -1.99722              1
7436             -2       -1.99722              1
7437          -1.98       -1.99722          0.995
7438          -1.98       -1.99722          0.995
7439          -1.98       -1.99722          0.995
7440             -2       -1.99722              1
7441             -2       -1.99722              1
7442             -2       -1.99722              1
7443             -2       -1.99722              1
7444          -1.98       -1.99722          0.995
7445          -1.98       -1.99721          0.995
7446          -1.98       -1.99721          0.995
7447          -1.98       -1.99721          0.995
7448             -2       -1.99721              1
7449             -2       -1.99721              1
7450             -2       -1.99721              1
7451             -2       -1.99721              1
7452             -2       -1.99721              1
7453          -1.98       -1.99721          0.995
7454          -1.98       -1.99721          0.995
7455             -2       -1.99721              1
7456             -2       -1.99721              1
7457             -2       -1.99721              1
7458             -2       -1.99721              1
7459             -2       -1.99721              1
7460             -2       -1.99721              1
7461             -2       -1.99721              1
7462          -1.98       -1.99721          0.995
7463             -2       -1.99721              1
7464             -2       -1.99721              1
7465          -1.98       -1.99721          0.995
7466             -2       -1.99721              1
7467             -2       -1.99721              1
7468             -2       -1.99721              1
7469             -2       -1.99721              1
7470             -2       -1.99721              1
7471             -2       -1.99721              1
7472             -2       -1.99721              1
7473             -2       -1.99721              1
7474             -2       -1.99721              1
7475             -2       -1.99721              1
7476             -2       -1.99721              1
7477             -2       -1.99721              1
7478             -2       -1.99721              1
7479             -2       -1.99721              1
7480             -2       -1.99721              1
7481             -2       -1.99721              1
7482             -2       -1.99721              1
7483             -2       -1.99721              1
7484             -2       -1.99721              1
7485             -2       -1.99721              1
7486             -2       -1.99721              1
7487             -2       -1.99721              1
7488             -2       -1.99721              1
7489             -2       -1.99721              1
7490             -2       -1.99722              1
7491             -2       -1.99722              1
7492             -2       -1.99722              1
7493             -2       -1.99722              1
7494             -2       -1.99722              1
7495             -2       -1.99722              1
7496             -2       -1.99722              1
7497             -2       -1.99722              1
7498             -2       -1.99722              1
7499             -2       -1.99722              1
7500             -2       -1.99722              1
7501             -2       -1.99722              1
7502          -1.98       -1.99722          0.995
7503             -2       -1.99722              1
7504             -2       -1.99722              1
7505             -2       -1.99722              1
7506             -2       -1.99722              1
7507             -2       -1.99722              1
7508             -2       -1.99722              1
7509             -2       -1.99722              1
7510             -2       -1.99722              1
7511          -1.98       -1.99722          0.995
7512          -1.98       -1.99722          0.995
7513          -1.98       -1.99721          0.995
7514             -2       -1.99721              1
7515             -2       -1.99721              1
7516             -2       -1.99721              1
7517             -2       -1.99721              1
7518             -2       -1.99722              1
7519             -2       -1.99722              1
7520             -2       -1.99722              1
7521             -2       -1.99722              1
7522          -1.97       -1.99721           0.99
7523          -1.97       -1.99721           0.99
7524             -2       -1.99721              1
7525             -2       -1.99721              1
7526             -2       -1.99721              1
7527             -2       -1.99721              1
7528             -2       -1.99721              1
7529             -2       -1.99721              1
7530             -2       -1.99721              1
7531             -2       -1.99721              1
7532             -2       -1.99721              1
7533             -2       -1.99721              1
7534             -2       -1.99721              1
7535             -2       -1.99721              1
7536             -2       -1.99721              1
7537             -2       -1.99721              1
7538             -2       -1.99721              1
7539             -2       -1.99721              1
7540          -1.98       -1.99721          0.995
7541          -1.98       -1.99721          0.995
7542             -2       -1.99721              1
7543             -2       -1.99721              1
7544             -2       -1.99721              1
7545             -2       -1.99721              1
7546             -2       -1.99721              1
7547             -2       -1.99721              1
7548             -2       -1.99721              1
7549             -2       -1.99721              1
7550             -2       -1.99721              1
7551             -2       -1.99721              1
7552          -1.98       -1.99721          0.995
7553          -1.98       -1.99721          0.995
7554             -2       -1.99721              1
7555             -2       -1.99721              1
7556             -2       -1.99721              1
7557             -2       -1.99721              1
7558          -1.98       -1.99721          0.995
7559          -1.98       -1.99721          0.995
7560          -1.98        -1.9972          0.995
7561          -1.98        -1.9972          0.995
7562          -1.98        -1.9972          0.995
7563             -2        -1.9972              1
7564             -2        -1.9972              1
7565             -2        -1.9972              1
7566          -1.98        -1.9972          0.995
7567             -2        -1.9972              1
7568             -2        -1.9972              1
7569             -2        -1.9972              1
7570             -2        -1.9972              1
7571             -2        -1.9972              1
7572             -2        -1.9972              1
7573             -2        -1.9972              1
7574             -2        -1.9972              1
7575             -2        -1.9972              1
7576             -2        -1.9972              1
7577             -2        -1.9972              1
7578             -2        -1.9972              1
7579             -2        -1.9972              1
7580             -2        -1.9972              1
7581             -2        -1.9972              1
7582             -2        -1.9972              1
7583          -1.98        -1.9972          0.995
7584          -1.98        -1.9972          0.995
7585             -2        -1.9972              1
7586             -2        -1.9972              1
7587             -2        -1.9972              1
7588          -1.98        -1.9972          0.995
7589             -2        -1.9972              1
7590          -1.98        -1.9972          0.995
7591          -1.98       -1.99719          0.995
7592          -1.98       -1.99719          0.995
7593          -1.96       -1.99719           0.99
7594          -1.96       -1.99718           0.99
7595          -1.98       -1.99718          0.995
7596             -2       -1.99718              1
7597             -2       -1.99718              1
7598             -2       -1.99718              1
7599             -2       -1.99718              1
7600          -1.98       -1.99718          0.995
7601             -2       -1.99718              1
7602             -2       -1.99718              1
7603             -2       -1.99718              1
7604             -2       -1.99718              1
7605             -2       -1.99718              1
7606             -2       -1.99718              1
7607             -2       -1.99718              1
7608             -2       -1.99718              1
7609             -2       -1.99718              1
7610             -2       -1.99718              1
7611             -2       -1.99718              1
7612          -1.98       -1.99718          0.995
7613             -2       -1.99718              1
7614             -2       -1.99718              1
7615             -2       -1.99718              1
7616             -2       -1.99718              1
7617             -2       -1.99718              1
7618             -2       -1.99718              1
7619             -2       -1.99718              1
7620             -2       -1.99718              1
7621             -2       -1.99718              1
7622          -1.98       -1.99718          0.995
7623          -1.98       -1.99718          0.995
7624             -2       -1.99718              1
7625             -2       -1.99718              1
7626             -2       -1.99718              1
7627             -2       -1.99718              1
7628             -2       -1.99718              1
7629             -2       -1.99718              1
7630             -2       -1.99718              1
7631             -2       -1.99718              1
7632          -1.98       -1.99718          0.995
7633             -2       -1.99718              1
7634             -2       -1.99718              1
7635             -2       -1.99718              1
7636             -2       -1.99718              1
7637             -2       -1.99718              1
7638             -2       -1.99718              1
7639             -2       -1.99718              1
7640             -2       -1.99718              1
7641             -2       -1.99718              1
7642             -2       -1.99718              1
7643             -2       -1.99718              1
7644             -2       -1.99719              1
7645             -2       -1.99719              1
7646             -2       -1.99719              1
7647             -2       -1.99719              1
7648             -2       -1.99719              1
7649             -2       -1.99719              1
7650          -1.98       -1.99718          0.995
7651             -2       -1.99719              1
7652             -2       -1.99719              1
7653             -2       -1.99719              1
7654             -2       -1.99719              1
7655             -2       -1.99719              1
7656          -1.98       -1.99718          0.995
7657             -2       -1.99718              1
7658             -2       -1.99719              1
7659             -2       -1.99719              1
7660             -2       -1.99719              1
7661             -2       -1.99719              1
7662             -2       -1.99719              1
7663             -2       -1.99719              1
7664             -2       -1.99719              1
7665             -2       -1.99719              1
7666             -2       -1.99719              1
7667             -2       -1.99719              1
7668             -2       -1.99719              1
7669             -2       -1.99719              1
7670             -2       -1.99719              1
7671             -2       -1.99719              1
7672             -2       -1.99719              1
7673             -2       -1.99719              1
7674             -2       -1.99719              1
7675             -2       -1.99719              1
7676             -2       -1.99719              1
7677             -2       -1.99719              1
7678             -2       -1.99719              1
7679             -2       -1.99719              1
7680             -2       -1.99719              1
7681             -2       -1.99719              1
7682             -2       -1.99719              1
7683             -2       -1.99719              1
7684             -2       -1.99719              1
7685             -2       -1.99719              1
7686             -2        -1.9972              1
7687             -2        -1.9972              1
7688             -2        -1.9972              1
7689             -2        -1.9972              1
7690             -2        -1.9972              1
7691             -2        -1.9972              1
7692             -2        -1.9972              1
7693             -2        -1.9972              1
7694             -2        -1.9972              1
7695             -2        -1.9972              1
7696             -2        -1.9972              1
7697             -2        -1.9972              1
7698             -2        -1.9972              1
7699             -2        -1.9972              1
7700             -2        -1.9972              1
7701             -2        -1.9972              1
7702             -2        -1.9972              1
7703             -2        -1.9972              1
7704             -2        -1.9972              1
7705             -2        -1.9972              1
7706             -2        -1.9972              1
7707             -2        -1.9972              1
7708             -2        -1.9972              1
7709             -2        -1.9972              1
7710             -2        -1.9972              1
7711             -2        -1.9972              1
7712             -2        -1.9972              1
7713             -2       -1.99721              1
7714             -2       -1.99721              1
7715             -2       -1.99721              1
7716             -2       -1.99721              1
7717             -2       -1.99721              1
7718          -1.98        -1.9972          0.995
7719             -2        -1.9972              1
7720             -2       -1.99721              1
7721          -1.98        -1.9972          0.995
7722             -2        -1.9972              1
7723             -2        -1.9972              1
7724             -2        -1.9972              1
7725             -2        -1.9972              1
7726             -2        -1.9972              1
7727             -2        -1.9972              1
7728             -2       -1.99721              1
7729             -2       -1.99721              1
7730             -2       -1.99721              1
7731             -2       -1.99721              1
7732             -2       -1.99721              1
7733             -2       -1.99721              1
7734             -2       -1.99721              1
7735             -2       -1.99721              1
7736             -2       -1.99721              1
7737             -2       -1.99721              1
7738             -2       -1.99721              1
7739             -2       -1.99721              1
7740          -1.98       -1.99721          0.995
7741             -2       -1.99721              1
7742             -2       -1.99721              1
7743             -2       -1.99721              1
7744             -2       -1.99721              1
7745             -2       -1.99721              1
7746             -2       -1.99721              1
7747             -2       -1.99721              1
7748          -1.98       -1.99721          0.995
7749             -2       -1.99721              1
7750             -2       -1.99721              1
7751             -2       -1.99721              1
7752             -2       -1.99721              1
7753             -2       -1.99721              1
7754             -2       -1.99721              1
7755             -2       -1.99721              1
7756             -2       -1.99721              1
7757             -2       -1.99721              1
7758             -2       -1.99721              1
7759             -2       -1.99721              1
7760          -1.98       -1.99721          0.995
7761             -2       -1.99721              1
7762             -2       -1.99721              1
7763             -2       -1.99721              1
7764          -1.98       -1.99721          0.995
7765          -1.98       -1.99721          0.995
7766             -2       -1.99721              1
7767             -2       -1.99721              1
7768             -2       -1.99721              1
7769             -2       -1.99721              1
7770             -2       -1.99721              1
7771             -2       -1.99721              1
7772             -2       -1.99721              1
7773             -2       -1.99721              1
7774             -2       -1.99721              1
7775             -2       -1.99721              1
7776             -2       -1.99721              1
7777             -2       -1.99721              1
7778             -2       -1.99721              1
7779             -2       -1.99721              1
7780          -1.98       -1.99721          0.995
7781          -1.98       -1.99721          0.995
7782             -2       -1.99721              1
7783             -2       -1.99721              1
7784             -2       -1.99721              1
7785             -2       -1.99721              1
7786             -2       -1.99721              1
7787             -2       -1.99721              1
7788             -2       -1.99721              1
7789             -2       -1.99721              1
7790             -2       -1.99721              1
7791             -2       -1.99721              1
7792             -2       -1.99721              1
7793             -2       -1.99721              1
7794             -2       -1.99721              1
7795             -2       -1.99721              1
7796             -2       -1.99721              1
7797             -2       -1.99721              1
7798             -2       -1.99721              1
7799             -2       -1.99721              1
7800             -2       -1.99721              1
7801             -2       -1.99721              1
7802          -1.98       -1.99721          0.995
7803             -2       -1.99721              1
7804             -2       -1.99721              1
7805             -2       -1.99721              1
7806             -2       -1.99721              1
7807             -2       -1.99721              1
7808             -2       -1.99721              1
7809             -2       -1.99721              1
7810             -2       -1.99721              1
7811             -2       -1.99721              1
7812             -2       -1.99721              1
7813             -2       -1.99722              1
7814             -2       -1.99722              1
7815             -2       -1.99722              1
7816             -2       -1.99722              1
7817             -2       -1.99722              1
7818          -1.98       -1.99721          0.995
7819          -1.98       -1.99721          0.995
7820          -1.98       -1.99721          0.995
7821          -1.98       -1.99721          0.995
7822          -1.98       -1.99721          0.995
7823             -2       -1.99721              1
7824             -2       -1.99721              1
7825             -2       -1.99721              1
7826          -1.98        -1.9972          0.995
7827          -1.98        -1.9972          0.995
7828          -1.98        -1.9972          0.995
7829             -2        -1.9972              1
7830             -2        -1.9972              1
7831             -2        -1.9972              1
7832             -2        -1.9972              1
7833             -2        -1.9972              1
7834             -2        -1.9972              1
7835             -2        -1.9972              1
7836             -2        -1.9972              1
7837             -2        -1.9972              1
7838             -2        -1.9972              1
7839             -2        -1.9972              1
7840             -2        -1.9972              1
7841          -1.98        -1.9972          0.995
7842          -1.98        -1.9972          0.995
7843             -2        -1.9972              1
7844             -2        -1.9972              1
7845             -2        -1.9972              1
7846          -1.98        -1.9972          0.995
7847          -1.98        -1.9972          0.995
7848          -1.98       -1.99719          0.995
7849             -2       -1.99719              1
7850             -2        -1.9972              1
7851             -2        -1.9972              1
7852             -2        -1.9972              1
7853             -2        -1.9972              1
7854             -2        -1.9972              1
7855             -2        -1.9972              1
7856             -2        -1.9972              1
7857             -2        -1.9972              1
7858             -2        -1.9972              1
7859             -2        -1.9972              1
7860             -2        -1.9972              1
7861             -2        -1.9972              1
7862             -2        -1.9972              1
7863             -2        -1.9972              1
7864             -2        -1.9972              1
7865             -2        -1.9972              1
7866             -2        -1.9972              1
7867             -2        -1.9972              1
7868             -2        -1.9972              1
7869             -2        -1.9972              1
7870             -2        -1.9972              1
7871             -2        -1.9972              1
7872             -2        -1.9972              1
7873             -2        -1.9972              1
7874             -2        -1.9972              1
7875             -2        -1.9972              1
7876             -2        -1.9972              1
7877             -2        -1.9972              1
7878             -2       -1.99721              1
7879             -2       -1.99721              1
7880             -2       -1.99721              1
7881             -2       -1.99721              1
7882             -2       -1.99721              1
7883          -1.98        -1.9972          0.995
7884             -2        -1.9972              1
7885             -2       -1.99721              1
7886             -2       -1.99721              1
7887             -2       -1.99721              1
7888             -2       -1.99721              1
7889             -2       -1.99721              1
7890             -2       -1.99721              1
7891             -2       -1.99721              1
7892          -1.98       -1.99721          0.995
7893             -2       -1.99721              1
7894          -1.98        -1.9972          0.995
7895             -2        -1.9972              1
7896             -2        -1.9972              1
7897             -2        -1.9972              1
7898             -2        -1.9972              1
7899             -2       -1.99721              1
7900             -2       -1.99721              1
7901          -1.98        -1.9972          0.995
7902             -2        -1.9972              1
7903             -2        -1.9972              1
7904             -2        -1.9972              1
7905             -2        -1.9972              1
7906             -2       -1.99721              1
7907             -2       -1.99721              1
7908             -2       -1.99721              1
7909             -2       -1.99721              1
7910             -2       -1.99721              1
7911             -2       -1.99721              1
7912             -2       -1.99721              1
7913             -2       -1.99721              1
7914             -2       -1.99721              1
7915             -2       -1.99721              1
7916             -2       -1.99721              1
7917             -2       -1.99721              1
7918             -2       -1.99721              1
7919             -2       -1.99721              1
7920             -2       -1.99721              1
7921             -2       -1.99721              1
7922             -2       -1.99721              1
7923             -2       -1.99721              1
7924             -2       -1.99721              1
7925             -2       -1.99721              1
7926             -2       -1.99721              1
7927             -2       -1.99721              1
7928             -2       -1.99721              1
7929          -1.98       -1.99721          0.995
7930             -2       -1.99721              1
7931             -2       -1.99721              1
7932          -1.98       -1.99721          0.995
7933             -2       -1.99721              1
7934             -2       -1.99721              1
7935             -2       -1.99721              1
7936             -2       -1.99721              1
7937             -2       -1.99721              1
7938             -2       -1.99721              1
7939             -2       -1.99721              1
7940          -1.98       -1.99721          0.995
7941             -2       -1.99721              1
7942             -2       -1.99721              1
7943             -2       -1.99721              1
7944          -1.98       -1.99721          0.995
7945          -1.98       -1.99721          0.995
7946          -1.98        -1.9972          0.995
7947             -2        -1.9972              1
7948             -2        -1.9972              1
7949             -2       -1.99721              1
7950             -2       -1.99721              1
7951             -2       -1.99721              1
7952             -2       -1.99721              1
7953             -2       -1.99721              1
7954             -2       -1.99721              1
7955             -2       -1.99721              1
7956             -2       -1.99721              1
7957             -2       -1.99721              1
7958             -2       -1.99721              1
7959             -2       -1.99721              1
7960             -2       -1.99721              1
7961             -2       -1.99721              1
7962             -2       -1.99721              1
7963             -2       -1.99721              1
7964             -2       -1.99721              1
7965             -2       -1.99721              1
7966             -2       -1.99721              1
7967             -2       -1.99721              1
7968             -2       -1.99721              1
7969             -2       -1.99721              1
7970             -2       -1.99721              1
7971             -2       -1.99721              1
7972             -2       -1.99721              1
7973             -2       -1.99721              1
7974          -1.98       -1.99721          0.995
7975          -1.98       -1.99721          0.995
7976             -2       -1.99721              1
7977             -2       -1.99721              1
7978             -2       -1.99721              1
7979          -1.98       -1.99721          0.995
7980          -1.98       -1.99721          0.995
7981          -1.98        -1.9972          0.995
7982             -2        -1.9972              1
7983             -2        -1.9972              1
7984             -2        -1.9972              1
7985             -2       -1.99721              1
7986             -2       -1.99721              1
7987             -2       -1.99721              1
7988             -2       -1.99721              1
7989             -2       -1.99721              1
7990             -2       -1.99721              1
7991             -2       -1.99721              1
7992             -2       -1.99721              1
7993             -2       -1.99721              1
7994          -1.98       -1.99721          0.995
7995             -2       -1.99721              1
7996          -1.98        -1.9972          0.995
7997             -2        -1.9972              1
7998             -2        -1.9972              1
7999             -2        -1.9972              1
8000             -2       -1.99721              1
8001          -1.98        -1.9972          0.995
8002             -2        -1.9972              1
8003             -2        -1.9972              1
8004          -1.98        -1.9972          0.995
8005          -1.96        -1.9972           0.99
8006          -1.98       -1.99719          0.995
8007             -2        -1.9972              1
8008             -2        -1.9972              1
8009             -2        -1.9972              1
8010             -2        -1.9972              1
8011             -2        -1.9972              1
8012             -2        -1.9972              1
8013             -2        -1.9972              1
8014             -2        -1.9972              1
8015             -2        -1.9972              1
8016             -2        -1.9972              1
8017          -1.98        -1.9972          0.995
8018          -1.98       -1.99719          0.995
8019             -2       -1.99719              1
8020             -2       -1.99719              1
8021             -2        -1.9972              1
8022             -2        -1.9972              1
8023             -2        -1.9972              1
8024             -2        -1.9972              1
8025             -2        -1.9972              1
8026             -2        -1.9972              1
8027             -2        -1.9972              1
8028             -2        -1.9972              1
8029             -2        -1.9972              1
8030             -2        -1.9972              1
8031             -2        -1.9972              1
8032             -2        -1.9972              1
8033          -1.96       -1.99719           0.99
8034          -1.95       -1.99719          0.985
8035             -2       -1.99719              1
8036             -2       -1.99719              1
8037             -2       -1.99719              1
8038             -2       -1.99719              1
8039             -2       -1.99719              1
8040          -1.98       -1.99719          0.995
8041             -2       -1.99719              1
8042             -2       -1.99719              1
8043             -2       -1.99719              1
8044             -2       -1.99719              1
8045             -2       -1.99719              1
8046             -2       -1.99719              1
8047             -2       -1.99719              1
8048             -2       -1.99719              1
8049             -2       -1.99719              1
8050             -2       -1.99719              1
8051             -2       -1.99719              1
8052             -2       -1.99719              1
8053             -2       -1.99719              1
8054          -1.98       -1.99719          0.995
8055             -2       -1.99719              1
8056             -2       -1.99719              1
8057             -2       -1.99719              1
8058             -2       -1.99719              1
8059             -2       -1.99719              1
8060             -2       -1.99719              1
8061             -2       -1.99719              1
8062             -2       -1.99719              1
8063             -2       -1.99719              1
8064             -2       -1.99719              1
8065             -2       -1.99719              1
8066             -2       -1.99719              1
8067             -2        -1.9972              1
8068             -2        -1.9972              1
8069             -2        -1.9972              1
8070             -2        -1.9972              1
8071             -2        -1.9972              1
8072             -2        -1.9972              1
8073             -2        -1.9972              1
8074          -1.98        -1.9972          0.995
8075             -2        -1.9972              1
8076             -2        -1.9972              1
8077             -2        -1.9972              1
8078             -2        -1.9972              1
8079             -2        -1.9972              1
8080             -2        -1.9972              1
8081             -2        -1.9972              1
8082             -2        -1.9972              1
8083             -2        -1.9972              1
8084             -2        -1.9972              1
8085             -2        -1.9972              1
8086             -2        -1.9972              1
8087             -2        -1.9972              1
8088             -2        -1.9972              1
8089             -2        -1.9972              1
8090             -2        -1.9972              1
8091             -2        -1.9972              1
8092             -2        -1.9972              1
8093             -2        -1.9972              1
8094             -2        -1.9972              1
8095             -2        -1.9972              1
8096             -2        -1.9972              1
8097             -2        -1.9972              1
8098             -2        -1.9972              1
8099             -2        -1.9972              1
8100             -2        -1.9972              1
8101             -2        -1.9972              1
8102             -2        -1.9972              1
8103          -1.98        -1.9972          0.995
8104          -1.98        -1.9972          0.995
8105             -2        -1.9972              1
8106             -2        -1.9972              1
8107          -1.98        -1.9972          0.995
8108          -1.98        -1.9972          0.995
8109          -1.96       -1.99719           0.99
8110          -1.98       -1.99719          0.995
8111             -2       -1.99719              1
8112          -1.98       -1.99719          0.995
8113             -2       -1.99719              1
8114             -2       -1.99719              1
8115             -2       -1.99719              1
8116             -2       -1.99719              1
8117             -2       -1.99719              1
8118             -2       -1.99719              1
8119             -2       -1.99719              1
8120             -2       -1.99719              1
8121             -2       -1.99719              1
8122             -2       -1.99719              1
8123             -2       -1.99719              1
8124             -2       -1.99719              1
8125             -2       -1.99719              1
8126             -2       -1.99719              1
8127             -2       -1.99719              1
8128             -2       -1.99719              1
8129             -2       -1.99719              1
8130             -2       -1.99719              1
8131             -2        -1.9972              1
8132          -1.98       -1.99719          0.995
8133          -1.98       -1.99719          0.995
8134          -1.98       -1.99719          0.995
8135             -2       -1.99719              1
8136             -2       -1.99719              1
8137             -2       -1.99719              1
8138             -2       -1.99719              1
8139             -2       -1.99719              1
8140             -2       -1.99719              1
8141             -2       -1.99719              1
8142             -2       -1.99719              1
8143             -2       -1.99719              1
8144             -2       -1.99719              1
8145             -2       -1.99719              1
8146             -2       -1.99719              1
8147             -2       -1.99719              1
8148             -2       -1.99719              1
8149             -2       -1.99719              1
8150             -2       -1.99719              1
8151             -2       -1.99719              1
8152             -2       -1.99719              1
8153          -1.98       -1.99719          0.995
8154             -2       -1.99719              1
8155             -2       -1.99719              1
8156             -2       -1.99719              1
8157             -2       -1.99719              1
8158             -2       -1.99719              1
8159             -2       -1.99719              1
8160             -2        -1.9972              1
8161             -2        -1.9972              1
8162             -2        -1.9972              1
8163             -2        -1.9972              1
8164             -2        -1.9972              1
8165             -2        -1.9972              1
8166             -2        -1.9972              1
8167             -2        -1.9972              1
8168             -2        -1.9972              1
8169             -2        -1.9972              1
8170             -2        -1.9972              1
8171             -2        -1.9972              1
8172             -2        -1.9972              1
8173             -2        -1.9972              1
8174             -2        -1.9972              1
8175             -2        -1.9972              1
8176             -2        -1.9972              1
8177             -2        -1.9972              1
8178             -2        -1.9972              1
8179             -2        -1.9972              1
8180             -2        -1.9972              1
8181             -2        -1.9972              1
8182             -2        -1.9972              1
8183             -2        -1.9972              1
8184             -2        -1.9972              1
8185             -2        -1.9972              1
8186             -2        -1.9972              1
8187             -2        -1.9972              1
8188             -2        -1.9972              1
8189             -2       -1.99721              1
8190             -2       -1.99721              1
8191             -2       -1.99721              1
8192             -2       -1.99721              1
8193             -2       -1.99721              1
8194             -2       -1.99721              1
8195             -2       -1.99721              1
8196             -2       -1.99721              1
8197             -2       -1.99721              1
8198             -2       -1.99721              1
8199             -2       -1.99721              1
8200             -2       -1.99721              1
8201             -2       -1.99721              1
8202             -2       -1.99721              1
8203             -2       -1.99721              1
8204             -2       -1.99721              1
8205             -2       -1.99721              1
8206             -2       -1.99721              1
8207             -2       -1.99721              1
8208             -2       -1.99721              1
8209             -2       -1.99721              1
8210             -2       -1.99721              1
8211             -2       -1.99721              1
8212             -2       -1.99721              1
8213          -1.98       -1.99721          0.995
8214             -2       -1.99721              1
8215             -2       -1.99721              1
8216             -2       -1.99721              1
8217             -2       -1.99721              1
8218             -2       -1.99721              1
8219             -2       -1.99721              1
8220             -2       -1.99721              1
8221             -2       -1.99721              1
8222             -2       -1.99721              1
8223          -1.98       -1.99721          0.995
8224             -2       -1.99721              1
8225             -2       -1.99721              1
8226          -1.98       -1.99721          0.995
8227          -1.98       -1.99721          0.995
8228             -2       -1.99721              1
8229             -2       -1.99721              1
8230             -2       -1.99721              1
8231             -2       -1.99721              1
8232             -2       -1.99721              1
8233             -2       -1.99721              1
8234             -2       -1.99721              1
8235             -2       -1.99721              1
8236          -1.98       -1.99721          0.995
8237          -1.98       -1.99721          0.995
8238             -2       -1.99721              1
8239             -2       -1.99721              1
8240             -2       -1.99721              1
8241             -2       -1.99721              1
8242             -2       -1.99721              1
8243          -1.98       -1.99721          0.995
8244          -1.98        -1.9972          0.995
8245             -2        -1.9972              1
8246             -2       -1.99721              1
8247             -2       -1.99721              1
8248             -2       -1.99721              1
8249             -2       -1.99721              1
8250             -2       -1.99721              1
8251             -2       -1.99721              1
8252             -2       -1.99721              1
8253             -2       -1.99721              1
8254             -2       -1.99721              1
8255             -2       -1.99721              1
8256             -2       -1.99721              1
8257             -2       -1.99721              1
8258             -2       -1.99721              1
8259          -1.96        -1.9972           0.99
8260             -2        -1.9972              1
8261             -2       -1.99721              1
8262             -2       -1.99721              1
8263             -2       -1.99721              1
8264             -2       -1.99721              1
8265             -2       -1.99721              1
8266             -2       -1.99721              1
8267             -2       -1.99721              1
8268             -2       -1.99721              1
8269             -2       -1.99721              1
8270             -2       -1.99721              1
8271             -2       -1.99721              1
8272             -2       -1.99721              1
8273          -1.98       -1.99721          0.995
8274             -2       -1.99721              1
8275             -2       -1.99721              1
8276             -2       -1.99721              1
8277             -2       -1.99721              1
8278             -2       -1.99721              1
8279             -2       -1.99721              1
8280             -2       -1.99721              1
8281             -2       -1.99721              1
8282             -2       -1.99721              1
8283             -2       -1.99721              1
8284             -2       -1.99721              1
8285             -2       -1.99721              1
8286             -2       -1.99721              1
8287             -2       -1.99721              1
8288             -2       -1.99721              1
8289             -2       -1.99721              1
8290             -2       -1.99721              1
8291             -2       -1.99721              1
8292             -2       -1.99721              1
8293          -1.98       -1.99721          0.995
8294          -1.98       -1.99721          0.995
8295          -1.98       -1.99721          0.995
8296             -2       -1.99721              1
8297             -2       -1.99721              1
8298             -2       -1.99721              1
8299             -2       -1.99721              1
8300             -2       -1.99721              1
8301             -2       -1.99721              1
8302          -1.98       -1.99721          0.995
8303          -1.98        -1.9972          0.995
8304             -2       -1.99721              1
8305             -2       -1.99721              1
8306             -2       -1.99721              1
8307             -2       -1.99721              1
8308             -2       -1.99721              1
8309             -2       -1.99721              1
8310             -2       -1.99721              1
8311          -1.98       -1.99721          0.995
8312          -1.98        -1.9972          0.995
8313             -2        -1.9972              1
8314             -2        -1.9972              1
8315             -2        -1.9972              1
8316             -2        -1.9972              1
8317             -2        -1.9972              1
8318             -2       -1.99721              1
8319          -1.98        -1.9972          0.995
8320          -1.98        -1.9972          0.995
8321             -2        -1.9972              1
8322             -2        -1.9972              1
8323             -2        -1.9972              1
8324             -2        -1.9972              1
8325             -2        -1.9972              1
8326             -2        -1.9972              1
8327             -2        -1.9972              1
8328             -2        -1.9972              1
8329             -2        -1.9972              1
8330             -2        -1.9972              1
8331             -2        -1.9972              1
8332             -2       -1.99721              1
8333             -2       -1.99721              1
8334             -2       -1.99721              1
8335             -2       -1.99721              1
8336             -2       -1.99721              1
8337             -2       -1.99721              1
8338             -2       -1.99721              1
8339             -2       -1.99721              1
8340             -2       -1.99721              1
8341             -2       -1.99721              1
8342             -2       -1.99721              1
8343             -2       -1.99721              1
8344             -2       -1.99721              1
8345             -2       -1.99721              1
8346             -2       -1.99721              1
8347             -2       -1.99721              1
8348             -2       -1.99721              1
8349             -2       -1.99721              1
8350             -2       -1.99721              1
8351             -2       -1.99721              1
8352             -2       -1.99721              1
8353             -2       -1.99721              1
8354             -2       -1.99721              1
8355             -2       -1.99721              1
8356             -2       -1.99721              1
8357             -2       -1.99721              1
8358             -2       -1.99721              1
8359             -2       -1.99721              1
8360             -2       -1.99721              1
8361             -2       -1.99721              1
8362             -2       -1.99722              1
8363             -2       -1.99722              1
8364          -1.98       -1.99721          0.995
8365             -2       -1.99721              1
8366             -2       -1.99721              1
8367          -1.98       -1.99721          0.995
8368             -2       -1.99721              1
8369             -2       -1.99721              1
8370             -2       -1.99721              1
8371             -2       -1.99721              1
8372             -2       -1.99721              1
8373             -2       -1.99721              1
8374             -2       -1.99721              1
8375             -2       -1.99721              1
8376             -2       -1.99721              1
8377             -2       -1.99722              1
8378             -2       -1.99722              1
8379             -2       -1.99722              1
8380             -2       -1.99722              1
8381             -2       -1.99722              1
8382             -2       -1.99722              1
8383             -2       -1.99722              1
8384             -2       -1.99722              1
8385          -1.98       -1.99722          0.995
8386          -1.98       -1.99721          0.995
8387          -1.98       -1.99721          0.995
8388          -1.98       -1.99721          0.995
8389             -2       -1.99721              1
8390             -2       -1.99721              1
8391          -1.98       -1.99721          0.995
8392             -2       -1.99721              1
8393             -2       -1.99721              1
8394             -2       -1.99721              1
8395             -2       -1.99721              1
8396             -2       -1.99721              1
8397             -2       -1.99721              1
8398             -2       -1.99721              1
8399             -2       -1.99721              1
8400             -2       -1.99721              1
8401             -2       -1.99721              1
8402             -2       -1.99721              1
8403             -2       -1.99721              1
8404             -2       -1.99721              1
8405             -2       -1.99721              1
8406          -1.98       -1.99721          0.995
8407             -2       -1.99721              1
8408          -1.98       -1.99721          0.995
8409          -1.96        -1.9972           0.99
8410          -1.98        -1.9972          0.995
8411             -2        -1.9972              1
8412             -2        -1.9972              1
8413             -2        -1.9972              1
8414             -2        -1.9972              1
8415             -2        -1.9972              1
8416             -2        -1.9972              1
8417             -2        -1.9972              1
8418             -2       -1.99721              1
8419          -1.98        -1.9972          0.995
8420             -2        -1.9972              1
8421             -2        -1.9972              1
8422          -1.98        -1.9972          0.995
8423          -1.98        -1.9972          0.995
8424             -2        -1.9972              1
8425             -2        -1.9972              1
8426             -2        -1.9972              1
8427             -2        -1.9972              1
8428             -2        -1.9972              1
8429             -2        -1.9972              1
8430             -2        -1.9972              1
8431             -2        -1.9972              1
8432             -2        -1.9972              1
8433             -2        -1.9972              1
8434             -2        -1.9972              1
8435             -2        -1.9972              1
8436             -2        -1.9972              1
8437             -2        -1.9972              1
8438             -2        -1.9972              1
8439             -2        -1.9972              1
8440             -2       -1.99721              1
8441             -2       -1.99721              1
8442             -2       -1.99721              1
8443             -2       -1.99721              1
8444             -2       -1.99721              1
8445          -1.98        -1.9972          0.995
8446             -2        -1.9972              1
8447             -2       -1.99721              1
8448             -2       -1.99721              1
8449             -2       -1.99721              1
8450             -2       -1.99721              1
8451             -2       -1.99721              1
8452             -2       -1.99721              1
8453             -2       -1.99721              1
8454             -2       -1.99721              1
8455             -2       -1.99721              1
8456             -2       -1.99721              1
8457          -1.98       -1.99721          0.995
8458             -2       -1.99721              1
8459             -2       -1.99721              1
8460             -2       -1.99721              1
8461             -2       -1.99721              1
8462             -2       -1.99721              1
8463          -1.98       -1.99721          0.995
8464             -2       -1.99721              1
8465             -2       -1.99721              1
8466             -2       -1.99721              1
8467             -2       -1.99721              1
8468             -2       -1.99721              1
8469             -2       -1.99721              1
8470             -2       -1.99721              1
8471             -2       -1.99721              1
8472             -2       -1.99721              1
8473             -2       -1.99721              1
8474             -2       -1.99721              1
8475             -2       -1.99721              1
8476             -2       -1.99721              1
8477             -2       -1.99721              1
8478             -2       -1.99721              1
8479             -2       -1.99721              1
8480             -2       -1.99721              1
8481          -1.98       -1.99721          0.995
8482             -2       -1.99721              1
8483          -1.97       -1.99721           0.99
8484          -1.98        -1.9972          0.995
8485             -2        -1.9972              1
8486             -2       -1.99721              1
8487             -2       -1.99721              1
8488             -2       -1.99721              1
8489          -1.98        -1.9972          0.995
8490             -2        -1.9972              1
8491             -2        -1.9972              1
8492             -2        -1.9972              1
8493             -2       -1.99721              1
8494             -2       -1.99721              1
8495             -2       -1.99721              1
8496             -2       -1.99721              1
8497             -2       -1.99721              1
8498             -2       -1.99721              1
8499             -2       -1.99721              1
8500             -2       -1.99721              1
8501             -2       -1.99721              1
8502             -2       -1.99721              1
8503             -2       -1.99721              1
8504             -2       -1.99721              1
8505             -2       -1.99721              1
8506             -2       -1.99721              1
8507             -2       -1.99721              1
8508             -2       -1.99721              1
8509             -2       -1.99721              1
8510             -2       -1.99721              1
8511          -1.98       -1.99721          0.995
8512          -1.98       -1.99721          0.995
8513             -2       -1.99721              1
8514             -2       -1.99721              1
8515             -2       -1.99721              1
8516             -2       -1.99721              1
8517             -2       -1.99721              1
8518             -2       -1.99721              1
8519             -2       -1.99721              1
8520             -2       -1.99721              1
8521             -2       -1.99721              1
8522             -2       -1.99721              1
8523             -2       -1.99721              1
8524             -2       -1.99721              1
8525          -1.98       -1.99721          0.995
8526             -2       -1.99721              1
8527             -2       -1.99721              1
8528             -2       -1.99721              1
8529             -2       -1.99721              1
8530             -2       -1.99721              1
8531             -2       -1.99721              1
8532             -2       -1.99721              1
8533             -2       -1.99721              1
8534          -1.98       -1.99721          0.995
8535          -1.98       -1.99721          0.995
8536             -2       -1.99721              1
8537             -2       -1.99721              1
8538             -2       -1.99721              1
8539             -2       -1.99721              1
8540             -2       -1.99721              1
8541          -1.98       -1.99721          0.995
8542          -1.98        -1.9972          0.995
8543             -2       -1.99721              1
8544             -2       -1.99721              1
8545             -2       -1.99721              1
8546             -2       -1.99721              1
8547             -2       -1.99721              1
8548             -2       -1.99721              1
8549             -2       -1.99721              1
8550          -1.98       -1.99721          0.995
8551             -2       -1.99721              1
8552             -2       -1.99721              1
8553             -2       -1.99721              1
8554             -2       -1.99721              1
8555             -2       -1.99721              1
8556             -2       -1.99721              1
8557             -2       -1.99721              1
8558          -1.98       -1.99721          0.995
8559             -2       -1.99721              1
8560             -2       -1.99721              1
8561             -2       -1.99721              1
8562             -2       -1.99721              1
8563             -2       -1.99721              1
8564             -2       -1.99721              1
8565             -2       -1.99721              1
8566          -1.98       -1.99721          0.995
8567          -1.98        -1.9972          0.995
8568             -2        -1.9972              1
8569             -2        -1.9972              1
8570             -2        -1.9972              1
8571             -2        -1.9972              1
8572             -2       -1.99721              1
8573             -2       -1.99721              1
8574             -2       -1.99721              1
8575             -2       -1.99721              1
8576             -2       -1.99721              1
8577             -2       -1.99721              1
8578             -2       -1.99721              1
8579             -2       -1.99721              1
8580             -2       -1.99721              1
8581             -2       -1.99721              1
8582             -2       -1.99721              1
8583             -2       -1.99721              1
8584             -2       -1.99721              1
8585             -2       -1.99721              1
8586             -2       -1.99721              1
8587             -2       -1.99721              1
8588             -2       -1.99721              1
8589             -2       -1.99721              1
8590             -2       -1.99721              1
8591             -2       -1.99721              1
8592             -2       -1.99721              1
8593             -2       -1.99721              1
8594             -2       -1.99721              1
8595             -2       -1.99721              1
8596             -2       -1.99721              1
8597          -1.98       -1.99721          0.995
8598             -2       -1.99721              1
8599             -2       -1.99721              1
8600          -1.98       -1.99721          0.995
8601             -2       -1.99721              1
8602             -2       -1.99721              1
8603             -2       -1.99721              1
8604             -2       -1.99721              1
8605             -2       -1.99721              1
8606             -2       -1.99721              1
8607             -2       -1.99721              1
8608             -2       -1.99721              1
8609             -2       -1.99721              1
8610             -2       -1.99721              1
8611             -2       -1.99721              1
8612             -2       -1.99721              1
8613             -2       -1.99721              1
8614             -2       -1.99721              1
8615             -2       -1.99721              1
8616             -2       -1.99721              1
8617             -2       -1.99722              1
8618          -1.97       -1.99721           0.99
8619          -1.98       -1.99721          0.995
8620             -2       -1.99721              1
8621             -2       -1.99721              1
8622             -2       -1.99721              1
8623             -2       -1.99721              1
8624             -2       -1.99721              1
8625             -2       -1.99721              1
8626          -1.98       -1.99721          0.995
8627          -1.98       -1.99721          0.995
8628             -2       -1.99721              1
8629             -2       -1.99721              1
8630             -2       -1.99721              1
8631             -2       -1.99721              1
8632             -2       -1.99721              1
8633          -1.98       -1.99721          0.995
8634             -2       -1.99721              1
8635             -2       -1.99721              1
8636             -2       -1.99721              1
8637             -2       -1.99721              1
8638             -2       -1.99721              1
8639             -2       -1.99721              1
8640             -2       -1.99721              1
8641             -2       -1.99721              1
8642             -2       -1.99721              1
8643             -2       -1.99721              1
8644             -2       -1.99721              1
8645          -1.98       -1.99721          0.995
8646          -1.98       -1.99721          0.995
8647          -1.98       -1.99721          0.995
8648             -2       -1.99721              1
8649             -2       -1.99721              1
8650             -2       -1.99721              1
8651             -2       -1.99721              1
8652             -2       -1.99721              1
8653             -2       -1.99721              1
8654             -2       -1.99721              1
8655             -2       -1.99721              1
8656             -2       -1.99721              1
8657          -1.98       -1.99721          0.995
8658             -2       -1.99721              1
8659             -2       -1.99721              1
8660             -2       -1.99721              1
8661             -2       -1.99721              1
8662             -2       -1.99721              1
8663             -2       -1.99721              1
8664             -2       -1.99721              1
8665             -2       -1.99721              1
8666             -2       -1.99721              1
8667             -2       -1.99721              1
8668             -2       -1.99721              1
8669             -2       -1.99721              1
8670             -2       -1.99721              1
8671             -2       -1.99721              1
8672             -2       -1.99721              1
8673             -2       -1.99721              1
8674             -2       -1.99721              1
8675             -2       -1.99721              1
8676             -2       -1.99721              1
8677             -2       -1.99721              1
8678             -2       -1.99721              1
8679             -2       -1.99721              1
8680             -2       -1.99721              1
8681             -2       -1.99721              1
8682             -2       -1.99721              1
8683             -2       -1.99721              1
8684             -2       -1.99721              1
8685             -2       -1.99722              1
8686             -2       -1.99722              1
8687             -2       -1.99722              1
8688          -1.98       -1.99721          0.995
8689          -1.96       -1.99721           0.99
8690             -2       -1.99721              1
8691          -1.98       -1.99721          0.995
8692             -2       -1.99721              1
8693             -2       -1.99721              1
8694             -2       -1.99721              1
8695             -2       -1.99721              1
8696             -2       -1.99721              1
8697             -2       -1.99721              1
8698             -2       -1.99721              1
8699             -2       -1.99721              1
8700             -2       -1.99721              1
8701             -2       -1.99721              1
8702             -2       -1.99721              1
8703             -2       -1.99721              1
8704             -2       -1.99721              1
8705          -1.98       -1.99721          0.995
8706             -2       -1.99721              1
8707             -2       -1.99721              1
8708             -2       -1.99721              1
8709          -1.98       -1.99721          0.995
8710             -2       -1.99721              1
8711             -2       -1.99721              1
8712             -2       -1.99721              1
8713             -2       -1.99721              1
8714             -2       -1.99721              1
8715             -2       -1.99721              1
8716             -2       -1.99721              1
8717             -2       -1.99721              1
8718             -2       -1.99721              1
8719             -2       -1.99721              1
8720             -2       -1.99721              1
8721             -2       -1.99721              1
8722             -2       -1.99721              1
8723          -1.98       -1.99721          0.995
8724             -2       -1.99721              1
8725             -2       -1.99721              1
8726             -2       -1.99721              1
8727             -2       -1.99721              1
8728             -2       -1.99721              1
8729             -2       -1.99721              1
8730             -2       -1.99721              1
8731             -2       -1.99721              1
8732          -1.97       -1.99721           0.99
8733          -1.98       -1.99721          0.995
8734          -1.98       -1.99721          0.995
8735          -1.98        -1.9972          0.995
8736          -1.98        -1.9972          0.995
8737             -2        -1.9972              1
8738             -2        -1.9972              1
8739             -2        -1.9972              1
8740          -1.98        -1.9972          0.995
8741          -1.98        -1.9972          0.995
8742             -2        -1.9972              1
8743             -2        -1.9972              1
8744          -1.98        -1.9972          0.995
8745             -2        -1.9972              1
8746             -2        -1.9972              1
8747             -2        -1.9972              1
8748             -2        -1.9972              1
8749             -2        -1.9972              1
8750             -2        -1.9972              1
8751             -2        -1.9972              1
8752             -2        -1.9972              1
8753             -2        -1.9972              1
8754             -2        -1.9972              1
8755             -2        -1.9972              1
8756             -2        -1.9972              1
8757             -2        -1.9972              1
8758             -2        -1.9972              1
8759             -2        -1.9972              1
8760             -2        -1.9972              1
8761             -2        -1.9972              1
8762             -2        -1.9972              1
8763             -2        -1.9972              1
8764             -2        -1.9972              1
8765             -2       -1.99721              1
8766             -2       -1.99721              1
8767             -2       -1.99721              1
8768             -2       -1.99721              1
8769             -2       -1.99721              1
8770             -2       -1.99721              1
8771             -2       -1.99721              1
8772             -2       -1.99721              1
8773             -2       -1.99721              1
8774             -2       -1.99721              1
8775             -2       -1.99721              1
8776             -2       -1.99721              1
8777             -2       -1.99721              1
8778             -2       -1.99721              1
8779             -2       -1.99721              1
8780             -2       -1.99721              1
8781             -2       -1.99721              1
8782             -2       -1.99721              1
8783             -2       -1.99721              1
8784             -2       -1.99721              1
8785             -2       -1.99721              1
8786          -1.98       -1.99721          0.995
8787             -2       -1.99721              1
8788             -2       -1.99721              1
8789             -2       -1.99721              1
8790             -2       -1.99721              1
8791             -2       -1.99721              1
8792             -2       -1.99721              1
8793             -2       -1.99721              1
8794             -2       -1.99721              1
8795             -2       -1.99721              1
8796          -1.97       -1.99721           0.99
8797          -1.98       -1.99721          0.995
8798             -2       -1.99721              1
8799             -2       -1.99721              1
8800             -2       -1.99721              1
8801             -2       -1.99721              1
8802             -2       -1.99721              1
8803             -2       -1.99721              1
8804             -2       -1.99721              1
8805             -2       -1.99721              1
8806             -2       -1.99721              1
8807             -2       -1.99721              1
8808             -2       -1.99721              1
8809             -2       -1.99721              1
8810             -2       -1.99721              1
8811             -2       -1.99721              1
8812             -2       -1.99721              1
8813             -2       -1.99721              1
8814             -2       -1.99721              1
8815             -2       -1.99721              1
8816             -2       -1.99721              1
8817          -1.98       -1.99721          0.995
8818          -1.98       -1.99721          0.995
8819             -2       -1.99721              1
8820             -2       -1.99721              1
8821             -2       -1.99721              1
8822             -2       -1.99721              1
8823             -2       -1.99721              1
8824             -2       -1.99721              1
8825             -2       -1.99721              1
8826             -2       -1.99721              1
8827             -2       -1.99721              1
8828             -2       -1.99721              1
8829             -2       -1.99721              1
8830             -2       -1.99721              1
8831             -2       -1.99721              1
8832             -2       -1.99721              1
8833             -2       -1.99721              1
8834             -2       -1.99721              1
8835             -2       -1.99721              1
8836          -1.98       -1.99721          0.995
8837             -2       -1.99721              1
8838             -2       -1.99721              1
8839             -2       -1.99721              1
8840             -2       -1.99721              1
8841             -2       -1.99721              1
8842             -2       -1.99721              1
8843             -2       -1.99722              1
8844             -2       -1.99722              1
8845             -2       -1.99722              1
8846             -2       -1.99722              1
8847          -1.98       -1.99721          0.995
8848          -1.98       -1.99721          0.995
8849          -1.96       -1.99721           0.99
8850          -1.98       -1.99721          0.995
8851          -1.98        -1.9972          0.995
8852             -2        -1.9972              1
8853             -2        -1.9972              1
8854             -2        -1.9972              1
8855             -2       -1.99721              1
8856             -2       -1.99721              1
8857             -2       -1.99721              1
8858             -2       -1.99721              1
8859             -2       -1.99721              1
8860          -1.98        -1.9972          0.995
8861          -1.98        -1.9972          0.995
8862          -1.98        -1.9972          0.995
8863          -1.98        -1.9972          0.995
8864             -2        -1.9972              1
8865             -2        -1.9972              1
8866             -2        -1.9972              1
8867             -2        -1.9972              1
8868          -1.98        -1.9972          0.995
8869          -1.98        -1.9972          0.995
8870             -2        -1.9972              1
8871             -2        -1.9972              1
8872             -2        -1.9972              1
8873             -2        -1.9972              1
8874             -2        -1.9972              1
8875             -2        -1.9972              1
8876             -2        -1.9972              1
8877             -2        -1.9972              1
8878             -2        -1.9972              1
8879             -2        -1.9972              1
8880          -1.98        -1.9972          0.995
8881             -2        -1.9972              1
8882             -2        -1.9972              1
8883             -2        -1.9972              1
8884             -2        -1.9972              1
8885             -2        -1.9972              1
8886             -2        -1.9972              1
8887             -2        -1.9972              1
8888             -2        -1.9972              1
8889             -2        -1.9972              1
8890             -2        -1.9972              1
8891             -2        -1.9972              1
8892             -2        -1.9972              1
8893             -2        -1.9972              1
8894             -2        -1.9972              1
8895             -2        -1.9972              1
8896             -2        -1.9972              1
8897             -2        -1.9972              1
8898             -2        -1.9972              1
8899             -2        -1.9972              1
8900             -2        -1.9972              1
8901             -2        -1.9972              1
8902             -2        -1.9972              1
8903             -2        -1.9972              1
8904             -2        -1.9972              1
8905             -2       -1.99721              1
8906          -1.98        -1.9972          0.995
8907             -2        -1.9972              1
8908          -1.98        -1.9972          0.995
8909          -1.98        -1.9972          0.995
8910          -1.98        -1.9972          0.995
8911          -1.98        -1.9972          0.995
8912          -1.98       -1.99719          0.995
8913             -2       -1.99719              1
8914          -1.98       -1.99719          0.995
8915          -1.98       -1.99719          0.995
8916          -1.96       -1.99719           0.99
8917          -1.96       -1.99718           0.99
8918          -1.98       -1.99718          0.995
8919          -1.98       -1.99718          0.995
8920             -2       -1.99718              1
8921             -2       -1.99718              1
8922             -2       -1.99718              1
8923          -1.98       -1.99718          0.995
8924             -2       -1.99718              1
8925             -2       -1.99718              1
8926             -2       -1.99718              1
8927          -1.98       -1.99718          0.995
8928          -1.98       -1.99717          0.995
8929             -2       -1.99717              1
8930             -2       -1.99718              1
8931             -2       -1.99718              1
8932             -2       -1.99718              1
8933             -2       -1.99718              1
8934             -2       -1.99718              1
8935             -2       -1.99718              1
8936             -2       -1.99718              1
8937             -2       -1.99718              1
8938             -2       -1.99718              1
8939             -2       -1.99718              1
8940             -2       -1.99718              1
8941             -2       -1.99718              1
8942             -2       -1.99718              1
8943             -2       -1.99718              1
8944             -2       -1.99718              1
8945             -2       -1.99718              1
8946             -2       -1.99718              1
8947             -2       -1.99718              1
8948             -2       -1.99718              1
8949             -2       -1.99718              1
8950          -1.97       -1.99718           0.99
8951             -2       -1.99718              1
8952             -2       -1.99718              1
8953          -1.98       -1.99718          0.995
8954             -2       -1.99718              1
8955             -2       -1.99718              1
8956             -2       -1.99718              1
8957             -2       -1.99718              1
8958             -2       -1.99718              1
8959             -2       -1.99718              1
8960             -2       -1.99718              1
8961             -2       -1.99718              1
8962             -2       -1.99718              1
8963             -2       -1.99718              1
8964             -2       -1.99718              1
8965             -2       -1.99718              1
8966             -2       -1.99718              1
8967             -2       -1.99718              1
8968             -2       -1.99718              1
8969             -2       -1.99718              1
8970             -2       -1.99718              1
8971             -2       -1.99718              1
8972             -2       -1.99718              1
8973          -1.98       -1.99718          0.995
8974             -2       -1.99718              1
8975             -2       -1.99718              1
8976             -2       -1.99718              1
8977             -2       -1.99718              1
8978             -2       -1.99718              1
8979             -2       -1.99718              1
8980             -2       -1.99718              1
8981             -2       -1.99718              1
8982             -2       -1.99718              1
8983             -2       -1.99718              1
8984             -2       -1.99718              1
8985             -2       -1.99718              1
8986             -2       -1.99718              1
8987             -2       -1.99719              1
8988             -2       -1.99719              1
8989             -2       -1.99719              1
8990             -2       -1.99719              1
8991             -2       -1.99719              1
8992          -1.98       -1.99718          0.995
8993             -2       -1.99718              1
8994             -2       -1.99719              1
8995             -2       -1.99719              1
8996             -2       -1.99719              1
8997             -2       -1.99719              1
8998             -2       -1.99719              1
8999             -2       -1.99719              1
