0          -1.03          -1.03         -0.165
1          -1.01          -1.02          -0.25
2          -1.05          -1.03          -0.21
3          -1.22        -1.0775         -0.215
4          -1.19           -1.1          -0.22
5          -1.01         -1.085         -0.265
6          -1.17       -1.09714         -0.245
7          -1.04          -1.09          -0.19
8          -1.05       -1.08556         -0.205
9          -0.97         -1.074         -0.095
10          -0.97       -1.06455         -0.085
11          -0.96       -1.05583          -0.02
12          -1.03       -1.05385          0.065
13          -0.97       -1.04786          0.015
14          -1.01       -1.04533           0.02
15          -1.01       -1.04313          -0.02
16          -0.97       -1.03882          -0.08
17          -1.03       -1.03833          -0.08
18          -0.98       -1.03526         -0.115
19          -1.06        -1.0365         -0.055
20          -1.16       -1.04238           -0.1
21           -1.1         -1.045          -0.17
22          -1.14       -1.04913           -0.2
23          -1.16       -1.05375         -0.195
24          -1.06         -1.054           -0.2
25          -0.93       -1.04923         -0.165
26          -1.11       -1.05148         -0.225
27          -1.04       -1.05107          -0.31
28          -1.06       -1.05138         -0.325
29          -1.14       -1.05433          -0.34
30          -1.11       -1.05613          -0.27
31          -1.17       -1.05969          -0.23
32          -1.14       -1.06212           -0.2
33           -1.3       -1.06912          -0.21
34          -1.39       -1.07829         -0.255
35           -1.3       -1.08444          -0.22
36          -1.31       -1.09054         -0.165
37          -1.09       -1.09053         -0.085
38          -1.18       -1.09282         -0.125
39          -1.13       -1.09375          -0.14
40          -1.12       -1.09439         -0.135
41           -1.3       -1.09929         -0.195
42          -1.37       -1.10558         -0.215
43          -1.26       -1.10909          -0.15
44          -1.18       -1.11067          -0.14
45          -1.27       -1.11413         -0.095
46          -1.41       -1.12043         -0.145
47          -1.12       -1.12042         -0.175
48          -1.17       -1.12143           -0.2
49          -1.27        -1.1244         -0.195
50          -1.23       -1.12647          -0.24
51          -1.26       -1.12904          -0.21
52          -1.18          -1.13         -0.175
53          -1.03       -1.12815           -0.2
54          -1.27       -1.13073         -0.235
55          -1.29       -1.13357          -0.31
56          -1.16       -1.13404         -0.245
57          -1.14       -1.13414           -0.3
58          -1.22       -1.13559          -0.33
59          -1.24       -1.13733          -0.34
60          -1.17       -1.13787          -0.25
61          -1.14        -1.1379          -0.22
62          -1.19       -1.13873         -0.215
63          -1.08       -1.13781           -0.1
64          -1.08       -1.13692          0.005
65          -1.08       -1.13606          0.045
66          -1.09       -1.13537          0.005
67          -1.16       -1.13574         -0.155
68          -1.19       -1.13652         -0.115
69          -1.03         -1.135         -0.195
70          -1.06       -1.13394         -0.145
71          -1.17       -1.13444         -0.215
72          -1.21       -1.13548         -0.315
73          -1.16       -1.13581          -0.23
74          -1.23       -1.13707          -0.24
75          -1.14       -1.13711          -0.18
76          -1.04       -1.13584          -0.16
77          -1.23       -1.13705          -0.26
78          -1.27       -1.13873         -0.295
79          -1.33       -1.14112         -0.345
80          -1.23       -1.14222         -0.245
81          -1.07       -1.14134          -0.19
82          -1.15       -1.14145         -0.195
83          -1.08       -1.14071          -0.16
84          -1.01       -1.13918          -0.11
85          -0.99       -1.13744         -0.095
86             -1       -1.13586         -0.145
87          -0.91        -1.1333         -0.125
88          -1.06       -1.13247         -0.075
89          -1.08       -1.13189          -0.04
90             -1       -1.13044          -0.11
91          -0.98        -1.1288          -0.19
92          -0.99       -1.12731          -0.13
93           -1.1       -1.12702          -0.13
94          -1.14       -1.12716         -0.085
95          -1.13       -1.12719         -0.135
96          -1.09        -1.1268         -0.175
97          -1.15       -1.12704          -0.24
98          -1.04       -1.12616          -0.21
99           -1.1        -1.1259         -0.255
100          -1.04       -1.12505          -0.22
101          -0.99       -1.12373          -0.23
102          -1.02       -1.12272          -0.09
103          -1.12       -1.12269         -0.215
104           -1.2       -1.12343         -0.235
105          -1.21       -1.12425          -0.27
106          -1.18       -1.12477         -0.265
107          -1.18       -1.12528         -0.305
108          -1.22       -1.12615         -0.245
109          -1.27       -1.12745         -0.205
110           -1.2       -1.12811         -0.185
111          -1.19       -1.12866          -0.17
112           -1.3       -1.13018         -0.185
113          -1.36       -1.13219          -0.22
114          -1.29       -1.13357         -0.235
115          -1.23        -1.1344         -0.275
116          -1.36       -1.13632          -0.31
117          -1.23       -1.13712          -0.32
118          -1.26       -1.13815         -0.335
119           -1.3        -1.1395         -0.265
120          -1.35       -1.14124          -0.28
121          -1.34       -1.14287         -0.225
122          -1.17       -1.14309          -0.18
123          -1.34       -1.14468         -0.205
124          -1.28       -1.14576         -0.195
125          -1.36       -1.14746         -0.145
126          -1.25       -1.14827          -0.16
127          -1.39       -1.15016          -0.23
128          -1.31        -1.1514          -0.18
129          -1.41       -1.15338         -0.155
130          -1.33       -1.15473         -0.185
131          -1.25       -1.15545          -0.17
132          -1.26       -1.15624          -0.25
133          -1.23       -1.15679          -0.28
134          -1.22       -1.15726         -0.205
135          -1.08       -1.15669         -0.195
136          -1.21       -1.15708         -0.135
137           -1.1       -1.15667          -0.09
138             -1       -1.15554         -0.085
139          -1.06       -1.15486          -0.02
140          -0.99       -1.15369           0.01
141          -0.99       -1.15254         -0.055
142          -1.01       -1.15154         -0.035
143          -1.08       -1.15104          -0.02
144          -1.05       -1.15034          -0.03
145          -1.03       -1.14952           0.02
146          -1.07       -1.14898         -0.005
147          -0.93        -1.1475         -0.025
148          -0.95       -1.14617          -0.04
149          -0.97         -1.145          0.025
150          -1.08       -1.14457           0.05
151             -1       -1.14362           0.07
152          -0.99       -1.14261         -0.015
153          -0.98       -1.14156         -0.005
154          -1.09       -1.14123           0.06
155             -1       -1.14032          0.035
156          -1.07       -1.13987              0
157          -1.08       -1.13949           0.06
158          -1.26       -1.14025         -0.065
159          -1.09       -1.13994         -0.085
160          -1.15          -1.14          -0.23
161             -1       -1.13914          -0.19
162          -0.97        -1.1381           -0.2
163          -1.09        -1.1378         -0.345
164          -1.02       -1.13709          -0.36
165          -1.05       -1.13657         -0.395
166          -0.94       -1.13539          -0.35
167          -1.08       -1.13506           -0.3
168          -1.09       -1.13479         -0.355
169           -1.1       -1.13459         -0.375
170          -1.07       -1.13421          -0.39
171          -1.02       -1.13355         -0.375
172          -1.06       -1.13312         -0.305
173          -1.09       -1.13287          -0.24
174          -1.08       -1.13257          -0.24
175          -1.12        -1.1325          -0.22
176          -1.04       -1.13198         -0.215
177          -1.16       -1.13213         -0.215
178          -1.08       -1.13184         -0.185
179             -1       -1.13111          -0.15
180          -1.03       -1.13055         -0.065
181          -0.94       -1.12951          -0.03
182          -1.05       -1.12907          -0.06
183          -1.05       -1.12864          -0.02
184          -0.95       -1.12768          -0.08
185          -0.96       -1.12677         -0.045
186          -0.91       -1.12561         -0.095
187          -1.04       -1.12516         -0.095
188          -1.01       -1.12455         -0.065
189          -1.07       -1.12426          -0.15
190          -1.14       -1.12435          -0.13
191          -1.07       -1.12406         -0.155
192           -1.2       -1.12446          -0.13
193          -1.19       -1.12479          -0.07
194          -1.12       -1.12477         -0.055
195          -1.19        -1.1251         -0.065
196          -1.17       -1.12533         -0.055
197          -1.19       -1.12566          0.015
198          -1.25       -1.12628           0.09
199          -1.08       -1.12605           0.03
200          -1.06       -1.12572          0.055
201          -1.04        -1.1253           0.02
202          -0.88       -1.12409          0.055
203          -0.96       -1.12328           0.13
204             -1       -1.12268           0.13
205          -0.89       -1.12155         -0.005
206          -0.96       -1.12077         -0.055
207          -1.06       -1.12048          -0.05
208          -1.11       -1.12043          -0.13
209          -1.03          -1.12          -0.18
210          -0.99       -1.11938         -0.145
211          -1.24       -1.11995         -0.225
212          -1.21       -1.12038          -0.18
213           -1.2       -1.12075           -0.2
214          -1.23       -1.12126         -0.265
215          -1.21       -1.12167         -0.195
216          -1.23       -1.12217          -0.24
217          -1.19       -1.12248         -0.165
218          -1.18       -1.12274         -0.225
219          -1.24       -1.12327         -0.305
220          -1.23       -1.12376         -0.225
221          -1.03       -1.12333         -0.175
222          -1.09       -1.12318          -0.17
223          -1.14       -1.12326          -0.13
224          -1.26       -1.12387          -0.13
225          -1.26       -1.12447         -0.185
226          -1.22       -1.12489          -0.11
227          -1.14       -1.12496         -0.045
228          -1.21       -1.12533           0.03
229          -1.23       -1.12578           0.04
230          -1.19       -1.12606          0.085
231          -1.25       -1.12659           0.02
232          -1.02       -1.12614          0.075
233          -1.05       -1.12581           0.08
234          -0.98       -1.12519           0.02
235          -0.95       -1.12445          0.065
236          -0.97        -1.1238         -0.025
237          -1.05       -1.12349          -0.03
238          -1.05       -1.12318          -0.08
239          -0.96        -1.1225          -0.09
240          -1.06       -1.12224         -0.095
241          -0.96       -1.12157         -0.195
242          -0.98       -1.12099           -0.2
243             -1       -1.12049         -0.285
244          -1.08       -1.12033         -0.335
245          -1.25       -1.12085         -0.415
246          -1.22       -1.12126         -0.415
247           -1.2       -1.12157          -0.38
248           -1.1       -1.12149          -0.32
249          -1.11       -1.12144          -0.34
250          -1.03       -1.12108          -0.31
251          -1.02       -1.12067         -0.205
252          -1.04       -1.12036           -0.2
253          -1.11       -1.12031          -0.24
254          -1.23       -1.12075         -0.175
255          -1.06       -1.12051          -0.09
256          -1.09       -1.12039         -0.235
257          -1.03       -1.12004          -0.24
258          -1.02       -1.11965         -0.375
259          -1.05       -1.11938         -0.385
260          -1.15        -1.1195          -0.45
261          -1.17       -1.11969          -0.36
262          -1.12        -1.1197          -0.31
263             -1       -1.11924          -0.23
264          -1.06       -1.11902           -0.3
265          -1.07       -1.11883         -0.245
266          -0.99       -1.11835          -0.29
267          -1.13        -1.1184         -0.325
268          -1.12        -1.1184          -0.26
269          -1.09        -1.1183          -0.24
270          -1.18       -1.11852          -0.25
271          -1.05       -1.11827          -0.22
272          -1.14       -1.11835          -0.29
273          -1.12       -1.11836         -0.255
274          -0.94       -1.11771          -0.31
275          -0.98       -1.11721         -0.275
276          -1.02       -1.11686         -0.175
277          -1.26       -1.11737          -0.27
278          -1.14       -1.11746         -0.235
279          -0.99         -1.117          -0.17
280          -1.07       -1.11683          -0.15
281          -1.17       -1.11702         -0.165
282           -1.1       -1.11696          -0.16
283           -1.2       -1.11725          -0.11
284          -1.28       -1.11782         -0.165
285          -1.15       -1.11794           -0.1
286          -1.05        -1.1177          -0.03
287          -0.98       -1.11722         -0.115
288          -0.98       -1.11675          -0.04
289          -1.16        -1.1169          -0.17
290          -1.31       -1.11756         -0.255
291          -1.19       -1.11781         -0.265
292           -1.1       -1.11775           -0.2
293          -1.13       -1.11779          -0.14
294          -1.07       -1.11763          -0.15
295          -1.08        -1.1175         -0.215
296          -1.06       -1.11731         -0.225
297          -1.07       -1.11715         -0.375
298          -1.08       -1.11702          -0.33
299          -1.12       -1.11703         -0.275
300          -1.06       -1.11684          -0.25
301           -1.2       -1.11712         -0.415
302          -1.15       -1.11723           -0.3
303          -1.08       -1.11711         -0.285
304          -1.25       -1.11754         -0.225
305          -1.23       -1.11791          -0.16
306          -1.25       -1.11834          -0.04
307          -1.33       -1.11903         -0.075
308          -1.28       -1.11955           -0.1
309          -1.37       -1.12035          -0.18
310          -1.38       -1.12119          -0.21
311          -1.39       -1.12205         -0.255
312          -1.27       -1.12252           -0.3
313          -1.34       -1.12322          -0.32
314           -1.3       -1.12378         -0.265
315          -1.23       -1.12411         -0.215
316          -1.26       -1.12454         -0.225
317          -1.36       -1.12528          -0.28
318          -1.32       -1.12589          -0.24
319          -1.31       -1.12647          -0.28
320          -1.24       -1.12682          -0.18
321          -1.12        -1.1268         -0.195
322          -1.13       -1.12681         -0.245
323          -1.11       -1.12676          -0.29
324          -1.09       -1.12665          -0.25
325          -1.11        -1.1266         -0.305
326          -1.15       -1.12667         -0.355
327          -1.07       -1.12649         -0.315
328          -1.16        -1.1266          -0.24
329          -1.23       -1.12691          -0.23
330          -1.27       -1.12734          -0.16
331          -1.09       -1.12723         -0.105
332          -1.06       -1.12703         -0.075
333          -1.18       -1.12719          -0.09
334          -1.23       -1.12749         -0.105
335          -1.21       -1.12774          -0.21
336          -1.16       -1.12783         -0.135
337          -1.07       -1.12766         -0.005
338          -1.01       -1.12732          0.025
339          -1.12       -1.12729          -0.06
340          -1.22       -1.12757           -0.1
341          -1.29       -1.12804          -0.17
342           -1.1       -1.12796          -0.18
343          -1.05       -1.12773         -0.145
344           -1.1       -1.12765          -0.11
345          -1.02       -1.12734         -0.035
346          -1.15       -1.12741         -0.035
347          -1.11       -1.12736         -0.075
348          -1.13       -1.12736         -0.085
349          -1.25       -1.12771           -0.1
350          -1.28       -1.12815          -0.05
351          -1.11        -1.1281          0.015
352          -1.24       -1.12841         -0.015
353          -1.24       -1.12873          -0.01
354          -1.13       -1.12873          0.015
355          -1.09       -1.12862          0.075
356          -1.28       -1.12905          0.075
357          -1.25       -1.12939          0.105
358          -1.17        -1.1295          0.055
359          -1.18       -1.12964         -0.005
360          -1.05       -1.12942           0.04
361          -0.97       -1.12898         -0.015
362          -1.03       -1.12871           0.02
363          -1.06       -1.12852          0.055
364          -1.17       -1.12863           0.08
365          -1.18       -1.12877          0.045
366          -1.13       -1.12877          -0.01
367          -1.16       -1.12886           0.01
368          -1.13       -1.12886         -0.005
369          -1.07        -1.1287          0.005
370          -1.16       -1.12879         -0.065
371          -1.11       -1.12874         -0.085
372          -0.97       -1.12831         -0.135
373          -1.01       -1.12799          -0.15
374          -1.09       -1.12789         -0.105
375          -1.04       -1.12766         -0.155
376           -1.1       -1.12759         -0.125
377          -1.09       -1.12749         -0.145
378           -1.2       -1.12768          -0.13
379          -1.21       -1.12789         -0.185
380          -1.18       -1.12803         -0.155
381          -1.18       -1.12817         -0.195
382          -1.03       -1.12791          -0.18
383          -1.15       -1.12797          -0.13
384          -1.21       -1.12818         -0.225
385          -1.12       -1.12816         -0.195
386          -1.14       -1.12819         -0.285
387          -1.13        -1.1282          -0.22
388          -1.17        -1.1283          -0.33
389          -1.09       -1.12821         -0.255
390          -1.14       -1.12824          -0.25
391          -1.03       -1.12798         -0.275
392          -1.16       -1.12807         -0.245
393          -1.08       -1.12794          -0.25
394          -1.09       -1.12785         -0.275
395          -1.02       -1.12758         -0.235
396          -0.96       -1.12715          -0.21
397          -0.84       -1.12643          -0.13
398          -0.87       -1.12579          -0.08
399          -0.92       -1.12528          -0.11
400          -1.05       -1.12509         -0.175
401          -1.08       -1.12498          -0.14
402          -1.15       -1.12504         -0.065
403          -1.02       -1.12478         -0.185
404          -1.16       -1.12486         -0.225
405           -1.2       -1.12505          -0.25
406           -1.3       -1.12548          -0.28
407          -1.23       -1.12574         -0.275
408          -1.12       -1.12572          -0.24
409          -1.22       -1.12595         -0.255
410          -1.34       -1.12647         -0.225
411           -1.1       -1.12641         -0.175
412          -1.06       -1.12625          -0.18
413          -1.05       -1.12606         -0.125
414           -1.1         -1.126          -0.16
415          -1.05       -1.12582          -0.14
416          -1.14       -1.12585         -0.225
417          -1.26       -1.12617          -0.27
418          -1.16       -1.12625         -0.215
419          -1.08       -1.12614         -0.245
420          -1.12       -1.12613          -0.29
421          -1.18       -1.12626          -0.31
422          -1.15       -1.12631         -0.295
423          -1.13       -1.12632         -0.255
424          -1.19       -1.12647         -0.295
425          -1.13       -1.12648          -0.32
426          -1.07       -1.12635         -0.355
427          -1.02        -1.1261          -0.33
428          -1.17        -1.1262         -0.275
429          -1.32       -1.12665          -0.33
430           -1.2       -1.12682          -0.36
431          -1.25       -1.12711         -0.335
432          -1.18       -1.12723         -0.385
433          -1.15       -1.12728         -0.345
434          -1.16       -1.12736          -0.34
435          -1.34       -1.12784          -0.36
436          -1.32       -1.12828          -0.41
437          -1.29       -1.12865          -0.48
438          -1.31       -1.12907          -0.53
439          -1.32        -1.1295         -0.525
440          -1.33       -1.12995          -0.51
441          -1.25       -1.13023          -0.49
442           -1.3       -1.13061          -0.53
443          -1.29       -1.13097         -0.625
444          -1.36       -1.13148         -0.665
445          -1.26       -1.13177         -0.615
446          -1.17       -1.13186         -0.535
447          -1.16       -1.13192          -0.57
448          -1.27       -1.13223         -0.645
449          -1.33       -1.13267          -0.65
450          -1.45       -1.13337          -0.74
451          -1.46       -1.13409         -0.685
452          -1.47       -1.13483         -0.685
453          -1.37       -1.13535          -0.71
454          -1.34        -1.1358          -0.72
455           -1.4       -1.13638          -0.74
456          -1.48       -1.13713          -0.77
457          -1.41       -1.13773          -0.72
458          -1.42       -1.13834          -0.74
459          -1.52       -1.13917          -0.75
460          -1.42       -1.13978         -0.735
461          -1.48       -1.14052          -0.76
462          -1.52       -1.14134         -0.765
463          -1.48       -1.14207         -0.725
464          -1.22       -1.14224         -0.645
465          -1.21       -1.14238         -0.675
466          -1.36       -1.14285          -0.66
467           -1.4        -1.1434           -0.7
468          -1.39       -1.14392         -0.705
469          -1.32        -1.1443         -0.635
470          -1.25       -1.14452          -0.63
471          -1.25       -1.14475         -0.675
472          -1.39       -1.14526          -0.76
473          -1.33       -1.14565          -0.73
474          -1.28       -1.14594         -0.725
475          -1.35       -1.14637         -0.755
476          -1.37       -1.14683         -0.715
477          -1.26       -1.14707          -0.72
478          -1.25       -1.14729          -0.67
479          -1.32       -1.14765         -0.685
480          -1.37       -1.14811         -0.725
481          -1.42       -1.14867         -0.705
482          -1.42       -1.14923         -0.725
483          -1.36       -1.14967         -0.695
484          -1.45       -1.15029          -0.73
485          -1.39       -1.15078          -0.68
486          -1.33       -1.15115         -0.635
487          -1.35       -1.15156         -0.645
488          -1.19       -1.15164          -0.55
489          -1.23        -1.1518         -0.555
490          -1.33       -1.15216          -0.54
491          -1.32        -1.1525         -0.545
492          -1.31       -1.15282          -0.52
493          -1.29        -1.1531          -0.57
494          -1.27       -1.15333          -0.59
495          -1.35       -1.15373         -0.635
496          -1.25       -1.15392          -0.59
497          -1.22       -1.15406          -0.54
498          -1.34       -1.15443         -0.555
499          -1.33       -1.15478         -0.605
500          -1.36       -1.15519          -0.57
501           -1.4       -1.15568           -0.6
502           -1.3       -1.15596         -0.575
503          -1.34       -1.15633         -0.615
504           -1.3       -1.15661          -0.63
505           -1.3        -1.1569         -0.685
506          -1.25       -1.15708          -0.67
507          -1.32        -1.1574         -0.665
508          -1.24       -1.15756          -0.57
509          -1.24       -1.15773         -0.555
510          -1.03       -1.15748          -0.53
511          -1.16       -1.15748          -0.53
512          -1.31       -1.15778          -0.62
513          -1.36       -1.15817          -0.67
514          -1.21       -1.15827          -0.59
515          -1.29       -1.15853          -0.58
516          -1.38       -1.15896           -0.6
517          -1.31       -1.15925         -0.545
518          -1.25       -1.15942          -0.59
519          -1.24       -1.15958         -0.595
520          -1.26       -1.15977          -0.57
521          -1.33        -1.1601         -0.605
522          -1.27       -1.16031         -0.655
523          -1.32       -1.16061          -0.66
524          -1.29       -1.16086          -0.57
525          -1.24       -1.16101          -0.59
526          -1.21        -1.1611         -0.545
527          -1.38       -1.16152          -0.61
528           -1.3       -1.16178         -0.585
529          -1.35       -1.16213         -0.625
530          -1.18       -1.16217         -0.495
531          -1.14       -1.16212         -0.435
532          -1.07       -1.16195          -0.38
533          -1.11       -1.16185         -0.455
534          -1.15       -1.16183          -0.48
535          -1.29       -1.16207         -0.565
536          -1.44       -1.16259         -0.615
537          -1.37       -1.16297          -0.67
538          -1.28       -1.16319          -0.66
539          -1.21       -1.16328         -0.515
540          -1.07       -1.16311         -0.585
541          -1.17       -1.16312          -0.59
542          -1.13       -1.16306         -0.555
543          -1.04       -1.16283          -0.56
544          -1.15       -1.16281          -0.65
545          -1.26       -1.16299         -0.715
546           -1.4       -1.16342         -0.775
547          -1.32        -1.1637          -0.71
548          -1.38        -1.1641         -0.715
549           -1.3       -1.16435          -0.69
550          -1.28       -1.16456          -0.73
551          -1.45       -1.16507          -0.79
552           -1.5       -1.16568         -0.745
553          -1.34       -1.16599          -0.69
554          -1.18       -1.16602          -0.65
555          -1.25       -1.16617           -0.6
556          -1.25       -1.16632         -0.585
557          -1.34       -1.16663          -0.68
558           -1.3       -1.16687          -0.71
559          -1.25       -1.16702         -0.655
560          -1.29       -1.16724          -0.63
561          -1.42       -1.16769          -0.72
562          -1.43       -1.16815          -0.73
563          -1.42        -1.1686         -0.745
564          -1.39       -1.16899         -0.715
565          -1.44       -1.16947         -0.745
566          -1.33       -1.16975         -0.685
567          -1.35       -1.17007         -0.695
568          -1.28       -1.17026         -0.695
569          -1.38       -1.17063          -0.74
570          -1.34       -1.17093          -0.77
571          -1.37       -1.17128         -0.745
572          -1.45       -1.17176          -0.81
573           -1.4       -1.17216         -0.765
574          -1.33       -1.17243          -0.75
575          -1.33       -1.17271          -0.75
576          -1.47       -1.17322         -0.735
577           -1.4       -1.17362          -0.75
578          -1.34        -1.1739          -0.67
579          -1.39       -1.17428          -0.61
580          -1.36        -1.1746          -0.65
581          -1.46       -1.17509          -0.69
582          -1.41       -1.17549         -0.715
583          -1.43       -1.17592          -0.71
584          -1.38       -1.17627         -0.725
585          -1.23       -1.17637         -0.655
586          -1.33       -1.17663         -0.675
587          -1.37       -1.17696          -0.67
588          -1.33       -1.17722         -0.625
589          -1.39       -1.17758          -0.64
590          -1.33       -1.17783         -0.625
591          -1.26       -1.17797          -0.57
592          -1.35       -1.17826         -0.655
593          -1.39       -1.17862         -0.725
594          -1.37       -1.17894         -0.745
595          -1.59       -1.17963         -0.825
596          -1.56       -1.18027         -0.825
597          -1.57       -1.18092          -0.86
598          -1.64       -1.18169          -0.89
599          -1.62       -1.18242          -0.89
600          -1.62       -1.18314          -0.88
601          -1.67       -1.18395           -0.9
602          -1.65       -1.18473          -0.88
603          -1.54       -1.18531         -0.835
604          -1.62       -1.18603          -0.84
605           -1.5       -1.18655         -0.745
606          -1.45       -1.18699         -0.755
607          -1.48       -1.18747          -0.76
608          -1.45        -1.1879          -0.75
609          -1.24       -1.18798         -0.655
610          -1.28       -1.18813          -0.69
611          -1.39       -1.18846          -0.72
612          -1.39       -1.18879          -0.75
613          -1.37       -1.18909          -0.76
614          -1.34       -1.18933         -0.725
615          -1.49       -1.18982         -0.765
616          -1.37       -1.19011         -0.735
617          -1.38       -1.19042          -0.75
618          -1.42       -1.19079          -0.76
619          -1.36       -1.19106          -0.72
620          -1.34        -1.1913         -0.675
621          -1.45       -1.19172          -0.73
622          -1.46       -1.19215         -0.765
623          -1.51       -1.19266         -0.775
624          -1.47        -1.1931          -0.79
625          -1.35       -1.19335          -0.73
626          -1.38       -1.19365          -0.73
627          -1.45       -1.19406          -0.77
628          -1.42       -1.19442          -0.78
629          -1.52       -1.19494          -0.83
630          -1.41       -1.19528         -0.765
631          -1.49       -1.19574         -0.765
632          -1.35       -1.19599          -0.75
633          -1.37       -1.19626         -0.705
634          -1.47       -1.19669           -0.7
635          -1.41       -1.19703         -0.745
636          -1.49       -1.19749          -0.76
637          -1.43       -1.19785         -0.775
638           -1.5       -1.19833         -0.795
639          -1.56       -1.19889         -0.815
640          -1.56       -1.19945          -0.81
641          -1.54       -1.19998          -0.81
642          -1.51       -1.20047         -0.805
643          -1.63       -1.20113          -0.87
644          -1.68       -1.20188         -0.895
645          -1.72       -1.20268          -0.91
646          -1.65       -1.20337         -0.875
647          -1.47       -1.20378           -0.8
648          -1.38       -1.20405          -0.76
649          -1.24       -1.20411          -0.62
650          -1.14       -1.20401          -0.65
651          -1.21       -1.20402          -0.66
652          -1.33       -1.20421         -0.725
653          -1.39        -1.2045          -0.65
654          -1.37       -1.20475         -0.585
655          -1.32       -1.20492         -0.565
656           -1.4       -1.20522         -0.525
657          -1.42       -1.20555         -0.555
658          -1.36       -1.20578         -0.575
659          -1.32       -1.20595          -0.52
660          -1.23       -1.20599         -0.495
661           -1.3       -1.20613         -0.455
662          -1.24       -1.20618         -0.435
663          -1.35        -1.2064         -0.505
664           -1.2       -1.20639         -0.495
665          -1.22       -1.20641         -0.475
666          -1.21       -1.20642           -0.4
667          -1.15       -1.20633         -0.365
668          -1.19       -1.20631          -0.36
669          -1.29       -1.20643          -0.39
670          -1.28       -1.20654           -0.4
671          -1.26       -1.20662         -0.305
672          -1.21       -1.20663          -0.27
673          -1.26       -1.20671          -0.33
674          -1.24       -1.20676         -0.355
675          -1.24        -1.2068         -0.335
676          -1.05       -1.20657          -0.35
677          -1.13       -1.20646          -0.28
678           -1.1        -1.2063          -0.35
679          -1.14       -1.20621          -0.34
680          -1.31       -1.20636           -0.3
681          -1.31       -1.20651          -0.34
682          -1.26       -1.20659          -0.41
683          -1.17       -1.20654          -0.32
684          -1.34       -1.20673         -0.435
685          -1.21       -1.20673         -0.325
686          -1.13       -1.20662         -0.345
687          -1.08       -1.20644          -0.29
688          -1.06       -1.20623          -0.22
689          -1.08       -1.20604         -0.225
690          -1.24       -1.20609          -0.18
691          -1.33       -1.20627          -0.07
692          -1.23       -1.20631         -0.075
693          -1.16       -1.20624          -0.07
694           -1.2       -1.20623          -0.04
695          -1.17       -1.20618           0.01
696          -1.02       -1.20591           0.08
697          -1.13        -1.2058           0.11
698          -1.17       -1.20575           0.13
699          -1.18       -1.20571          0.155
700           -1.3       -1.20585           0.24
701           -1.2       -1.20584          0.275
702          -1.14       -1.20575           0.27
703          -1.14       -1.20565          0.265
704          -1.16       -1.20559           0.31
705           -1.2       -1.20558          0.295
706          -1.26       -1.20566          0.375
707          -1.19       -1.20564          0.295
708          -1.11        -1.2055          0.195
709          -1.07       -1.20531          0.075
710           -1.1       -1.20516           0.07
711          -1.08       -1.20499           0.09
712           -1.1       -1.20484          0.085
713          -1.01       -1.20457           0.12
714          -0.99       -1.20427           0.04
715          -1.09       -1.20411          0.035
716          -1.04       -1.20388         -0.065
717          -1.11       -1.20375          -0.02
718          -1.12       -1.20363          0.005
719          -1.19       -1.20361          0.075
720          -1.11       -1.20348           0.06
721          -1.16       -1.20342            0.1
722          -1.24       -1.20347          0.165
723          -1.03       -1.20323           0.15
724          -1.16       -1.20317          0.065
725          -1.11       -1.20304         -0.045
726          -1.09       -1.20289          -0.13
727          -1.07       -1.20271         -0.105
728          -0.98        -1.2024         -0.065
729          -0.99       -1.20211          -0.05
730          -0.99       -1.20182         -0.145
731          -0.92       -1.20143           -0.2
732          -0.89       -1.20101          -0.24
733             -1       -1.20074         -0.265
734          -0.94       -1.20038         -0.175
735           -0.9       -1.19997          -0.13
736          -0.91       -1.19958         -0.095
737          -1.01       -1.19932          -0.05
738          -0.99       -1.19904          -0.01
739          -1.17         -1.199           0.04
740          -1.21       -1.19901          0.115
741          -1.23       -1.19906           0.09
742          -1.26       -1.19914           0.09
743          -1.24       -1.19919           0.07
744          -1.23       -1.19923           0.15
745          -1.29       -1.19936           0.21
746          -1.23        -1.1994          0.195
747          -1.25       -1.19947            0.1
748          -1.21       -1.19948            0.1
749          -1.16       -1.19943           0.02
750          -1.15       -1.19936          0.015
751          -0.98       -1.19907          0.055
752          -1.06       -1.19888           0.15
753          -0.95       -1.19855           0.11
754          -1.04       -1.19834           0.06
755          -1.03       -1.19812          0.045
756          -1.09       -1.19798         -0.005
757          -1.12       -1.19788         -0.095
758          -0.99        -1.1976          -0.16
759          -1.04       -1.19739          -0.14
760          -1.09       -1.19725         -0.165
761          -1.04       -1.19705         -0.245
762          -1.04       -1.19684           -0.2
763          -1.16       -1.19679          -0.22
764          -1.19       -1.19678          -0.27
765          -1.16       -1.19674          -0.37
766           -1.1       -1.19661          -0.37
767          -1.11        -1.1965          -0.36
768           -1.2        -1.1965         -0.385
769           -1.1       -1.19638          -0.38
770          -1.25       -1.19645         -0.475
771          -1.27       -1.19654         -0.465
772          -1.27       -1.19664           -0.5
773          -1.19       -1.19663          -0.45
774          -1.23       -1.19667          -0.47
775          -1.19       -1.19666         -0.465
776          -1.16       -1.19662         -0.415
777          -1.12       -1.19652         -0.415
778          -1.05       -1.19633          -0.43
779          -1.09       -1.19619          -0.42
780          -1.02       -1.19597         -0.355
781          -1.07       -1.19581          -0.38
782          -0.98       -1.19553         -0.385
783          -1.22       -1.19556         -0.435
784          -1.17       -1.19553         -0.465
785          -1.24       -1.19559         -0.465
786          -1.26       -1.19567          -0.45
787          -1.19       -1.19566         -0.415
788          -1.22       -1.19569         -0.405
789          -1.25       -1.19576         -0.405
790          -1.28       -1.19587          -0.49
791          -1.27       -1.19596         -0.575
792           -1.2       -1.19596          -0.53
793          -1.19       -1.19596         -0.495
794          -1.16       -1.19591          -0.51
795          -1.25       -1.19598         -0.515
796          -1.18       -1.19596          -0.44
797          -1.21       -1.19598          -0.48
798          -1.18       -1.19596         -0.485
799          -0.98       -1.19569          -0.42
800          -0.98       -1.19542          -0.42
801          -0.97       -1.19514         -0.355
802          -0.84       -1.19469          -0.33
803          -0.92       -1.19435         -0.395
804          -1.02       -1.19414          -0.45
805          -1.03       -1.19393          -0.36
806          -1.14       -1.19387          -0.25
807           -1.1       -1.19375         -0.275
808          -1.06       -1.19358          -0.23
809          -1.12       -1.19349         -0.175
810          -1.23       -1.19354          -0.27
811          -1.22       -1.19357         -0.265
812          -1.11       -1.19347         -0.245
813          -1.15       -1.19342          -0.18
814          -1.15       -1.19336          -0.22
815          -1.13       -1.19328          -0.19
816           -1.2       -1.19329         -0.235
817          -1.15       -1.19324         -0.385
818           -1.1       -1.19313          -0.33
819           -1.1       -1.19301          -0.38
820          -1.03       -1.19281          -0.41
821          -1.11       -1.19271         -0.495
822          -1.19       -1.19271          -0.48
823          -1.18       -1.19269          -0.45
824          -1.17       -1.19267          -0.46
825          -1.14        -1.1926         -0.445
826          -1.09       -1.19248         -0.395
827          -1.25       -1.19255          -0.45
828          -1.16       -1.19251         -0.445
829           -1.2       -1.19252          -0.39
830          -1.32       -1.19267          -0.43
831          -1.29       -1.19279          -0.45
832          -1.17       -1.19276          -0.41
833          -1.26       -1.19284          -0.36
834          -1.26       -1.19292          -0.43
835          -1.29       -1.19304          -0.47
836          -1.22       -1.19307         -0.405
837          -1.23       -1.19311          -0.38
838          -1.24       -1.19317         -0.345
839          -1.28       -1.19327          -0.32
840          -1.31       -1.19341          -0.27
841          -1.21       -1.19343          -0.26
842           -1.3       -1.19356          -0.28
843          -1.28       -1.19366          -0.31
844          -1.28       -1.19376          -0.32
845          -1.18       -1.19375          -0.29
846           -1.2       -1.19375         -0.315
847          -1.08       -1.19362          -0.33
848          -1.01        -1.1934         -0.285
849           -1.1       -1.19329          -0.33
850          -1.21       -1.19331         -0.365
851          -1.09       -1.19319         -0.285
852          -1.15       -1.19314          -0.24
853          -1.15       -1.19309          -0.23
854          -1.16       -1.19305         -0.315
855           -1.2       -1.19306         -0.315
856          -1.22       -1.19309          -0.26
857          -1.15       -1.19304         -0.285
858           -1.2       -1.19305          -0.25
859           -1.2       -1.19306         -0.235
860          -1.25       -1.19312         -0.115
861          -1.15       -1.19307          -0.02
862           -1.2       -1.19308           0.07
863          -1.08       -1.19295           0.02
864          -1.15        -1.1929          0.025
865          -1.03       -1.19271          0.065
866          -1.13       -1.19264          0.085
867          -1.12       -1.19256           0.15
868           -1.1       -1.19245          0.135
869          -1.09       -1.19233           0.11
870          -1.09       -1.19222          0.125
871          -1.09        -1.1921          0.075
872          -1.14       -1.19204          0.155
873          -1.15       -1.19199          0.095
874          -1.27       -1.19208           0.15
875           -1.2       -1.19209           0.18
876          -1.25       -1.19216          0.235
877          -1.32        -1.1923           0.23
878          -1.34       -1.19247          0.165
879          -1.31        -1.1926          0.165
880          -1.15       -1.19255           0.09
881          -1.21       -1.19257          0.115
882          -1.17       -1.19255           0.12
883          -1.14       -1.19249          0.195
884          -1.08       -1.19236          0.235
885          -1.11       -1.19227          0.245
886          -1.07       -1.19213           0.19
887          -1.07       -1.19199          0.205
888          -1.15       -1.19195           0.15
889          -1.16       -1.19191          0.145
890          -1.23       -1.19195           0.19
891           -1.2       -1.19196          0.195
892          -1.17       -1.19194          0.235
893          -1.17       -1.19191           0.26
894          -1.03       -1.19173           0.22
895          -0.93       -1.19144           0.19
896          -0.95       -1.19117          0.165
897             -1       -1.19096           0.23
898          -1.09       -1.19085            0.1
899          -1.15        -1.1908           0.14
900          -1.13       -1.19073          0.155
901           -1.2       -1.19074          0.275
902          -1.23       -1.19079          0.275
903          -1.33       -1.19094           0.32
904          -1.26       -1.19102           0.32
905          -1.28       -1.19111          0.305
906          -1.15       -1.19107           0.26
907          -1.23       -1.19111          0.285
908          -1.37       -1.19131          0.305
909          -1.29       -1.19142          0.275
910          -1.31       -1.19155           0.27
911          -1.33        -1.1917            0.3
912          -1.21       -1.19172           0.25
913          -1.06       -1.19158          0.225
914          -1.05       -1.19142           0.28
915          -1.08        -1.1913           0.27
916          -1.17       -1.19128           0.36
917          -1.17       -1.19125          0.365
918          -1.23       -1.19129           0.35
919          -1.24       -1.19135          0.245
920          -1.11       -1.19126          0.215
921          -1.17       -1.19124          0.275
922          -1.19       -1.19124           0.31
923          -1.14       -1.19118           0.28
924          -1.21        -1.1912           0.32
925          -1.18       -1.19119           0.34
926          -1.15       -1.19114           0.35
927          -1.24        -1.1912          0.365
928          -1.18       -1.19118          0.255
929          -1.22       -1.19122          0.215
930           -1.2       -1.19122          0.265
931          -1.21       -1.19124           0.19
932          -1.16       -1.19121           0.22
933          -1.01       -1.19102          0.185
934          -1.11       -1.19093           0.13
935          -1.05       -1.19078           0.07
936          -1.13       -1.19072         -0.015
937          -1.18        -1.1907          -0.07
938          -1.15       -1.19066          -0.06
939          -1.23        -1.1907         -0.115
940          -1.09        -1.1906         -0.085
941          -1.12       -1.19052         -0.105
942          -1.17        -1.1905         -0.125
943          -1.07       -1.19037         -0.135
944          -1.08       -1.19025         -0.135
945          -1.08       -1.19014          -0.09
946          -1.11       -1.19005         -0.075
947          -1.06       -1.18992          -0.11
948          -1.01       -1.18973          -0.19
949          -0.98       -1.18951         -0.115
950          -1.11       -1.18942         -0.165
951          -1.14       -1.18937          -0.09
952          -1.13       -1.18931          -0.16
953          -1.13       -1.18925         -0.145
954          -1.07       -1.18912          -0.21
955          -1.16       -1.18909         -0.265
956          -1.14       -1.18904         -0.195
957          -1.11       -1.18896         -0.185
958          -1.21       -1.18898         -0.125
959          -1.27       -1.18906          -0.17
960          -1.33       -1.18921          -0.25
961          -1.31       -1.18933          -0.21
962          -1.25        -1.1894           -0.2
963          -1.21       -1.18942         -0.135
964          -1.26       -1.18949          -0.07
965          -1.23       -1.18953          -0.09
966          -1.29       -1.18964          -0.09
967          -1.24       -1.18969          -0.03
968          -1.15       -1.18965          -0.04
969          -1.12       -1.18958          -0.04
970          -1.11        -1.1895              0
971          -1.11       -1.18941          0.065
972          -1.17       -1.18939          0.075
973          -1.24       -1.18945           0.09
974          -1.19       -1.18945           0.06
975          -1.07       -1.18932           0.06
976          -1.08       -1.18921          0.045
977          -1.17       -1.18919          0.035
978           -1.1        -1.1891          0.065
979          -0.99        -1.1889              0
980          -0.99        -1.1887           0.01
981          -1.11       -1.18862          0.035
982          -1.07       -1.18849           0.07
983          -1.17       -1.18848           0.06
984          -1.16       -1.18845          0.065
985          -1.22       -1.18848           0.09
986           -1.2       -1.18849           0.09
987           -1.1        -1.1884          0.035
988          -1.11       -1.18832          -0.03
989          -1.13       -1.18826          -0.03
990          -1.16       -1.18823          -0.01
991          -1.14       -1.18819          -0.02
992          -0.98       -1.18798          -0.03
993          -1.03       -1.18782         -0.125
994          -0.97        -1.1876         -0.025
995          -0.95       -1.18736         -0.145
996          -1.08       -1.18725          -0.19
997          -1.05       -1.18711         -0.125
998          -1.02       -1.18695          -0.19
999          -1.12       -1.18688           -0.1
1000          -1.13       -1.18682         -0.085
1001          -0.96        -1.1866         -0.035
1002          -0.97       -1.18638          -0.13
1003          -1.02       -1.18622          -0.17
1004          -0.93       -1.18596         -0.135
1005          -0.99       -1.18577          -0.11
1006          -0.96       -1.18554         -0.055
1007          -1.03       -1.18539         -0.005
1008          -1.01       -1.18521          0.065
1009           -1.1       -1.18513           0.08
1010          -1.05         -1.185           0.06
1011          -1.12       -1.18493          0.035
1012          -1.07       -1.18482              0
1013          -1.12       -1.18475          0.035
1014          -1.08       -1.18465          0.015
1015          -1.07       -1.18454          0.085
1016          -1.03       -1.18439           0.08
1017          -1.04       -1.18424          0.065
1018          -1.21       -1.18427           0.02
1019           -1.1       -1.18419           0.12
1020          -1.08       -1.18408          0.175
1021          -1.04       -1.18394            0.2
1022          -0.93        -1.1837            0.2
1023          -0.83       -1.18335           0.19
1024          -0.94       -1.18311           0.29
1025          -0.88       -1.18282          0.275
1026          -0.95       -1.18259            0.3
1027          -0.99        -1.1824           0.32
1028          -1.07       -1.18229           0.29
1029          -1.06       -1.18217           0.35
1030          -1.13       -1.18212           0.46
1031          -0.99       -1.18194            0.4
1032          -1.06       -1.18182          0.455
1033          -0.95        -1.1816           0.41
1034          -0.96       -1.18138          0.405
1035          -1.06       -1.18126            0.4
1036          -1.12       -1.18121          0.375
1037          -1.16       -1.18118          0.365
1038          -1.09        -1.1811          0.305
1039          -1.12       -1.18104          0.225
1040          -1.12       -1.18098           0.25
1041          -1.16       -1.18096           0.32
1042          -1.12        -1.1809           0.27
1043          -1.15       -1.18087          0.325
1044          -1.32         -1.181           0.35
1045          -1.29       -1.18111           0.39
1046          -1.15       -1.18108           0.39
1047          -1.28       -1.18117           0.53
1048          -1.28       -1.18127           0.47
1049          -1.27       -1.18135           0.48
1050          -1.24       -1.18141           0.44
1051          -1.37       -1.18159           0.48
1052          -1.32       -1.18172          0.525
1053          -1.23       -1.18176            0.5
1054          -1.22        -1.1818           0.47
1055          -1.22       -1.18184          0.485
1056           -1.3       -1.18195          0.545
1057          -1.28       -1.18204          0.545
1058          -1.22       -1.18208           0.53
1059          -1.27       -1.18216          0.535
1060          -1.17       -1.18215          0.465
1061           -1.2       -1.18217           0.41
1062          -1.26       -1.18224          0.425
1063          -1.21       -1.18227          0.385
1064          -1.33        -1.1824           0.37
1065          -1.09       -1.18232          0.295
1066          -1.02       -1.18216          0.265
1067          -1.07       -1.18206          0.335
1068          -0.93       -1.18182          0.295
1069          -0.95       -1.18161          0.255
1070          -1.08       -1.18151           0.13
1071          -1.11       -1.18145           0.05
1072          -1.04       -1.18131          0.035
1073             -1       -1.18115            0.1
1074          -1.01       -1.18099           0.04
1075          -1.14       -1.18095           0.01
1076          -1.28       -1.18104           -0.1
1077          -1.12       -1.18098         -0.045
1078          -1.01       -1.18082          -0.08
1079          -0.97       -1.18063          -0.07
1080          -0.99       -1.18045         -0.135
1081          -1.09       -1.18037          -0.07
1082           -1.1        -1.1803           -0.1
1083          -1.12       -1.18024          0.005
1084          -1.14        -1.1802          -0.01
1085          -1.17       -1.18019          -0.01
1086          -1.25       -1.18026         -0.025
1087          -1.18       -1.18026          -0.13
1088           -1.2       -1.18028         -0.155
1089          -1.11       -1.18021         -0.155
1090          -1.08       -1.18012          -0.23
1091           -1.2       -1.18014          -0.29
1092          -1.13       -1.18009         -0.235
1093          -1.14       -1.18005         -0.145
1094          -1.04       -1.17993          -0.15
1095          -1.14       -1.17989         -0.135
1096          -1.05       -1.17977          -0.12
1097           -1.1        -1.1797         -0.205
1098          -1.07        -1.1796          -0.12
1099             -1       -1.17944          -0.04
1100          -0.93       -1.17921         -0.005
1101             -1       -1.17905          -0.03
1102           -1.2       -1.17907           0.02
1103          -1.01       -1.17891          0.105
1104          -1.08       -1.17882          -0.04
1105          -1.11       -1.17876          -0.05
1106          -0.98       -1.17858          -0.01
1107          -1.06       -1.17847           0.01
1108          -0.91       -1.17823           0.04
1109          -1.01       -1.17808           0.03
1110          -0.96       -1.17788         -0.095
1111          -1.14       -1.17785         -0.075
1112          -1.16       -1.17783         -0.005
1113          -1.17       -1.17783         -0.035
1114          -0.99       -1.17766          -0.03
1115          -0.97       -1.17747          -0.05
1116          -0.96       -1.17728         -0.055
1117          -0.96       -1.17708          0.005
1118          -1.01       -1.17693          0.005
1119          -1.12       -1.17688           0.02
1120           -1.2        -1.1769           0.16
1121          -1.07       -1.17681          0.155
1122          -0.98       -1.17663          0.065
1123          -0.98       -1.17646           0.09
1124           -1.1       -1.17639            0.1
1125          -1.13       -1.17635           0.08
1126          -1.12        -1.1763           0.14
1127          -1.13       -1.17626           0.18
1128          -1.13       -1.17622           0.12
1129          -1.07       -1.17612          0.215
1130          -1.12       -1.17607           0.25
1131          -1.04       -1.17595           0.24
1132          -1.05       -1.17584           0.23
1133          -1.04       -1.17572           0.24
1134          -0.97       -1.17554          0.295
1135          -0.99       -1.17538          0.295
1136          -1.08       -1.17529          0.265
1137          -0.91       -1.17506          0.285
1138          -1.08       -1.17498          0.315
1139           -1.1       -1.17491          0.305
1140          -1.17       -1.17491          0.245
1141          -1.11       -1.17485          0.305
1142          -1.07       -1.17476          0.245
1143          -1.12       -1.17471           0.35
1144          -1.11       -1.17466           0.37
1145           -1.2       -1.17468          0.385
1146           -1.2        -1.1747          0.405
1147          -1.25       -1.17476           0.38
1148          -1.27       -1.17485           0.38
1149          -1.16       -1.17483           0.34
1150          -1.13        -1.1748          0.285
1151          -1.06        -1.1747          0.255
1152          -1.21       -1.17473          0.265
1153          -1.22       -1.17477           0.27
1154          -1.24       -1.17482          0.325
1155          -1.16       -1.17481          0.375
1156          -1.19       -1.17482          0.335
1157          -1.22       -1.17486          0.355
1158          -1.17       -1.17486          0.355
1159           -1.1       -1.17479            0.3
1160          -1.17       -1.17479           0.26
1161          -1.05       -1.17468           0.28
1162          -1.05       -1.17457          0.325
1163          -1.09        -1.1745           0.39
1164          -1.12       -1.17445          0.405
1165          -1.11        -1.1744           0.37
1166          -1.11       -1.17434          0.325
1167          -1.04       -1.17423          0.315
1168          -1.22       -1.17427          0.385
1169          -1.23       -1.17432           0.44
1170          -1.24       -1.17437           0.36
1171          -1.16       -1.17436          0.215
1172          -1.25       -1.17442          0.175
1173          -1.21       -1.17445           0.18
1174          -1.25       -1.17452          0.165
1175          -1.22       -1.17456           0.18
1176          -1.13       -1.17452          0.245
1177          -1.13       -1.17448           0.19
1178          -0.98       -1.17432          0.275
1179          -1.09       -1.17425          0.225
1180          -1.03       -1.17412          0.265
1181          -1.12       -1.17408           0.22
1182          -1.11       -1.17402          0.215
1183          -1.21       -1.17405          0.265
1184          -1.15       -1.17403            0.3
1185          -1.32       -1.17416           0.37
1186          -1.24       -1.17421          0.325
1187          -1.23       -1.17426          0.365
1188          -1.17       -1.17426          0.335
1189          -1.19       -1.17427          0.345
1190          -1.19       -1.17428          0.415
1191          -1.17       -1.17428           0.36
1192          -1.21       -1.17431          0.375
1193          -1.15       -1.17429          0.355
1194          -1.15       -1.17427           0.36
1195          -1.13       -1.17423          0.345
1196          -1.22       -1.17427           0.35
1197          -1.31       -1.17438          0.335
1198          -1.28       -1.17447          0.355
1199           -1.2       -1.17449          0.445
1200          -1.11       -1.17444          0.405
1201          -1.08       -1.17436          0.415
1202          -1.27       -1.17444          0.435
1203          -1.24       -1.17449           0.42
1204          -1.18        -1.1745          0.465
1205          -1.08       -1.17442            0.5
1206          -1.14       -1.17439          0.525
1207          -1.18        -1.1744          0.565
1208          -1.21       -1.17443          0.575
1209          -1.27        -1.1745            0.6
1210          -1.32       -1.17462           0.58
1211          -1.26       -1.17469           0.53
1212          -1.27       -1.17477           0.52
1213          -1.13       -1.17474           0.43
1214          -1.17       -1.17473           0.48
1215          -1.17       -1.17473           0.52
1216          -1.12       -1.17468          0.555
1217          -1.19        -1.1747          0.585
1218             -1       -1.17455           0.49
1219          -1.03       -1.17443            0.5
1220          -1.23       -1.17448          0.555
1221          -1.23       -1.17453           0.53
1222          -1.23       -1.17457           0.51
1223          -1.32       -1.17469          0.545
1224          -1.21       -1.17472          0.505
1225          -1.18       -1.17472          0.535
1226          -1.24       -1.17478           0.58
1227           -1.3       -1.17488          0.575
1228          -1.24       -1.17493          0.535
1229          -1.31       -1.17504           0.53
1230          -1.18       -1.17504          0.485
1231          -1.26       -1.17511            0.5
1232          -1.13       -1.17508            0.5
1233           -1.3       -1.17518          0.545
1234          -1.23       -1.17522          0.515
1235          -1.22       -1.17526            0.5
1236          -1.17       -1.17525           0.52
1237          -1.09       -1.17519          0.495
1238          -1.13       -1.17515          0.575
1239          -1.17       -1.17515          0.585
1240          -1.14       -1.17512           0.56
1241           -1.3       -1.17522           0.58
1242          -1.37       -1.17537          0.515
1243          -1.21        -1.1754          0.495
1244          -1.22       -1.17544          0.445
1245          -1.25        -1.1755          0.465
1246          -1.21       -1.17553           0.49
1247          -1.18       -1.17553           0.47
1248           -1.1       -1.17547          0.485
1249          -1.21        -1.1755            0.6
1250          -1.31        -1.1756           0.55
1251          -1.23       -1.17565           0.49
1252          -1.18       -1.17565          0.615
1253          -1.38       -1.17581           0.67
1254          -1.37       -1.17597           0.65
1255          -1.21         -1.176          0.605
1256          -1.32       -1.17611          0.695
1257          -1.37       -1.17626          0.745
1258           -1.4       -1.17644           0.73
1259           -1.5        -1.1767           0.78
1260           -1.3        -1.1768           0.71
1261          -1.34       -1.17693          0.695
1262           -1.4        -1.1771          0.755
1263          -1.28       -1.17718            0.7
1264          -1.35       -1.17732            0.7
1265          -1.27       -1.17739           0.61
1266          -1.18        -1.1774           0.61
1267          -1.24       -1.17744           0.65
1268          -1.32       -1.17756          0.675
1269          -1.26       -1.17762           0.63
1270          -1.36       -1.17777          0.685
1271          -1.35        -1.1779           0.65
1272          -1.34       -1.17803          0.675
1273          -1.28       -1.17811           0.64
1274          -1.19       -1.17812          0.565
1275          -1.21       -1.17814           0.57
1276          -1.32       -1.17825          0.535
1277           -1.3       -1.17835          0.555
1278           -1.3       -1.17844            0.5
1279          -1.25        -1.1785           0.52
1280          -1.18        -1.1785          0.545
1281          -1.24       -1.17855          0.595
1282          -1.42       -1.17874           0.71
1283          -1.33       -1.17886           0.66
1284          -1.31       -1.17896          0.665
1285          -1.35       -1.17909           0.67
1286          -1.47       -1.17932           0.78
1287          -1.56       -1.17961          0.815
1288          -1.56       -1.17991           0.85
1289          -1.57       -1.18021          0.855
1290          -1.64       -1.18057           0.88
1291          -1.55       -1.18085          0.855
1292          -1.63        -1.1812          0.895
1293          -1.61       -1.18153          0.885
1294          -1.64       -1.18188           0.89
1295          -1.64       -1.18224          0.885
1296          -1.57       -1.18254          0.835
1297          -1.41       -1.18271            0.8
1298          -1.39       -1.18287          0.775
1299          -1.49       -1.18311           0.79
1300          -1.37       -1.18325          0.735
1301          -1.56       -1.18354           0.81
1302          -1.56       -1.18383           0.85
1303          -1.61       -1.18416           0.86
1304          -1.56       -1.18444          0.835
1305          -1.45       -1.18465          0.805
1306          -1.52        -1.1849           0.82
1307          -1.59       -1.18521          0.825
1308          -1.62       -1.18555          0.865
1309          -1.62       -1.18588          0.875
1310          -1.51       -1.18613           0.82
1311          -1.49       -1.18636           0.84
1312          -1.49       -1.18659           0.83
1313          -1.47        -1.1868          0.815
1314          -1.34       -1.18692           0.76
1315          -1.32       -1.18702           0.71
1316          -1.41       -1.18719          0.715
1317          -1.47       -1.18741          0.755
1318          -1.43       -1.18759           0.73
1319          -1.28       -1.18766          0.725
1320          -1.41       -1.18783          0.745
1321          -1.37       -1.18797          0.695
1322          -1.21       -1.18798           0.62
1323          -1.23       -1.18801            0.6
1324          -1.27       -1.18808          0.645
1325          -1.19       -1.18808           0.59
1326          -1.21       -1.18809          0.555
1327          -1.15       -1.18806           0.58
1328          -1.15       -1.18804          0.575
1329          -1.15       -1.18801          0.475
1330          -1.22       -1.18803           0.55
1331          -1.16       -1.18801           0.48
1332          -1.22       -1.18803           0.46
1333          -1.28        -1.1881           0.42
1334          -1.16       -1.18808           0.43
1335          -1.18       -1.18808          0.435
1336          -1.19       -1.18808          0.515
1337           -1.1       -1.18801           0.49
1338          -1.21       -1.18803           0.55
1339          -1.26       -1.18808            0.6
1340          -1.29       -1.18816          0.655
1341          -1.22       -1.18818          0.605
1342          -1.39       -1.18833          0.665
1343          -1.44       -1.18852            0.7
1344           -1.4       -1.18868          0.695
1345          -1.45       -1.18887          0.745
1346          -1.31       -1.18896          0.675
1347           -1.4       -1.18912           0.75
1348          -1.34       -1.18923           0.68
1349          -1.22       -1.18925           0.64
1350          -1.34       -1.18936          0.675
1351          -1.27       -1.18942           0.64
1352          -1.08       -1.18934          0.605
1353           -1.2       -1.18935           0.61
1354          -1.29       -1.18942          0.655
1355          -1.18       -1.18942            0.6
1356          -1.25       -1.18946          0.675
1357          -1.29       -1.18954           0.65
1358          -1.19       -1.18954           0.59
1359          -1.25       -1.18958           0.63
1360          -1.28       -1.18965           0.59
1361          -1.25       -1.18969           0.59
1362          -1.24       -1.18973          0.665
1363          -1.21       -1.18974          0.635
1364          -1.31       -1.18983            0.7
1365          -1.33       -1.18993           0.66
1366          -1.19       -1.18993          0.595
1367          -1.26       -1.18999          0.645
1368          -1.21          -1.19           0.66
1369          -1.28       -1.19007          0.665
1370          -1.25       -1.19011           0.74
1371          -1.39       -1.19026           0.78
1372          -1.33       -1.19036           0.72
1373          -1.38       -1.19049          0.685
1374          -1.29       -1.19057          0.625
1375           -1.3       -1.19065           0.62
1376          -1.38       -1.19078           0.67
1377          -1.24       -1.19082          0.565
1378          -1.25       -1.19086          0.585
1379          -1.27       -1.19092          0.635
1380          -1.28       -1.19098           0.66
1381          -1.21         -1.191          0.635
1382          -1.25       -1.19104          0.645
1383          -1.17       -1.19103           0.58
1384          -1.22       -1.19105           0.54
1385          -1.24       -1.19108          0.495
1386          -1.31       -1.19117           0.53
1387          -1.39       -1.19131           0.48
1388          -1.37       -1.19144           0.51
1389          -1.27        -1.1915          0.485
1390          -1.36       -1.19162          0.545
1391          -1.24       -1.19165            0.5
1392          -1.33       -1.19175          0.435
1393          -1.35       -1.19187          0.445
1394          -1.36       -1.19199          0.525
1395          -1.21         -1.192           0.43
1396          -1.22       -1.19202           0.38
1397          -1.13       -1.19197           0.36
1398          -1.15       -1.19194           0.39
1399          -1.19       -1.19194           0.31
1400          -1.21       -1.19196           0.38
1401          -1.23       -1.19198           0.34
1402          -1.29       -1.19205           0.36
1403          -1.24       -1.19209          0.345
1404          -1.18       -1.19208          0.325
1405          -1.13       -1.19203           0.33
1406          -1.14         -1.192          0.265
1407          -1.22       -1.19202          0.315
1408          -1.23       -1.19204           0.39
1409          -1.21       -1.19206          0.365
1410          -1.16       -1.19203           0.31
1411          -1.23       -1.19206           0.35
1412          -1.19       -1.19206          0.375
1413          -1.11         -1.192           0.37
1414          -1.19         -1.192          0.385
1415          -1.05        -1.1919          0.335
1416          -1.06       -1.19181           0.37
1417          -0.98       -1.19166          0.445
1418          -1.11        -1.1916          0.375
1419          -1.11       -1.19154           0.34
1420          -1.03       -1.19143          0.305
1421          -1.25       -1.19147          0.345
1422          -1.29       -1.19154           0.42
1423          -1.36       -1.19166           0.39
1424          -1.21       -1.19167          0.395
1425          -1.09        -1.1916          0.335
1426          -1.12       -1.19155          0.385
1427          -1.19       -1.19155            0.4
1428          -1.17       -1.19153          0.385
1429           -1.2       -1.19154           0.39
1430          -1.24       -1.19157           0.44
1431          -1.23        -1.1916           0.43
1432          -1.35       -1.19171           0.56
1433          -1.44       -1.19188           0.68
1434          -1.44       -1.19206           0.68
1435          -1.29       -1.19212           0.66
1436          -1.29       -1.19219           0.69
1437          -1.26       -1.19224          0.675
1438          -1.29       -1.19231          0.695
1439          -1.41       -1.19246           0.72
1440           -1.3       -1.19253          0.715
1441          -1.26       -1.19258          0.705
1442          -1.43       -1.19274          0.765
1443          -1.21       -1.19276           0.68
1444          -1.22       -1.19278          0.685
1445          -1.24       -1.19281          0.645
1446          -1.18        -1.1928           0.64
1447          -1.29       -1.19287          0.675
1448          -1.44       -1.19304          0.775
1449           -1.3       -1.19311          0.705
1450          -1.39       -1.19325           0.73
1451          -1.37       -1.19337          0.705
1452           -1.5       -1.19358          0.715
1453          -1.25       -1.19362           0.62
1454          -1.17        -1.1936            0.6
1455          -1.18       -1.19359           0.55
1456          -1.21        -1.1936          0.575
1457          -1.39       -1.19374           0.66
1458          -1.33       -1.19383          0.655
1459          -1.23       -1.19386          0.695
1460          -1.19       -1.19385          0.645
1461          -1.15       -1.19382          0.615
1462          -1.14       -1.19379          0.545
1463           -1.1       -1.19372           0.54
1464          -1.13       -1.19368          0.555
1465          -1.15       -1.19365          0.515
1466           -1.2       -1.19365          0.535
1467           -1.1       -1.19359          0.515
1468          -1.18       -1.19358           0.62
1469          -1.14       -1.19354           0.57
1470          -1.25       -1.19358           0.56
1471          -1.18       -1.19357           0.55
1472           -1.1       -1.19351          0.455
1473          -1.13       -1.19347           0.49
1474          -1.21       -1.19348          0.445
1475          -1.15       -1.19345          0.465
1476          -1.09       -1.19338           0.44
1477          -1.12       -1.19333           0.51
1478          -1.29       -1.19339          0.535
1479          -1.28       -1.19345          0.595
1480          -1.32       -1.19354           0.56
1481          -1.31       -1.19362           0.56
1482          -1.37       -1.19374          0.645
1483          -1.23       -1.19376           0.59
1484          -1.23       -1.19378           0.61
1485          -1.36        -1.1939          0.685
1486          -1.35         -1.194          0.675
1487          -1.22       -1.19402          0.635
1488          -1.33       -1.19411          0.615
1489          -1.32       -1.19419            0.6
1490          -1.17       -1.19418           0.52
1491          -1.06       -1.19409          0.425
1492          -1.06         -1.194          0.375
1493          -1.05        -1.1939           0.45
1494          -1.16       -1.19388          0.505
1495          -1.14       -1.19384           0.54
1496          -1.22       -1.19386          0.545
1497           -1.3       -1.19393          0.545
1498           -1.2       -1.19394           0.59
1499          -1.29         -1.194            0.6
1500          -1.26       -1.19404          0.635
1501           -1.3       -1.19411          0.595
1502           -1.3       -1.19418          0.555
1503          -1.23       -1.19421           0.54
1504          -1.25       -1.19425          0.575
1505          -1.17       -1.19423           0.57
1506          -1.15        -1.1942           0.48
1507          -1.19        -1.1942          0.545
1508          -1.17       -1.19418            0.5
1509          -1.24       -1.19421           0.46
1510          -1.28       -1.19427          0.435
1511          -1.37       -1.19438           0.55
1512          -1.21        -1.1944           0.51
1513          -1.14       -1.19436           0.46
1514          -1.23       -1.19438           0.44
1515          -1.18       -1.19437           0.44
1516          -1.07       -1.19429           0.39
1517          -1.08       -1.19422            0.4
1518          -0.98       -1.19408           0.43
1519             -1       -1.19395           0.47
1520          -1.04       -1.19385           0.44
1521          -1.09       -1.19378           0.45
1522          -1.12       -1.19373           0.46
1523          -1.03       -1.19362            0.4
1524             -1        -1.1935          0.435
1525          -1.14       -1.19346           0.47
1526          -1.12       -1.19341          0.505
1527          -1.17        -1.1934           0.54
1528          -1.15       -1.19337           0.51
1529          -1.33       -1.19346           0.59
1530          -1.21       -1.19347          0.505
1531          -1.26       -1.19351          0.535
1532          -1.18        -1.1935           0.51
1533          -1.23       -1.19353          0.495
1534          -1.24       -1.19356          0.565
1535           -1.3       -1.19363          0.555
1536          -1.44       -1.19379           0.65
1537          -1.26       -1.19383           0.61
1538          -1.07       -1.19375          0.525
1539          -1.29       -1.19381           0.51
1540          -1.16       -1.19379          0.495
1541          -1.21        -1.1938            0.5
1542          -1.19        -1.1938          0.485
1543          -1.15       -1.19377          0.535
1544          -1.19       -1.19377          0.635
1545          -1.26       -1.19381           0.66
1546          -1.41       -1.19395           0.71
1547          -1.49       -1.19414           0.79
1548          -1.48       -1.19433           0.77
1549          -1.45       -1.19449           0.74
1550          -1.41       -1.19463          0.685
1551          -1.41       -1.19477            0.7
1552          -1.34       -1.19486           0.67
1553          -1.29       -1.19492           0.58
1554          -1.49       -1.19511          0.675
1555          -1.37       -1.19522           0.62
1556          -1.42       -1.19537          0.655
1557          -1.33       -1.19546          0.625
1558          -1.44       -1.19561          0.685
1559          -1.41       -1.19575          0.685
1560          -1.26       -1.19579          0.675
1561          -1.22       -1.19581          0.635
1562          -1.27       -1.19585          0.645
1563          -1.24       -1.19588          0.565
1564          -1.33       -1.19597          0.545
1565          -1.29       -1.19603          0.585
1566           -1.3       -1.19609          0.555
1567          -1.17       -1.19608            0.5
1568          -1.14       -1.19604          0.475
1569          -1.19       -1.19604          0.585
1570          -1.19       -1.19603          0.615
1571          -1.33       -1.19612          0.675
1572          -1.27       -1.19617          0.675
1573          -1.42       -1.19631           0.72
1574          -1.32       -1.19639          0.695
1575          -1.28       -1.19644           0.71
1576           -1.3       -1.19651          0.745
1577           -1.4       -1.19663           0.74
1578          -1.37       -1.19674          0.735
1579           -1.4       -1.19687           0.76
1580          -1.24        -1.1969          0.685
1581          -1.23       -1.19692           0.63
1582          -1.31       -1.19699          0.595
1583          -1.27       -1.19704           0.66
1584          -1.34       -1.19713          0.695
1585          -1.25       -1.19716          0.655
1586          -1.27       -1.19721            0.6
1587          -1.32       -1.19729           0.59
1588          -1.25       -1.19732           0.57
1589          -1.17        -1.1973          0.525
1590          -1.13       -1.19726           0.51
1591          -1.15       -1.19723           0.49
1592          -1.22       -1.19724           0.46
1593          -1.31       -1.19731          0.545
1594          -1.22       -1.19733          0.535
1595          -1.23       -1.19735           0.56
1596          -1.28        -1.1974          0.595
1597          -1.35        -1.1975          0.645
1598          -1.26       -1.19754          0.595
1599          -1.22       -1.19755          0.545
1600          -1.28        -1.1976          0.525
1601          -1.33       -1.19768           0.55
1602          -1.39        -1.1978           0.62
1603          -1.39       -1.19792           0.68
1604          -1.35       -1.19802          0.705
1605          -1.25       -1.19805           0.62
1606          -1.26       -1.19809          0.605
1607          -1.29       -1.19815           0.61
1608          -1.39       -1.19827           0.64
1609          -1.25        -1.1983          0.635
1610           -1.3       -1.19836           0.73
1611          -1.33       -1.19844          0.685
1612          -1.28       -1.19849           0.62
1613          -1.32       -1.19857           0.67
1614          -1.36       -1.19867           0.67
1615          -1.42       -1.19881          0.725
1616           -1.4       -1.19893          0.695
1617          -1.41       -1.19906           0.65
1618          -1.43        -1.1992           0.63
1619          -1.42       -1.19934          0.655
1620          -1.43       -1.19948          0.745
1621          -1.49       -1.19966           0.76
1622          -1.45       -1.19982           0.75
1623          -1.43       -1.19996          0.655
1624          -1.37       -1.20006           0.63
1625          -1.32       -1.20014           0.61
1626          -1.43       -1.20028           0.68
1627          -1.35       -1.20037           0.61
1628          -1.37       -1.20047          0.575
1629          -1.34       -1.20056           0.56
1630          -1.23       -1.20058           0.51
1631          -1.25       -1.20061           0.59
1632           -1.3       -1.20067           0.58
1633           -1.4       -1.20079           0.57
1634          -1.37       -1.20089          0.585
1635          -1.38         -1.201          0.565
1636          -1.33       -1.20108          0.525
1637          -1.33       -1.20116            0.5
1638          -1.34       -1.20124          0.535
1639          -1.32       -1.20132           0.52
1640          -1.35       -1.20141           0.51
1641          -1.29       -1.20146          0.475
1642          -1.24       -1.20149           0.52
1643           -1.3       -1.20155          0.495
1644          -1.24       -1.20157          0.425
1645          -1.23       -1.20159           0.55
1646          -1.27       -1.20163           0.65
1647          -1.31       -1.20169          0.595
1648           -1.3       -1.20175           0.57
1649          -1.29       -1.20181          0.575
1650          -1.19        -1.2018           0.47
1651          -1.27       -1.20184           0.46
1652          -1.26       -1.20188          0.475
1653          -1.29       -1.20193           0.48
1654          -1.19       -1.20192          0.435
1655          -1.28       -1.20197          0.455
1656          -1.24       -1.20199            0.4
1657           -1.1       -1.20193          0.345
1658          -1.02       -1.20182           0.42
1659             -1        -1.2017           0.44
1660          -1.02       -1.20159           0.52
1661           -1.1       -1.20153          0.575
1662           -1.3       -1.20159          0.615
1663          -1.17       -1.20157           0.61
1664          -1.22       -1.20158          0.595
1665          -1.26       -1.20161          0.615
1666          -1.23       -1.20163           0.55
1667          -1.12       -1.20158          0.535
1668          -1.06        -1.2015           0.54
1669          -1.28       -1.20154           0.58
1670          -1.33       -1.20162           0.58
1671          -1.27       -1.20166           0.55
1672          -1.17       -1.20164          0.515
1673          -1.17       -1.20162          0.525
1674          -1.24       -1.20165           0.57
1675          -1.27       -1.20169          0.585
1676          -1.23       -1.20171           0.55
1677          -1.32       -1.20178          0.555
1678          -1.23       -1.20179           0.52
1679          -1.17       -1.20177          0.595
1680          -1.25        -1.2018           0.63
1681          -1.23       -1.20182           0.68
1682          -1.32       -1.20189          0.745
1683          -1.33       -1.20197           0.72
1684          -1.31       -1.20203           0.68
1685          -1.33       -1.20211           0.61
1686          -1.39       -1.20222           0.67
1687          -1.26       -1.20225          0.605
1688           -1.2       -1.20225          0.555
1689          -1.24       -1.20227           0.58
1690          -1.09       -1.20221          0.485
1691          -1.22       -1.20222           0.55
1692          -1.36       -1.20231           0.61
1693          -1.36        -1.2024           0.64
1694          -1.37        -1.2025           0.67
1695          -1.22       -1.20251           0.67
1696          -1.32       -1.20258          0.655
1697           -1.2       -1.20258           0.59
1698          -1.18       -1.20257          0.605
1699          -1.28       -1.20261          0.595
1700          -1.33       -1.20269           0.65
1701          -1.18       -1.20267          0.565
1702          -1.07        -1.2026           0.57
1703           -1.3       -1.20265          0.565
1704          -1.34       -1.20273          0.605
1705          -1.34       -1.20281          0.635
1706          -1.36       -1.20291            0.6
1707          -1.38       -1.20301          0.685
1708          -1.49       -1.20318          0.705
1709          -1.45       -1.20332          0.765
1710          -1.38       -1.20342          0.735
1711          -1.44       -1.20356          0.725
1712          -1.47       -1.20372           0.72
1713          -1.34        -1.2038           0.65
1714          -1.18       -1.20378           0.57
1715          -1.15       -1.20375           0.62
1716           -1.3       -1.20381           0.68
1717          -1.26       -1.20384          0.655
1718          -1.33       -1.20392          0.705
1719          -1.26       -1.20395           0.69
1720          -1.39       -1.20406          0.765
1721          -1.41       -1.20418          0.755
1722          -1.54       -1.20437           0.84
1723           -1.3       -1.20443           0.75
1724          -1.27       -1.20446          0.675
1725          -1.31       -1.20452           0.74
1726          -1.39       -1.20463          0.725
1727          -1.31       -1.20469           0.72
1728          -1.41       -1.20481          0.685
1729          -1.41       -1.20493           0.72
1730          -1.26       -1.20496           0.59
1731          -1.15       -1.20493           0.61
1732          -1.12       -1.20488           0.53
1733          -1.25       -1.20491           0.49
1734          -1.23       -1.20492          0.465
1735          -1.22       -1.20493          0.445
1736          -1.19       -1.20492           0.52
1737          -1.26       -1.20495          0.515
1738          -1.21       -1.20496          0.575
1739          -1.23       -1.20497          0.605
1740          -1.18       -1.20496            0.6
1741          -1.31       -1.20502          0.685
1742          -1.41       -1.20513          0.735
1743          -1.49        -1.2053           0.79
1744          -1.44       -1.20543           0.76
1745          -1.42       -1.20556          0.755
1746          -1.42       -1.20568          0.755
1747           -1.3       -1.20573           0.69
1748          -1.37       -1.20583          0.765
1749          -1.41       -1.20594           0.77
1750          -1.47       -1.20609          0.785
1751          -1.39        -1.2062            0.8
1752          -1.31       -1.20626          0.725
1753          -1.37       -1.20635          0.725
1754          -1.38       -1.20645           0.72
1755          -1.44       -1.20658          0.765
1756          -1.31       -1.20664           0.74
1757          -1.36       -1.20673          0.765
1758          -1.31       -1.20679          0.775
1759          -1.54       -1.20698           0.85
1760          -1.52       -1.20716           0.86
1761          -1.41       -1.20727          0.815
1762          -1.52       -1.20745          0.825
1763          -1.36       -1.20753          0.725
1764          -1.37       -1.20763          0.735
1765          -1.34        -1.2077           0.68
1766          -1.29       -1.20775          0.665
1767          -1.31       -1.20781           0.75
1768          -1.45       -1.20794           0.78
1769          -1.43       -1.20807           0.75
1770          -1.27        -1.2081          0.695
1771          -1.32       -1.20817          0.675
1772          -1.27        -1.2082            0.7
1773           -1.4       -1.20831          0.655
1774          -1.28       -1.20835          0.615
1775          -1.36       -1.20843          0.585
1776          -1.38       -1.20853          0.555
1777          -1.32       -1.20859          0.535
1778          -1.26       -1.20862          0.515
1779          -1.24       -1.20864           0.49
1780          -1.26       -1.20867          0.525
1781           -1.2       -1.20866          0.505
1782          -1.15       -1.20863           0.54
1783          -1.05       -1.20854          0.475
1784          -1.14        -1.2085           0.49
1785          -1.16       -1.20848           0.42
1786           -1.2       -1.20847           0.42
1787           -1.2       -1.20847          0.385
1788          -1.03       -1.20837          0.345
1789          -1.08        -1.2083           0.35
1790          -1.21        -1.2083          0.385
1791          -1.25       -1.20832           0.34
1792          -1.23       -1.20833           0.39
1793          -1.21       -1.20833          0.435
1794          -1.14        -1.2083           0.39
1795          -1.08       -1.20822          0.365
1796          -1.06       -1.20814           0.31
1797           -1.1       -1.20808          0.255
1798          -1.01       -1.20797           0.18
1799          -1.15       -1.20794          0.205
1800          -1.11       -1.20788           0.14
1801          -1.19       -1.20787           0.14
1802          -1.26        -1.2079          0.125
1803           -1.2        -1.2079           0.19
1804          -1.19       -1.20789           0.21
1805          -1.12       -1.20784          0.115
1806          -1.06       -1.20776          0.075
1807          -0.99       -1.20764          0.125
1808          -1.07       -1.20756           0.13
1809           -1.2       -1.20756          0.185
1810          -1.13       -1.20752           0.14
1811          -1.19       -1.20751           0.23
1812          -1.22       -1.20751          0.355
1813          -1.23       -1.20752          0.395
1814          -1.25       -1.20755            0.5
1815          -1.18       -1.20753          0.465
1816          -1.11       -1.20748          0.375
1817          -1.08       -1.20741           0.35
1818          -1.04       -1.20732           0.33
1819          -1.09       -1.20725           0.35
1820          -1.18       -1.20724          0.435
1821          -1.29       -1.20728           0.48
1822          -1.22       -1.20729          0.405
1823          -1.09       -1.20723           0.37
1824          -1.13       -1.20718           0.37
1825          -1.11       -1.20713          0.315
1826          -1.16        -1.2071           0.35
1827          -1.25       -1.20713          0.375
1828          -1.11       -1.20707          0.305
1829           -1.1       -1.20702           0.33
1830          -1.15       -1.20699          0.275
1831          -1.12       -1.20694          0.315
1832          -1.18       -1.20692           0.34
1833          -1.24       -1.20694           0.28
1834          -1.12       -1.20689          0.305
1835          -1.19       -1.20688           0.37
1836          -1.28       -1.20692          0.335
1837          -1.24       -1.20694          0.325
1838          -1.25       -1.20697          0.365
1839          -1.18       -1.20695          0.285
1840           -1.2       -1.20695           0.37
1841          -1.17       -1.20693           0.33
1842          -1.21       -1.20693          0.315
1843          -1.27       -1.20696          0.385
1844          -1.23       -1.20698          0.365
1845          -1.18       -1.20696           0.37
1846          -1.19       -1.20695          0.355
1847          -1.26       -1.20698           0.42
1848          -1.17       -1.20696          0.415
1849           -1.1        -1.2069          0.375
1850          -0.97       -1.20677           0.29
1851          -1.04       -1.20668          0.305
1852          -1.08       -1.20662           0.39
1853          -1.16       -1.20659           0.41
1854          -1.07       -1.20652           0.35
1855             -1       -1.20641           0.32
1856          -1.25       -1.20643          0.465
1857          -1.14       -1.20639           0.47
1858          -1.25       -1.20642          0.485
1859          -1.34       -1.20649            0.5
1860          -1.31       -1.20654            0.5
1861          -1.37       -1.20663           0.51
1862          -1.28       -1.20667           0.47
1863           -1.3       -1.20672           0.46
1864          -1.39       -1.20682          0.495
1865          -1.22       -1.20683          0.405
1866          -1.24       -1.20685           0.47
1867          -1.24       -1.20686          0.425
1868          -1.16       -1.20684           0.42
1869          -1.03       -1.20674           0.41
1870          -1.14       -1.20671           0.39
1871          -1.04       -1.20662           0.32
1872          -1.08       -1.20655          0.275
1873          -1.17       -1.20653          0.295
1874          -1.18       -1.20652           0.31
1875          -1.15       -1.20649          0.245
1876          -1.17       -1.20647          0.295
1877          -1.13       -1.20643          0.305
1878          -1.21       -1.20643          0.265
1879          -1.21       -1.20643            0.2
1880          -1.21       -1.20643           0.22
1881          -1.21       -1.20643          0.255
1882          -1.32       -1.20649            0.2
1883          -1.24       -1.20651          0.195
1884          -1.28       -1.20655          0.165
1885          -1.34       -1.20662           0.11
1886          -1.31       -1.20668           0.15
1887          -1.16       -1.20665          0.185
1888          -1.11        -1.2066           0.21
1889          -1.18       -1.20659          0.245
1890          -1.11       -1.20654          0.215
1891          -1.05       -1.20645           0.22
1892          -0.99       -1.20634           0.16
1893          -1.05       -1.20626          0.145
1894          -1.08       -1.20619          0.205
1895          -1.25       -1.20621          0.315
1896          -1.19        -1.2062          0.335
1897          -1.22       -1.20621          0.275
1898          -1.12       -1.20617           0.26
1899          -1.09       -1.20611           0.27
1900          -0.99       -1.20599          0.295
1901          -0.97       -1.20587          0.295
1902          -1.13       -1.20583           0.21
1903          -1.21       -1.20583            0.2
1904          -1.25       -1.20585            0.2
1905          -1.23       -1.20587           0.19
1906          -1.16       -1.20584           0.15
1907          -1.08       -1.20578          0.175
1908          -1.21       -1.20578           0.26
1909          -1.22       -1.20579          0.275
1910          -1.16       -1.20576          0.225
1911          -1.26       -1.20579          0.235
1912          -1.19       -1.20578           0.18
1913          -1.08       -1.20572          0.225
1914          -1.12       -1.20567           0.21
1915          -1.09       -1.20561           0.19
1916          -1.22       -1.20562          0.215
1917          -1.15       -1.20559           0.21
1918          -1.05       -1.20551           0.22
1919          -1.09       -1.20545           0.21
1920          -1.14       -1.20541           0.22
1921          -1.23       -1.20543          0.275
1922          -1.22       -1.20543          0.305
1923           -1.2       -1.20543          0.285
1924           -1.3       -1.20548           0.24
1925           -1.2       -1.20548           0.24
1926          -1.16       -1.20545           0.29
1927          -1.24       -1.20547          0.225
1928          -1.21       -1.20547          0.175
1929          -1.21       -1.20548           0.15
1930          -1.28       -1.20552          0.115
1931          -1.25       -1.20554          0.055
1932          -1.16       -1.20551           0.01
1933          -1.09       -1.20546          -0.03
1934          -1.13       -1.20542           0.01
1935          -1.23       -1.20543         -0.015
1936          -1.27       -1.20546         -0.055
1937           -1.2       -1.20546          -0.07
1938          -1.08       -1.20539          -0.11
1939          -1.15       -1.20537          -0.11
1940          -1.13       -1.20533          -0.14
1941          -0.95        -1.2052         -0.215
1942          -0.94       -1.20506          -0.07
1943          -1.05       -1.20498          -0.11
1944          -1.13       -1.20494         -0.145
1945          -1.12        -1.2049         -0.065
1946          -1.32       -1.20496          -0.14
1947          -1.26       -1.20498         -0.105
1948          -1.08       -1.20492         -0.165
1949          -1.21       -1.20492         -0.185
1950           -1.2       -1.20492          -0.27
1951          -1.18       -1.20491         -0.275
1952          -1.17       -1.20489         -0.315
1953          -1.11       -1.20484         -0.275
1954          -1.16       -1.20482          -0.27
1955          -1.11       -1.20477          -0.18
1956          -1.17       -1.20475         -0.095
1957          -1.11        -1.2047          -0.14
1958          -1.11       -1.20466          -0.14
1959          -1.23       -1.20467          -0.08
1960          -0.98       -1.20455          -0.03
1961           -1.2       -1.20455          -0.08
1962          -1.19       -1.20454          -0.06
1963          -1.18       -1.20453         -0.125
1964          -1.18       -1.20452         -0.165
1965          -1.23       -1.20453          -0.29
1966          -1.27       -1.20457          -0.36
1967          -1.18       -1.20455           -0.4
1968          -1.18       -1.20454          -0.33
1969           -1.2       -1.20454         -0.225
1970          -1.16       -1.20452         -0.255
1971          -1.14       -1.20448         -0.175
1972          -1.16       -1.20446         -0.215
1973          -1.07       -1.20439          -0.25
1974          -1.21       -1.20439         -0.185
1975          -1.24       -1.20441         -0.125
1976          -1.31       -1.20447          -0.12
1977          -1.22       -1.20447          -0.19
1978          -1.21       -1.20448          -0.18
1979          -1.14       -1.20444           -0.2
1980          -1.21       -1.20445          -0.15
1981           -1.1       -1.20439         -0.195
1982             -1       -1.20429         -0.285
1983          -1.18       -1.20428          -0.34
1984          -1.16       -1.20426          -0.37
1985           -1.1        -1.2042         -0.355
1986          -1.01       -1.20411           -0.3
1987          -0.97       -1.20399          -0.36
1988          -1.03        -1.2039          -0.38
1989          -1.29       -1.20394          -0.48
1990          -1.25       -1.20397         -0.555
1991          -1.23       -1.20398         -0.575
1992          -1.27       -1.20401         -0.595
1993          -1.38        -1.2041          -0.68
1994          -1.26       -1.20413          -0.64
1995          -1.38       -1.20422          -0.71
1996          -1.42       -1.20433          -0.76
1997          -1.46       -1.20445          -0.78
1998          -1.44       -1.20457          -0.75
1999          -1.36       -1.20465         -0.745
2000          -1.29       -1.20469          -0.73
2001          -1.44       -1.20481         -0.805
2002          -1.32       -1.20487         -0.755
2003          -1.27        -1.2049         -0.735
2004          -1.28       -1.20494         -0.665
2005          -1.19       -1.20493          -0.59
2006          -1.06       -1.20486         -0.495
2007          -1.13       -1.20482         -0.505
2008          -1.21       -1.20482         -0.525
2009          -1.29       -1.20487         -0.605
2010          -1.32       -1.20492         -0.645
2011          -1.26       -1.20495         -0.655
2012          -1.26       -1.20498          -0.65
2013           -1.3       -1.20502           -0.7
2014          -1.33       -1.20509           -0.7
2015          -1.28       -1.20512         -0.715
2016          -1.21       -1.20513          -0.67
2017           -1.3       -1.20517          -0.74
2018           -1.3       -1.20522          -0.71
2019          -1.37        -1.2053          -0.72
2020          -1.51       -1.20545         -0.725
2021          -1.45       -1.20557          -0.69
2022          -1.39       -1.20566         -0.625
2023          -1.27        -1.2057         -0.515
2024          -1.22        -1.2057          -0.44
2025          -1.19        -1.2057          -0.42
2026          -1.08       -1.20563         -0.395
2027          -0.97       -1.20552         -0.415
2028          -1.06       -1.20545         -0.485
2029          -1.04       -1.20536         -0.455
2030          -1.07        -1.2053         -0.425
2031          -1.18       -1.20529         -0.455
2032          -1.28       -1.20532          -0.36
2033          -1.11       -1.20528         -0.265
2034          -1.04       -1.20519         -0.165
2035          -1.14       -1.20516         -0.195
2036          -1.23       -1.20517         -0.285
2037          -1.28       -1.20521         -0.345
2038          -1.12       -1.20517          -0.32
2039          -1.22       -1.20518         -0.285
2040           -1.3       -1.20522         -0.275
2041          -1.17       -1.20521          -0.29
2042          -1.13       -1.20517         -0.405
2043           -1.2       -1.20517          -0.46
2044          -1.03       -1.20508          -0.44
2045          -0.86       -1.20491         -0.395
2046          -1.08       -1.20485         -0.445
2047           -1.1        -1.2048         -0.455
2048          -1.16       -1.20478           -0.5
2049          -1.13       -1.20474         -0.465
2050          -1.14       -1.20471         -0.525
2051          -1.19        -1.2047         -0.535
2052          -1.17       -1.20469         -0.485
2053          -1.25       -1.20471         -0.515
2054          -1.05       -1.20463         -0.425
2055          -1.12       -1.20459          -0.41
2056          -1.02        -1.2045          -0.39
2057          -0.99        -1.2044         -0.295
2058          -1.05       -1.20432         -0.225
2059           -1.1       -1.20427         -0.215
2060          -1.02       -1.20418           -0.3
2061          -0.99       -1.20408          -0.28
2062          -1.07       -1.20401          -0.31
2063          -0.96        -1.2039          -0.32
2064          -1.12       -1.20385          -0.35
2065          -1.01       -1.20376          -0.43
2066          -1.05       -1.20369         -0.505
2067          -1.24        -1.2037         -0.615
2068          -1.32       -1.20376         -0.625
2069          -1.34       -1.20383          -0.63
2070          -1.25       -1.20385         -0.565
2071          -1.16       -1.20383         -0.585
2072           -1.2       -1.20383          -0.59
2073          -1.32       -1.20388          -0.69
2074          -1.37       -1.20396         -0.705
2075          -1.44       -1.20408          -0.68
2076          -1.46        -1.2042          -0.75
2077          -1.42        -1.2043         -0.645
2078          -1.39       -1.20439         -0.665
2079          -1.31       -1.20444          -0.63
2080          -1.32        -1.2045          -0.69
2081          -1.35       -1.20457          -0.72
2082          -1.37       -1.20465          -0.67
2083          -1.34       -1.20471         -0.705
2084          -1.38        -1.2048         -0.735
2085          -1.45       -1.20491         -0.815
2086          -1.45       -1.20503          -0.76
2087           -1.4       -1.20512          -0.76
2088          -1.47       -1.20525         -0.745
2089          -1.51        -1.2054           -0.8
2090          -1.44       -1.20551         -0.805
2091          -1.51       -1.20565         -0.835
2092          -1.49       -1.20579          -0.76
2093          -1.46       -1.20591         -0.755
2094          -1.52       -1.20606          -0.77
2095          -1.41       -1.20616           -0.7
2096          -1.31       -1.20621          -0.69
2097          -1.37       -1.20629         -0.745
2098          -1.42       -1.20639          -0.76
2099          -1.47       -1.20651          -0.79
2100          -1.39        -1.2066         -0.775
2101           -1.4       -1.20669          -0.74
2102          -1.43        -1.2068         -0.735
2103          -1.33       -1.20686         -0.695
2104          -1.35       -1.20693           -0.7
2105          -1.27       -1.20696         -0.655
2106          -1.34       -1.20702          -0.68
2107           -1.2       -1.20702           -0.6
2108          -1.19       -1.20701          -0.62
2109          -1.31       -1.20706          -0.67
2110          -1.27       -1.20709         -0.665
2111          -1.27       -1.20712          -0.66
2112          -1.11       -1.20707         -0.575
2113          -1.21       -1.20707          -0.56
2114          -1.16       -1.20705          -0.52
2115          -1.22       -1.20706         -0.595
2116          -1.37       -1.20713          -0.68
2117          -1.41       -1.20723         -0.715
2118          -1.44       -1.20734         -0.705
2119          -1.41       -1.20743          -0.67
2120          -1.33       -1.20749         -0.665
2121          -1.34       -1.20755          -0.66
2122          -1.29       -1.20759          -0.65
2123          -1.16       -1.20757          -0.56
2124           -1.1       -1.20752          -0.52
2125          -1.16        -1.2075         -0.515
2126          -1.14       -1.20747         -0.415
2127          -1.03       -1.20738         -0.315
2128          -1.11       -1.20734         -0.455
2129          -1.14       -1.20731         -0.465
2130          -1.08       -1.20725         -0.495
2131          -1.31       -1.20729           -0.6
2132          -1.46       -1.20741          -0.62
2133          -1.47       -1.20754         -0.605
2134          -1.35        -1.2076          -0.58
2135          -1.45       -1.20772          -0.65
2136          -1.46       -1.20783          -0.59
2137          -1.35        -1.2079          -0.59
2138          -1.19       -1.20789          -0.52
2139          -1.38       -1.20797          -0.58
2140          -1.36       -1.20804          -0.55
2141          -1.24       -1.20806         -0.495
2142          -1.19       -1.20805           -0.5
2143          -1.22       -1.20806          -0.48
2144          -1.34       -1.20812         -0.495
2145          -1.44       -1.20822         -0.555
2146          -1.32       -1.20828         -0.525
2147          -1.33       -1.20833           -0.5
2148          -1.22       -1.20834         -0.505
2149           -1.1       -1.20829         -0.475
2150          -1.09       -1.20823         -0.515
2151          -1.18       -1.20822          -0.54
2152          -1.14       -1.20819         -0.525
2153          -1.19       -1.20818          -0.57
2154          -1.26        -1.2082         -0.585
2155          -1.24       -1.20822          -0.56
2156          -1.24       -1.20823          -0.62
2157          -1.36        -1.2083          -0.69
2158          -1.35       -1.20837         -0.615
2159          -1.32       -1.20842         -0.615
2160          -1.18       -1.20841         -0.575
2161          -1.22       -1.20841          -0.57
2162           -1.3       -1.20846          -0.66
2163           -1.2       -1.20845         -0.615
2164          -1.26       -1.20848         -0.585
2165           -1.2       -1.20847         -0.585
2166          -1.18       -1.20846          -0.54
2167          -1.19       -1.20845         -0.515
2168          -1.14       -1.20842           -0.5
2169          -1.23       -1.20843          -0.52
2170          -1.17       -1.20841          -0.55
2171          -1.18        -1.2084          -0.58
2172          -1.19       -1.20839         -0.595
2173          -1.25       -1.20841         -0.655
2174          -1.24       -1.20842         -0.625
2175           -1.3       -1.20847         -0.635
2176          -1.21       -1.20847          -0.68
2177           -1.2       -1.20846         -0.645
2178          -1.23       -1.20847          -0.64
2179          -1.28        -1.2085           -0.7
2180          -1.34       -1.20856         -0.655
2181          -1.29        -1.2086          -0.66
2182          -1.28       -1.20863           -0.7
2183          -1.26       -1.20866          -0.71
2184          -1.38       -1.20874         -0.735
2185          -1.43       -1.20884         -0.715
2186          -1.42       -1.20893          -0.71
2187          -1.41       -1.20903          -0.73
2188           -1.4       -1.20911         -0.795
2189          -1.47       -1.20923           -0.8
2190           -1.6       -1.20941         -0.835
2191          -1.51       -1.20955          -0.78
2192          -1.54        -1.2097          -0.75
2193          -1.61       -1.20988         -0.775
2194          -1.55       -1.21004         -0.795
2195          -1.41       -1.21013         -0.735
2196          -1.37        -1.2102          -0.72
2197          -1.35       -1.21026         -0.715
2198          -1.23       -1.21027         -0.715
2199          -1.43       -1.21037         -0.795
2200          -1.62       -1.21056         -0.885
2201          -1.57       -1.21072         -0.875
2202          -1.64       -1.21092          -0.89
2203          -1.61        -1.2111         -0.875
2204          -1.49       -1.21122          -0.79
2205          -1.47       -1.21134          -0.77
2206          -1.54       -1.21149         -0.815
2207          -1.56       -1.21165          -0.83
2208          -1.48       -1.21177         -0.785
2209          -1.55       -1.21192         -0.835
2210           -1.5       -1.21205          -0.82
2211          -1.48       -1.21217         -0.815
2212          -1.53       -1.21232          -0.83
2213          -1.51       -1.21245         -0.835
2214          -1.45       -1.21256          -0.78
2215          -1.62       -1.21274          -0.87
2216          -1.59       -1.21291          -0.85
2217          -1.53       -1.21306          -0.83
2218          -1.43       -1.21315         -0.795
2219           -1.4       -1.21324         -0.785
2220          -1.35        -1.2133          -0.76
2221          -1.25       -1.21332          -0.72
2222          -1.33       -1.21337         -0.775
2223          -1.52       -1.21351          -0.82
2224          -1.49       -1.21363         -0.775
2225          -1.49       -1.21376         -0.795
2226          -1.42       -1.21385          -0.76
2227          -1.29       -1.21388         -0.715
2228          -1.23       -1.21389         -0.685
2229          -1.27       -1.21391         -0.715
2230          -1.43       -1.21401         -0.795
2231          -1.38       -1.21409         -0.755
2232          -1.42       -1.21418          -0.73
2233          -1.42       -1.21427         -0.735
2234           -1.4       -1.21435         -0.715
2235          -1.41       -1.21444          -0.71
2236          -1.39       -1.21452          -0.72
2237          -1.32       -1.21457          -0.66
2238          -1.22       -1.21457         -0.655
2239          -1.24       -1.21458          -0.62
2240          -1.25        -1.2146         -0.625
2241           -1.2       -1.21459         -0.595
2242          -1.18       -1.21457         -0.625
2243          -1.27        -1.2146         -0.595
2244          -1.31       -1.21464          -0.61
2245          -1.26       -1.21466         -0.555
2246          -1.17       -1.21464          -0.59
2247          -1.15       -1.21461          -0.61
2248          -1.21       -1.21461          -0.68
2249          -1.21       -1.21461         -0.655
2250          -1.16       -1.21458          -0.64
2251          -1.24        -1.2146          -0.67
2252           -1.3       -1.21463          -0.66
2253          -1.36        -1.2147         -0.655
2254          -1.35       -1.21476         -0.725
2255           -1.4       -1.21484         -0.775
2256          -1.34        -1.2149           -0.7
2257          -1.24       -1.21491          -0.66
2258          -1.19        -1.2149         -0.665
2259          -1.39       -1.21497         -0.725
2260          -1.28         -1.215         -0.685
2261          -1.39       -1.21508         -0.725
2262          -1.45       -1.21518         -0.695
2263          -1.44       -1.21528          -0.66
2264          -1.42       -1.21537          -0.65
2265          -1.45       -1.21548         -0.695
2266          -1.39       -1.21555         -0.685
2267          -1.48       -1.21567           -0.7
2268          -1.34       -1.21572          -0.65
2269          -1.31       -1.21577          -0.62
2270          -1.34       -1.21582          -0.57
2271           -1.2       -1.21581         -0.555
2272          -1.35       -1.21587         -0.595
2273           -1.3       -1.21591          -0.61
2274          -1.25       -1.21593          -0.52
2275           -1.3       -1.21596          -0.58
2276          -1.32       -1.21601          -0.63
2277          -1.39       -1.21608         -0.655
2278          -1.43       -1.21618          -0.71
2279          -1.31       -1.21622           -0.7
2280          -1.27       -1.21624         -0.645
2281          -1.41       -1.21633          -0.65
2282          -1.29       -1.21636         -0.585
2283          -1.37       -1.21643          -0.59
2284          -1.31       -1.21647         -0.585
2285          -1.29        -1.2165          -0.57
2286           -1.3       -1.21654         -0.615
2287          -1.34       -1.21659          -0.62
2288          -1.33       -1.21664         -0.645
2289          -1.43       -1.21673         -0.655
2290          -1.36        -1.2168         -0.695
2291          -1.33       -1.21685         -0.705
2292          -1.43       -1.21694         -0.705
2293          -1.46       -1.21704          -0.73
2294          -1.36       -1.21711          -0.67
2295          -1.16       -1.21708         -0.615
2296           -1.3       -1.21712         -0.645
2297          -1.33       -1.21717         -0.605
2298          -1.24       -1.21718          -0.58
2299          -1.38       -1.21725          -0.58
2300          -1.38       -1.21732           -0.6
2301          -1.36       -1.21738          -0.58
2302          -1.23       -1.21739         -0.555
2303           -1.3       -1.21742         -0.485
2304          -1.19       -1.21741         -0.485
2305          -1.11       -1.21736         -0.535
2306          -1.24       -1.21737         -0.575
2307          -1.21       -1.21737         -0.545
2308          -1.13       -1.21733          -0.55
2309          -1.24       -1.21734         -0.615
2310          -1.12        -1.2173          -0.55
2311          -1.24       -1.21731         -0.585
2312          -1.18       -1.21729         -0.585
2313          -1.31       -1.21733         -0.595
2314          -1.27       -1.21736          -0.56
2315          -1.27       -1.21738         -0.525
2316          -1.38       -1.21745         -0.535
2317          -1.44       -1.21755         -0.605
2318           -1.4       -1.21762         -0.545
2319          -1.45       -1.21772         -0.465
2320          -1.43       -1.21782         -0.435
2321          -1.29       -1.21785         -0.375
2322          -1.22       -1.21785          -0.39
2323          -1.25       -1.21786          -0.44
2324          -1.12       -1.21782           -0.4
2325          -1.26       -1.21784         -0.455
2326          -1.07       -1.21777         -0.535
2327          -1.06       -1.21771          -0.54
2328          -1.21        -1.2177          -0.49
2329          -1.22        -1.2177         -0.455
2330          -1.31       -1.21774         -0.455
2331           -1.3       -1.21778         -0.475
2332          -1.33       -1.21783         -0.465
2333          -1.38        -1.2179          -0.57
2334          -1.42       -1.21798         -0.595
2335          -1.44       -1.21808          -0.61
2336          -1.38       -1.21815          -0.63
2337          -1.34        -1.2182          -0.62
2338          -1.29       -1.21823          -0.59
2339          -1.23       -1.21824          -0.53
2340          -1.14        -1.2182           -0.5
2341          -1.14       -1.21817         -0.515
2342          -1.01       -1.21808         -0.475
2343          -1.19       -1.21807          -0.51
2344          -1.15       -1.21804          -0.45
2345          -1.06       -1.21797         -0.465
2346          -1.25       -1.21798          -0.51
2347          -1.23       -1.21799          -0.53
2348          -1.05       -1.21792          -0.42
2349          -0.92       -1.21779          -0.34
2350          -0.87       -1.21764          -0.37
2351          -0.96       -1.21753          -0.41
2352          -1.01       -1.21745          -0.48
2353          -1.23       -1.21745         -0.565
2354          -1.28       -1.21748          -0.66
2355          -1.19       -1.21747          -0.65
2356          -1.26       -1.21748          -0.64
2357          -1.35       -1.21754         -0.645
2358          -1.23       -1.21755          -0.62
2359          -1.28       -1.21757         -0.665
2360          -1.23       -1.21758          -0.62
2361          -1.22       -1.21758           -0.6
2362           -1.3       -1.21761         -0.615
2363          -1.32       -1.21766          -0.68
2364          -1.23       -1.21766          -0.62
2365          -1.42       -1.21775         -0.675
2366          -1.36       -1.21781         -0.705
2367          -1.28       -1.21783         -0.695
2368          -1.32       -1.21788          -0.71
2369          -1.35       -1.21793         -0.715
2370          -1.31       -1.21797         -0.705
2371          -1.34       -1.21802          -0.67
2372          -1.21       -1.21802          -0.61
2373          -1.46       -1.21812          -0.69
2374          -1.31       -1.21816         -0.605
2375          -1.13       -1.21812         -0.645
2376          -1.16        -1.2181          -0.68
2377          -1.34       -1.21815          -0.69
2378          -1.25       -1.21816          -0.65
2379           -1.3        -1.2182          -0.61
2380          -1.15       -1.21817           -0.6
2381          -1.16       -1.21814         -0.605
2382          -1.35        -1.2182         -0.695
2383          -1.42       -1.21828          -0.72
2384          -1.36       -1.21834          -0.74
2385          -1.37       -1.21841          -0.74
2386          -1.51       -1.21853         -0.755
2387          -1.52       -1.21866          -0.75
2388          -1.33        -1.2187          -0.66
2389          -1.25       -1.21872          -0.59
2390          -1.16       -1.21869         -0.605
2391          -1.17       -1.21867         -0.605
2392          -1.15       -1.21864         -0.625
2393          -1.19       -1.21863          -0.64
2394          -1.13       -1.21859          -0.65
2395          -1.21       -1.21859         -0.655
2396          -1.28       -1.21861           -0.7
2397          -1.41       -1.21869          -0.69
2398          -1.41       -1.21877          -0.68
2399          -1.36       -1.21883         -0.615
2400           -1.4       -1.21891         -0.585
2401          -1.49       -1.21902          -0.64
2402          -1.39       -1.21909          -0.59
2403           -1.3       -1.21913          -0.59
2404          -1.25       -1.21914         -0.565
2405          -1.27       -1.21916          -0.59
2406          -1.35       -1.21921         -0.585
2407          -1.25       -1.21923          -0.57
2408          -1.29       -1.21926         -0.565
2409           -1.3       -1.21929           -0.6
2410          -1.36       -1.21935          -0.63
2411          -1.27       -1.21937          -0.58
2412          -1.15       -1.21934         -0.515
2413          -1.21       -1.21934          -0.52
2414          -1.02       -1.21925          -0.44
2415          -1.02       -1.21917           -0.4
2416          -1.18       -1.21916          -0.48
2417          -1.28       -1.21918         -0.515
2418           -1.3       -1.21921          -0.47
2419          -1.18        -1.2192          -0.42
2420          -1.21       -1.21919          -0.47
2421          -1.27       -1.21922         -0.465
2422          -1.24       -1.21922           -0.5
2423           -1.2       -1.21922          -0.52
2424          -1.23       -1.21922         -0.515
2425          -1.08       -1.21916          -0.44
2426          -1.07        -1.2191          -0.32
2427          -1.03       -1.21902         -0.275
2428          -0.97       -1.21892          -0.19
2429             -1       -1.21883         -0.145
2430          -0.99       -1.21874          -0.11
2431          -0.93       -1.21862          0.045
2432          -0.97       -1.21852          0.135
2433          -0.97       -1.21841           0.07
2434          -1.06       -1.21835          0.145
2435          -1.04       -1.21828          0.165
2436          -1.01       -1.21819          0.125
2437          -0.99        -1.2181           0.03
2438          -1.06       -1.21803           0.02
2439          -1.11       -1.21799           0.07
2440          -1.04       -1.21791          0.045
2441          -1.01       -1.21783          0.015
2442          -1.01       -1.21774         -0.015
2443          -0.98       -1.21765         -0.135
2444          -0.95       -1.21754          -0.08
2445          -1.06       -1.21747         -0.095
2446          -1.19       -1.21746          -0.06
2447          -1.06        -1.2174          -0.03
2448          -1.03       -1.21732         -0.015
2449           -1.2       -1.21731         -0.095
2450          -1.14       -1.21728          -0.06
2451          -1.03       -1.21721         -0.055
2452          -1.11       -1.21716          0.035
2453          -1.13       -1.21713          0.095
2454          -1.13       -1.21709          0.105
2455          -1.23        -1.2171           0.02
2456          -1.12       -1.21706          0.015
2457          -1.17       -1.21704          0.005
2458          -1.06       -1.21697         -0.155
2459          -1.07       -1.21691          -0.19
2460          -1.04       -1.21684         -0.135
2461          -1.05       -1.21677         -0.185
2462          -1.08       -1.21672         -0.185
2463          -1.07       -1.21666          -0.14
2464             -1       -1.21657         -0.115
2465          -1.04        -1.2165          -0.04
2466          -0.99       -1.21641         -0.085
2467             -1       -1.21632          -0.09
2468          -0.94       -1.21621          -0.14
2469          -1.02       -1.21613          -0.09
2470          -0.96       -1.21603          -0.09
2471          -1.01       -1.21594         -0.115
2472          -1.06       -1.21588          -0.07
2473          -1.12       -1.21584          -0.03
2474          -1.01       -1.21576          -0.14
2475          -1.06       -1.21569           -0.2
2476          -0.97        -1.2156          -0.16
2477             -1       -1.21551          -0.19
2478          -1.13       -1.21547          -0.19
2479          -1.25       -1.21549         -0.185
2480          -1.21       -1.21549         -0.225
2481          -1.08       -1.21543         -0.195
2482          -1.09       -1.21538         -0.185
2483          -1.06       -1.21532         -0.165
2484          -0.99       -1.21523          -0.17
2485          -1.01       -1.21514         -0.115
2486          -1.08       -1.21509          -0.14
2487          -1.16       -1.21507         -0.065
2488          -1.17       -1.21505          -0.02
2489           -1.2       -1.21504         -0.015
2490          -1.19       -1.21503          0.135
2491          -1.17       -1.21502          0.055
2492          -0.99       -1.21493          -0.04
2493          -1.02       -1.21485          -0.08
2494          -0.98       -1.21475         -0.005
2495             -1       -1.21467         -0.075
2496          -1.05        -1.2146           -0.1
2497          -1.14       -1.21457          -0.01
2498          -0.99       -1.21448          -0.05
2499          -1.07       -1.21442          -0.06
2500          -1.02       -1.21435           -0.1
2501          -1.14       -1.21432          -0.12
2502          -1.06       -1.21425         -0.115
2503          -1.16       -1.21423          -0.15
2504          -1.07       -1.21418         -0.155
2505          -1.01       -1.21409          -0.22
2506          -1.11       -1.21405         -0.265
2507          -1.08         -1.214         -0.255
2508          -1.02       -1.21392         -0.315
2509          -1.07       -1.21386           -0.3
2510          -0.99       -1.21378         -0.195
2511          -1.04       -1.21371          -0.17
2512          -1.13       -1.21367         -0.185
2513          -1.12       -1.21364          -0.08
2514          -1.06       -1.21357          0.035
2515          -1.12       -1.21354         -0.025
2516          -1.02       -1.21346          -0.03
2517          -0.99       -1.21337          -0.08
2518          -1.04        -1.2133          -0.06
2519          -1.09       -1.21325          -0.03
2520          -1.02       -1.21318         -0.115
2521          -1.14       -1.21315         -0.135
2522          -0.96       -1.21305          -0.16
2523          -0.98       -1.21296         -0.125
2524          -0.97       -1.21286          -0.17
2525          -0.99       -1.21277          -0.12
2526          -1.01       -1.21269         -0.055
2527          -1.05       -1.21263         -0.085
2528          -1.03       -1.21255          0.015
2529           -1.1       -1.21251           0.04
2530          -1.01       -1.21243          0.035
2531          -1.02       -1.21235          0.015
2532          -1.02       -1.21228           0.03
2533          -1.02        -1.2122          0.045
2534          -1.07       -1.21215         -0.025
2535          -1.13       -1.21211         -0.085
2536          -1.01       -1.21203              0
2537          -1.19       -1.21203          -0.06
2538          -1.11       -1.21199          -0.01
2539          -1.23       -1.21199          0.045
2540          -1.16       -1.21197          0.045
2541          -1.12       -1.21194          -0.03
2542          -1.14       -1.21191          -0.04
2543          -1.06       -1.21185           0.01
2544          -1.02       -1.21177              0
2545          -1.07       -1.21172          -0.02
2546          -0.99       -1.21163           0.05
2547          -0.98       -1.21154           0.06
2548             -1       -1.21146         -0.055
2549          -0.97       -1.21136          -0.05
2550          -1.03       -1.21129         -0.095
2551          -1.26       -1.21131          0.005
2552          -1.22       -1.21131           0.06
2553          -1.24       -1.21132          -0.01
2554          -1.12       -1.21129         -0.065
2555          -1.16       -1.21127           -0.1
2556          -1.15       -1.21124          -0.09
2557          -1.09        -1.2112          -0.07
2558          -1.19       -1.21119         -0.085
2559          -1.06       -1.21113          -0.05
2560          -1.13        -1.2111          -0.05
2561          -1.13       -1.21107           0.06
2562          -1.16       -1.21105            0.2
2563          -1.19       -1.21104           0.12
2564          -1.15       -1.21101          0.095
2565          -1.01       -1.21094          0.095
2566          -1.05       -1.21087          0.015
2567           -1.1       -1.21083           0.06
2568          -1.12       -1.21079          0.075
2569          -1.21       -1.21079          0.075
2570          -1.16       -1.21077         -0.035
2571          -1.15       -1.21075           -0.1
2572          -1.24       -1.21076           -0.1
2573          -1.27       -1.21078          -0.14
2574          -1.29       -1.21082           -0.2
2575          -1.24       -1.21083         -0.225
2576          -1.25       -1.21084          -0.18
2577          -1.15       -1.21082         -0.155
2578          -1.14       -1.21079         -0.135
2579          -1.15       -1.21077         -0.125
2580          -1.15       -1.21074           -0.2
2581          -1.14       -1.21072         -0.195
2582          -1.18        -1.2107         -0.155
2583          -1.12       -1.21067          -0.14
2584          -1.05       -1.21061          -0.17
2585          -0.96       -1.21051         -0.145
2586          -0.97       -1.21042           -0.2
2587          -1.01       -1.21034         -0.305
2588          -1.06       -1.21028         -0.365
2589          -1.14       -1.21025         -0.435
2590           -1.2       -1.21025          -0.38
2591          -1.13       -1.21022         -0.335
2592          -1.15        -1.2102         -0.275
2593          -1.08       -1.21015         -0.265
2594          -1.07       -1.21009          -0.19
2595          -0.99       -1.21001         -0.095
2596          -0.98       -1.20992         -0.145
2597          -0.87       -1.20979         -0.145
2598          -1.06       -1.20973         -0.155
2599          -1.08       -1.20968          -0.12
2600          -1.01        -1.2096          -0.07
2601          -0.97       -1.20951         -0.035
2602          -1.02       -1.20944          -0.01
2603          -0.91       -1.20932           0.05
2604          -0.98       -1.20924         -0.035
2605          -0.95       -1.20914         -0.005
2606           -0.9       -1.20902           0.04
2607          -1.07       -1.20896          0.145
2608          -1.14       -1.20894          0.145
2609          -1.17       -1.20892           0.22
2610          -1.09       -1.20888          0.195
2611          -1.04       -1.20881           0.17
2612          -1.06       -1.20876           0.25
2613          -1.21       -1.20876           0.26
2614          -1.14       -1.20873           0.28
2615          -1.09       -1.20869           0.29
2616          -1.05       -1.20862          0.305
2617          -1.13       -1.20859          0.305
2618           -1.1       -1.20855          0.315
2619          -1.08        -1.2085           0.31
2620          -1.05       -1.20844           0.29
2621          -1.17       -1.20843           0.27
2622          -1.18       -1.20842           0.29
2623           -1.1       -1.20838            0.3
2624          -1.14       -1.20835          0.445
2625          -1.18       -1.20834           0.47
2626           -1.2       -1.20834          0.445
2627          -1.18       -1.20833           0.43
2628          -1.27       -1.20835           0.48
2629          -1.24       -1.20836           0.52
2630          -1.23       -1.20837            0.5
2631          -1.14       -1.20834          0.495
2632          -1.14       -1.20832          0.335
2633          -1.04       -1.20825          0.255
2634          -1.06        -1.2082          0.265
2635           -0.9       -1.20808           0.15
2636          -0.98       -1.20799          0.145
2637          -1.06       -1.20794           0.11
2638          -1.19       -1.20793           0.19
2639          -1.14       -1.20791           0.21
2640          -1.12       -1.20787          0.205
2641          -1.22       -1.20788          0.225
2642          -1.21       -1.20788           0.28
2643          -1.14       -1.20785           0.25
2644          -1.01       -1.20778          0.215
2645          -1.16       -1.20776          0.105
2646          -1.28       -1.20779          0.135
2647          -1.17       -1.20777          0.155
2648          -1.22       -1.20778          0.065
2649          -1.16       -1.20776          0.115
2650          -1.09       -1.20771           0.08
2651          -1.05       -1.20765          0.135
2652          -1.03       -1.20759           0.14
2653          -0.98        -1.2075          0.245
2654          -0.97       -1.20741           0.18
2655          -1.13       -1.20738          0.175
2656          -1.17       -1.20737          0.195
2657           -1.2       -1.20737          0.175
2658          -1.27       -1.20739          0.135
2659          -1.15       -1.20737          0.035
2660          -1.35       -1.20742         -0.015
2661          -1.28       -1.20745           0.03
2662          -1.08        -1.2074          0.125
2663          -1.02       -1.20733           0.08
2664          -1.08       -1.20728           0.05
2665          -1.07       -1.20723          0.035
2666          -1.13        -1.2072          0.075
2667          -1.01       -1.20713          0.085
2668             -1       -1.20705          0.035
2669          -1.04       -1.20699           0.02
2670          -1.05       -1.20693          0.075
2671          -1.12        -1.2069          0.075
2672          -1.12       -1.20686           0.17
2673           -1.1       -1.20682           0.25
2674          -1.11       -1.20679          0.315
2675          -1.09       -1.20675           0.35
2676          -1.07       -1.20669          0.335
2677             -1       -1.20662          0.385
2678          -1.03       -1.20655           0.35
2679          -1.14       -1.20653          0.435
2680          -1.24       -1.20654           0.39
2681          -1.23       -1.20655          0.395
2682          -1.22       -1.20655          0.445
2683          -1.16       -1.20654          0.435
2684          -1.12        -1.2065          0.445
2685          -1.18       -1.20649           0.42
2686          -1.11       -1.20646           0.52
2687          -1.18       -1.20645          0.545
2688          -1.07        -1.2064          0.505
2689          -1.12       -1.20636          0.575
2690          -1.33       -1.20641          0.625
2691          -1.37       -1.20647          0.705
2692           -1.4       -1.20654          0.745
2693          -1.45       -1.20663           0.72
2694          -1.39        -1.2067           0.69
2695          -1.38       -1.20677          0.615
2696          -1.34       -1.20681          0.615
2697          -1.37       -1.20688          0.635
2698          -1.43       -1.20696          0.655
2699           -1.4       -1.20703          0.655
2700          -1.35       -1.20708          0.575
2701          -1.26        -1.2071          0.575
2702          -1.26       -1.20712           0.52
2703          -1.27       -1.20714          0.555
2704          -1.43       -1.20723           0.66
2705          -1.32       -1.20727           0.57
2706          -1.31       -1.20731          0.535
2707          -1.18        -1.2073           0.53
2708          -1.27       -1.20732          0.575
2709          -1.11       -1.20728           0.59
2710          -1.11       -1.20725           0.52
2711          -1.08        -1.2072           0.53
2712          -1.29       -1.20723           0.58
2713           -1.3       -1.20727          0.585
2714          -1.19       -1.20726           0.58
2715           -1.2       -1.20726           0.55
2716          -1.21       -1.20726           0.58
2717          -1.23       -1.20727          0.605
2718          -1.26       -1.20729          0.575
2719          -1.16       -1.20727           0.54
2720          -1.25       -1.20728           0.59
2721          -1.25        -1.2073          0.605
2722          -1.05       -1.20724           0.56
2723          -1.25       -1.20726          0.615
2724          -1.25       -1.20727          0.655
2725          -1.19       -1.20727           0.56
2726          -1.17       -1.20725          0.525
2727          -1.09       -1.20721          0.445
2728          -1.16       -1.20719          0.475
2729          -1.22        -1.2072           0.44
2730          -1.22        -1.2072          0.505
2731           -1.1       -1.20716          0.475
2732           -1.2       -1.20716           0.54
2733          -1.01       -1.20709          0.495
2734          -1.15       -1.20707           0.52
2735          -1.18       -1.20706            0.5
2736          -1.17       -1.20704           0.53
2737          -1.04       -1.20698          0.495
2738          -1.14       -1.20696          0.555
2739          -1.17       -1.20695          0.645
2740          -1.22       -1.20695           0.68
2741          -1.34         -1.207          0.695
2742          -1.37       -1.20706           0.73
2743          -1.51       -1.20717           0.71
2744          -1.45       -1.20726           0.69
2745          -1.34       -1.20731           0.65
2746          -1.42       -1.20738          0.665
2747          -1.37       -1.20744          0.655
2748          -1.41       -1.20752          0.705
2749          -1.42       -1.20759            0.7
2750          -1.29       -1.20762           0.69
2751          -1.45       -1.20771           0.77
2752           -1.5       -1.20782          0.785
2753          -1.62       -1.20797            0.8
2754          -1.57        -1.2081           0.83
2755          -1.53       -1.20821          0.815
2756          -1.54       -1.20834          0.835
2757          -1.43       -1.20842          0.775
2758          -1.58       -1.20855           0.85
2759          -1.59       -1.20869           0.85
2760          -1.51        -1.2088          0.805
2761          -1.48        -1.2089           0.78
2762          -1.54       -1.20902           0.84
2763          -1.45        -1.2091           0.79
2764          -1.46       -1.20919          0.755
2765          -1.41       -1.20927          0.735
2766          -1.48       -1.20936          0.765
2767          -1.38       -1.20943          0.735
2768          -1.39       -1.20949           0.74
2769          -1.47       -1.20958          0.725
2770          -1.34       -1.20963          0.685
2771          -1.33       -1.20968           0.66
2772          -1.46       -1.20977          0.755
2773          -1.27       -1.20979           0.65
2774          -1.29       -1.20982            0.7
2775          -1.26       -1.20983           0.64
2776          -1.25       -1.20985          0.565
2777          -1.22       -1.20985          0.625
2778          -1.26       -1.20987           0.61
2779          -1.32       -1.20991           0.61
2780          -1.35       -1.20996           0.63
2781          -1.34       -1.21001          0.595
2782          -1.27       -1.21003          0.585
2783          -1.32       -1.21007           0.61
2784          -1.32       -1.21011            0.6
2785          -1.19        -1.2101           0.52
2786          -1.11       -1.21006           0.47
2787          -1.24       -1.21008          0.565
2788          -1.26       -1.21009           0.59
2789          -1.32       -1.21013           0.61
2790          -1.34       -1.21018          0.675
2791          -1.35       -1.21023          0.665
2792           -1.5       -1.21033          0.705
2793          -1.42       -1.21041           0.67
2794          -1.31       -1.21044            0.6
2795          -1.39       -1.21051          0.625
2796          -1.32       -1.21055          0.655
2797          -1.24       -1.21056          0.565
2798          -1.32        -1.2106          0.595
2799          -1.26       -1.21061           0.58
2800          -1.45        -1.2107           0.67
2801          -1.45       -1.21079           0.66
2802          -1.25        -1.2108          0.605
2803          -1.19       -1.21079           0.53
2804          -1.17       -1.21078           0.62
2805          -1.17       -1.21076          0.625
2806          -1.43       -1.21084           0.77
2807          -1.52       -1.21095          0.755
2808          -1.41       -1.21102           0.74
2809          -1.37       -1.21108           0.72
2810           -1.3       -1.21111           0.69
2811           -1.2       -1.21111           0.56
2812          -1.19        -1.2111           0.56
2813          -1.18       -1.21109            0.5
2814          -1.19       -1.21108          0.535
2815           -1.2       -1.21108          0.535
2816          -1.18       -1.21106          0.535
2817          -1.28       -1.21109           0.54
2818          -1.14       -1.21106           0.43
2819           -1.2       -1.21106          0.455
2820          -1.15       -1.21104          0.385
2821          -1.19       -1.21103            0.4
2822          -1.21       -1.21103          0.455
2823          -1.21       -1.21103          0.465
2824          -1.08       -1.21098          0.435
2825          -1.08       -1.21094           0.49
2826           -1.2       -1.21093          0.595
2827           -1.2       -1.21093          0.605
2828          -1.28       -1.21095           0.64
2829          -1.39       -1.21102           0.71
2830          -1.42       -1.21109          0.705
2831           -1.5       -1.21119          0.685
2832          -1.49       -1.21129           0.74
2833           -1.4       -1.21136          0.675
2834          -1.47       -1.21145           0.68
2835          -1.45       -1.21153          0.755
2836           -1.3       -1.21157          0.665
2837          -1.29       -1.21159          0.685
2838          -1.05       -1.21154          0.575
2839          -1.29       -1.21156          0.695
2840          -1.28       -1.21159           0.69
2841          -1.28       -1.21161          0.695
2842          -1.28       -1.21164          0.735
2843          -1.37       -1.21169          0.735
2844          -1.29       -1.21172           0.71
2845          -1.31       -1.21175           0.66
2846           -1.3       -1.21178           0.68
2847           -1.3       -1.21182           0.66
2848          -1.34       -1.21186            0.7
2849          -1.29       -1.21189           0.68
2850          -1.32       -1.21193          0.655
2851          -1.29       -1.21195          0.555
2852          -1.35         -1.212          0.595
2853          -1.26       -1.21202           0.61
2854          -1.22       -1.21202          0.605
2855          -1.36       -1.21207           0.68
2856          -1.39       -1.21214           0.67
2857          -1.32       -1.21217          0.615
2858          -1.44       -1.21225           0.65
2859          -1.39       -1.21231          0.685
2860          -1.45        -1.2124          0.655
2861          -1.31       -1.21243          0.645
2862          -1.21       -1.21243          0.635
2863          -1.32       -1.21247          0.675
2864          -1.42       -1.21254           0.65
2865          -1.38        -1.2126          0.645
2866          -1.37       -1.21265           0.58
2867          -1.31       -1.21269           0.55
2868          -1.39       -1.21275          0.515
2869          -1.33       -1.21279           0.57
2870          -1.23        -1.2128           0.48
2871          -1.14       -1.21277          0.485
2872           -1.2       -1.21277          0.485
2873          -1.33       -1.21281           0.54
2874          -1.15       -1.21279          0.505
2875          -1.08       -1.21274          0.465
2876          -1.24       -1.21275          0.475
2877          -1.27       -1.21277          0.485
2878          -1.11       -1.21273           0.51
2879          -1.28       -1.21276          0.585
2880          -1.23       -1.21276          0.595
2881          -1.28       -1.21279           0.59
2882          -1.25        -1.2128          0.565
2883          -1.32       -1.21284           0.59
2884          -1.24       -1.21285           0.53
2885          -1.22       -1.21285          0.605
2886          -1.16       -1.21283          0.525
2887           -1.2       -1.21283          0.495
2888          -1.22       -1.21283          0.505
2889           -1.2       -1.21282          0.505
2890          -1.25       -1.21284          0.545
2891          -1.22       -1.21284           0.59
2892          -1.13       -1.21281           0.55
2893          -1.14       -1.21279          0.645
2894          -1.08       -1.21274          0.625
2895          -1.21       -1.21274           0.65
2896          -1.27       -1.21276           0.64
2897          -1.25       -1.21277           0.65
2898          -1.31        -1.2128          0.725
2899          -1.43       -1.21288           0.74
2900          -1.42       -1.21295           0.78
2901          -1.37         -1.213          0.735
2902          -1.38       -1.21306          0.755
2903          -1.47       -1.21315          0.765
2904          -1.52       -1.21326          0.805
2905          -1.57       -1.21338          0.755
2906          -1.42       -1.21345           0.72
2907          -1.45       -1.21353           0.73
2908          -1.38       -1.21359          0.645
2909          -1.34       -1.21363          0.675
2910          -1.31       -1.21367           0.64
2911          -1.26       -1.21368           0.66
2912          -1.38       -1.21374          0.705
2913          -1.49       -1.21383          0.775
2914          -1.48       -1.21392          0.775
2915           -1.5       -1.21402           0.78
2916          -1.43        -1.2141           0.72
2917          -1.26       -1.21411          0.665
2918           -1.4       -1.21418           0.66
2919          -1.36       -1.21423           0.66
2920          -1.35       -1.21427           0.56
2921          -1.25       -1.21428           0.55
2922          -1.38       -1.21434           0.63
2923          -1.24       -1.21435          0.585
2924          -1.36        -1.2144           0.67
2925          -1.39       -1.21446          0.705
2926          -1.27       -1.21448           0.62
2927          -1.29        -1.2145          0.575
2928          -1.36       -1.21455          0.695
2929           -1.3       -1.21458           0.69
2930          -1.27        -1.2146           0.68
2931          -1.18       -1.21459           0.55
2932           -1.2       -1.21459            0.6
2933          -1.26        -1.2146           0.66
2934          -1.28       -1.21462          0.665
2935          -1.37       -1.21468          0.745
2936          -1.25       -1.21469           0.61
2937           -1.3       -1.21472           0.63
2938          -1.38       -1.21477          0.685
2939          -1.29        -1.2148          0.665
2940           -1.4       -1.21486           0.69
2941          -1.42       -1.21493           0.71
2942          -1.51       -1.21503          0.765
2943          -1.49       -1.21513           0.79
2944           -1.5       -1.21522           0.81
2945          -1.57       -1.21534           0.85
2946          -1.54       -1.21545          0.825
2947          -1.48       -1.21554          0.815
2948          -1.46       -1.21563          0.805
2949           -1.3       -1.21565           0.72
2950          -1.24       -1.21566          0.685
2951           -1.2       -1.21566           0.63
2952          -1.14       -1.21563           0.65
2953          -1.17       -1.21562           0.67
2954          -1.34       -1.21566           0.75
2955          -1.38       -1.21571           0.73
2956          -1.45       -1.21579          0.735
2957          -1.32       -1.21583           0.67
2958          -1.29       -1.21585          0.615
2959          -1.17       -1.21584          0.475
2960          -1.36       -1.21589          0.535
2961          -1.32       -1.21592          0.535
2962          -1.18       -1.21591          0.515
2963          -1.19        -1.2159           0.56
2964          -1.17       -1.21589          0.555
2965          -1.09       -1.21584            0.5
2966          -1.06       -1.21579           0.49
2967          -1.11       -1.21575          0.415
2968          -1.28       -1.21578           0.47
2969          -1.22       -1.21578          0.475
2970          -1.25       -1.21579          0.535
2971           -1.3       -1.21582          0.555
2972          -1.35       -1.21586          0.595
2973          -1.27       -1.21588          0.605
2974          -1.36       -1.21593          0.655
2975          -1.34       -1.21597          0.695
2976          -1.44       -1.21605           0.71
2977          -1.42       -1.21611          0.745
2978          -1.34       -1.21616          0.705
2979          -1.55       -1.21627          0.785
2980          -1.46       -1.21635           0.78
2981          -1.41       -1.21642          0.755
2982          -1.49       -1.21651          0.785
2983          -1.39       -1.21657           0.79
2984          -1.38       -1.21662          0.745
2985          -1.44       -1.21669          0.785
2986          -1.35       -1.21674           0.76
2987          -1.32       -1.21677           0.75
2988          -1.39       -1.21683           0.76
2989          -1.45       -1.21691           0.74
2990          -1.33       -1.21695          0.695
2991          -1.32       -1.21698           0.64
2992          -1.31       -1.21701           0.65
2993          -1.34       -1.21705          0.655
2994          -1.32       -1.21709          0.665
2995          -1.26        -1.2171            0.6
2996           -1.2        -1.2171           0.61
2997          -1.28       -1.21712           0.66
2998          -1.38       -1.21717          0.745
2999          -1.46       -1.21725          0.775
3000          -1.47       -1.21734           0.72
3001          -1.44       -1.21741           0.74
3002          -1.47        -1.2175           0.76
3003          -1.43       -1.21757           0.73
3004          -1.49       -1.21766           0.74
3005          -1.27       -1.21767           0.68
3006          -1.49       -1.21777           0.77
3007          -1.46       -1.21785           0.75
3008          -1.58       -1.21797           0.84
3009          -1.53       -1.21807           0.83
3010           -1.6        -1.2182           0.85
3011          -1.58       -1.21832           0.83
3012          -1.58       -1.21844           0.86
3013          -1.62       -1.21857          0.885
3014          -1.49       -1.21866           0.83
3015          -1.33        -1.2187           0.71
3016          -1.41       -1.21876          0.735
3017          -1.28       -1.21878           0.68
3018          -1.21       -1.21878          0.665
3019          -1.19       -1.21877          0.625
3020          -1.23       -1.21877          0.565
3021          -1.22       -1.21877            0.6
3022          -1.25       -1.21878          0.635
3023           -1.3       -1.21881           0.55
3024          -1.28       -1.21883          0.595
3025           -1.2       -1.21882           0.55
3026          -1.16        -1.2188           0.53
3027          -1.18       -1.21879           0.59
3028          -1.17       -1.21878           0.61
3029          -1.19       -1.21877           0.61
3030          -1.19       -1.21876          0.605
3031          -1.15       -1.21873          0.615
3032           -1.2       -1.21873          0.585
3033          -1.26       -1.21874            0.6
3034          -1.36       -1.21879          0.675
3035          -1.28       -1.21881          0.645
3036          -1.32       -1.21884          0.695
3037          -1.24       -1.21885           0.66
3038          -1.26       -1.21886           0.66
3039          -1.35        -1.2189          0.715
3040           -1.3       -1.21893           0.68
3041          -1.31       -1.21896          0.685
3042          -1.24       -1.21897           0.67
3043          -1.18       -1.21896          0.625
3044           -1.4       -1.21901          0.705
3045          -1.37       -1.21906          0.695
3046          -1.42       -1.21913          0.755
3047          -1.59       -1.21925          0.805
3048          -1.38        -1.2193          0.665
3049          -1.45       -1.21938           0.73
3050          -1.47       -1.21946           0.77
3051          -1.38       -1.21952           0.74
3052          -1.47        -1.2196           0.79
3053          -1.31       -1.21963            0.7
3054           -1.3       -1.21965          0.655
3055          -1.39       -1.21971          0.695
3056          -1.25       -1.21972           0.64
3057          -1.43       -1.21979           0.73
3058          -1.34       -1.21983           0.69
3059          -1.45        -1.2199           0.73
3060           -1.5       -1.21999          0.735
3061          -1.52       -1.22009           0.77
3062          -1.59       -1.22021            0.8
3063          -1.46       -1.22029          0.755
3064          -1.37       -1.22034           0.72
3065           -1.3       -1.22037          0.725
3066          -1.46       -1.22044          0.755
3067          -1.41       -1.22051           0.77
3068          -1.41       -1.22057           0.76
3069          -1.49       -1.22065          0.775
3070          -1.39       -1.22071          0.755
3071          -1.49        -1.2208          0.745
3072          -1.34       -1.22084          0.665
3073          -1.27       -1.22085          0.605
3074           -1.3       -1.22088           0.62
3075          -1.27       -1.22089          0.665
3076           -1.4       -1.22095          0.735
3077          -1.43       -1.22102          0.755
3078          -1.27       -1.22104           0.73
3079          -1.24       -1.22104          0.705
3080          -1.32       -1.22107          0.715
3081          -1.46       -1.22115          0.805
3082          -1.45       -1.22123          0.795
3083          -1.53       -1.22133            0.8
3084          -1.51       -1.22142            0.8
3085          -1.52       -1.22152           0.83
3086          -1.47        -1.2216          0.815
3087          -1.47       -1.22168            0.8
3088          -1.59        -1.2218           0.86
3089          -1.53        -1.2219          0.815
3090          -1.46       -1.22197           0.79
3091          -1.43       -1.22204           0.77
3092          -1.47       -1.22212           0.79
3093          -1.37       -1.22217          0.725
3094          -1.28       -1.22219           0.68
3095          -1.42       -1.22225           0.73
3096          -1.47       -1.22233            0.8
3097          -1.42        -1.2224           0.79
3098          -1.38       -1.22245           0.77
3099          -1.29       -1.22247          0.745
3100          -1.45       -1.22254          0.745
3101          -1.25       -1.22255          0.635
3102           -1.3       -1.22257          0.625
3103          -1.29        -1.2226           0.59
3104          -1.23        -1.2226          0.605
3105           -1.3       -1.22262          0.635
3106          -1.26       -1.22264           0.57
3107          -1.15       -1.22261           0.53
3108          -1.17        -1.2226            0.6
3109          -1.24        -1.2226          0.625
3110          -1.29       -1.22262            0.7
3111          -1.23       -1.22263          0.685
3112          -1.28       -1.22264          0.685
3113          -1.27       -1.22266           0.68
3114          -1.28       -1.22268           0.68
3115          -1.28        -1.2227           0.65
3116          -1.29       -1.22272          0.675
3117          -1.49        -1.2228          0.775
3118          -1.33       -1.22284          0.685
3119          -1.22       -1.22284          0.555
3120           -1.2       -1.22283           0.54
3121          -1.21       -1.22283          0.535
3122           -1.2       -1.22282           0.52
3123          -1.29       -1.22284          0.545
3124          -1.31       -1.22287          0.485
3125          -1.23       -1.22287          0.395
3126          -1.34       -1.22291          0.385
3127          -1.32       -1.22294           0.37
3128          -1.27       -1.22295           0.39
3129           -1.3       -1.22298          0.345
3130          -1.33       -1.22301          0.465
3131          -1.33       -1.22305           0.45
3132          -1.32       -1.22308           0.45
3133          -1.16       -1.22306          0.365
3134          -1.08       -1.22301           0.23
3135          -1.15       -1.22299           0.21
3136          -1.12       -1.22296           0.28
3137          -1.24       -1.22296           0.35
3138          -1.18       -1.22295           0.43
3139           -1.1       -1.22291          0.355
3140          -1.12       -1.22287           0.38
3141          -1.18       -1.22286            0.4
3142          -1.19       -1.22285           0.46
3143          -1.19       -1.22284          0.445
3144          -1.21       -1.22284          0.405
3145          -1.19       -1.22283          0.455
3146          -1.23       -1.22283          0.415
3147          -1.28       -1.22285            0.4
3148          -1.27       -1.22286          0.295
3149          -1.38       -1.22291           0.42
3150          -1.31       -1.22294          0.445
3151          -1.35       -1.22298          0.435
3152          -1.39       -1.22303           0.49
3153          -1.32       -1.22306            0.5
3154          -1.16       -1.22304           0.58
3155          -1.34       -1.22308           0.58
3156          -1.22       -1.22308          0.565
3157          -1.32       -1.22311           0.56
3158           -1.3       -1.22313          0.465
3159          -1.28       -1.22315           0.44
3160          -1.29       -1.22317            0.5
3161          -1.29       -1.22319          0.395
3162          -1.16       -1.22317           0.38
3163          -1.14       -1.22315          0.325
3164          -1.16       -1.22313           0.34
3165          -1.15        -1.2231          0.285
3166          -1.16       -1.22308           0.25
3167          -1.08       -1.22304          0.275
3168          -1.05       -1.22299          0.295
3169          -1.08       -1.22294          0.395
3170          -0.98       -1.22286           0.37
3171          -1.15       -1.22284           0.39
3172          -1.12       -1.22281           0.42
3173          -1.21        -1.2228          0.495
3174           -1.2        -1.2228            0.5
3175           -1.3       -1.22282            0.5
3176          -1.22       -1.22282           0.44
3177           -1.2       -1.22281          0.455
3178          -1.23       -1.22282           0.47
3179          -1.28       -1.22283           0.58
3180          -1.23       -1.22284           0.56
3181          -1.36       -1.22288          0.485
3182           -1.3        -1.2229          0.535
3183          -1.32       -1.22293          0.545
3184          -1.33       -1.22297           0.55
3185          -1.26       -1.22298           0.55
3186          -1.23       -1.22298          0.585
3187          -1.23       -1.22298            0.5
3188          -1.15       -1.22296           0.41
3189          -1.18       -1.22295           0.47
3190          -1.04       -1.22289           0.44
3191          -1.05       -1.22284          0.405
3192          -1.09       -1.22279           0.42
3193          -1.05       -1.22274          0.455
3194          -1.08       -1.22269          0.565
3195          -1.22       -1.22269          0.565
3196          -1.16       -1.22267           0.56
3197          -1.34       -1.22271           0.65
3198          -1.31       -1.22274          0.665
3199          -1.31       -1.22277           0.69
3200          -1.34        -1.2228          0.675
3201          -1.26       -1.22281          0.665
3202          -1.34       -1.22285          0.665
3203          -1.24       -1.22286           0.63
3204          -1.35        -1.2229          0.695
3205          -1.42       -1.22296           0.69
3206          -1.34       -1.22299           0.69
3207          -1.47       -1.22307           0.75
3208          -1.49       -1.22315          0.785
3209          -1.47       -1.22323          0.785
3210          -1.45        -1.2233          0.745
3211          -1.37       -1.22335           0.76
3212          -1.45       -1.22342          0.795
3213          -1.28       -1.22343          0.725
3214          -1.31       -1.22346          0.725
3215          -1.48       -1.22354           0.79
3216          -1.55       -1.22364          0.805
3217          -1.59       -1.22376           0.82
3218          -1.52       -1.22385          0.815
3219          -1.51       -1.22394           0.83
3220          -1.49       -1.22402           0.82
3221          -1.52       -1.22411          0.825
3222          -1.66       -1.22425          0.875
3223          -1.64       -1.22438           0.86
3224          -1.46       -1.22445          0.775
3225          -1.28       -1.22447           0.72
3226          -1.32        -1.2245          0.715
3227          -1.35       -1.22454          0.755
3228           -1.4       -1.22459          0.755
3229          -1.38       -1.22464          0.675
3230          -1.37       -1.22468          0.605
3231          -1.33       -1.22472          0.605
3232          -1.44       -1.22478          0.595
3233          -1.36       -1.22482          0.595
3234          -1.34       -1.22486          0.575
3235          -1.41       -1.22492           0.56
3236          -1.36       -1.22496          0.605
3237          -1.29       -1.22498          0.545
3238          -1.32       -1.22501           0.49
3239          -1.15       -1.22498          0.465
3240          -1.12       -1.22495           0.48
3241          -1.18       -1.22494            0.5
3242           -1.2       -1.22493           0.42
3243          -1.32       -1.22496           0.49
3244          -1.22       -1.22496           0.39
3245          -1.05        -1.2249           0.42
3246          -1.13       -1.22488          0.465
3247          -1.16       -1.22486            0.5
3248          -1.16       -1.22484           0.51
3249          -1.27       -1.22485           0.54
3250          -1.27       -1.22486           0.59
3251          -1.22       -1.22486          0.545
3252          -1.27       -1.22488          0.565
3253          -1.22       -1.22487          0.525
3254          -1.17       -1.22486          0.515
3255          -1.25       -1.22486           0.49
3256          -1.12       -1.22483          0.395
3257          -1.18       -1.22482          0.385
3258          -1.21       -1.22481          0.385
3259          -1.15       -1.22479           0.51
3260          -1.19       -1.22478           0.53
3261           -1.3        -1.2248          0.595
3262          -1.27       -1.22482          0.585
3263          -1.29       -1.22484           0.61
3264          -1.36       -1.22488           0.68
3265          -1.46       -1.22495          0.715
3266          -1.47       -1.22503          0.765
3267          -1.47        -1.2251          0.775
3268           -1.4       -1.22515          0.715
3269          -1.46       -1.22523          0.705
3270          -1.37       -1.22527          0.725
3271          -1.34       -1.22531           0.71
3272          -1.19       -1.22529           0.68
3273          -1.22       -1.22529          0.645
3274           -1.2       -1.22529           0.67
3275          -1.33       -1.22532           0.68
3276          -1.34       -1.22535          0.665
3277          -1.24       -1.22536          0.665
3278          -1.32       -1.22539           0.68
3279          -1.34       -1.22542           0.68
3280          -1.34       -1.22546           0.69
3281          -1.41       -1.22551          0.705
3282          -1.39       -1.22556           0.74
3283          -1.53       -1.22565           0.79
3284          -1.41       -1.22571          0.735
3285          -1.35       -1.22575           0.74
3286          -1.14       -1.22572           0.61
3287          -1.21       -1.22572          0.545
3288          -1.31       -1.22574          0.645
3289          -1.37       -1.22579           0.63
3290          -1.31       -1.22581            0.6
3291          -1.48       -1.22589           0.71
3292           -1.5       -1.22597           0.74
3293           -1.4       -1.22603          0.745
3294          -1.46        -1.2261          0.755
3295          -1.36       -1.22614           0.71
3296          -1.45       -1.22621           0.69
3297          -1.35       -1.22624           0.68
3298          -1.37       -1.22629           0.67
3299          -1.39       -1.22634           0.66
3300          -1.37       -1.22638          0.645
3301          -1.43       -1.22644          0.685
3302          -1.43        -1.2265           0.73
3303          -1.36       -1.22654           0.69
3304          -1.28       -1.22656           0.61
3305          -1.36        -1.2266           0.62
3306          -1.28       -1.22662          0.635
3307          -1.28       -1.22663            0.6
3308          -1.18       -1.22662           0.51
3309           -1.3       -1.22664          0.615
3310          -1.25       -1.22665           0.57
3311           -1.1       -1.22661           0.58
3312          -1.26       -1.22662           0.54
3313          -1.29       -1.22664          0.625
3314          -1.46       -1.22671           0.71
3315          -1.41       -1.22676           0.67
3316          -1.49       -1.22684          0.745
3317          -1.54       -1.22694          0.765
3318          -1.43         -1.227          0.725
3319          -1.32       -1.22703           0.69
3320          -1.27       -1.22704          0.685
3321          -1.22       -1.22704          0.655
3322          -1.31       -1.22706           0.63
3323          -1.22       -1.22706           0.62
3324          -1.22       -1.22706          0.565
3325          -1.18       -1.22704          0.535
3326           -1.1       -1.22701           0.47
3327          -1.07       -1.22696           0.43
3328          -1.16       -1.22694          0.525
3329          -1.19       -1.22693          0.535
3330          -1.23       -1.22693          0.585
3331          -1.31       -1.22695          0.605
3332          -1.29       -1.22697           0.61
3333          -1.24       -1.22698           0.56
3334          -1.35       -1.22701           0.61
3335          -1.34       -1.22705           0.59
3336          -1.14       -1.22702           0.46
3337          -1.11       -1.22699          0.495
3338          -1.07       -1.22694           0.43
3339          -1.16       -1.22692           0.44
3340          -1.16        -1.2269          0.475
3341          -1.08       -1.22686          0.425
3342          -1.22       -1.22685          0.525
3343          -1.35       -1.22689          0.635
3344          -1.15       -1.22687           0.61
3345          -1.31       -1.22689           0.67
3346          -1.33       -1.22692           0.66
3347          -1.33       -1.22695          0.625
3348          -1.32       -1.22698           0.57
3349          -1.29         -1.227          0.565
3350           -1.4       -1.22705          0.585
3351          -1.32       -1.22708          0.585
3352           -1.3        -1.2271          0.615
3353          -1.37       -1.22714           0.66
3354          -1.51       -1.22723           0.74
3355          -1.48        -1.2273           0.74
3356          -1.44       -1.22737          0.695
3357          -1.31       -1.22739           0.68
3358          -1.36       -1.22743          0.735
3359          -1.31       -1.22746          0.715
3360          -1.35       -1.22749          0.745
3361          -1.46       -1.22756            0.8
3362          -1.39       -1.22761          0.705
3363          -1.31       -1.22763          0.685
3364          -1.39       -1.22768          0.755
3365          -1.56       -1.22778          0.805
3366          -1.42       -1.22784          0.785
3367          -1.46       -1.22791          0.775
3368          -1.35       -1.22794          0.725
3369          -1.39       -1.22799           0.73
3370          -1.32       -1.22802           0.72
3371          -1.36       -1.22806          0.735
3372          -1.44       -1.22812          0.765
3373          -1.54       -1.22821          0.775
3374          -1.33       -1.22824          0.695
3375          -1.37       -1.22828          0.725
3376          -1.39       -1.22833          0.745
3377          -1.37       -1.22837           0.73
3378           -1.4       -1.22843          0.765
3379          -1.52       -1.22851          0.845
3380          -1.53        -1.2286           0.84
3381          -1.61       -1.22871          0.855
3382          -1.45       -1.22878          0.775
3383          -1.46       -1.22885           0.73
3384          -1.39        -1.2289          0.755
3385          -1.33       -1.22892           0.71
3386          -1.32       -1.22895          0.735
3387          -1.33       -1.22898           0.74
3388          -1.34       -1.22901           0.75
3389          -1.24       -1.22902           0.68
3390          -1.23       -1.22902          0.645
3391          -1.41       -1.22907           0.77
3392          -1.46       -1.22914          0.795
3393          -1.59       -1.22925           0.85
3394          -1.46       -1.22931           0.81
3395          -1.52        -1.2294           0.83
3396          -1.47       -1.22947          0.785
3397          -1.42       -1.22953           0.77
3398          -1.57       -1.22963           0.79
3399          -1.44       -1.22969          0.755
3400          -1.37       -1.22973           0.72
3401           -1.3       -1.22975           0.64
3402          -1.15       -1.22973          0.555
3403          -1.18       -1.22971           0.53
3404          -1.11       -1.22968           0.52
3405          -1.13       -1.22965          0.485
3406          -1.09       -1.22961           0.43
3407          -1.15       -1.22958          0.435
3408          -1.06       -1.22953           0.42
3409          -1.08       -1.22949           0.43
3410          -1.01       -1.22943          0.375
3411          -1.14        -1.2294          0.435
3412           -1.1       -1.22936          0.345
3413          -1.13       -1.22933          0.375
3414          -1.14       -1.22931           0.39
3415          -1.15       -1.22928           0.36
3416          -1.19       -1.22927           0.42
3417          -1.28       -1.22929          0.515
3418          -1.31       -1.22931          0.505
3419          -1.19        -1.2293          0.495
3420          -1.16       -1.22928          0.415
3421           -1.3        -1.2293           0.45
3422          -1.18       -1.22928           0.47
3423           -1.3        -1.2293           0.46
3424          -1.15       -1.22928          0.445
3425          -1.15       -1.22926          0.425
3426          -1.22       -1.22926          0.425
3427          -1.22       -1.22925          0.415
3428          -1.23       -1.22925          0.415
3429          -1.23       -1.22925          0.495
3430          -1.24       -1.22926           0.46
3431          -1.17       -1.22924           0.42
3432          -1.18       -1.22923           0.43
3433          -1.18       -1.22921           0.43
3434          -1.11       -1.22918           0.44
3435          -1.24       -1.22918            0.5
3436          -1.34       -1.22921           0.55
3437           -1.3       -1.22923            0.5
3438          -1.11        -1.2292           0.41
3439          -1.06       -1.22915          0.425
3440          -1.05        -1.2291          0.415
3441          -1.15       -1.22907          0.475
3442          -1.16       -1.22905           0.51
3443          -1.35       -1.22909           0.58
3444          -1.25       -1.22909          0.545
3445          -1.28       -1.22911          0.615
3446           -1.3       -1.22913           0.64
3447          -1.42       -1.22919           0.67
3448          -1.35       -1.22922           0.66
3449           -1.3       -1.22924           0.61
3450          -1.37       -1.22928           0.57
3451          -1.38       -1.22933          0.545
3452          -1.35       -1.22936          0.515
3453          -1.17       -1.22934          0.415
3454          -1.03       -1.22929          0.485
3455          -1.22       -1.22928          0.525
3456          -1.17       -1.22927          0.555
3457          -1.24       -1.22927          0.545
3458          -1.22       -1.22927           0.51
3459          -1.25       -1.22927          0.515
3460           -1.2       -1.22926           0.49
3461          -1.15       -1.22924           0.52
3462          -1.26       -1.22925          0.565
3463          -1.18       -1.22923           0.53
3464           -1.2       -1.22923          0.575
3465          -1.23       -1.22923           0.56
3466          -1.28       -1.22924          0.575
3467          -1.21       -1.22924          0.515
3468          -1.18       -1.22922           0.48
3469          -1.23       -1.22922          0.505
3470          -1.31       -1.22925           0.57
3471          -1.35       -1.22928          0.595
3472          -1.37       -1.22932           0.67
3473           -1.3       -1.22934           0.64
3474          -1.32       -1.22937          0.665
3475          -1.21       -1.22936          0.605
3476          -1.35        -1.2294           0.66
3477          -1.54       -1.22949          0.735
3478           -1.5       -1.22956          0.745
3479          -1.41       -1.22961           0.65
3480          -1.41       -1.22967          0.665
3481          -1.37       -1.22971          0.645
3482          -1.24       -1.22971          0.715
3483           -1.3       -1.22973           0.68
3484          -1.25       -1.22974          0.655
3485          -1.35       -1.22977           0.66
3486          -1.31       -1.22979            0.6
3487          -1.19       -1.22978          0.515
3488           -1.2       -1.22977          0.475
3489          -1.14       -1.22975           0.44
3490           -1.2       -1.22974          0.385
3491          -1.21       -1.22973          0.465
3492          -1.16       -1.22971           0.46
3493          -1.08       -1.22967          0.405
3494          -1.15       -1.22965          0.465
3495          -1.18       -1.22963            0.6
3496          -1.15       -1.22961           0.59
3497          -1.15       -1.22959          0.615
3498          -1.35       -1.22962           0.65
3499          -1.28       -1.22964          0.605
3500          -1.46        -1.2297          0.695
3501          -1.43       -1.22976           0.66
3502           -1.4       -1.22981          0.625
3503          -1.49       -1.22988          0.735
3504          -1.38       -1.22993           0.71
3505          -1.34       -1.22996          0.685
3506          -1.17       -1.22994          0.595
3507          -1.22       -1.22994          0.585
3508          -1.18       -1.22992           0.56
3509          -1.21       -1.22992           0.52
3510          -1.12       -1.22989          0.475
3511          -1.23       -1.22989          0.525
3512          -1.23       -1.22989          0.545
3513          -1.25       -1.22989          0.595
3514          -1.26        -1.2299           0.59
3515          -1.29       -1.22992           0.57
3516          -1.14       -1.22989           0.57
3517           -1.3       -1.22991          0.585
3518          -1.34       -1.22994           0.67
3519          -1.28       -1.22996          0.675
3520          -1.35       -1.22999           0.76
3521          -1.26          -1.23          0.695
3522           -1.4       -1.23005            0.7
3523          -1.35       -1.23008          0.685
3524          -1.43       -1.23014          0.715
3525          -1.41       -1.23019            0.7
3526          -1.49       -1.23026          0.725
3527          -1.47       -1.23033          0.735
3528          -1.48        -1.2304          0.715
3529          -1.43       -1.23046           0.72
3530          -1.42       -1.23051           0.69
3531          -1.45       -1.23057          0.685
3532          -1.46       -1.23064           0.69
3533          -1.47       -1.23071           0.71
3534          -1.54       -1.23079           0.72
3535          -1.34       -1.23083           0.65
3536          -1.44       -1.23088           0.69
3537           -1.3        -1.2309           0.67
3538          -1.18       -1.23089           0.62
3539           -1.2       -1.23088          0.595
3540          -1.25       -1.23089           0.62
3541          -1.42       -1.23094           0.72
3542          -1.39       -1.23099          0.685
3543          -1.33       -1.23101           0.67
3544          -1.42       -1.23107          0.735
3545          -1.35        -1.2311           0.72
3546          -1.28       -1.23111           0.67
3547          -1.46       -1.23118           0.74
3548          -1.52       -1.23126            0.8
3549          -1.43       -1.23132          0.785
3550          -1.36       -1.23135           0.66
3551          -1.51       -1.23143          0.725
3552          -1.45       -1.23149           0.72
3553          -1.48       -1.23156           0.66
3554          -1.35       -1.23159          0.645
3555          -1.33       -1.23162           0.64
3556          -1.34       -1.23165          0.555
3557          -1.26       -1.23166          0.555
3558          -1.24       -1.23166          0.515
3559          -1.21       -1.23166           0.54
3560          -1.12       -1.23163          0.505
3561          -1.11       -1.23159           0.52
3562          -1.06       -1.23154           0.48
3563           -1.1       -1.23151          0.395
3564          -1.09       -1.23147           0.36
3565          -0.94       -1.23139           0.26
3566          -0.94        -1.2313          0.345
3567          -1.02       -1.23124           0.33
3568          -1.07        -1.2312          0.355
3569          -1.15       -1.23118           0.36
3570          -1.17       -1.23116          0.275
3571          -1.27       -1.23117           0.35
3572          -1.22       -1.23117          0.335
3573          -1.16       -1.23115          0.325
3574           -1.2       -1.23114           0.28
3575          -1.14       -1.23111           0.22
3576          -1.01       -1.23105          0.155
3577          -1.02       -1.23099          0.025
3578          -1.08       -1.23095          0.035
3579          -1.07       -1.23091          0.085
3580           -0.9       -1.23081           0.01
3581          -0.99       -1.23075          0.015
3582          -0.93       -1.23066         -0.085
3583          -0.91       -1.23057         -0.175
3584          -1.05       -1.23052         -0.095
3585          -1.06       -1.23047         -0.125
3586          -1.16       -1.23045         -0.195
3587          -1.19       -1.23044         -0.215
3588          -1.18       -1.23043         -0.165
3589          -1.16       -1.23041          -0.22
3590          -1.04       -1.23036         -0.235
3591          -1.04        -1.2303          -0.28
3592          -1.09       -1.23026         -0.375
3593          -1.07       -1.23022          -0.35
3594          -0.94       -1.23014          -0.29
3595          -0.84       -1.23003          -0.31
3596          -1.04       -1.22998         -0.315
3597          -1.05       -1.22993          -0.36
3598           -1.2       -1.22992          -0.41
3599          -1.12       -1.22989          -0.46
3600          -1.08       -1.22985         -0.395
3601          -1.25       -1.22985           -0.4
3602          -1.22       -1.22985         -0.455
3603          -1.25       -1.22986         -0.435
3604          -1.13       -1.22983         -0.455
3605          -1.15       -1.22981         -0.475
3606          -1.02       -1.22975         -0.375
3607           -1.2       -1.22974          -0.49
3608          -1.22       -1.22974         -0.515
3609          -1.19       -1.22973         -0.545
3610          -1.22       -1.22972          -0.53
3611          -1.11       -1.22969         -0.605
3612           -1.2       -1.22968         -0.615
3613          -1.32       -1.22971          -0.68
3614           -1.4       -1.22975         -0.725
3615           -1.3       -1.22977           -0.7
3616           -1.4       -1.22982          -0.75
3617          -1.38       -1.22986         -0.755
3618          -1.44       -1.22992         -0.765
3619          -1.35       -1.22995          -0.74
3620          -1.45       -1.23001         -0.815
3621          -1.72       -1.23015         -0.925
3622          -1.55       -1.23024          -0.86
3623           -1.6       -1.23034         -0.825
3624           -1.6       -1.23044          -0.81
3625          -1.34       -1.23047          -0.74
3626          -1.39       -1.23052         -0.735
3627          -1.34       -1.23055         -0.675
3628           -1.3       -1.23056          -0.67
3629          -1.26       -1.23057          -0.61
3630          -1.17       -1.23056         -0.535
3631          -1.31       -1.23058          -0.52
3632          -1.24       -1.23058          -0.55
3633          -1.04       -1.23053          -0.47
3634          -1.19       -1.23052          -0.52
3635          -1.19       -1.23051           -0.5
3636          -1.16       -1.23049          -0.44
3637           -1.2       -1.23048         -0.455
3638          -1.18       -1.23046         -0.445
3639          -1.14       -1.23044         -0.495
3640          -1.22       -1.23044         -0.545
3641          -1.19       -1.23043         -0.635
3642          -1.29       -1.23044         -0.675
3643          -1.32       -1.23047          -0.69
3644          -1.36        -1.2305         -0.695
3645          -1.37       -1.23054          -0.72
3646          -1.38       -1.23058         -0.745
3647          -1.36       -1.23062         -0.715
3648           -1.3       -1.23064         -0.675
3649          -1.39       -1.23068         -0.685
3650          -1.33       -1.23071         -0.665
3651          -1.41       -1.23076          -0.69
3652          -1.34       -1.23079         -0.635
3653          -1.34       -1.23082          -0.64
3654           -1.2       -1.23081         -0.545
3655          -1.19        -1.2308          -0.57
3656          -1.36       -1.23083           -0.6
3657          -1.39       -1.23087          -0.57
3658          -1.31        -1.2309         -0.515
3659          -1.29       -1.23091          -0.54
3660          -1.23       -1.23091          -0.54
3661          -1.24       -1.23091         -0.535
3662          -1.29       -1.23093         -0.585
3663          -1.23       -1.23093           -0.6
3664          -1.24       -1.23093          -0.61
3665          -1.28       -1.23095         -0.595
3666           -1.3       -1.23097          -0.66
3667          -1.19       -1.23095          -0.62
3668          -1.24       -1.23096          -0.64
3669          -1.22       -1.23095           -0.7
3670          -1.37       -1.23099          -0.77
3671          -1.52       -1.23107          -0.85
3672          -1.47       -1.23114          -0.81
3673          -1.41       -1.23118          -0.75
3674          -1.29        -1.2312          -0.71
3675          -1.27       -1.23121         -0.675
3676          -1.28       -1.23122         -0.615
3677          -1.29       -1.23124         -0.645
3678          -1.23       -1.23124         -0.605
3679          -1.24       -1.23124          -0.53
3680          -1.23       -1.23124          -0.55
3681          -1.33       -1.23127          -0.57
3682          -1.26       -1.23128          -0.51
3683          -1.33        -1.2313          -0.53
3684          -1.24       -1.23131          -0.58
3685          -1.36       -1.23134         -0.605
3686           -1.4       -1.23139          -0.61
3687           -1.4       -1.23143         -0.635
3688          -1.47        -1.2315         -0.685
3689          -1.31       -1.23152         -0.605
3690          -1.31       -1.23154         -0.585
3691          -1.32       -1.23156         -0.545
3692          -1.23       -1.23156         -0.555
3693          -1.24       -1.23156         -0.545
3694          -1.27       -1.23158          -0.52
3695          -1.12       -1.23154          -0.47
3696          -1.14       -1.23152          -0.57
3697          -1.27       -1.23153          -0.66
3698          -1.13        -1.2315         -0.565
3699          -1.31       -1.23152         -0.595
3700          -1.09       -1.23149         -0.525
3701          -1.15       -1.23146          -0.61
3702          -1.19       -1.23145         -0.655
3703          -1.19       -1.23144          -0.69
3704          -1.23       -1.23144         -0.675
3705          -1.25       -1.23145         -0.695
3706          -1.34       -1.23148          -0.75
3707          -1.29       -1.23149          -0.66
3708          -1.28        -1.2315          -0.62
3709          -1.23        -1.2315         -0.575
3710          -1.29       -1.23152         -0.655
3711          -1.19       -1.23151         -0.665
3712          -1.16       -1.23149         -0.655
3713          -1.32       -1.23151         -0.705
3714          -1.46       -1.23157         -0.735
3715          -1.36       -1.23161         -0.685
3716          -1.41       -1.23166           -0.7
3717          -1.32       -1.23168          -0.67
3718          -1.39       -1.23172           -0.7
3719          -1.39       -1.23177          -0.69
3720           -1.4       -1.23181          -0.71
3721          -1.35       -1.23184         -0.685
3722          -1.46        -1.2319         -0.775
3723          -1.46       -1.23197          -0.74
3724          -1.34       -1.23199          -0.72
3725          -1.38       -1.23203           -0.7
3726          -1.32       -1.23206          -0.67
3727           -1.1       -1.23202          -0.59
3728          -1.39       -1.23206         -0.715
3729           -1.3       -1.23208          -0.66
3730          -1.37       -1.23212          -0.72
3731          -1.36       -1.23215         -0.725
3732          -1.28       -1.23217         -0.635
3733          -1.28       -1.23218          -0.63
3734          -1.21       -1.23217         -0.575
3735          -1.17       -1.23216         -0.575
3736          -1.25       -1.23216          -0.56
3737          -1.28       -1.23217         -0.625
3738          -1.29       -1.23219          -0.61
3739           -1.2       -1.23218         -0.545
3740          -1.19       -1.23217         -0.495
3741           -1.2       -1.23216         -0.485
3742          -1.29       -1.23218          -0.61
3743          -1.22       -1.23217          -0.62
3744          -1.29       -1.23219          -0.68
3745          -1.33       -1.23222         -0.675
3746          -1.28       -1.23223          -0.69
3747           -1.4       -1.23227         -0.635
3748          -1.29       -1.23229         -0.635
3749          -1.25       -1.23229         -0.635
3750          -1.26        -1.2323          -0.62
3751          -1.14       -1.23228          -0.52
3752          -1.21       -1.23227          -0.52
3753          -1.31       -1.23229         -0.565
3754          -1.34       -1.23232         -0.555
3755          -1.28       -1.23233         -0.495
3756          -1.39       -1.23237         -0.505
3757          -1.45       -1.23243          -0.54
3758          -1.33       -1.23246         -0.525
3759          -1.33       -1.23248         -0.455
3760          -1.34       -1.23251          -0.48
3761          -1.21       -1.23251         -0.445
3762          -1.16       -1.23249          -0.45
3763          -1.19       -1.23248          -0.49
3764          -1.26       -1.23248         -0.515
3765          -1.34       -1.23251          -0.53
3766          -1.42       -1.23256         -0.505
3767          -1.28       -1.23257         -0.435
3768          -1.27       -1.23258         -0.465
3769          -1.29        -1.2326          -0.57
3770          -1.23        -1.2326         -0.535
3771          -1.28       -1.23261          -0.55
3772          -1.33       -1.23264          -0.53
3773          -1.38       -1.23268         -0.595
3774          -1.19       -1.23266         -0.535
3775          -1.25       -1.23267         -0.535
3776          -1.22       -1.23267          -0.57
3777          -1.28       -1.23268          -0.55
3778          -1.27       -1.23269          -0.49
3779           -1.3       -1.23271          -0.48
3780          -1.19        -1.2327         -0.435
3781          -1.03       -1.23264          -0.36
3782           -1.1       -1.23261         -0.385
3783          -1.14       -1.23258         -0.425
3784          -1.09       -1.23254          -0.47
3785          -1.13       -1.23252         -0.495
3786          -1.24       -1.23252         -0.525
3787          -1.13       -1.23249          -0.58
3788          -1.26        -1.2325          -0.57
3789          -1.19       -1.23249           -0.6
3790          -1.16       -1.23247         -0.595
3791           -1.3       -1.23249         -0.655
3792          -1.26       -1.23249          -0.63
3793          -1.33       -1.23252         -0.655
3794          -1.38       -1.23256          -0.66
3795          -1.34       -1.23259         -0.645
3796          -1.34       -1.23262         -0.685
3797          -1.36       -1.23265         -0.665
3798          -1.15       -1.23263          -0.55
3799          -1.27       -1.23264         -0.555
3800          -1.35       -1.23267          -0.63
3801          -1.34        -1.2327           -0.6
3802          -1.22       -1.23269          -0.55
3803          -1.15       -1.23267          -0.58
3804          -1.31       -1.23269          -0.62
3805          -1.32       -1.23271         -0.645
3806          -1.25       -1.23272          -0.62
3807          -1.33       -1.23274         -0.635
3808          -1.35       -1.23278         -0.675
3809          -1.25       -1.23278         -0.665
3810          -1.26       -1.23279         -0.675
3811          -1.31       -1.23281          -0.71
3812          -1.24       -1.23281         -0.645
3813          -1.22       -1.23281          -0.67
3814          -1.23        -1.2328         -0.695
3815          -1.42       -1.23285         -0.735
3816           -1.5       -1.23292          -0.75
3817           -1.4       -1.23297         -0.725
3818          -1.35         -1.233          -0.73
3819          -1.33       -1.23302           -0.7
3820          -1.23       -1.23302          -0.65
3821          -1.21       -1.23302         -0.695
3822          -1.31       -1.23304         -0.695
3823          -1.21       -1.23303          -0.67
3824          -1.22       -1.23303          -0.67
3825          -1.32       -1.23305          -0.66
3826          -1.18       -1.23304          -0.62
3827          -1.29       -1.23305         -0.645
3828          -1.15       -1.23303         -0.585
3829          -1.22       -1.23303         -0.595
3830          -1.16       -1.23301         -0.565
3831          -1.28       -1.23302         -0.575
3832          -1.21       -1.23301         -0.585
3833          -1.26       -1.23302          -0.52
3834          -1.23       -1.23302          -0.52
3835          -1.19       -1.23301          -0.43
3836          -1.18       -1.23299         -0.335
3837          -1.12       -1.23297         -0.385
3838          -1.08       -1.23293         -0.405
3839          -1.15        -1.2329         -0.415
3840           -1.2        -1.2329          -0.38
3841          -1.18       -1.23288         -0.315
3842          -1.07       -1.23284         -0.315
3843          -1.11       -1.23281         -0.325
3844          -0.89       -1.23272         -0.325
3845          -0.95       -1.23264          -0.33
3846          -0.97       -1.23258         -0.285
3847          -1.03       -1.23252          -0.18
3848          -1.11       -1.23249           -0.1
3849          -1.13       -1.23246         -0.065
3850          -1.05       -1.23242         -0.065
3851           -1.1       -1.23238         -0.035
3852          -1.25       -1.23239           0.04
3853          -1.09       -1.23235          0.035
3854          -1.28       -1.23236         -0.035
3855          -1.18       -1.23235          -0.02
3856          -1.08       -1.23231          0.025
3857          -1.12       -1.23228           0.04
3858          -1.24       -1.23228          0.065
3859          -1.18       -1.23227           0.05
3860          -1.16       -1.23225          0.025
3861          -1.14       -1.23223           0.06
3862          -0.94       -1.23215            0.1
3863          -0.94       -1.23208           0.12
3864          -1.07       -1.23203          0.165
3865          -1.08       -1.23199          0.235
3866          -1.06       -1.23195           0.16
3867          -1.04        -1.2319           0.16
3868          -1.09       -1.23186          0.225
3869           -1.2       -1.23186          0.155
3870          -1.06       -1.23181          0.145
3871          -1.11       -1.23178          0.265
3872          -0.99       -1.23172          0.295
3873          -1.04       -1.23167            0.3
3874          -1.02       -1.23161           0.23
3875          -0.92       -1.23153          0.235
3876          -0.93       -1.23145           0.14
3877          -1.07       -1.23141          0.155
3878           -1.1       -1.23138           0.24
3879          -1.06       -1.23134          0.135
3880           -1.1        -1.2313            0.1
3881          -1.13       -1.23128           0.04
3882           -1.2       -1.23127          0.045
3883          -1.04       -1.23122           0.09
3884          -1.09       -1.23118           0.07
3885          -1.17       -1.23117           0.06
3886          -1.06       -1.23112          -0.06
3887          -1.03       -1.23107         -0.045
3888          -1.21       -1.23106          0.025
3889          -1.27       -1.23107          0.015
3890          -1.22       -1.23107          0.005
3891          -1.03       -1.23102          0.015
3892           -1.1       -1.23099         -0.055
3893          -1.18       -1.23097         -0.175
3894          -1.06       -1.23093         -0.265
3895          -1.09       -1.23089         -0.365
3896          -1.12       -1.23086         -0.425
3897          -1.15       -1.23084         -0.365
3898          -1.04        -1.2308         -0.355
3899          -0.98       -1.23073         -0.365
3900          -1.03       -1.23068         -0.415
3901          -1.09       -1.23064         -0.415
3902          -1.05        -1.2306         -0.355
3903          -1.12       -1.23057         -0.335
3904          -1.23       -1.23057          -0.37
3905          -1.39       -1.23061           -0.4
3906          -1.41       -1.23066          -0.45
3907          -1.45       -1.23071         -0.445
3908          -1.44       -1.23076         -0.415
3909          -1.34       -1.23079          -0.46
3910          -1.28       -1.23081         -0.455
3911           -1.3       -1.23082         -0.485
3912          -1.28       -1.23084         -0.445
3913          -1.21       -1.23083         -0.415
3914          -1.28       -1.23084          -0.49
3915          -1.25       -1.23085         -0.395
3916          -1.23       -1.23085         -0.365
3917           -1.2       -1.23084          -0.33
3918          -1.16       -1.23082          -0.29
3919          -1.21       -1.23082         -0.305
3920          -1.31       -1.23084         -0.325
3921          -1.26       -1.23084         -0.375
3922          -1.23       -1.23084         -0.325
3923          -1.25       -1.23085          -0.28
3924          -1.38       -1.23089          -0.33
3925          -1.35       -1.23092         -0.375
3926          -1.32       -1.23094          -0.27
3927          -1.23       -1.23094           -0.2
3928          -1.21       -1.23093         -0.235
3929          -1.15       -1.23091         -0.235
3930          -1.18        -1.2309         -0.275
3931          -1.19       -1.23089          -0.28
3932          -1.05       -1.23084         -0.315
3933          -1.08       -1.23081          -0.33
3934          -1.13       -1.23078         -0.425
3935          -1.15       -1.23076         -0.405
3936          -1.11       -1.23073         -0.385
3937          -1.17       -1.23071         -0.415
3938          -1.14       -1.23069         -0.405
3939          -0.99       -1.23063          -0.36
3940             -1       -1.23057         -0.335
3941          -1.08       -1.23053         -0.355
3942           -1.1        -1.2305          -0.37
3943          -0.97       -1.23043           -0.3
3944          -1.09        -1.2304          -0.28
3945          -0.95       -1.23033          -0.35
3946          -1.06       -1.23028         -0.275
3947          -1.03       -1.23023         -0.385
3948          -1.01       -1.23018         -0.425
3949          -1.11       -1.23015          -0.47
3950           -1.1       -1.23011          -0.48
3951          -1.07       -1.23007          -0.49
3952          -1.04       -1.23003           -0.5
3953          -1.17       -1.23001         -0.535
3954          -1.31       -1.23003          -0.56
3955          -1.29       -1.23005         -0.485
3956          -1.32       -1.23007         -0.495
3957          -1.19       -1.23006         -0.445
3958          -1.11       -1.23003          -0.38
3959          -1.17       -1.23001          -0.39
3960          -1.13       -1.22999          -0.33
3961          -0.99       -1.22993           -0.3
3962          -1.06       -1.22988          -0.33
3963          -1.22       -1.22988         -0.415
3964          -1.21       -1.22988         -0.445
3965          -1.13       -1.22985          -0.31
3966           -1.1       -1.22982         -0.255
3967          -1.16        -1.2298         -0.235
3968          -1.08       -1.22976         -0.185
3969          -1.24       -1.22977         -0.225
3970          -1.21       -1.22976          -0.29
3971          -1.09       -1.22973         -0.205
3972          -1.02       -1.22967          -0.21
3973          -0.97       -1.22961          -0.09
3974          -1.07       -1.22957         -0.135
3975          -0.96        -1.2295         -0.045
3976          -1.08       -1.22946         -0.035
3977          -1.23       -1.22946           0.01
3978             -1        -1.2294           0.01
3979          -0.98       -1.22934          -0.05
3980          -0.95       -1.22927          -0.07
3981          -0.97       -1.22921         -0.115
3982          -0.98       -1.22914         -0.145
3983          -0.99       -1.22908           -0.3
3984           -1.1       -1.22905         -0.265
3985          -1.16       -1.22903          -0.28
3986          -1.16       -1.22902          -0.27
3987          -1.03       -1.22897         -0.285
3988          -0.88       -1.22888         -0.245
3989          -1.11       -1.22885          -0.27
3990          -1.08       -1.22881          -0.22
3991          -1.21       -1.22881          -0.22
3992          -1.12       -1.22878         -0.235
3993          -1.22       -1.22878         -0.175
3994          -1.14       -1.22876         -0.255
3995          -1.21       -1.22875          -0.21
3996          -1.14       -1.22873          -0.15
3997          -1.07       -1.22869         -0.185
3998          -1.01       -1.22863         -0.245
3999          -1.07       -1.22859         -0.205
4000          -1.14       -1.22857          -0.21
4001          -1.28       -1.22859          -0.25
4002          -1.19       -1.22858         -0.235
4003           -1.2       -1.22857         -0.255
4004          -1.17       -1.22855         -0.265
4005          -1.16       -1.22854          -0.33
4006          -1.12       -1.22851          -0.28
4007          -1.15       -1.22849          -0.34
4008          -1.23       -1.22849           -0.4
4009          -1.11       -1.22846          -0.34
4010          -1.12       -1.22843          -0.31
4011          -1.15       -1.22841         -0.325
4012          -1.23       -1.22842         -0.395
4013          -1.24       -1.22842         -0.415
4014          -1.13       -1.22839         -0.405
4015          -1.26        -1.2284          -0.42
4016          -1.26       -1.22841         -0.385
4017          -1.18        -1.2284          -0.36
4018          -1.15       -1.22838          -0.36
4019          -1.15       -1.22836          -0.35
4020          -1.09       -1.22832         -0.345
4021          -1.21       -1.22832         -0.375
4022          -1.13       -1.22829         -0.395
4023          -1.18       -1.22828          -0.36
4024          -1.17       -1.22827         -0.305
4025           -1.1       -1.22824          -0.25
4026          -1.07        -1.2282          -0.25
4027           -1.2       -1.22819          -0.25
4028          -1.12       -1.22816          -0.29
4029          -1.14       -1.22814          -0.33
4030          -1.08        -1.2281          -0.32
4031          -1.23       -1.22811          -0.31
4032          -1.14       -1.22808          -0.24
4033          -1.24       -1.22809          -0.26
4034          -1.26       -1.22809          -0.32
4035          -1.14       -1.22807          -0.26
4036          -1.05       -1.22803         -0.305
4037          -1.13         -1.228           -0.4
4038           -1.1       -1.22797          -0.37
4039          -1.02       -1.22792          -0.45
4040          -1.02       -1.22787         -0.495
4041          -1.16       -1.22785          -0.54
4042          -1.17       -1.22784          -0.56
4043          -1.12       -1.22781          -0.57
4044          -1.07       -1.22777         -0.595
4045          -1.18       -1.22776         -0.645
4046          -1.28       -1.22777         -0.665
4047          -1.29       -1.22779          -0.66
4048          -1.29        -1.2278         -0.655
4049          -1.39       -1.22784          -0.67
4050          -1.41       -1.22789          -0.65
4051          -1.35       -1.22792         -0.585
4052          -1.34       -1.22795          -0.63
4053          -1.44         -1.228         -0.625
4054           -1.3       -1.22802          -0.57
4055          -1.47       -1.22808          -0.61
4056           -1.3       -1.22809         -0.595
4057          -1.25        -1.2281         -0.545
4058          -1.29       -1.22812          -0.53
4059          -1.29       -1.22813         -0.525
4060          -1.24       -1.22813         -0.545
4061          -1.23       -1.22813          -0.45
4062          -1.25       -1.22814         -0.485
4063          -1.24       -1.22814          -0.55
4064          -1.15       -1.22812         -0.615
4065          -1.29       -1.22814         -0.615
4066          -1.14       -1.22812         -0.535
4067          -1.15        -1.2281         -0.525
4068          -1.16       -1.22808          -0.52
4069          -1.29        -1.2281          -0.63
4070          -1.32       -1.22812          -0.59
4071          -1.22       -1.22812          -0.49
4072          -1.23       -1.22812          -0.53
4073          -1.27       -1.22813          -0.47
4074          -1.29       -1.22814          -0.48
4075          -1.28       -1.22816          -0.42
4076          -1.17       -1.22814          -0.34
4077          -1.34       -1.22817          -0.35
4078          -1.21       -1.22816          -0.29
4079          -1.17       -1.22815         -0.305
4080          -1.14       -1.22813           -0.4
4081          -1.17       -1.22811          -0.39
4082          -1.26       -1.22812         -0.375
4083          -1.28       -1.22813          -0.31
4084          -1.15       -1.22812         -0.335
4085          -1.11       -1.22809          -0.37
4086          -1.07       -1.22805          -0.36
4087          -1.12       -1.22802         -0.485
4088          -1.19       -1.22801          -0.59
4089          -1.18         -1.228         -0.585
4090           -1.2       -1.22799         -0.565
4091          -1.25         -1.228          -0.63
4092          -1.23         -1.228          -0.59
4093          -1.36       -1.22803         -0.635
4094          -1.45       -1.22809         -0.665
4095          -1.36       -1.22812          -0.62
4096           -1.3       -1.22814         -0.605
4097          -1.36       -1.22817          -0.65
4098          -1.37        -1.2282          -0.76
4099          -1.32       -1.22822         -0.735
4100          -1.24       -1.22823         -0.665
4101           -1.3       -1.22824          -0.69
4102          -1.07       -1.22821         -0.585
4103          -1.02       -1.22816          -0.53
4104          -1.14       -1.22813          -0.55
4105          -1.02       -1.22808         -0.535
4106          -1.11       -1.22805         -0.495
4107          -1.19       -1.22805          -0.47
4108          -1.07       -1.22801         -0.395
4109          -1.12       -1.22798          -0.43
4110          -1.19       -1.22797         -0.485
4111          -1.24       -1.22797         -0.595
4112          -1.31       -1.22799         -0.635
4113          -1.51       -1.22806          -0.71
4114          -1.47       -1.22812         -0.755
4115          -1.37       -1.22816          -0.73
4116           -1.4        -1.2282         -0.715
4117          -1.34       -1.22822         -0.655
4118          -1.38       -1.22826         -0.695
4119          -1.38        -1.2283          -0.72
4120          -1.27       -1.22831          -0.69
4121          -1.33       -1.22833         -0.715
4122          -1.47       -1.22839           -0.8
4123          -1.32       -1.22841          -0.79
4124          -1.43       -1.22846         -0.815
4125          -1.38        -1.2285         -0.785
4126          -1.41       -1.22854         -0.755
4127          -1.46        -1.2286         -0.785
4128          -1.51       -1.22867         -0.825
4129          -1.54       -1.22874         -0.825
4130          -1.48        -1.2288          -0.84
4131          -1.41       -1.22885         -0.765
4132           -1.5       -1.22891          -0.78
4133          -1.41       -1.22896          -0.71
4134          -1.33       -1.22898         -0.665
4135          -1.36       -1.22901          -0.68
4136          -1.27       -1.22902         -0.625
4137          -1.21       -1.22902         -0.615
4138          -1.19       -1.22901          -0.65
4139          -1.28       -1.22902         -0.665
4140          -1.16       -1.22901          -0.66
4141           -1.2         -1.229         -0.625
4142          -1.21       -1.22899         -0.615
4143          -1.22       -1.22899         -0.595
4144          -1.15       -1.22897         -0.545
4145          -1.17       -1.22896          -0.51
4146          -1.17       -1.22894          -0.57
4147          -1.14       -1.22892         -0.535
4148          -1.24       -1.22893          -0.59
4149          -1.21       -1.22892          -0.49
4150          -1.22       -1.22892          -0.55
4151          -1.33       -1.22894         -0.615
4152          -1.36       -1.22897          -0.62
4153          -1.43       -1.22902         -0.645
4154          -1.33       -1.22905          -0.58
4155          -1.22       -1.22904          -0.58
4156          -1.17       -1.22903          -0.47
4157          -1.13       -1.22901         -0.395
4158          -1.07       -1.22897          -0.38
4159          -1.19       -1.22896         -0.445
4160          -1.11       -1.22893          -0.43
4161          -1.12        -1.2289         -0.435
4162          -1.16       -1.22889         -0.455
4163          -1.15       -1.22887          -0.43
4164          -1.23       -1.22887          -0.54
4165          -1.26       -1.22888         -0.515
4166           -1.2       -1.22887         -0.405
4167          -1.15       -1.22885          -0.39
4168          -1.16       -1.22883          -0.49
4169           -1.2       -1.22883         -0.555
4170          -1.34       -1.22885         -0.595
4171           -1.3       -1.22887          -0.58
4172          -1.33        -1.2289         -0.605
4173          -1.24        -1.2289         -0.575
4174          -1.25        -1.2289         -0.645
4175          -1.29       -1.22892          -0.65
4176          -1.26       -1.22893         -0.595
4177          -1.29       -1.22894          -0.62
4178          -1.25       -1.22894           -0.6
4179           -1.2       -1.22894         -0.575
4180          -1.34       -1.22896         -0.695
4181          -1.46       -1.22902          -0.73
4182          -1.38       -1.22906         -0.755
4183          -1.42        -1.2291         -0.785
4184           -1.5       -1.22917          -0.83
4185          -1.45       -1.22922         -0.795
4186          -1.32       -1.22924         -0.765
4187           -1.3       -1.22926          -0.78
4188          -1.41        -1.2293          -0.79
4189          -1.42       -1.22935          -0.79
4190          -1.36       -1.22938         -0.745
4191          -1.23       -1.22938         -0.685
4192          -1.24       -1.22938          -0.71
4193          -1.25       -1.22938          -0.71
4194           -1.4       -1.22943         -0.775
4195          -1.34       -1.22945         -0.765
4196          -1.37       -1.22949         -0.775
4197          -1.48       -1.22955           -0.8
4198          -1.47        -1.2296          -0.81
4199          -1.52       -1.22967         -0.815
4200          -1.57       -1.22975          -0.84
4201          -1.62       -1.22985         -0.845
4202           -1.5       -1.22991         -0.785
4203          -1.47       -1.22997          -0.74
4204          -1.49       -1.23003          -0.72
4205          -1.48       -1.23009         -0.715
4206          -1.29        -1.2301          -0.65
4207          -1.38       -1.23014          -0.75
4208          -1.41       -1.23018          -0.71
4209          -1.46       -1.23024          -0.73
4210          -1.47       -1.23029          -0.76
4211          -1.45       -1.23034          -0.75
4212           -1.5       -1.23041          -0.74
4213          -1.39       -1.23045          -0.68
4214          -1.48       -1.23051         -0.695
4215           -1.5       -1.23057         -0.715
4216           -1.4       -1.23061          -0.69
4217          -1.56       -1.23069          -0.78
4218          -1.49       -1.23075          -0.73
4219          -1.42       -1.23079         -0.755
4220          -1.47       -1.23085         -0.785
4221          -1.43        -1.2309         -0.775
4222          -1.47       -1.23095         -0.765
4223          -1.31       -1.23097          -0.68
4224          -1.28       -1.23098          -0.68
4225          -1.44       -1.23103          -0.73
4226          -1.36       -1.23106         -0.695
4227          -1.49       -1.23113          -0.79
4228          -1.38       -1.23116          -0.74
4229          -1.36       -1.23119           -0.7
4230          -1.22       -1.23119         -0.605
4231          -1.25       -1.23119          -0.64
4232          -1.17       -1.23118          -0.64
4233          -1.34        -1.2312           -0.7
4234          -1.34       -1.23123          -0.69
4235          -1.41       -1.23127          -0.73
4236          -1.39       -1.23131         -0.685
4237          -1.28       -1.23132          -0.66
4238          -1.36       -1.23135         -0.685
4239          -1.45        -1.2314          -0.74
4240           -1.5       -1.23147          -0.77
4241          -1.39        -1.2315         -0.715
4242          -1.32       -1.23152         -0.675
4243          -1.22       -1.23152         -0.665
4244          -1.18       -1.23151         -0.545
4245          -1.36       -1.23154         -0.645
4246          -1.53       -1.23161          -0.72
4247          -1.48       -1.23167          -0.68
4248          -1.34       -1.23169         -0.705
4249          -1.38       -1.23173          -0.66
4250          -1.38       -1.23176         -0.625
4251          -1.35       -1.23179         -0.615
4252          -1.32       -1.23181          -0.59
4253          -1.33       -1.23184         -0.605
4254          -1.47       -1.23189         -0.595
4255          -1.35       -1.23192         -0.595
4256          -1.33       -1.23194         -0.605
4257          -1.21       -1.23194         -0.475
4258          -1.29       -1.23195         -0.455
4259          -1.24       -1.23195          -0.43
4260          -1.27       -1.23196         -0.595
4261          -1.25       -1.23197         -0.595
4262          -1.31       -1.23198          -0.61
4263          -1.26       -1.23199          -0.55
4264          -1.36       -1.23202         -0.595
4265           -1.3       -1.23204          -0.59
4266          -1.15       -1.23202           -0.5
4267          -1.11       -1.23199          -0.48
4268          -1.24       -1.23199         -0.485
4269           -1.3       -1.23201           -0.5
4270          -1.33       -1.23203         -0.575
4271          -1.25       -1.23203          -0.51
4272          -1.19       -1.23202         -0.445
4273          -1.13         -1.232          -0.45
4274          -1.03       -1.23195          -0.48
4275          -1.09       -1.23192          -0.48
4276          -1.31       -1.23194          -0.45
4277          -1.26       -1.23194         -0.455
4278          -1.34       -1.23197          -0.47
4279          -1.41       -1.23201          -0.45
4280          -1.32       -1.23203         -0.445
4281          -1.43       -1.23208           -0.4
4282          -1.27       -1.23209         -0.355
4283           -1.3        -1.2321         -0.405
4284          -1.26       -1.23211         -0.425
4285          -1.16       -1.23209          -0.36
4286          -1.19       -1.23208         -0.305
4287           -1.2       -1.23208         -0.225
4288           -1.1       -1.23204         -0.245
4289          -1.16       -1.23203          -0.27
4290          -1.06       -1.23199          -0.18
4291          -1.04       -1.23194          -0.12
4292          -0.98       -1.23188         -0.145
4293          -0.99       -1.23183         -0.115
4294          -1.01       -1.23178         -0.005
4295          -0.91        -1.2317           0.01
4296          -0.93       -1.23163          0.035
4297          -0.99       -1.23158          0.105
4298          -1.01       -1.23152          0.135
4299          -0.83       -1.23143          0.095
4300          -0.95       -1.23136          0.095
4301             -1       -1.23131          0.195
4302          -1.23       -1.23131          0.195
4303          -1.09       -1.23128           0.25
4304          -1.12       -1.23125           0.22
4305          -1.04       -1.23121           0.28
4306          -1.09       -1.23117           0.22
4307             -1       -1.23112           0.21
4308          -1.05       -1.23108           0.14
4309          -1.01       -1.23103          0.205
4310           -1.1         -1.231          0.195
4311          -1.06       -1.23096           0.16
4312          -1.15       -1.23094            0.2
4313          -1.15       -1.23092           0.25
4314          -1.01       -1.23087          0.175
4315          -1.03       -1.23082           0.21
4316             -1       -1.23077           0.18
4317          -1.09       -1.23074           0.26
4318          -1.01       -1.23069          0.255
4319           -1.1       -1.23066          0.335
4320          -1.15       -1.23064          0.315
4321          -1.17       -1.23062           0.38
4322          -1.32       -1.23064           0.42
4323          -1.28       -1.23065           0.46
4324          -1.31       -1.23067            0.4
4325          -1.34        -1.2307          0.445
4326          -1.22        -1.2307           0.42
4327          -1.11       -1.23067           0.44
4328          -1.27       -1.23068           0.56
4329          -1.15       -1.23066           0.54
4330          -1.31       -1.23068          0.585
4331          -1.33        -1.2307          0.555
4332          -1.27       -1.23071          0.515
4333          -1.25       -1.23071           0.49
4334          -1.35       -1.23074            0.5
4335          -1.31       -1.23076          0.475
4336          -1.36       -1.23079          0.505
4337          -1.25       -1.23079            0.5
4338          -1.27        -1.2308          0.555
4339          -1.15       -1.23078           0.42
4340           -1.1       -1.23075           0.38
4341          -1.11       -1.23073          0.395
4342          -1.08       -1.23069          0.415
4343          -1.21       -1.23069           0.49
4344          -1.22       -1.23068          0.485
4345          -1.27       -1.23069          0.555
4346          -1.25        -1.2307           0.64
4347          -1.37       -1.23073          0.695
4348          -1.36       -1.23076          0.655
4349          -1.17       -1.23074           0.59
4350           -1.2       -1.23074          0.585
4351          -1.14       -1.23072          0.535
4352          -1.18       -1.23071          0.635
4353          -1.24       -1.23071           0.66
4354           -1.4       -1.23075          0.695
4355          -1.45        -1.2308           0.71
4356          -1.42       -1.23084          0.755
4357          -1.52       -1.23091           0.79
4358          -1.45       -1.23096           0.82
4359          -1.42         -1.231           0.78
4360          -1.34       -1.23102           0.73
4361          -1.33       -1.23105          0.745
4362          -1.35       -1.23107           0.73
4363          -1.31       -1.23109           0.74
4364          -1.45       -1.23114          0.785
4365          -1.36       -1.23117          0.725
4366          -1.29       -1.23119            0.7
4367          -1.26       -1.23119          0.685
4368          -1.29       -1.23121           0.71
4369          -1.32       -1.23123           0.72
4370          -1.29       -1.23124          0.675
4371          -1.32       -1.23126           0.65
4372          -1.41        -1.2313          0.715
4373          -1.37       -1.23133          0.625
4374          -1.24       -1.23133          0.625
4375          -1.28       -1.23135          0.645
4376          -1.22       -1.23134          0.655
4377          -1.35       -1.23137          0.695
4378           -1.2       -1.23136          0.625
4379          -1.26       -1.23137           0.69
4380           -1.3       -1.23139           0.69
4381          -1.24       -1.23139          0.685
4382          -1.28        -1.2314            0.7
4383          -1.31       -1.23142          0.755
4384          -1.38       -1.23145           0.77
4385          -1.42       -1.23149          0.775
4386          -1.32       -1.23151           0.68
4387          -1.32       -1.23153          0.665
4388          -1.39       -1.23157           0.64
4389          -1.38        -1.2316          0.625
4390           -1.3       -1.23162          0.565
4391          -1.28       -1.23163          0.525
4392          -1.24       -1.23163           0.48
4393          -1.26       -1.23164           0.52
4394          -1.22       -1.23164          0.555
4395          -1.19       -1.23163            0.6
4396           -1.2       -1.23162          0.625
4397           -1.3       -1.23163          0.705
4398          -1.34       -1.23166           0.73
4399          -1.25       -1.23166          0.685
4400          -1.39        -1.2317          0.695
4401          -1.36       -1.23173            0.7
4402          -1.34       -1.23175            0.7
4403          -1.36       -1.23178          0.685
4404          -1.27       -1.23179            0.6
4405          -1.23       -1.23179          0.585
4406          -1.34       -1.23182          0.645
4407          -1.38       -1.23185          0.625
4408          -1.19       -1.23184           0.54
4409          -1.08        -1.2318          0.485
4410          -1.22        -1.2318            0.5
4411          -1.28       -1.23181           0.53
4412          -1.35       -1.23184          0.585
4413          -1.24       -1.23184          0.515
4414          -1.14       -1.23182           0.49
4415          -1.27       -1.23183          0.465
4416          -1.14       -1.23181          0.405
4417          -1.23       -1.23181          0.405
4418          -1.22       -1.23181           0.41
4419          -1.11       -1.23178           0.37
4420          -1.13       -1.23176          0.395
4421          -1.03       -1.23171          0.335
4422          -1.02       -1.23166           0.35
4423          -1.07       -1.23163          0.335
4424          -1.17       -1.23161           0.42
4425          -1.21       -1.23161            0.4
4426          -1.11       -1.23158          0.445
4427          -1.16       -1.23156          0.335
4428          -1.11       -1.23154           0.35
4429          -1.14       -1.23151           0.34
4430          -0.99       -1.23146          0.315
4431          -1.02       -1.23141           0.32
4432          -1.14       -1.23139           0.33
4433          -1.13       -1.23137           0.36
4434          -1.14       -1.23135           0.34
4435          -1.17       -1.23133          0.355
4436          -1.14       -1.23131           0.31
4437          -1.23       -1.23131          0.365
4438          -1.21       -1.23131          0.405
4439          -1.08       -1.23127           0.41
4440          -1.29       -1.23129          0.455
4441          -1.31       -1.23131           0.42
4442          -1.18       -1.23129          0.405
4443          -1.13       -1.23127           0.34
4444          -1.32       -1.23129           0.34
4445          -1.25        -1.2313           0.34
4446          -1.18       -1.23128          0.365
4447          -1.32        -1.2313           0.41
4448          -1.32       -1.23132          0.395
4449          -1.39       -1.23136          0.425
4450          -1.28       -1.23137          0.395
4451          -1.26       -1.23138          0.435
4452          -1.28       -1.23139           0.35
4453          -1.36       -1.23142          0.305
4454          -1.41       -1.23146          0.285
4455          -1.17       -1.23144           0.17
4456           -1.2       -1.23144          0.185
4457          -1.31       -1.23145           0.21
4458          -1.36       -1.23148           0.23
4459          -1.35       -1.23151           0.24
4460          -1.36       -1.23154          0.195
4461          -1.36       -1.23157           0.18
4462          -1.32       -1.23159          0.285
4463          -1.22       -1.23158           0.23
4464          -1.07       -1.23155           0.16
4465          -1.02        -1.2315           0.28
4466          -1.07       -1.23146           0.28
4467          -1.15       -1.23145           0.31
4468          -1.24       -1.23145          0.325
4469          -1.29       -1.23146           0.28
4470          -1.27       -1.23147          0.315
4471          -1.03       -1.23142            0.2
4472          -1.05       -1.23138          0.155
4473          -1.08       -1.23135          0.095
4474          -1.13       -1.23133            0.1
4475          -1.11        -1.2313          0.085
4476          -1.05       -1.23126          0.125
4477          -1.14       -1.23124         -0.025
4478          -1.22       -1.23124         -0.025
4479          -1.13       -1.23121          -0.01
4480          -1.13       -1.23119         -0.035
4481          -0.97       -1.23113         -0.005
4482           -1.1        -1.2311           0.06
4483          -0.98       -1.23105           0.08
4484          -0.98       -1.23099           0.15
4485          -1.08       -1.23096          0.085
4486          -1.07       -1.23092           0.06
4487          -1.13        -1.2309          0.085
4488          -1.07       -1.23086          0.115
4489          -1.07       -1.23083          0.065
4490          -1.01       -1.23078           0.15
4491          -0.99       -1.23073           0.12
4492          -0.91       -1.23065           0.16
4493             -1        -1.2306          0.075
4494          -1.01       -1.23055          0.115
4495          -1.08       -1.23052           0.09
4496           -1.1       -1.23049           0.14
4497          -1.18       -1.23048            0.1
4498          -1.07       -1.23044           0.12
4499          -1.12       -1.23042          0.165
4500          -1.28       -1.23043           0.17
4501          -1.35       -1.23046          0.175
4502           -1.1       -1.23043           0.09
4503          -1.15       -1.23041          0.165
4504          -1.07       -1.23038           0.22
4505           -1.2       -1.23037           0.25
4506          -1.09       -1.23034           0.22
4507          -1.11       -1.23031          0.305
4508          -1.15       -1.23029          0.325
4509          -1.07       -1.23026          0.415
4510          -1.17       -1.23024           0.44
4511          -1.25       -1.23025            0.4
4512          -1.18       -1.23024          0.395
4513          -1.12       -1.23021          0.285
4514          -1.19        -1.2302           0.31
4515          -1.35       -1.23023          0.325
4516          -1.31       -1.23025           0.25
4517          -1.19       -1.23024          0.275
4518          -1.25       -1.23024           0.32
4519          -1.31       -1.23026          0.335
4520           -1.3       -1.23028           0.34
4521          -1.37       -1.23031          0.285
4522           -1.4       -1.23034           0.32
4523          -1.35       -1.23037          0.305
4524          -1.34        -1.2304          0.255
4525          -1.21       -1.23039          0.285
4526           -1.2       -1.23038           0.22
4527           -1.2       -1.23038           0.21
4528          -1.21       -1.23037          0.205
4529          -1.14       -1.23035          0.165
4530          -1.08       -1.23032           0.22
4531          -1.04       -1.23028          0.205
4532          -1.03       -1.23023           0.11
4533          -1.06        -1.2302          0.205
4534          -0.99       -1.23014           0.22
4535          -0.94       -1.23008          0.215
4536          -0.96       -1.23002           0.17
4537          -0.85       -1.22994           0.15
4538          -0.87       -1.22986          0.155
4539          -0.94       -1.22979           0.17
4540          -0.95       -1.22973          0.105
4541          -0.98       -1.22968           0.18
4542          -0.94       -1.22961           0.28
4543          -0.99       -1.22956           0.26
4544          -0.98        -1.2295           0.15
4545          -1.02       -1.22946          0.225
4546          -1.01       -1.22941          0.295
4547          -0.95       -1.22935          0.295
4548          -0.89       -1.22927          0.305
4549          -0.96       -1.22922           0.35
4550          -1.05       -1.22918          0.345
4551          -1.08       -1.22914           0.36
4552          -1.07       -1.22911            0.4
4553          -1.05       -1.22907           0.43
4554          -1.12       -1.22905          0.355
4555          -1.07       -1.22901          0.365
4556          -1.04       -1.22897          0.445
4557          -1.05       -1.22893           0.39
4558          -1.13       -1.22891          0.305
4559          -1.06       -1.22887          0.325
4560          -1.12       -1.22885          0.265
4561          -1.14       -1.22883           0.32
4562          -1.13       -1.22881           0.38
4563          -1.14       -1.22879          0.425
4564          -1.11       -1.22876           0.48
4565          -1.16       -1.22875          0.555
4566          -1.17       -1.22873           0.63
4567          -1.24       -1.22873           0.64
4568          -1.31       -1.22875           0.68
4569          -1.26       -1.22876          0.685
4570          -1.35       -1.22879          0.675
4571          -1.27       -1.22879          0.585
4572           -1.2       -1.22879          0.545
4573          -1.06       -1.22875          0.495
4574          -1.13       -1.22873           0.49
4575          -1.17       -1.22872          0.505
4576          -1.12       -1.22869           0.43
4577          -1.21       -1.22869           0.41
4578          -1.14       -1.22867          0.355
4579          -1.08       -1.22864          0.385
4580          -1.19       -1.22863           0.38
4581          -1.06       -1.22859           0.28
4582             -1       -1.22854          0.225
4583          -1.07       -1.22851           0.29
4584          -1.14       -1.22849           0.25
4585          -1.12       -1.22846          0.275
4586          -1.07       -1.22843           0.26
4587          -1.12       -1.22841          0.255
4588          -1.19        -1.2284          0.225
4589          -1.01       -1.22835          0.175
4590             -1        -1.2283           0.24
4591          -0.98       -1.22825           0.19
4592          -0.99        -1.2282          0.275
4593          -1.12       -1.22817          0.275
4594          -0.98       -1.22812           0.14
4595           -1.1       -1.22809           0.07
4596          -1.24       -1.22809           0.07
4597          -1.16       -1.22808          -0.04
4598          -1.14       -1.22806          -0.02
4599             -1       -1.22801         -0.055
4600          -0.99       -1.22796          -0.09
4601          -1.02       -1.22791          -0.03
4602          -1.03       -1.22787         -0.035
4603          -1.14       -1.22785         -0.055
4604          -1.14       -1.22783         -0.065
4605          -1.17       -1.22782         -0.085
4606          -1.17       -1.22781           0.01
4607          -1.27       -1.22781              0
4608          -1.17        -1.2278         -0.085
4609          -1.13       -1.22778          -0.03
4610          -1.14       -1.22776          -0.06
4611          -1.12       -1.22774          -0.16
4612          -1.04        -1.2277         -0.205
4613          -1.08       -1.22767          -0.23
4614          -1.09       -1.22764         -0.205
4615          -1.15       -1.22762         -0.175
4616          -1.15        -1.2276         -0.185
4617          -1.19       -1.22759          -0.16
4618          -1.25        -1.2276          -0.12
4619          -1.32       -1.22762         -0.175
4620          -1.32       -1.22764          -0.14
4621          -1.32       -1.22766         -0.165
4622          -1.15       -1.22764           -0.1
4623          -1.25       -1.22765         -0.065
4624          -1.23       -1.22765          -0.08
4625          -1.27       -1.22766          -0.08
4626          -1.15       -1.22764         -0.095
4627          -1.19       -1.22763         -0.085
4628          -1.17       -1.22762         -0.135
4629          -1.15        -1.2276          -0.05
4630          -1.16       -1.22759         -0.055
4631          -1.07       -1.22755           -0.1
4632          -0.96        -1.2275         -0.045
4633          -0.93       -1.22743          0.065
4634          -1.11       -1.22741          -0.01
4635          -1.12       -1.22738          0.055
4636          -1.11       -1.22736          0.155
4637          -0.96        -1.2273           0.12
4638          -0.93       -1.22724           0.15
4639          -1.05        -1.2272           0.24
4640          -1.25        -1.2272          0.285
4641          -1.17       -1.22719          0.305
4642          -1.21       -1.22719           0.34
4643          -1.17       -1.22717           0.36
4644          -1.15       -1.22716           0.36
4645          -1.23       -1.22716           0.42
4646          -1.31       -1.22718           0.43
4647          -1.25       -1.22718          0.425
4648          -1.16       -1.22717            0.4
4649          -1.11       -1.22714           0.38
4650          -1.15       -1.22713            0.3
4651          -1.12        -1.2271          0.305
4652          -1.16       -1.22709          0.315
4653          -1.11       -1.22706           0.31
4654          -1.16       -1.22705           0.22
4655          -1.21       -1.22704           0.24
4656          -1.14       -1.22703          0.235
4657          -1.15       -1.22701           0.21
4658          -1.08       -1.22698           0.11
4659          -1.16       -1.22696           0.16
4660          -1.11       -1.22694          0.125
4661          -1.04        -1.2269           0.07
4662          -1.11       -1.22687          0.095
4663          -1.14       -1.22685          0.175
4664          -1.15       -1.22684           0.23
4665          -1.17       -1.22683          0.245
4666          -1.13       -1.22681          0.275
4667          -1.26       -1.22681          0.355
4668          -1.09       -1.22678           0.39
4669           -1.2       -1.22678           0.42
4670          -1.19       -1.22677          0.365
4671          -1.28       -1.22678          0.435
4672           -1.3        -1.2268          0.435
4673          -1.14       -1.22678          0.385
4674           -1.1       -1.22675          0.395
4675          -1.03       -1.22671           0.23
4676          -1.11       -1.22668           0.24
4677           -1.2       -1.22668           0.25
4678          -1.17       -1.22667           0.15
4679           -1.1       -1.22664           0.12
4680          -1.12       -1.22662          0.155
4681          -1.18       -1.22661           0.26
4682          -1.25       -1.22661           0.33
4683           -1.3       -1.22663          0.295
4684          -1.36       -1.22666           0.32
4685           -1.3       -1.22667           0.33
4686          -1.28       -1.22668          0.405
4687          -1.18       -1.22667           0.49
4688          -1.21       -1.22667            0.5
4689          -1.24       -1.22667          0.545
4690          -1.16       -1.22666          0.525
4691          -1.12       -1.22663          0.435
4692           -1.1       -1.22661          0.385
4693          -1.03       -1.22657           0.34
4694          -1.09       -1.22654            0.4
4695          -1.04        -1.2265           0.45
4696          -1.05       -1.22646          0.415
4697          -0.99       -1.22641          0.415
4698          -1.22       -1.22641          0.505
4699          -1.12       -1.22639          0.535
4700          -1.32       -1.22641           0.64
4701          -1.46       -1.22645          0.635
4702          -1.43        -1.2265          0.725
4703          -1.37       -1.22653          0.705
4704          -1.35       -1.22655          0.695
4705          -1.26       -1.22656           0.63
4706          -1.38       -1.22659           0.72
4707          -1.32       -1.22661          0.725
4708          -1.38       -1.22665           0.76
4709          -1.49        -1.2267          0.785
4710          -1.48       -1.22676           0.74
4711          -1.35       -1.22678          0.675
4712          -1.21       -1.22678          0.615
4713          -1.32        -1.2268          0.685
4714          -1.28       -1.22681           0.69
4715          -1.39       -1.22684           0.68
4716           -1.3       -1.22686          0.685
4717          -1.31       -1.22688           0.68
4718          -1.22       -1.22688          0.655
4719          -1.22       -1.22687          0.625
4720          -1.29       -1.22689          0.685
4721          -1.23       -1.22689          0.585
4722          -1.23       -1.22689           0.59
4723          -1.17       -1.22688           0.58
4724           -1.3       -1.22689          0.585
4725          -1.31       -1.22691          0.575
4726          -1.26       -1.22692          0.565
4727          -1.32       -1.22694           0.57
4728          -1.36       -1.22697           0.62
4729          -1.32       -1.22699           0.61
4730          -1.38       -1.22702          0.625
4731          -1.42       -1.22706           0.61
4732          -1.44        -1.2271           0.68
4733          -1.35       -1.22713           0.65
4734          -1.22       -1.22713          0.565
4735          -1.27       -1.22714          0.555
4736          -1.25       -1.22714           0.55
4737          -1.32       -1.22716          0.525
4738          -1.22       -1.22716           0.49
4739          -1.22       -1.22716           0.48
4740          -1.19       -1.22715          0.465
4741          -1.24       -1.22715          0.485
4742          -1.24       -1.22716           0.49
4743          -1.28       -1.22717          0.505
4744          -1.27       -1.22718           0.57
4745          -1.24       -1.22718           0.53
4746           -1.3       -1.22719          0.485
4747          -1.14       -1.22718           0.38
4748          -1.09       -1.22715          0.285
4749          -0.99        -1.2271          0.405
4750          -1.13       -1.22708          0.555
4751          -1.17       -1.22706           0.56
4752          -1.36       -1.22709          0.705
4753          -1.39       -1.22713           0.71
4754          -1.44       -1.22717           0.67
4755          -1.38        -1.2272          0.635
4756          -1.36       -1.22723          0.615
4757          -1.31       -1.22725          0.555
4758          -1.25       -1.22725           0.58
4759          -1.47        -1.2273           0.68
4760          -1.35       -1.22733           0.62
4761          -1.35       -1.22736           0.63
4762          -1.26       -1.22736          0.605
4763          -1.02       -1.22732           0.53
4764          -1.12        -1.2273           0.54
4765          -1.16       -1.22728           0.55
4766          -1.41       -1.22732          0.625
4767          -1.31       -1.22734           0.58
4768          -1.29       -1.22735          0.615
4769          -1.18       -1.22734          0.535
4770             -1       -1.22729          0.465
4771          -1.11       -1.22727           0.46
4772          -1.09       -1.22724          0.435
4773          -1.18       -1.22723           0.46
4774          -1.22       -1.22723           0.38
4775          -1.26       -1.22724           0.36
4776          -1.31       -1.22725          0.345
4777          -1.34       -1.22728          0.385
4778          -1.24       -1.22728           0.41
4779          -1.19       -1.22727           0.48
4780          -1.14       -1.22725            0.5
4781          -1.23       -1.22725           0.48
4782          -1.28       -1.22727          0.485
4783          -1.35       -1.22729           0.57
4784          -1.27        -1.2273           0.56
4785          -1.17       -1.22729          0.565
4786          -1.32       -1.22731           0.61
4787          -1.32       -1.22733           0.63
4788          -1.19       -1.22732           0.58
4789          -1.22       -1.22732           0.58
4790          -1.23       -1.22732          0.585
4791          -1.26       -1.22732          0.645
4792          -1.27       -1.22733          0.615
4793           -1.3       -1.22735            0.7
4794          -1.46        -1.2274           0.73
4795          -1.47       -1.22745          0.775
4796          -1.42       -1.22749           0.74
4797           -1.4       -1.22752           0.71
4798           -1.4       -1.22756           0.71
4799          -1.45       -1.22761          0.675
4800          -1.35       -1.22763          0.735
4801           -1.4       -1.22767          0.735
4802          -1.48       -1.22772          0.785
4803          -1.28       -1.22773          0.705
4804          -1.35       -1.22776           0.74
4805           -1.3       -1.22777          0.695
4806           -1.3       -1.22779          0.695
4807          -1.38       -1.22782            0.7
4808          -1.44       -1.22786          0.725
4809           -1.4        -1.2279          0.755
4810          -1.43       -1.22794          0.735
4811          -1.41       -1.22798          0.735
4812          -1.47       -1.22803           0.73
4813          -1.39       -1.22806          0.745
4814          -1.27       -1.22807          0.745
4815          -1.21       -1.22807          0.675
4816           -1.2       -1.22806           0.69
4817          -1.35       -1.22809          0.675
4818          -1.42       -1.22813          0.695
4819          -1.35       -1.22815           0.68
4820          -1.35       -1.22818           0.73
4821          -1.44       -1.22822          0.735
4822          -1.31       -1.22824           0.68
4823          -1.12       -1.22822           0.56
4824          -1.13       -1.22819          0.555
4825          -1.27        -1.2282          0.595
4826          -1.26       -1.22821          0.545
4827          -1.22       -1.22821           0.57
4828          -1.21        -1.2282           0.59
4829           -1.2        -1.2282          0.625
4830          -1.36       -1.22823           0.65
4831          -1.36       -1.22825           0.63
4832          -1.34       -1.22828           0.65
4833          -1.26       -1.22828           0.58
4834          -1.31        -1.2283          0.615
4835           -1.4       -1.22834           0.66
4836          -1.45       -1.22838          0.665
4837          -1.43       -1.22842          0.735
4838          -1.39       -1.22846          0.745
4839          -1.44        -1.2285           0.76
4840          -1.44       -1.22854           0.75
4841          -1.53       -1.22861           0.77
4842           -1.5       -1.22866           0.73
4843          -1.31       -1.22868           0.67
4844          -1.19       -1.22867           0.63
4845          -1.29       -1.22868            0.7
4846          -1.43       -1.22872            0.8
4847          -1.45       -1.22877          0.815
4848          -1.49       -1.22882          0.825
4849          -1.58        -1.2289          0.845
4850          -1.44       -1.22894            0.8
4851          -1.45       -1.22899          0.805
4852          -1.62       -1.22907          0.875
4853          -1.62       -1.22915          0.885
4854          -1.48        -1.2292          0.845
4855          -1.55       -1.22926           0.85
4856          -1.63       -1.22935          0.885
4857          -1.56       -1.22942           0.87
4858          -1.57       -1.22949           0.84
4859          -1.62       -1.22957          0.875
4860          -1.44       -1.22961            0.8
4861          -1.46       -1.22966           0.83
4862          -1.42        -1.2297           0.77
4863          -1.51       -1.22975           0.82
4864          -1.47        -1.2298          0.795
4865          -1.52       -1.22986          0.795
4866          -1.26       -1.22987          0.675
4867          -1.19       -1.22986          0.715
4868          -1.38       -1.22989          0.785
4869          -1.43       -1.22993          0.765
4870          -1.54          -1.23          0.835
4871          -1.65       -1.23008           0.89
4872          -1.57       -1.23015          0.855
4873          -1.52       -1.23021          0.825
4874          -1.41       -1.23025          0.765
4875          -1.42       -1.23029           0.79
4876          -1.38       -1.23032          0.785
4877          -1.41       -1.23035           0.78
4878          -1.46        -1.2304           0.77
4879           -1.5       -1.23046            0.8
4880          -1.33       -1.23048          0.695
4881          -1.42       -1.23052           0.77
4882          -1.42       -1.23055          0.775
4883          -1.38       -1.23059           0.78
4884          -1.38       -1.23062           0.73
4885          -1.29       -1.23063          0.705
4886          -1.36       -1.23065          0.755
4887          -1.15       -1.23064          0.595
4888          -1.22       -1.23064          0.645
4889          -1.26       -1.23064          0.615
4890          -1.18       -1.23063           0.58
4891          -1.28       -1.23064          0.625
4892           -1.2       -1.23064          0.575
4893           -1.2       -1.23063          0.565
4894          -1.21       -1.23063          0.595
4895          -1.27       -1.23063           0.57
4896          -1.31       -1.23065           0.63
4897          -1.18       -1.23064           0.53
4898          -1.21       -1.23063          0.645
4899          -1.35       -1.23066           0.67
4900          -1.34       -1.23068            0.7
4901          -1.44       -1.23072          0.745
4902          -1.51       -1.23078           0.76
4903          -1.44       -1.23082          0.725
4904          -1.42       -1.23086          0.685
4905          -1.34       -1.23088          0.625
4906          -1.32        -1.2309           0.56
4907          -1.34       -1.23093          0.505
4908          -1.35       -1.23095           0.62
4909          -1.42       -1.23099           0.66
4910           -1.3         -1.231          0.615
4911           -1.3       -1.23102           0.52
4912          -1.13         -1.231           0.48
4913          -1.29       -1.23101           0.54
4914          -1.34       -1.23103           0.57
4915          -1.22       -1.23103           0.51
4916          -1.29       -1.23104          0.485
4917          -1.26       -1.23105            0.5
4918          -1.26       -1.23105           0.52
4919          -1.13       -1.23103          0.455
4920          -1.15       -1.23101           0.41
4921          -1.18         -1.231          0.395
4922          -1.14       -1.23099          0.385
4923          -1.14       -1.23097          0.455
4924          -1.12       -1.23094          0.525
4925          -1.18       -1.23093          0.585
4926          -1.25       -1.23094           0.57
4927          -1.28       -1.23095            0.6
4928           -1.2       -1.23094          0.575
4929          -1.22       -1.23094           0.64
4930          -1.27       -1.23095           0.68
4931          -1.19       -1.23094          0.605
4932          -1.21       -1.23093          0.575
4933          -1.14       -1.23092           0.46
4934          -1.14        -1.2309           0.47
4935          -1.17       -1.23089          0.555
4936          -1.21       -1.23088           0.58
4937          -1.23       -1.23088          0.585
4938          -1.17       -1.23087          0.605
4939          -1.16       -1.23085           0.58
4940          -1.17       -1.23084          0.555
4941           -1.2       -1.23084           0.59
4942          -1.26       -1.23084          0.565
4943          -1.32       -1.23086          0.605
4944           -1.3       -1.23087           0.61
4945          -1.24       -1.23088           0.62
4946          -1.14       -1.23086           0.66
4947          -1.18       -1.23085          0.635
4948          -1.28       -1.23086           0.67
4949          -1.43        -1.2309           0.74
4950          -1.35       -1.23092          0.735
4951          -1.33       -1.23094          0.715
4952          -1.27       -1.23095          0.685
4953          -1.33       -1.23097           0.68
4954          -1.41       -1.23101          0.715
4955          -1.33       -1.23103          0.685
4956          -1.25       -1.23103          0.625
4957          -1.32       -1.23105            0.7
4958          -1.32       -1.23106          0.745
4959          -1.31       -1.23108          0.705
4960          -1.38       -1.23111          0.755
4961           -1.4       -1.23114           0.74
4962          -1.34       -1.23117          0.705
4963          -1.47       -1.23121          0.775
4964          -1.36       -1.23124           0.77
4965           -1.4       -1.23127           0.78
4966           -1.5       -1.23133          0.775
4967          -1.38       -1.23136          0.705
4968          -1.34       -1.23138          0.715
4969          -1.31        -1.2314           0.73
4970          -1.41       -1.23143          0.765
4971          -1.44       -1.23147           0.77
4972          -1.58       -1.23154           0.84
4973          -1.53        -1.2316           0.85
4974          -1.67       -1.23169          0.885
4975           -1.7       -1.23179           0.89
4976           -1.6       -1.23186           0.87
4977          -1.54       -1.23192          0.825
4978          -1.46       -1.23197           0.78
4979          -1.34       -1.23199            0.7
4980          -1.25       -1.23199          0.655
4981          -1.25         -1.232          0.655
4982          -1.31       -1.23201            0.7
4983          -1.31       -1.23203           0.72
4984          -1.29       -1.23204          0.675
4985          -1.22       -1.23204          0.675
4986          -1.24       -1.23204           0.61
4987          -1.25       -1.23204          0.625
4988          -1.18       -1.23203           0.51
4989          -1.37       -1.23206           0.61
4990          -1.32       -1.23208          0.605
4991           -1.4       -1.23211           0.57
4992          -1.27       -1.23212          0.465
4993          -1.41       -1.23215           0.47
4994          -1.31       -1.23217          0.425
4995          -1.32       -1.23219          0.425
4996          -1.22       -1.23219          0.385
4997          -1.28       -1.23219           0.38
4998          -1.25        -1.2322           0.33
4999          -1.29       -1.23221          0.385
5000          -1.23       -1.23221            0.5
5001          -1.25       -1.23221          0.525
5002          -1.28       -1.23222          0.525
5003          -1.14        -1.2322          0.535
5004          -1.13       -1.23218          0.525
5005          -1.19       -1.23218          0.505
5006           -1.1       -1.23215          0.455
5007          -1.21       -1.23214          0.435
5008          -1.17       -1.23213           0.45
5009          -1.15       -1.23212           0.42
5010          -1.17        -1.2321          0.395
5011          -1.14       -1.23208          0.405
5012          -1.19       -1.23208          0.295
5013          -1.07       -1.23204           0.33
5014          -1.25       -1.23205           0.29
5015          -1.23       -1.23205           0.36
5016           -1.2       -1.23204           0.46
5017          -1.29       -1.23205          0.515
5018           -1.2       -1.23205          0.565
5019          -1.17       -1.23203          0.535
5020          -1.14       -1.23202          0.555
5021          -1.21       -1.23201          0.505
5022           -1.1       -1.23198           0.38
5023          -1.03       -1.23194          0.445
5024          -1.05       -1.23191          0.465
5025          -1.15       -1.23189           0.48
5026          -1.12       -1.23187           0.51
5027          -1.09       -1.23184           0.52
5028          -1.23       -1.23184          0.565
5029          -1.27       -1.23185           0.65
5030          -1.37       -1.23188           0.69
5031          -1.36        -1.2319           0.72
5032          -1.26       -1.23191          0.735
5033          -1.36       -1.23193           0.77
5034          -1.37       -1.23196          0.775
5035          -1.36       -1.23199           0.74
5036          -1.45       -1.23203          0.755
5037           -1.4       -1.23206           0.75
5038          -1.37       -1.23209          0.715
5039          -1.42       -1.23213          0.725
5040          -1.57       -1.23219          0.845
5041           -1.6       -1.23227           0.84
5042          -1.38        -1.2323          0.715
5043          -1.39       -1.23233            0.7
5044          -1.28       -1.23234            0.7
5045          -1.17       -1.23232          0.675
5046          -1.17       -1.23231           0.61
5047          -1.17        -1.2323           0.57
5048          -1.21        -1.2323          0.535
5049          -1.23        -1.2323          0.565
5050          -1.22       -1.23229          0.565
5051          -1.17       -1.23228           0.53
5052          -1.12       -1.23226           0.48
5053          -1.14       -1.23224           0.47
5054          -1.07       -1.23221           0.51
5055          -1.14       -1.23219          0.585
5056          -1.18       -1.23218          0.585
5057          -1.15       -1.23216          0.585
5058          -1.23       -1.23216           0.64
5059          -1.25       -1.23217          0.585
5060          -1.35       -1.23219          0.605
5061          -1.27        -1.2322          0.565
5062          -1.21       -1.23219          0.555
5063          -1.22       -1.23219          0.605
5064          -1.22       -1.23219           0.61
5065           -1.2       -1.23218          0.565
5066          -1.24       -1.23218          0.635
5067          -1.34        -1.2322          0.665
5068          -1.46       -1.23225          0.655
5069          -1.23       -1.23225           0.65
5070           -1.3       -1.23226           0.73
5071          -1.43        -1.2323          0.815
5072          -1.47       -1.23235           0.81
5073          -1.42       -1.23238          0.735
5074          -1.51       -1.23244          0.805
5075          -1.48       -1.23249           0.81
5076          -1.41       -1.23252          0.755
5077          -1.26       -1.23253            0.7
5078          -1.24       -1.23253           0.71
5079          -1.43       -1.23257          0.755
5080          -1.28       -1.23258          0.675
5081          -1.43       -1.23262          0.725
5082          -1.35       -1.23264          0.655
5083          -1.35       -1.23266           0.65
5084          -1.25       -1.23267           0.62
5085          -1.34       -1.23269           0.67
5086          -1.25       -1.23269           0.67
5087          -1.31       -1.23271          0.735
5088          -1.29       -1.23272          0.745
5089          -1.29       -1.23273           0.72
5090          -1.47       -1.23278          0.785
5091          -1.37        -1.2328          0.735
5092          -1.36       -1.23283          0.765
5093          -1.23       -1.23283            0.7
5094          -1.27       -1.23283           0.71
5095          -1.26       -1.23284          0.635
5096          -1.38       -1.23287            0.7
5097          -1.37        -1.2329          0.695
5098          -1.49       -1.23295           0.72
5099          -1.45       -1.23299           0.71
5100          -1.49       -1.23304          0.735
5101          -1.32       -1.23306           0.68
5102          -1.32       -1.23307          0.645
5103           -1.3       -1.23309           0.66
5104          -1.25       -1.23309           0.63
5105          -1.32       -1.23311          0.675
5106          -1.32       -1.23312           0.65
5107          -1.39       -1.23315          0.625
5108          -1.28       -1.23316          0.595
5109          -1.42        -1.2332           0.62
5110          -1.25        -1.2332           0.63
5111          -1.36       -1.23323          0.665
5112          -1.43       -1.23327           0.71
5113          -1.44       -1.23331           0.73
5114          -1.43       -1.23335           0.73
5115          -1.45       -1.23339          0.715
5116          -1.36       -1.23341           0.67
5117          -1.36       -1.23344           0.65
5118          -1.41       -1.23347           0.71
5119           -1.4        -1.2335           0.78
5120          -1.34       -1.23352          0.745
5121          -1.45       -1.23357           0.81
5122          -1.37       -1.23359           0.78
5123           -1.4       -1.23363           0.76
5124          -1.26       -1.23363          0.715
5125          -1.42       -1.23367           0.79
5126          -1.31       -1.23368          0.725
5127          -1.41       -1.23372          0.715
5128          -1.26       -1.23372          0.665
5129          -1.29       -1.23373           0.71
5130          -1.38       -1.23376           0.68
5131          -1.38       -1.23379           0.68
5132          -1.43       -1.23383          0.655
5133          -1.43       -1.23387          0.685
5134          -1.39        -1.2339           0.74
5135          -1.09       -1.23387           0.54
5136          -1.04       -1.23383           0.55
5137          -1.17       -1.23382          0.545
5138          -1.37       -1.23385          0.585
5139          -1.38       -1.23387          0.595
5140          -1.28       -1.23388          0.555
5141          -1.09       -1.23385          0.505
5142          -1.06       -1.23382          0.495
5143          -1.11        -1.2338          0.455
5144             -1       -1.23375          0.435
5145          -0.97        -1.2337          0.315
5146          -1.02       -1.23366          0.345
5147          -1.02       -1.23362           0.31
5148          -0.99       -1.23357          0.285
5149          -0.97       -1.23352          0.245
5150          -1.19       -1.23351          0.245
5151          -1.22       -1.23351           0.24
5152          -1.05       -1.23347           0.27
5153          -1.03       -1.23343           0.32
5154          -1.06        -1.2334          0.365
5155          -1.07       -1.23337          0.415
5156          -1.21       -1.23336          0.425
5157          -1.32       -1.23338           0.42
5158          -1.11       -1.23336           0.28
5159          -1.08       -1.23333           0.25
5160          -1.15       -1.23331          0.255
5161          -1.06       -1.23328          0.315
5162          -1.16       -1.23326          0.295
5163           -1.1       -1.23324           0.34
5164          -1.08       -1.23321          0.305
5165          -1.11       -1.23318          0.365
5166          -1.13       -1.23316           0.41
5167          -1.29       -1.23317           0.51
5168          -1.43       -1.23321           0.61
5169          -1.49       -1.23326          0.615
5170          -1.48       -1.23331          0.635
5171          -1.39       -1.23334          0.575
5172          -1.32       -1.23336           0.62
5173          -1.39       -1.23339          0.655
5174          -1.42       -1.23342            0.7
5175          -1.41       -1.23346          0.645
5176          -1.38       -1.23348          0.655
5177          -1.35       -1.23351          0.655
5178          -1.34       -1.23353          0.675
5179          -1.29       -1.23354           0.61
5180          -1.24       -1.23354           0.56
5181          -1.25       -1.23354          0.495
5182          -1.18       -1.23353          0.415
5183          -1.15       -1.23352          0.405
5184          -1.13        -1.2335           0.41
5185          -1.25        -1.2335          0.435
5186          -1.16       -1.23349           0.45
5187          -1.25       -1.23349          0.545
5188          -1.18       -1.23348           0.46
5189          -1.12       -1.23346           0.44
5190          -1.05       -1.23342          0.405
5191          -1.23       -1.23342           0.41
5192          -1.27       -1.23343          0.485
5193          -1.29       -1.23344          0.485
5194           -1.2       -1.23343          0.495
5195          -1.25       -1.23344           0.49
5196          -1.16       -1.23342          0.475
5197          -1.17       -1.23341           0.41
5198           -1.2        -1.2334          0.495
5199          -1.23        -1.2334          0.535
5200          -1.26       -1.23341          0.505
5201          -1.21        -1.2334          0.485
5202          -1.22        -1.2334           0.52
5203          -1.13       -1.23338            0.5
5204          -1.25       -1.23338           0.61
5205          -1.27       -1.23339          0.565
5206          -1.26        -1.2334           0.59
5207          -1.22       -1.23339           0.61
5208          -1.34       -1.23341          0.665
5209          -1.31       -1.23343          0.685
5210          -1.39       -1.23346          0.675
5211          -1.25       -1.23346           0.67
5212          -1.34       -1.23348           0.71
5213          -1.14       -1.23346           0.61
5214          -1.25       -1.23347          0.625
5215          -1.25       -1.23347          0.655
5216          -1.21       -1.23347           0.65
5217          -1.27       -1.23347           0.66
5218          -1.38        -1.2335           0.69
5219          -1.28       -1.23351            0.6
5220          -1.31       -1.23352          0.625
5221          -1.27       -1.23353          0.655
5222          -1.21       -1.23353          0.685
5223          -1.26       -1.23353           0.66
5224           -1.2       -1.23353          0.625
5225          -1.18       -1.23352          0.595
5226          -1.13        -1.2335           0.56
5227          -1.15       -1.23348          0.525
5228          -1.14       -1.23346           0.52
5229          -1.29       -1.23347          0.495
5230          -1.33       -1.23349           0.58
5231          -1.25       -1.23349           0.53
5232          -1.25        -1.2335            0.5
5233           -1.3       -1.23351           0.48
5234          -1.21       -1.23351           0.53
5235          -1.22        -1.2335           0.44
5236          -1.21        -1.2335          0.475
5237          -1.02       -1.23346           0.47
5238          -1.06       -1.23342           0.61
5239          -1.01       -1.23338           0.52
5240          -1.15       -1.23337          0.595
5241          -1.15       -1.23335          0.635
5242          -1.15       -1.23333           0.61
5243          -1.07        -1.2333          0.565
5244          -1.23        -1.2333           0.58
5245          -1.21        -1.2333           0.57
5246          -1.11       -1.23327           0.57
5247          -1.12       -1.23325           0.52
5248          -1.21       -1.23325          0.415
5249          -1.18       -1.23324            0.4
5250          -1.03        -1.2332          0.425
5251          -1.06       -1.23317           0.36
5252          -1.05       -1.23313          0.325
5253          -1.09        -1.2331          0.365
5254          -1.04       -1.23307          0.445
5255          -0.99       -1.23302           0.44
5256          -0.95       -1.23297          0.405
5257           -1.1       -1.23294          0.465
5258          -1.08       -1.23291          0.455
5259          -1.08       -1.23288            0.4
5260          -1.05       -1.23285           0.26
5261             -1       -1.23281           0.32
5262          -1.06       -1.23277          0.365
5263          -1.07       -1.23274          0.435
5264          -1.15       -1.23273          0.365
5265          -1.09        -1.2327           0.35
5266          -1.11       -1.23268          0.275
5267           -1.1       -1.23265           0.33
5268          -0.99        -1.2326          0.445
5269          -1.09       -1.23258          0.475
5270          -1.12       -1.23256           0.48
5271           -1.1       -1.23253           0.42
5272          -1.09        -1.2325          0.405
5273          -1.25       -1.23251            0.5
5274          -1.23       -1.23251          0.495
5275           -1.2        -1.2325           0.49
5276          -1.22        -1.2325           0.49
5277          -1.19       -1.23249          0.485
5278          -0.99       -1.23244           0.39
5279           -1.1       -1.23242           0.41
5280          -1.04       -1.23238           0.38
5281          -1.13       -1.23236           0.38
5282          -1.23       -1.23236            0.4
5283          -1.14       -1.23234          0.345
5284          -1.15       -1.23233           0.34
5285           -1.1        -1.2323          0.325
5286          -1.13       -1.23228           0.38
5287          -1.08       -1.23226          0.345
5288          -1.08       -1.23223            0.4
5289          -1.17       -1.23222           0.31
5290          -1.13        -1.2322          0.395
5291          -1.14       -1.23218            0.4
5292          -1.19       -1.23217          0.415
5293          -1.15       -1.23216          0.395
5294          -1.22       -1.23215            0.4
5295          -1.19       -1.23215            0.4
5296          -1.16       -1.23213          0.375
5297          -1.24       -1.23213           0.53
5298           -1.2       -1.23213           0.51
5299          -1.07        -1.2321           0.48
5300          -1.03       -1.23206           0.38
5301          -1.05       -1.23202           0.41
5302          -1.17       -1.23201          0.465
5303          -1.29       -1.23202            0.5
5304          -1.32       -1.23204           0.52
5305          -1.29       -1.23205          0.535
5306           -1.2       -1.23204          0.505
5307          -1.29       -1.23206          0.535
5308          -1.27       -1.23206          0.475
5309           -1.2       -1.23206          0.485
5310          -1.21       -1.23205           0.53
5311          -1.33       -1.23207          0.535
5312          -1.32       -1.23209           0.58
5313          -1.39       -1.23212           0.61
5314          -1.33       -1.23214          0.585
5315          -1.23       -1.23214          0.535
5316           -1.3       -1.23215            0.6
5317          -1.23       -1.23215          0.525
5318          -1.23       -1.23215           0.54
5319          -1.25       -1.23215           0.62
5320          -1.35       -1.23217          0.675
5321          -1.34       -1.23219           0.69
5322          -1.41       -1.23223           0.75
5323          -1.51       -1.23228          0.825
5324          -1.62       -1.23235          0.855
5325          -1.46       -1.23239          0.825
5326          -1.62       -1.23247           0.87
5327          -1.49       -1.23252           0.82
5328          -1.48       -1.23256          0.815
5329          -1.35       -1.23258           0.78
5330          -1.42       -1.23262           0.79
5331          -1.38       -1.23265           0.79
5332          -1.54        -1.2327           0.84
5333          -1.48       -1.23275          0.825
5334          -1.48        -1.2328            0.8
5335          -1.45       -1.23284           0.71
5336          -1.34       -1.23286           0.64
5337          -1.25       -1.23286          0.585
5338          -1.19       -1.23285           0.52
5339          -1.13       -1.23283           0.53
5340          -1.24       -1.23283          0.595
5341          -1.21       -1.23283          0.585
5342          -1.24       -1.23283           0.59
5343          -1.13       -1.23281           0.51
5344          -1.12       -1.23279          0.475
5345          -1.19       -1.23278           0.49
5346          -1.11       -1.23276          0.435
5347          -1.11       -1.23274          0.425
5348          -1.08       -1.23271          0.445
5349          -1.08       -1.23268           0.41
5350          -1.06       -1.23265           0.38
5351          -1.08       -1.23262          0.375
5352          -1.22       -1.23262          0.465
5353          -1.18       -1.23261           0.46
5354          -1.24       -1.23261           0.59
5355          -1.39       -1.23264           0.69
5356          -1.34       -1.23266           0.66
5357          -1.35       -1.23268           0.67
5358          -1.33        -1.2327          0.695
5359          -1.43       -1.23274          0.785
5360          -1.59        -1.2328          0.855
5361          -1.55       -1.23286          0.855
5362           -1.6       -1.23293          0.865
5363           -1.6         -1.233          0.875
5364          -1.62       -1.23307          0.865
5365          -1.64       -1.23315           0.86
5366          -1.64       -1.23322          0.875
5367          -1.48       -1.23327           0.82
5368          -1.48       -1.23331          0.745
5369          -1.41       -1.23335           0.73
5370          -1.31       -1.23336           0.72
5371          -1.27       -1.23337          0.685
5372          -1.25       -1.23337          0.665
5373          -1.21       -1.23337           0.66
5374          -1.32       -1.23338          0.695
5375          -1.28       -1.23339          0.705
5376          -1.44       -1.23343           0.77
5377          -1.48       -1.23348           0.76
5378          -1.42       -1.23351           0.79
5379          -1.45       -1.23355          0.775
5380          -1.22       -1.23355          0.725
5381          -1.09       -1.23352            0.6
5382          -1.16       -1.23351           0.54
5383           -1.2        -1.2335           0.55
5384          -1.21        -1.2335           0.58
5385          -1.22       -1.23349           0.54
5386          -1.11       -1.23347          0.495
5387          -1.18       -1.23346           0.52
5388          -1.22       -1.23346          0.545
5389          -1.23       -1.23346          0.595
5390          -1.27       -1.23347          0.605
5391           -1.3       -1.23348          0.655
5392          -1.27       -1.23348           0.65
5393          -1.36       -1.23351          0.585
5394          -1.33       -1.23353            0.6
5395          -1.37       -1.23355          0.665
5396          -1.47       -1.23359           0.71
5397          -1.48       -1.23364           0.69
5398          -1.32       -1.23366           0.68
5399          -1.26       -1.23366           0.67
5400          -1.36       -1.23368           0.72
5401          -1.39       -1.23371          0.715
5402          -1.29       -1.23372          0.665
5403           -1.4       -1.23375           0.69
5404          -1.32       -1.23377          0.695
5405          -1.47       -1.23381           0.79
5406          -1.44       -1.23385          0.745
5407          -1.44       -1.23389           0.78
5408          -1.45       -1.23393           0.78
5409          -1.45       -1.23397          0.765
5410           -1.4         -1.234          0.745
5411          -1.51       -1.23405          0.775
5412          -1.45       -1.23409           0.79
5413          -1.51       -1.23414           0.83
5414          -1.53        -1.2342          0.825
5415          -1.48       -1.23424          0.835
5416           -1.5       -1.23429           0.83
5417          -1.71       -1.23438          0.905
5418           -1.8       -1.23448          0.935
5419          -1.62       -1.23456          0.875
5420          -1.54       -1.23461          0.845
5421          -1.51       -1.23466          0.835
5422           -1.3       -1.23467          0.765
5423          -1.55       -1.23473           0.84
5424          -1.62        -1.2348          0.845
5425           -1.5       -1.23485          0.795
5426          -1.31       -1.23487          0.705
5427           -1.4        -1.2349           0.75
5428          -1.35       -1.23492          0.735
5429          -1.24       -1.23492          0.685
5430          -1.36       -1.23494            0.7
5431          -1.35       -1.23496          0.775
5432          -1.39       -1.23499           0.76
5433          -1.36       -1.23501          0.715
5434           -1.4       -1.23505           0.76
5435          -1.37       -1.23507          0.715
5436           -1.4        -1.2351           0.76
5437          -1.48       -1.23515          0.795
5438          -1.45       -1.23518           0.79
5439          -1.32        -1.2352           0.72
5440          -1.37       -1.23523          0.715
5441          -1.38       -1.23525           0.68
5442          -1.41       -1.23528          0.715
5443          -1.27       -1.23529           0.68
5444          -1.24       -1.23529          0.615
5445          -1.29        -1.2353           0.69
5446          -1.21        -1.2353           0.67
5447          -1.24        -1.2353          0.675
5448          -1.24        -1.2353          0.705
5449          -1.19       -1.23529           0.69
5450          -1.26       -1.23529          0.625
5451          -1.21       -1.23529          0.605
5452          -1.19       -1.23528          0.665
5453          -1.29       -1.23529           0.68
5454          -1.28        -1.2353           0.69
5455          -1.23        -1.2353           0.61
5456          -1.28       -1.23531          0.645
5457          -1.28       -1.23532           0.61
5458           -1.3       -1.23533           0.68
5459          -1.32       -1.23534           0.72
5460          -1.37       -1.23537           0.75
5461          -1.34       -1.23539          0.705
5462          -1.38       -1.23541           0.74
5463          -1.36       -1.23544          0.725
5464          -1.33       -1.23545           0.69
5465          -1.35       -1.23547           0.71
5466          -1.41       -1.23551          0.695
5467          -1.44       -1.23554           0.67
5468          -1.46       -1.23558           0.72
5469          -1.46       -1.23563          0.725
5470           -1.5       -1.23567          0.725
5471          -1.27       -1.23568           0.68
5472          -1.39       -1.23571           0.74
5473          -1.38       -1.23573            0.7
5474          -1.35       -1.23576          0.715
5475          -1.42       -1.23579          0.755
5476          -1.36       -1.23581            0.7
5477          -1.36       -1.23583           0.72
5478          -1.34       -1.23585           0.72
5479          -1.28       -1.23586          0.645
5480          -1.42       -1.23589          0.745
5481          -1.41       -1.23593           0.74
5482          -1.51       -1.23598           0.78
5483          -1.47       -1.23602          0.725
5484           -1.5       -1.23607          0.755
5485           -1.4        -1.2361           0.74
5486          -1.41       -1.23613          0.755
5487          -1.43       -1.23616          0.745
5488          -1.37       -1.23619          0.715
5489          -1.36       -1.23621            0.7
5490          -1.34       -1.23623           0.69
5491          -1.36       -1.23625          0.705
5492          -1.33       -1.23627          0.695
5493          -1.33       -1.23629          0.715
5494          -1.49       -1.23633          0.785
5495          -1.47       -1.23638            0.8
5496           -1.5       -1.23642            0.8
5497          -1.47       -1.23647          0.825
5498           -1.4        -1.2365          0.755
5499          -1.27        -1.2365          0.715
5500          -1.25        -1.2365          0.665
5501          -1.31       -1.23652          0.735
5502          -1.41       -1.23655          0.735
5503          -1.45       -1.23659           0.72
5504          -1.47       -1.23663          0.765
5505          -1.56       -1.23669           0.79
5506          -1.39       -1.23672            0.7
5507           -1.3       -1.23673          0.695
5508          -1.29       -1.23674            0.7
5509          -1.44       -1.23677           0.72
5510          -1.44       -1.23681          0.695
5511          -1.31       -1.23683           0.67
5512          -1.36       -1.23685           0.68
5513           -1.5        -1.2369          0.775
5514          -1.45       -1.23693          0.785
5515          -1.49       -1.23698          0.815
5516          -1.58       -1.23704          0.855
5517          -1.63       -1.23711           0.88
5518          -1.53       -1.23717           0.86
5519          -1.57       -1.23723          0.845
5520          -1.58       -1.23729           0.82
5521           -1.5       -1.23734           0.84
5522          -1.45       -1.23737           0.84
5523          -1.54       -1.23743          0.835
5524          -1.68       -1.23751           0.91
5525           -1.7       -1.23759           0.91
5526          -1.68       -1.23767            0.9
5527          -1.76       -1.23777          0.925
5528           -1.8       -1.23787          0.945
5529          -1.65       -1.23794          0.905
5530          -1.64       -1.23802          0.885
5531          -1.44       -1.23805          0.835
5532          -1.57       -1.23811           0.84
5533          -1.56       -1.23817          0.825
5534          -1.52       -1.23822          0.815
5535          -1.52       -1.23827           0.78
5536          -1.58       -1.23833          0.825
5537          -1.56       -1.23839          0.795
5538          -1.33       -1.23841           0.71
5539          -1.39       -1.23844          0.715
5540          -1.43       -1.23847          0.725
5541          -1.38        -1.2385           0.71
5542          -1.39       -1.23852          0.725
5543          -1.38       -1.23855          0.685
5544           -1.4       -1.23858           0.74
5545          -1.39       -1.23861          0.745
5546          -1.41       -1.23864          0.785
5547          -1.52       -1.23869           0.83
5548          -1.54       -1.23874          0.855
5549          -1.58        -1.2388           0.84
5550          -1.58       -1.23887          0.825
5551          -1.63       -1.23894          0.855
5552          -1.46       -1.23898          0.825
5553          -1.57       -1.23903          0.845
5554          -1.43       -1.23907           0.77
5555           -1.4        -1.2391          0.745
5556          -1.35       -1.23912          0.765
5557          -1.39       -1.23915           0.77
5558          -1.42       -1.23918          0.765
5559          -1.43       -1.23921          0.765
5560          -1.55       -1.23927           0.84
5561          -1.51       -1.23932          0.795
5562          -1.53       -1.23937            0.8
5563          -1.39        -1.2394          0.805
5564          -1.37       -1.23942          0.785
5565          -1.57       -1.23948           0.82
5566          -1.56       -1.23954          0.835
5567          -1.58        -1.2396          0.845
5568           -1.5       -1.23964          0.825
5569          -1.42       -1.23968          0.785
5570          -1.45       -1.23971          0.795
5571          -1.39       -1.23974          0.775
5572          -1.51       -1.23979           0.84
5573          -1.52       -1.23984          0.795
5574          -1.46       -1.23988           0.75
5575          -1.35        -1.2399           0.71
5576          -1.41       -1.23993          0.775
5577          -1.44       -1.23997          0.765
5578          -1.45          -1.24          0.765
5579          -1.33       -1.24002          0.735
5580          -1.43       -1.24005          0.785
5581          -1.36       -1.24008          0.705
5582          -1.42       -1.24011           0.72
5583          -1.29       -1.24012          0.705
5584          -1.26       -1.24012           0.68
5585          -1.29       -1.24013           0.64
5586          -1.13       -1.24011          0.565
5587          -1.21        -1.2401           0.61
5588          -1.21        -1.2401          0.585
5589          -1.18       -1.24009          0.565
5590          -1.19       -1.24008          0.495
5591          -1.23       -1.24008           0.47
5592          -1.19       -1.24007           0.34
5593          -1.13       -1.24005          0.325
5594          -1.16       -1.24003           0.38
5595          -1.29       -1.24004          0.465
5596          -1.32       -1.24006          0.505
5597           -1.3       -1.24007          0.525
5598          -1.19       -1.24006          0.505
5599          -1.23       -1.24006           0.51
5600           -1.2       -1.24005           0.41
5601          -1.35       -1.24007            0.5
5602          -1.28       -1.24008           0.52
5603          -1.07       -1.24005          0.425
5604          -1.16       -1.24003          0.375
5605          -1.14       -1.24001          0.305
5606          -1.02       -1.23998           0.32
5607          -1.28       -1.23998          0.385
5608           -1.2       -1.23998          0.445
5609          -1.07       -1.23994          0.425
5610           -1.1       -1.23992           0.39
5611          -0.96       -1.23987          0.395
5612          -1.05       -1.23984          0.355
5613           -1.1       -1.23981           0.42
5614          -1.24       -1.23981           0.51
5615          -1.15        -1.2398          0.505
5616          -1.11       -1.23977          0.495
5617          -1.18       -1.23976           0.49
5618          -1.15       -1.23975           0.48
5619          -1.29       -1.23975          0.625
5620          -1.23       -1.23975           0.64
5621          -1.32       -1.23977           0.62
5622          -1.35       -1.23979           0.69
5623          -1.27       -1.23979            0.7
5624          -1.18       -1.23978           0.69
5625          -1.12       -1.23976           0.67
5626          -1.14       -1.23974          0.635
5627          -1.31       -1.23975          0.695
5628          -1.38       -1.23978           0.75
5629          -1.51       -1.23983          0.805
5630          -1.37       -1.23985          0.765
5631          -1.43       -1.23988          0.775
5632          -1.44       -1.23992          0.775
5633          -1.35       -1.23994          0.745
5634          -1.18       -1.23993          0.615
5635           -1.2       -1.23992          0.685
5636          -1.25       -1.23992          0.685
5637          -1.27       -1.23993          0.635
5638          -1.31       -1.23994          0.675
5639          -1.34       -1.23996           0.73
5640          -1.45          -1.24           0.75
5641           -1.5       -1.24004          0.795
5642          -1.47       -1.24008          0.765
5643          -1.48       -1.24013           0.74
5644          -1.46       -1.24016          0.745
5645          -1.51       -1.24021           0.75
5646          -1.37       -1.24024           0.66
5647          -1.44       -1.24027          0.665
5648          -1.35       -1.24029           0.69
5649          -1.35       -1.24031           0.66
5650          -1.32       -1.24032           0.65
5651          -1.26       -1.24033           0.65
5652          -1.26       -1.24033          0.675
5653          -1.18       -1.24032          0.595
5654          -1.23       -1.24032          0.505
5655          -1.33       -1.24033          0.555
5656          -1.34       -1.24035           0.62
5657          -1.37       -1.24037           0.61
5658          -1.32       -1.24039           0.59
5659          -1.29        -1.2404          0.475
5660          -1.21       -1.24039           0.51
5661          -1.26        -1.2404          0.535
5662          -1.39       -1.24042           0.58
5663          -1.33       -1.24044           0.57
5664          -1.44       -1.24047           0.66
5665          -1.33       -1.24049          0.645
5666          -1.31        -1.2405          0.595
5667          -1.22        -1.2405          0.505
5668          -1.04       -1.24046          0.375
5669          -1.19       -1.24045          0.515
5670          -1.13       -1.24043          0.505
5671          -1.14       -1.24042           0.54
5672          -1.26       -1.24042           0.53
5673          -1.35       -1.24044          0.495
5674          -1.22       -1.24044           0.56
5675           -1.2       -1.24043          0.555
5676          -1.12       -1.24041           0.53
5677          -1.15       -1.24039           0.54
5678           -1.2       -1.24038          0.485
5679          -0.97       -1.24034           0.36
5680          -1.02        -1.2403          0.395
5681          -1.13       -1.24028          0.445
5682          -1.26       -1.24028          0.575
5683          -1.27       -1.24029           0.51
5684          -1.24       -1.24029          0.485
5685          -1.17       -1.24027          0.495
5686          -1.18       -1.24026           0.45
5687          -1.21       -1.24026          0.445
5688          -1.22       -1.24025           0.45
5689          -1.18       -1.24024          0.425
5690          -1.24       -1.24024           0.46
5691           -1.2       -1.24024           0.44
5692          -1.16       -1.24022            0.5
5693          -1.22       -1.24022          0.475
5694          -1.07       -1.24019          0.445
5695          -1.25       -1.24019          0.525
5696          -1.14       -1.24017            0.5
5697          -1.18       -1.24016           0.43
5698          -1.03       -1.24013            0.4
5699          -1.03       -1.24009          0.495
5700          -0.97       -1.24004          0.415
5701          -0.86       -1.23998          0.365
5702          -0.98       -1.23993           0.39
5703          -1.01       -1.23989          0.425
5704          -1.18       -1.23988           0.45
5705          -1.19       -1.23987           0.42
5706          -0.91       -1.23981          0.375
5707          -1.13       -1.23979           0.41
5708          -1.23       -1.23979          0.415
5709          -1.19       -1.23978           0.46
5710          -1.07       -1.23975          0.515
5711          -1.17       -1.23974           0.51
5712          -1.33       -1.23976           0.67
5713           -1.3       -1.23977          0.685
5714           -1.3       -1.23978          0.675
5715          -1.23       -1.23978           0.66
5716          -1.29       -1.23978          0.635
5717          -1.13       -1.23977            0.6
5718          -1.07       -1.23974          0.595
5719           -1.1       -1.23971          0.575
5720          -1.24       -1.23971          0.675
5721          -1.33       -1.23973           0.67
5722           -1.2       -1.23972          0.615
5723          -1.33       -1.23974          0.655
5724          -1.43       -1.23977           0.71
5725           -1.3       -1.23978          0.635
5726          -1.28       -1.23979          0.535
5727           -1.4       -1.23981           0.62
5728          -1.35       -1.23983          0.665
5729          -1.35       -1.23985           0.67
5730           -1.3       -1.23986          0.605
5731          -1.43        -1.2399           0.73
5732          -1.46       -1.23994           0.69
5733          -1.43       -1.23997          0.675
5734          -1.38       -1.23999          0.695
5735           -1.3          -1.24           0.69
5736          -1.33       -1.24002          0.705
5737          -1.34       -1.24004          0.695
5738          -1.32       -1.24005           0.67
5739           -1.4       -1.24008          0.735
5740          -1.53       -1.24013          0.755
5741          -1.55       -1.24018          0.775
5742          -1.55       -1.24024          0.805
5743          -1.42       -1.24027          0.755
5744          -1.23       -1.24027          0.695
5745          -1.26       -1.24027           0.69
5746          -1.38       -1.24029          0.715
5747          -1.31       -1.24031           0.72
5748          -1.45       -1.24034          0.745
5749          -1.46       -1.24038          0.745
5750           -1.4       -1.24041           0.72
5751          -1.44       -1.24044           0.67
5752          -1.29       -1.24045           0.66
5753          -1.23       -1.24045           0.67
5754          -1.26       -1.24045          0.635
5755          -1.35       -1.24047          0.695
5756          -1.41        -1.2405           0.66
5757          -1.26       -1.24051           0.56
5758           -1.2        -1.2405          0.555
5759          -1.16       -1.24048           0.59
5760          -1.17       -1.24047           0.59
5761          -1.21       -1.24047          0.605
5762          -1.08       -1.24044          0.535
5763          -1.14       -1.24042           0.55
5764          -1.12        -1.2404          0.585
5765           -1.3       -1.24041          0.685
5766          -1.52       -1.24046           0.81
5767          -1.32       -1.24047          0.755
5768          -1.48       -1.24051           0.82
5769           -1.5       -1.24056          0.825
5770           -1.4       -1.24059          0.805
5771          -1.39       -1.24061          0.785
5772          -1.49       -1.24066          0.825
5773          -1.44       -1.24069          0.795
5774          -1.52       -1.24074          0.815
5775          -1.43       -1.24077          0.815
5776          -1.44       -1.24081           0.79
5777          -1.51       -1.24085          0.855
5778          -1.57       -1.24091          0.855
5779          -1.49       -1.24095          0.795
5780          -1.47       -1.24099           0.81
5781          -1.58       -1.24105           0.84
5782          -1.44       -1.24109           0.79
5783          -1.45       -1.24112          0.795
5784          -1.36       -1.24114           0.74
5785          -1.51       -1.24119            0.8
5786          -1.49       -1.24123          0.795
5787          -1.43       -1.24126           0.77
5788          -1.52       -1.24131          0.735
5789          -1.47       -1.24135           0.72
5790          -1.56       -1.24141           0.74
5791          -1.55       -1.24146           0.76
5792          -1.51       -1.24151           0.74
5793          -1.27       -1.24151          0.565
5794          -1.34       -1.24153            0.6
5795          -1.35       -1.24155           0.59
5796          -1.33       -1.24156           0.59
5797          -1.17       -1.24155           0.58
5798          -1.25       -1.24155           0.57
5799          -1.22       -1.24155          0.545
5800          -1.27       -1.24155          0.585
5801          -1.36       -1.24157          0.555
5802          -1.34       -1.24159           0.56
5803          -1.18       -1.24158          0.545
5804          -1.24       -1.24158          0.545
5805          -1.22       -1.24158          0.495
5806          -1.23       -1.24157          0.535
5807          -1.32       -1.24159          0.545
5808           -1.3        -1.2416            0.5
5809          -1.16       -1.24158           0.42
5810          -1.12       -1.24156           0.41
5811          -1.02       -1.24152           0.36
5812          -1.08        -1.2415          0.315
5813          -1.19       -1.24149          0.375
5814          -1.11       -1.24147          0.285
5815          -1.19       -1.24146           0.27
5816          -1.08       -1.24143          0.285
5817          -1.08        -1.2414          0.245
5818          -1.07       -1.24137           0.14
5819          -1.07       -1.24134          0.155
5820          -1.04       -1.24131          0.105
5821          -1.15       -1.24129          0.145
5822          -1.02       -1.24125          0.075
5823          -0.98       -1.24121          0.085
5824          -0.96       -1.24116           0.03
5825          -1.07       -1.24113          0.075
5826          -1.13       -1.24111          0.175
5827          -0.96       -1.24106           0.18
5828          -1.09       -1.24104           0.17
5829          -1.09       -1.24101           0.18
5830          -1.01       -1.24097           0.15
5831          -1.16       -1.24096          0.145
5832          -1.11       -1.24094          0.195
5833          -1.17       -1.24092           0.12
5834          -1.26       -1.24093          0.035
5835          -1.11        -1.2409           0.18
5836          -1.17       -1.24089           0.31
5837          -1.12       -1.24087           0.38
5838          -1.19       -1.24086          0.475
5839          -1.33       -1.24088          0.505
5840          -1.24       -1.24088           0.52
5841           -1.2       -1.24087           0.51
5842          -1.25       -1.24087          0.555
5843          -1.32       -1.24089           0.49
5844          -1.17       -1.24087          0.455
5845          -1.11       -1.24085           0.34
5846          -1.18       -1.24084          0.365
5847          -1.16       -1.24083           0.34
5848          -1.12       -1.24081          0.315
5849           -1.1       -1.24078          0.315
5850          -1.03       -1.24075          0.275
5851          -1.15       -1.24073            0.3
5852          -1.14       -1.24071           0.41
5853          -1.13        -1.2407           0.37
5854          -1.28        -1.2407           0.32
5855          -1.13       -1.24068          0.395
5856           -1.1       -1.24066           0.45
5857          -1.24       -1.24066          0.375
5858          -1.21       -1.24065          0.385
5859          -1.12       -1.24063           0.39
5860          -1.01       -1.24059          0.315
5861          -1.09       -1.24057          0.355
5862           -1.2       -1.24056           0.35
5863          -1.27       -1.24057           0.37
5864          -1.27       -1.24057           0.31
5865          -1.18       -1.24056           0.29
5866          -1.12       -1.24054          0.305
5867          -1.14       -1.24052          0.365
5868          -1.13        -1.2405           0.31
5869          -1.02       -1.24047          0.295
5870          -1.06       -1.24044          0.305
5871          -1.07       -1.24041           0.26
5872          -1.12       -1.24039           0.34
5873          -1.15       -1.24037           0.38
5874          -1.27       -1.24038           0.36
5875          -1.31       -1.24039           0.37
5876          -1.27       -1.24039          0.365
5877          -1.19       -1.24038           0.46
5878          -1.21       -1.24038          0.455
5879          -1.21       -1.24037           0.49
5880          -1.17       -1.24036          0.455
5881           -1.3       -1.24037          0.525
5882          -1.28       -1.24038          0.565
5883          -1.29       -1.24039          0.655
5884          -1.23       -1.24039           0.64
5885          -1.12       -1.24037           0.54
5886          -1.17       -1.24035           0.54
5887          -1.24       -1.24035           0.56
5888          -1.22       -1.24035          0.635
5889          -1.25       -1.24035            0.7
5890          -1.25       -1.24035           0.67
5891          -1.27       -1.24036           0.63
5892          -1.12       -1.24034           0.57
5893           -1.2       -1.24033           0.62
5894          -1.08        -1.2403          0.575
5895          -1.15       -1.24029           0.63
5896          -1.19       -1.24028           0.67
5897          -1.38        -1.2403          0.735
5898          -1.33       -1.24032          0.735
5899          -1.26       -1.24032          0.745
5900          -1.44       -1.24036           0.79
5901          -1.53        -1.2404           0.79
5902          -1.33       -1.24042           0.75
5903          -1.29       -1.24043           0.69
5904          -1.39       -1.24045           0.74
5905          -1.25       -1.24046          0.685
5906          -1.38       -1.24048           0.68
5907          -1.37        -1.2405          0.695
5908          -1.27       -1.24051           0.69
5909          -1.22        -1.2405          0.665
5910          -1.22        -1.2405          0.675
5911          -1.28       -1.24051          0.695
5912          -1.26       -1.24051          0.675
5913          -1.31       -1.24052          0.695
5914          -1.27       -1.24053           0.71
5915          -1.26       -1.24053           0.71
5916          -1.27       -1.24053            0.7
5917          -1.47       -1.24057            0.8
5918          -1.41        -1.2406           0.78
5919           -1.4       -1.24063           0.78
5920          -1.31       -1.24064           0.74
5921          -1.46       -1.24068           0.76
5922           -1.3       -1.24069           0.74
5923           -1.4       -1.24071            0.8
5924          -1.44       -1.24075          0.785
5925          -1.48       -1.24079          0.815
5926           -1.5       -1.24083          0.825
5927          -1.49       -1.24087          0.825
5928          -1.39        -1.2409          0.795
5929          -1.45       -1.24093           0.79
5930          -1.49       -1.24098          0.835
5931          -1.45       -1.24101          0.785
5932          -1.41       -1.24104          0.775
5933          -1.49       -1.24108          0.835
5934          -1.46       -1.24112           0.81
5935           -1.4       -1.24115           0.74
5936          -1.41       -1.24117           0.73
5937          -1.39        -1.2412           0.73
5938          -1.51       -1.24124           0.78
5939          -1.53       -1.24129            0.8
5940          -1.53       -1.24134          0.835
5941          -1.41       -1.24137          0.795
5942          -1.45       -1.24141           0.77
5943          -1.45       -1.24144          0.785
5944          -1.28       -1.24145           0.71
5945          -1.25       -1.24145           0.68
5946          -1.41       -1.24148          0.695
5947           -1.4        -1.2415          0.725
5948          -1.29       -1.24151           0.71
5949          -1.38       -1.24153           0.75
5950          -1.38       -1.24156          0.755
5951          -1.35       -1.24158           0.67
5952          -1.29       -1.24158          0.595
5953          -1.18       -1.24157          0.555
5954          -1.27       -1.24158           0.56
5955          -1.26       -1.24158          0.545
5956          -1.23       -1.24158           0.56
5957          -1.22       -1.24158           0.57
5958          -1.36        -1.2416           0.56
5959          -1.45       -1.24163           0.64
5960          -1.28       -1.24164          0.605
5961          -1.23       -1.24164           0.61
5962          -1.24       -1.24164           0.65
5963          -1.38       -1.24166           0.71
5964          -1.35       -1.24168          0.715
5965          -1.46       -1.24171           0.74
5966          -1.33       -1.24173          0.675
5967          -1.38       -1.24175           0.65
5968          -1.27       -1.24176          0.605
5969          -1.23       -1.24175          0.625
5970           -1.3       -1.24176          0.675
5971          -1.31       -1.24177          0.625
5972          -1.23       -1.24177          0.585
5973          -1.25       -1.24177           0.66
5974          -1.28       -1.24178            0.6
5975          -1.23       -1.24178           0.64
5976          -1.29       -1.24179            0.7
5977          -1.34        -1.2418           0.76
5978          -1.42       -1.24183          0.765
5979          -1.41       -1.24186           0.74
5980          -1.53       -1.24191           0.79
5981          -1.58       -1.24197           0.85
5982          -1.57       -1.24202          0.855
5983          -1.51       -1.24207          0.845
5984           -1.4       -1.24209           0.76
5985           -1.3        -1.2421          0.685
5986          -1.46       -1.24214          0.805
5987          -1.51       -1.24218          0.805
5988          -1.65       -1.24225            0.9
5989          -1.62       -1.24231          0.885
5990          -1.54       -1.24236          0.865
5991          -1.49        -1.2424           0.81
5992          -1.51       -1.24245           0.82
5993          -1.52        -1.2425           0.84
5994          -1.44       -1.24253           0.72
5995          -1.46       -1.24257          0.725
5996          -1.39       -1.24259           0.77
5997          -1.57       -1.24264           0.82
5998          -1.42       -1.24267          0.765
5999          -1.28       -1.24268          0.715
6000          -1.43       -1.24271          0.775
6001           -1.5       -1.24275          0.745
6002           -1.4       -1.24278          0.685
6003          -1.34        -1.2428          0.675
6004          -1.42       -1.24283           0.75
6005           -1.4       -1.24285           0.73
6006          -1.39       -1.24288          0.765
6007          -1.39        -1.2429          0.695
6008          -1.32       -1.24291           0.64
6009          -1.39       -1.24294          0.685
6010          -1.35       -1.24296          0.635
6011          -1.34       -1.24297          0.635
6012          -1.39         -1.243          0.685
6013          -1.36       -1.24302           0.72
6014          -1.36       -1.24304          0.755
6015          -1.41       -1.24306           0.78
6016          -1.47        -1.2431            0.8
6017          -1.51       -1.24315          0.825
6018          -1.68       -1.24322          0.905
6019          -1.68       -1.24329          0.895
6020          -1.64       -1.24336          0.875
6021          -1.52        -1.2434          0.835
6022          -1.44       -1.24344          0.775
6023          -1.44       -1.24347           0.75
6024          -1.46        -1.2435          0.765
6025          -1.42       -1.24353           0.76
6026          -1.41       -1.24356           0.76
6027          -1.17       -1.24355          0.655
6028          -1.15       -1.24353           0.64
6029           -1.2       -1.24353          0.605
6030          -1.16       -1.24351          0.575
6031          -1.18        -1.2435          0.575
6032          -1.24        -1.2435           0.59
6033          -1.08       -1.24347           0.51
6034          -1.16       -1.24346          0.435
6035          -1.25       -1.24346          0.445
6036           -1.3       -1.24347           0.44
6037          -1.32       -1.24348          0.495
6038          -1.28       -1.24349           0.44
6039           -1.3        -1.2435           0.43
6040          -1.21       -1.24349           0.54
6041           -1.1       -1.24347          0.475
6042          -1.16       -1.24346           0.52
6043          -1.16       -1.24344          0.475
6044          -1.11       -1.24342           0.52
6045          -1.04       -1.24339          0.495
6046          -1.22       -1.24338           0.51
6047          -1.13       -1.24336            0.5
6048          -1.15       -1.24335          0.475
6049          -1.09       -1.24332           0.48
6050          -1.16       -1.24331          0.515
6051          -1.09       -1.24328          0.535
6052          -1.16       -1.24327           0.53
6053          -1.23       -1.24327          0.535
6054          -1.13       -1.24325           0.55
6055          -1.12       -1.24323           0.54
6056          -1.21       -1.24322          0.625
6057          -1.11        -1.2432           0.62
6058          -1.22        -1.2432           0.66
6059          -1.24        -1.2432           0.63
6060          -1.37       -1.24322          0.605
6061          -1.25       -1.24322           0.57
6062          -1.19       -1.24321           0.54
6063          -1.36       -1.24323          0.605
6064          -1.32       -1.24324           0.55
6065          -1.42       -1.24327           0.63
6066           -1.3       -1.24328          0.585
6067          -1.19       -1.24327           0.47
6068          -1.27       -1.24328          0.485
6069          -1.29       -1.24328           0.48
6070          -1.22       -1.24328          0.495
6071          -1.01       -1.24324            0.5
6072          -1.17       -1.24323           0.56
6073          -1.18       -1.24322           0.53
6074          -1.15        -1.2432           0.54
6075          -1.41       -1.24323          0.595
6076          -1.34       -1.24325           0.58
6077          -1.25       -1.24325           0.54
6078          -1.26       -1.24325           0.54
6079          -1.15       -1.24324           0.56
6080          -1.29       -1.24324          0.555
6081          -1.19       -1.24323           0.53
6082          -1.24       -1.24323          0.485
6083           -1.3       -1.24324           0.36
6084          -1.28       -1.24325           0.33
6085          -1.17       -1.24324           0.25
6086          -1.18       -1.24323           0.28
6087          -1.11        -1.2432           0.24
6088             -1       -1.24316           0.25
6089          -1.16       -1.24315          0.165
6090          -1.13       -1.24313          0.225
6091          -1.27       -1.24314           0.28
6092          -1.24       -1.24314          0.325
6093          -1.31       -1.24315           0.35
6094          -1.18       -1.24314          0.385
6095           -1.2       -1.24313            0.4
6096           -1.1       -1.24311           0.38
6097          -1.16       -1.24309          0.315
6098          -1.19       -1.24308          0.345
6099          -1.08       -1.24306          0.325
6100           -1.1       -1.24303           0.22
6101          -1.06         -1.243           0.26
6102          -1.13       -1.24299           0.33
6103          -1.11       -1.24296          0.375
6104          -1.21       -1.24296           0.31
6105          -1.19       -1.24295           0.39
6106          -1.17       -1.24294          0.295
6107          -1.07       -1.24291          0.315
6108          -1.06       -1.24288          0.325
6109          -1.13       -1.24286           0.33
6110          -1.21       -1.24286          0.265
6111          -1.04       -1.24282           0.25
6112          -1.03       -1.24279           0.25
6113          -1.12       -1.24277          0.285
6114          -1.17       -1.24276          0.285
6115          -1.12       -1.24274            0.3
6116          -1.13       -1.24272           0.26
6117          -1.14        -1.2427           0.28
6118          -1.16       -1.24269          0.245
6119           -1.2       -1.24268          0.265
6120           -1.2       -1.24267           0.32
6121          -1.19       -1.24266           0.33
6122          -1.22       -1.24266           0.28
6123          -1.17       -1.24265           0.19
6124          -1.19       -1.24264          0.195
6125          -1.23       -1.24264          0.185
6126          -0.97       -1.24259          0.155
6127             -1       -1.24255           0.16
6128             -1       -1.24251          0.195
6129          -1.07       -1.24249          0.175
6130          -1.01       -1.24245          0.095
6131          -1.09       -1.24242           0.21
6132          -1.06       -1.24239          0.085
6133          -1.17       -1.24238          -0.03
6134          -1.17       -1.24237         -0.015
6135          -1.05       -1.24234          0.005
6136          -1.16       -1.24233         -0.085
6137          -1.14       -1.24231          -0.06
6138          -1.12       -1.24229         -0.055
6139          -1.06       -1.24226          0.025
6140          -1.07       -1.24223           0.16
6141          -1.04        -1.2422          0.095
6142             -1       -1.24216          0.065
6143          -1.01       -1.24212           0.05
6144          -0.98       -1.24208          -0.03
6145          -0.94       -1.24203           0.02
6146          -1.01       -1.24199          -0.02
6147          -0.99       -1.24195         -0.005
6148          -0.97       -1.24191         -0.135
6149          -1.21        -1.2419         -0.245
6150          -1.23        -1.2419         -0.205
6151          -1.18       -1.24189          -0.24
6152           -1.2       -1.24188          -0.24
6153          -1.13       -1.24186         -0.345
6154          -1.01       -1.24183         -0.315
6155          -1.06        -1.2418          -0.23
6156          -0.96       -1.24175         -0.135
6157          -1.01       -1.24171          -0.08
6158          -1.12       -1.24169         -0.025
6159          -1.08       -1.24167           0.01
6160          -1.04       -1.24163              0
6161          -0.93       -1.24158           0.03
6162          -1.01       -1.24155          0.095
6163           -1.1       -1.24152          0.075
6164           -1.1        -1.2415          0.065
6165          -1.05       -1.24147           0.14
6166          -1.17       -1.24146            0.2
6167          -1.32       -1.24147           0.27
6168          -1.24       -1.24147           0.26
6169          -1.11       -1.24145           0.25
6170          -1.22       -1.24145           0.27
6171          -1.35       -1.24146          0.275
6172           -1.3       -1.24147          0.315
6173          -1.27       -1.24148           0.27
6174          -1.21       -1.24147           0.27
6175          -1.39        -1.2415          0.305
6176          -1.36       -1.24152           0.29
6177          -1.36       -1.24153           0.23
6178          -1.24       -1.24153           0.25
6179          -1.12       -1.24151           0.23
6180          -1.31       -1.24153          0.295
6181          -1.29       -1.24153          0.295
6182          -1.15       -1.24152           0.28
6183          -1.34       -1.24153          0.295
6184           -1.2       -1.24153          0.285
6185          -1.04        -1.2415          0.305
6186          -1.05       -1.24146           0.37
6187          -1.11       -1.24144          0.415
6188          -1.18       -1.24143           0.35
6189          -1.21       -1.24143           0.34
6190          -1.21       -1.24142          0.395
6191          -1.09        -1.2414           0.36
6192          -1.18       -1.24139          0.275
6193          -1.11       -1.24137           0.15
6194             -1       -1.24133           0.15
6195          -1.08        -1.2413           0.12
6196          -0.99       -1.24126          0.095
6197          -0.96       -1.24122           0.09
6198          -1.09       -1.24119            0.2
6199             -1       -1.24115           0.15
6200          -1.02       -1.24112          0.165
6201             -1       -1.24108           0.29
6202          -1.06       -1.24105           0.18
6203          -1.16       -1.24104          0.105
6204          -1.12       -1.24102            0.1
6205          -1.05       -1.24099           0.08
6206          -0.89       -1.24093            0.2
6207          -0.94       -1.24088           0.29
6208          -1.01       -1.24084          0.235
6209           -1.1       -1.24082          0.225
6210          -1.27       -1.24083          0.285
6211          -1.25       -1.24083          0.315
6212          -1.23       -1.24083           0.22
6213          -1.16       -1.24081          0.235
6214          -1.24       -1.24081           0.21
6215          -1.32       -1.24083          0.255
6216          -1.29       -1.24083           0.23
6217          -1.24       -1.24083           0.29
6218          -1.13       -1.24082          0.185
6219          -1.13        -1.2408          0.305
6220          -1.17       -1.24079          0.275
6221          -1.13       -1.24077          0.235
6222          -1.07       -1.24074          0.205
6223          -1.09       -1.24072          0.175
6224          -1.18       -1.24071           0.15
6225          -1.12       -1.24069          0.035
6226          -1.03       -1.24065         -0.035
6227          -1.09       -1.24063           0.01
6228          -1.09       -1.24061         -0.105
6229          -1.09       -1.24058          -0.12
6230          -1.03       -1.24055         -0.165
6231          -1.06       -1.24052          -0.17
6232          -1.11        -1.2405         -0.155
6233          -0.96       -1.24045         -0.235
6234           -1.1       -1.24043          -0.18
6235          -1.06        -1.2404         -0.315
6236          -1.08       -1.24038          -0.35
6237          -1.06       -1.24035          -0.25
6238          -1.13       -1.24033          -0.31
6239          -1.12       -1.24031         -0.365
6240          -1.16        -1.2403         -0.395
6241          -1.23       -1.24029         -0.365
6242          -1.25        -1.2403         -0.395
6243           -1.2       -1.24029         -0.445
6244          -1.21       -1.24029         -0.495
6245          -1.12       -1.24027           -0.4
6246          -1.17       -1.24025          -0.39
6247           -1.2       -1.24025           -0.4
6248          -1.13       -1.24023           -0.3
6249          -1.21       -1.24023         -0.225
6250          -1.11        -1.2402         -0.145
6251          -1.23        -1.2402         -0.265
6252          -1.25        -1.2402         -0.305
6253          -1.17       -1.24019         -0.215
6254          -1.06       -1.24016          -0.25
6255          -1.04       -1.24013          -0.21
6256          -1.08       -1.24011         -0.275
6257          -1.13       -1.24009          -0.25
6258          -1.12       -1.24007         -0.245
6259          -1.05       -1.24004           -0.2
6260          -1.08       -1.24001          -0.27
6261          -1.18          -1.24         -0.245
6262          -1.16       -1.23999           -0.3
6263          -1.15       -1.23998         -0.275
6264          -1.09       -1.23995          -0.21
6265          -1.03       -1.23992         -0.235
6266          -1.12        -1.2399         -0.295
6267          -1.13       -1.23988          -0.32
6268          -1.22       -1.23988         -0.285
6269          -1.09       -1.23986         -0.185
6270          -1.16       -1.23984          -0.19
6271             -1       -1.23981          -0.07
6272             -1       -1.23977         -0.055
6273          -0.99       -1.23973          0.025
6274          -0.88       -1.23967          0.015
6275          -0.97       -1.23963          0.085
6276          -1.01       -1.23959              0
6277          -0.97       -1.23955          0.015
6278          -0.98       -1.23951          0.055
6279          -1.08       -1.23948          0.205
6280          -1.04       -1.23945           0.19
6281          -1.14       -1.23943          0.115
6282          -1.02        -1.2394          0.065
6283          -1.01       -1.23936         -0.045
6284          -0.98       -1.23932         -0.045
6285          -0.98       -1.23928         -0.015
6286          -0.89       -1.23922          -0.03
6287          -0.99       -1.23918         -0.015
6288           -1.2       -1.23918         -0.055
6289          -1.26       -1.23918           0.06
6290          -1.26       -1.23918          0.035
6291          -1.27       -1.23919           0.05
6292          -1.07       -1.23916          0.055
6293          -1.05       -1.23913          0.095
6294          -1.19       -1.23912           0.13
6295          -1.21       -1.23912           0.19
6296          -1.08       -1.23909           0.18
6297           -1.1       -1.23907          0.145
6298          -1.11       -1.23905           0.13
6299          -1.04       -1.23902           0.09
6300          -1.06       -1.23899          0.155
6301           -1.1       -1.23897          0.255
6302          -1.16       -1.23896           0.28
6303          -1.12       -1.23894           0.27
6304           -1.2       -1.23893           0.24
6305          -1.22       -1.23893           0.35
6306          -1.26       -1.23893           0.31
6307          -1.34       -1.23895          0.295
6308          -1.23       -1.23895           0.26
6309          -1.35       -1.23897           0.25
6310          -1.24       -1.23897           0.27
6311          -1.24       -1.23897           0.31
6312          -1.31       -1.23898          0.365
6313          -1.22       -1.23897          0.315
6314          -1.28       -1.23898          0.325
6315          -1.16       -1.23897          0.325
6316          -1.13       -1.23895           0.36
6317          -1.17       -1.23894           0.31
6318          -1.04       -1.23891           0.31
6319          -0.98       -1.23887          0.295
6320          -0.97       -1.23882          0.285
6321          -0.89       -1.23877          0.175
6322          -1.06       -1.23874          0.115
6323             -1        -1.2387           0.16
6324          -1.04       -1.23867           0.19
6325          -1.12       -1.23865           0.18
6326          -1.12       -1.23863          0.325
6327          -1.13       -1.23862          0.275
6328          -1.19       -1.23861           0.37
6329          -1.24       -1.23861           0.35
6330          -1.24       -1.23861          0.335
6331          -1.22       -1.23861          0.335
6332          -1.19        -1.2386           0.23
6333          -1.18       -1.23859           0.27
6334          -1.13       -1.23857           0.26
6335          -1.24       -1.23857          0.315
6336          -1.19       -1.23857           0.25
6337          -1.17       -1.23855           0.19
6338           -1.2       -1.23855           0.15
6339          -1.23       -1.23855           0.13
6340          -1.18       -1.23854          0.115
6341          -1.08       -1.23851           0.03
6342          -1.07       -1.23849          0.035
6343          -1.02       -1.23845           0.09
6344          -0.97       -1.23841          0.015
6345          -1.04       -1.23838          -0.01
6346          -0.99       -1.23834          0.085
6347          -1.07       -1.23831          0.075
6348          -1.04       -1.23828          0.015
6349          -1.02       -1.23825         -0.045
6350          -1.09       -1.23822         -0.065
6351          -1.18       -1.23821         -0.105
6352          -1.11       -1.23819         -0.095
6353          -1.06       -1.23817         -0.005
6354          -1.13       -1.23815         -0.065
6355          -1.08       -1.23812         -0.115
6356          -1.15       -1.23811         -0.145
6357          -1.08       -1.23809         -0.125
6358          -1.19       -1.23808          -0.21
6359          -1.14       -1.23806          -0.24
6360          -1.07       -1.23804         -0.225
6361          -1.05       -1.23801         -0.145
6362          -0.97       -1.23796         -0.125
6363          -1.04       -1.23793         -0.165
6364          -1.12       -1.23792          -0.17
6365          -1.11        -1.2379         -0.085
6366          -1.07       -1.23787         -0.095
6367          -1.18       -1.23786          -0.13
6368          -1.19       -1.23785          0.015
6369          -1.19       -1.23784          0.065
6370          -1.15       -1.23783           0.02
6371          -1.11       -1.23781          0.045
6372          -1.03       -1.23778         -0.015
6373          -1.11       -1.23776          0.075
6374          -1.15       -1.23774         -0.005
6375          -1.04       -1.23771         -0.085
6376          -1.03       -1.23768          0.005
6377          -0.99       -1.23764         -0.005
6378          -1.07       -1.23762          0.005
6379          -1.08       -1.23759          -0.05
6380          -1.18       -1.23758          0.005
6381          -1.07       -1.23756         -0.045
6382          -1.17       -1.23755          0.015
6383           -1.1       -1.23752          -0.01
6384          -1.18       -1.23751           0.06
6385          -1.27       -1.23752          0.105
6386          -1.24       -1.23752          0.135
6387          -1.18       -1.23751          0.065
6388          -1.19        -1.2375          0.045
6389          -1.17       -1.23749          0.095
6390           -1.2       -1.23749           0.08
6391          -1.11       -1.23747          0.135
6392          -0.99       -1.23743           0.09
6393          -0.98       -1.23739           0.14
6394          -1.15       -1.23737           0.19
6395          -1.12       -1.23736           0.16
6396          -1.12       -1.23734          0.095
6397           -1.1       -1.23732           0.12
6398          -1.15        -1.2373           0.21
6399          -1.08       -1.23728           0.17
6400          -1.09       -1.23726          0.145
6401           -1.1       -1.23723          0.065
6402           -1.1       -1.23721           0.09
6403          -1.17        -1.2372            0.1
6404          -1.09       -1.23718           0.12
6405           -1.1       -1.23716           0.05
6406          -1.17       -1.23715           0.02
6407          -1.16       -1.23713          -0.01
6408          -1.18       -1.23713         -0.015
6409          -1.04        -1.2371          0.025
6410          -1.07       -1.23707          -0.03
6411          -1.12       -1.23705          -0.07
6412          -0.96       -1.23701          -0.11
6413          -1.01       -1.23697         -0.065
6414           -1.1       -1.23695         -0.055
6415          -1.08       -1.23693          -0.06
6416          -1.02       -1.23689         -0.065
6417          -1.05       -1.23686         -0.125
6418          -1.04       -1.23683         -0.175
6419          -1.07       -1.23681          -0.12
6420          -1.07       -1.23678         -0.025
6421          -1.05       -1.23675          0.025
6422          -1.18       -1.23674              0
6423             -1       -1.23671          -0.03
6424          -1.01       -1.23667         -0.025
6425          -1.02       -1.23664          -0.05
6426          -0.97        -1.2366          -0.07
6427          -0.97       -1.23655          -0.12
6428          -0.96       -1.23651              0
6429          -0.94       -1.23647         -0.035
6430          -0.92       -1.23642          -0.07
6431          -0.96       -1.23637          -0.08
6432          -0.98       -1.23633           0.13
6433          -0.99       -1.23629          0.155
6434          -0.96       -1.23625          0.195
6435          -0.98       -1.23621          0.225
6436          -0.87       -1.23616          0.285
6437          -0.91        -1.2361           0.22
6438           -0.9       -1.23605           0.21
6439          -0.89         -1.236          0.205
6440          -1.04       -1.23597            0.3
6441          -0.92       -1.23592          0.205
6442          -1.01       -1.23588          0.245
6443           -0.9       -1.23583           0.16
6444          -0.84       -1.23577           0.17
6445          -1.02       -1.23574           0.26
6446          -1.15       -1.23572          0.325
6447          -1.11        -1.2357          0.335
6448          -1.28       -1.23571           0.38
6449          -1.21       -1.23571          0.275
6450          -1.19        -1.2357          0.245
6451          -1.22        -1.2357           0.27
6452          -1.26        -1.2357          0.235
6453          -1.21        -1.2357            0.2
6454          -1.22       -1.23569          0.295
6455          -1.14       -1.23568           0.28
6456          -1.19       -1.23567           0.26
6457          -1.27       -1.23568          0.165
6458          -1.18       -1.23567          0.145
6459          -1.18       -1.23566          0.215
6460          -1.18       -1.23565            0.1
6461          -1.07       -1.23563           0.06
6462          -1.16       -1.23562          0.055
6463          -1.04       -1.23558          0.015
6464             -1       -1.23555          -0.08
6465          -1.05       -1.23552          -0.02
6466           -1.2       -1.23551          0.025
6467          -1.21       -1.23551           0.08
6468          -1.26       -1.23551          0.055
6469          -1.16        -1.2355           0.11
6470          -1.27       -1.23551           0.13
6471          -1.24       -1.23551           0.15
6472          -1.18        -1.2355           0.15
6473          -1.07       -1.23547           0.15
6474           -1.1       -1.23545           0.15
6475          -1.07       -1.23543          0.135
6476          -1.08        -1.2354           0.14
6477          -1.06       -1.23538           0.03
6478          -1.04       -1.23535          0.055
6479          -1.24       -1.23535          0.175
6480          -1.26       -1.23535          0.185
6481          -1.21       -1.23535          0.235
6482           -1.2       -1.23534          0.315
6483          -1.26       -1.23535          0.305
6484          -1.28       -1.23535          0.325
6485           -1.2       -1.23535          0.325
6486          -1.06       -1.23532           0.35
6487          -1.15       -1.23531          0.315
6488          -1.12       -1.23529          0.265
6489          -1.06       -1.23526           0.21
6490          -1.08       -1.23524           0.13
6491          -0.99        -1.2352           0.19
6492          -1.09       -1.23518           0.26
6493          -1.14       -1.23516           0.23
6494          -1.17       -1.23515           0.11
6495          -1.15       -1.23514           0.18
6496             -1        -1.2351           0.17
6497          -1.03       -1.23507            0.1
6498          -1.03       -1.23504          0.165
6499          -1.12       -1.23502          0.085
6500          -1.08         -1.235          0.075
6501          -0.97       -1.23496         -0.025
6502          -1.04       -1.23493         -0.025
6503           -1.1       -1.23491          -0.03
6504          -1.16        -1.2349         -0.125
6505          -1.07       -1.23487         -0.135
6506          -1.19       -1.23486         -0.125
6507          -1.15       -1.23485         -0.165
6508           -1.3       -1.23486          -0.18
6509           -1.2       -1.23486         -0.245
6510          -1.23       -1.23485          -0.27
6511           -1.1       -1.23483         -0.205
6512          -1.07       -1.23481          -0.25
6513          -1.23       -1.23481          -0.21
6514          -1.14       -1.23479          -0.16
6515          -1.16       -1.23478         -0.105
6516          -1.17       -1.23477          -0.09
6517          -1.05       -1.23474         -0.155
6518          -1.17       -1.23473         -0.055
6519          -1.13       -1.23472         -0.105
6520          -1.09        -1.2347          -0.12
6521          -1.09       -1.23467         -0.085
6522          -1.13       -1.23466         -0.025
6523          -0.98       -1.23462              0
6524             -1       -1.23458           0.04
6525          -1.12       -1.23456            0.1
6526             -1       -1.23453          0.065
6527          -0.99       -1.23449              0
6528          -0.97       -1.23445         -0.055
6529          -1.05       -1.23442          -0.05
6530          -1.12       -1.23441          -0.22
6531          -0.99       -1.23437         -0.215
6532          -0.97       -1.23433          -0.21
6533           -0.9       -1.23428         -0.155
6534          -0.98       -1.23424         -0.175
6535          -0.99        -1.2342         -0.205
6536          -0.95       -1.23416           -0.2
6537          -1.06       -1.23413         -0.255
6538          -1.19       -1.23412          -0.28
6539          -1.08        -1.2341         -0.285
6540          -1.01       -1.23407         -0.325
6541          -1.16       -1.23405         -0.365
6542          -1.12       -1.23404         -0.395
6543          -1.22       -1.23403         -0.455
6544          -1.33       -1.23405          -0.54
6545          -1.45       -1.23408         -0.605
6546          -1.43       -1.23411         -0.575
6547          -1.27       -1.23412          -0.53
6548          -1.31       -1.23413         -0.585
6549          -1.32       -1.23414          -0.54
6550          -1.27       -1.23415         -0.665
6551          -1.19       -1.23414          -0.64
6552          -1.19       -1.23413         -0.655
6553          -1.25       -1.23414         -0.635
6554          -1.24       -1.23414          -0.67
6555          -1.32       -1.23415         -0.735
6556          -1.43       -1.23418         -0.755
6557          -1.33       -1.23419          -0.76
6558          -1.38       -1.23422         -0.795
6559          -1.51       -1.23426         -0.815
6560          -1.53        -1.2343          -0.82
6561          -1.56       -1.23435         -0.805
6562          -1.36       -1.23437           -0.7
6563          -1.49       -1.23441          -0.78
6564          -1.43       -1.23444         -0.805
6565          -1.46       -1.23448          -0.81
6566          -1.38        -1.2345          -0.79
6567          -1.53       -1.23454          -0.84
6568          -1.53       -1.23459          -0.84
6569          -1.49       -1.23463         -0.815
6570          -1.47       -1.23466           -0.8
6571          -1.52       -1.23471         -0.825
6572          -1.47       -1.23474           -0.8
6573          -1.48       -1.23478          -0.78
6574          -1.49       -1.23482         -0.785
6575           -1.4       -1.23484         -0.765
6576          -1.52       -1.23489         -0.805
6577          -1.45       -1.23492          -0.79
6578          -1.44       -1.23495         -0.795
6579          -1.36       -1.23497         -0.785
6580          -1.48       -1.23501         -0.815
6581          -1.52       -1.23505          -0.81
6582          -1.24       -1.23505         -0.685
6583          -1.38       -1.23507         -0.805
6584          -1.42        -1.2351          -0.78
6585           -1.4       -1.23513         -0.785
6586          -1.46       -1.23516         -0.805
6587          -1.46       -1.23519          -0.81
6588          -1.37       -1.23521          -0.78
6589          -1.43       -1.23524         -0.775
6590          -1.49       -1.23528         -0.805
6591          -1.59       -1.23534         -0.835
6592          -1.52       -1.23538           -0.8
6593           -1.4        -1.2354          -0.76
6594          -1.46       -1.23544         -0.755
6595          -1.46       -1.23547         -0.775
6596          -1.38       -1.23549         -0.725
6597          -1.36       -1.23551         -0.725
6598          -1.39       -1.23554         -0.705
6599          -1.35       -1.23555          -0.72
6600          -1.35       -1.23557          -0.73
6601          -1.33       -1.23559         -0.695
6602          -1.33        -1.2356         -0.725
6603          -1.22        -1.2356          -0.69
6604          -1.25        -1.2356          -0.69
6605          -1.25        -1.2356         -0.665
6606          -1.24        -1.2356          -0.65
6607          -1.15       -1.23559         -0.635
6608          -1.12       -1.23557         -0.615
6609           -1.3       -1.23558         -0.715
6610          -1.41       -1.23561         -0.745
6611          -1.32       -1.23562         -0.705
6612           -1.4       -1.23565          -0.71
6613           -1.4       -1.23567         -0.685
6614          -1.41        -1.2357         -0.655
6615          -1.33       -1.23571          -0.62
6616          -1.22       -1.23571         -0.575
6617          -1.31       -1.23572          -0.62
6618          -1.33       -1.23574         -0.645
6619          -1.18       -1.23573          -0.56
6620          -1.16       -1.23572         -0.605
6621          -1.31       -1.23573         -0.685
6622          -1.28       -1.23573          -0.71
6623          -1.27       -1.23574          -0.66
6624          -1.26       -1.23574         -0.625
6625          -1.27       -1.23575          -0.54
6626          -1.22       -1.23574         -0.525
6627          -1.19       -1.23574          -0.57
6628           -1.2       -1.23573         -0.505
6629           -1.3       -1.23574         -0.465
6630           -1.2       -1.23574         -0.495
6631          -1.22       -1.23573          -0.53
6632          -1.21       -1.23573         -0.545
6633           -1.2       -1.23573           -0.5
6634          -1.28       -1.23573         -0.515
6635           -1.3       -1.23574           -0.5
6636          -1.36       -1.23576         -0.535
6637          -1.21       -1.23576         -0.525
6638           -1.3       -1.23577         -0.565
6639          -1.38       -1.23579           -0.6
6640          -1.43       -1.23582          -0.66
6641          -1.48       -1.23585         -0.745
6642          -1.55        -1.2359         -0.805
6643          -1.33       -1.23592          -0.71
6644          -1.43       -1.23594          -0.78
6645           -1.5       -1.23598          -0.79
6646          -1.36         -1.236          -0.73
6647          -1.34       -1.23602         -0.725
6648          -1.37       -1.23604         -0.715
6649          -1.36       -1.23606         -0.695
6650          -1.32       -1.23607          -0.73
6651          -1.27       -1.23607           -0.7
6652          -1.33       -1.23609         -0.675
6653          -1.33        -1.2361          -0.67
6654          -1.43       -1.23613          -0.69
6655          -1.32       -1.23614          -0.59
6656          -1.28       -1.23615         -0.615
6657          -1.27       -1.23616          -0.56
6658          -1.21       -1.23615          -0.53
6659          -1.14       -1.23614          -0.45
6660          -1.13       -1.23612           -0.3
6661          -1.03       -1.23609         -0.365
6662          -1.07       -1.23607         -0.365
6663          -1.17       -1.23606         -0.435
6664          -1.09       -1.23603          -0.35
6665          -1.08       -1.23601         -0.355
6666          -1.02       -1.23598          -0.42
6667          -1.06       -1.23595         -0.455
6668           -1.2       -1.23595         -0.465
6669          -1.26       -1.23595          -0.45
6670           -1.3       -1.23596         -0.525
6671          -1.19       -1.23595          -0.45
6672          -1.27       -1.23596         -0.465
6673          -1.35       -1.23598         -0.585
6674          -1.27       -1.23598         -0.515
6675          -1.32       -1.23599         -0.495
6676          -1.33       -1.23601         -0.505
6677          -1.29       -1.23602          -0.54
6678          -1.32       -1.23603         -0.545
6679          -1.28       -1.23603         -0.545
6680          -1.26       -1.23604          -0.54
6681          -1.29       -1.23605         -0.515
6682          -1.15       -1.23603         -0.475
6683          -1.27       -1.23604         -0.465
6684          -1.21       -1.23603          -0.42
6685          -1.12       -1.23602         -0.375
6686          -1.16       -1.23601         -0.345
6687          -1.12       -1.23599         -0.285
6688          -0.99       -1.23595         -0.195
6689           -1.1       -1.23593         -0.155
6690          -1.09       -1.23591         -0.245
6691          -1.03       -1.23588         -0.285
6692          -1.01       -1.23584           -0.3
6693          -0.94        -1.2358          -0.36
6694          -1.04       -1.23577          -0.37
6695           -1.1       -1.23575         -0.355
6696          -1.17       -1.23574           -0.4
6697           -1.2       -1.23574         -0.405
6698           -1.1       -1.23572         -0.385
6699          -1.12        -1.2357          -0.46
6700          -1.12       -1.23568         -0.425
6701          -1.01       -1.23565          -0.33
6702           -1.1       -1.23563          -0.34
6703          -1.11       -1.23561           -0.3
6704          -1.15        -1.2356         -0.375
6705          -1.11       -1.23558         -0.305
6706          -1.12       -1.23556          -0.36
6707          -1.05       -1.23553          -0.38
6708          -1.04        -1.2355         -0.385
6709          -0.97       -1.23546          -0.29
6710          -1.12       -1.23545          -0.36
6711          -1.22       -1.23544          -0.39
6712          -1.23       -1.23544         -0.295
6713          -1.18       -1.23543          -0.35
6714          -1.21       -1.23543          -0.32
6715          -1.14       -1.23542          -0.24
6716          -1.12        -1.2354           -0.2
6717           -1.2       -1.23539          -0.17
6718          -1.22       -1.23539         -0.175
6719          -1.24       -1.23539          -0.22
6720          -1.26        -1.2354           -0.3
6721           -1.2       -1.23539         -0.395
6722          -1.13       -1.23538          -0.32
6723          -1.27       -1.23538         -0.375
6724          -1.19       -1.23537         -0.345
6725          -1.21       -1.23537           -0.3
6726          -1.19       -1.23536          -0.26
6727          -1.27       -1.23537         -0.295
6728          -1.23       -1.23537          -0.34
6729          -1.14       -1.23535         -0.285
6730          -1.12       -1.23534          -0.35
6731          -1.06       -1.23531         -0.295
6732          -1.12       -1.23529           -0.3
6733           -1.2       -1.23529         -0.255
6734          -1.01       -1.23525          -0.29
6735          -1.05       -1.23523          -0.29
6736          -1.04        -1.2352         -0.185
6737          -1.15       -1.23519          -0.23
6738          -1.05       -1.23516          -0.24
6739          -1.09       -1.23514         -0.255
6740          -1.11       -1.23512          -0.17
6741          -1.23       -1.23512          -0.18
6742          -1.13        -1.2351          -0.19
6743          -1.13       -1.23509         -0.175
6744          -1.19       -1.23508          -0.14
6745          -1.14       -1.23507         -0.145
6746          -1.06       -1.23504          -0.21
6747          -0.98         -1.235         -0.245
6748          -1.11       -1.23498          -0.29
6749          -1.02       -1.23495         -0.325
6750          -0.99       -1.23491          -0.36
6751          -1.08       -1.23489         -0.265
6752          -1.16       -1.23488         -0.325
6753           -1.1       -1.23486         -0.275
6754          -1.14       -1.23485          -0.37
6755          -1.04       -1.23482          -0.35
6756          -1.02       -1.23479          -0.43
6757          -1.08       -1.23476          -0.54
6758          -1.17       -1.23475          -0.54
6759          -1.19       -1.23475         -0.505
6760          -1.12       -1.23473          -0.46
6761          -1.08       -1.23471         -0.425
6762          -1.16        -1.2347          -0.44
6763          -1.17       -1.23469          -0.43
6764          -1.23       -1.23469          -0.44
6765          -1.25       -1.23469         -0.535
6766          -1.29        -1.2347         -0.645
6767          -1.29        -1.2347          -0.65
6768          -1.25       -1.23471         -0.615
6769          -1.13       -1.23469         -0.515
6770          -1.07       -1.23467         -0.535
6771          -1.15       -1.23465         -0.605
6772          -1.21       -1.23465         -0.585
6773          -1.24       -1.23465          -0.62
6774          -1.28       -1.23466         -0.595
6775          -1.29       -1.23467          -0.65
6776          -1.24       -1.23467          -0.61
6777          -1.17       -1.23466         -0.575
6778          -1.24       -1.23466         -0.575
6779          -1.17       -1.23465         -0.485
6780          -1.02       -1.23462         -0.515
6781           -1.1        -1.2346         -0.545
6782          -1.09       -1.23458          -0.57
6783          -1.15       -1.23456         -0.475
6784          -1.11       -1.23455          -0.52
6785          -1.22       -1.23454         -0.525
6786           -1.2       -1.23454          -0.55
6787          -1.47       -1.23457         -0.695
6788           -1.3       -1.23458          -0.63
6789          -1.43       -1.23461          -0.68
6790          -1.31       -1.23462         -0.675
6791          -1.34       -1.23464          -0.65
6792          -1.23       -1.23464          -0.56
6793           -1.2       -1.23463          -0.55
6794          -1.24       -1.23463          -0.55
6795          -1.27       -1.23464          -0.56
6796          -1.32       -1.23465         -0.525
6797          -1.16       -1.23464         -0.485
6798          -1.22       -1.23464         -0.525
6799          -1.06       -1.23461          -0.49
6800          -1.07       -1.23459          -0.54
6801          -1.18       -1.23458          -0.56
6802          -1.15       -1.23457          -0.58
6803          -1.15       -1.23455         -0.575
6804          -1.05       -1.23453          -0.47
6805          -1.15       -1.23452         -0.495
6806          -1.24       -1.23452         -0.555
6807          -1.14        -1.2345         -0.495
6808          -1.18       -1.23449          -0.48
6809          -1.19       -1.23449           -0.5
6810          -1.39       -1.23451         -0.525
6811          -1.35       -1.23453         -0.455
6812          -1.34       -1.23454           -0.5
6813           -1.4       -1.23457           -0.5
6814          -1.29       -1.23458          -0.52
6815          -1.37        -1.2346          -0.54
6816          -1.45       -1.23463         -0.625
6817          -1.38       -1.23465         -0.545
6818          -1.26       -1.23465         -0.585
6819          -1.33       -1.23467          -0.59
6820          -1.33       -1.23468         -0.615
6821          -1.37        -1.2347          -0.61
6822          -1.35       -1.23472          -0.67
6823           -1.5       -1.23476          -0.73
6824          -1.54        -1.2348          -0.79
6825          -1.39       -1.23482          -0.71
6826          -1.33       -1.23484          -0.71
6827           -1.4       -1.23486          -0.75
6828          -1.45       -1.23489          -0.76
6829           -1.5       -1.23493         -0.805
6830          -1.45       -1.23496          -0.74
6831          -1.49         -1.235         -0.775
6832          -1.32       -1.23501          -0.71
6833           -1.3       -1.23502         -0.695
6834          -1.25       -1.23502          -0.65
6835          -1.24       -1.23502         -0.665
6836          -1.14       -1.23501          -0.63
6837          -1.13         -1.235         -0.575
6838           -1.2       -1.23499         -0.585
6839           -1.3         -1.235          -0.61
6840          -1.22         -1.235          -0.57
6841          -1.28         -1.235         -0.595
6842          -1.32       -1.23502         -0.585
6843          -1.41       -1.23504          -0.65
6844          -1.44       -1.23507         -0.605
6845          -1.41        -1.2351           -0.6
6846           -1.5       -1.23514          -0.67
6847           -1.5       -1.23518         -0.675
6848          -1.31       -1.23519           -0.6
6849          -1.42       -1.23521          -0.67
6850          -1.34       -1.23523         -0.665
6851          -1.34       -1.23524          -0.64
6852          -1.38       -1.23526         -0.615
6853          -1.28       -1.23527          -0.63
6854          -1.34       -1.23529          -0.69
6855          -1.52       -1.23533         -0.785
6856          -1.43       -1.23536          -0.76
6857          -1.41       -1.23538          -0.73
6858          -1.35        -1.2354         -0.745
6859          -1.29       -1.23541          -0.72
6860           -1.3       -1.23542         -0.735
6861          -1.27       -1.23542          -0.72
6862          -1.28       -1.23543          -0.69
6863          -1.26       -1.23543          -0.63
6864          -1.12       -1.23541         -0.565
6865          -1.19       -1.23541         -0.575
6866          -1.18        -1.2354         -0.525
6867          -1.16       -1.23539         -0.555
6868          -0.96       -1.23535         -0.415
6869          -1.05       -1.23532          -0.49
6870          -0.96       -1.23528         -0.395
6871             -1       -1.23525         -0.385
6872          -1.05       -1.23522          -0.42
6873          -1.04       -1.23519          -0.44
6874          -1.01       -1.23516         -0.405
6875          -1.08       -1.23514          -0.39
6876          -0.99        -1.2351         -0.305
6877          -1.16       -1.23509         -0.345
6878          -1.12       -1.23507          -0.37
6879          -1.12       -1.23506          -0.32
6880          -1.18       -1.23505         -0.325
6881          -1.19       -1.23504         -0.415
6882          -1.08       -1.23502          -0.39
6883          -1.08         -1.235         -0.355
6884          -1.16       -1.23499         -0.365
6885          -1.22       -1.23498         -0.415
6886          -1.22       -1.23498          -0.43
6887          -1.29       -1.23499         -0.385
6888           -1.2       -1.23498         -0.375
6889          -1.24       -1.23499         -0.305
6890          -1.31         -1.235         -0.345
6891          -1.22       -1.23499         -0.405
6892          -1.31       -1.23501          -0.39
6893          -1.24       -1.23501         -0.405
6894          -1.14       -1.23499           -0.3
6895          -1.22       -1.23499         -0.305
6896           -1.1       -1.23497          -0.32
6897          -1.29       -1.23498          -0.47
6898          -1.26       -1.23498          -0.49
6899          -1.34         -1.235          -0.43
6900          -1.28         -1.235          -0.43
6901          -1.15       -1.23499          -0.38
6902          -1.13       -1.23498          -0.32
6903          -1.23       -1.23498          -0.25
6904          -1.28       -1.23498          -0.24
6905          -1.18       -1.23497          -0.26
6906          -1.26       -1.23498         -0.275
6907          -1.13       -1.23496         -0.265
6908          -1.22       -1.23496          -0.21
6909          -1.21       -1.23496         -0.245
6910          -1.11       -1.23494         -0.175
6911          -0.89       -1.23489         -0.125
6912          -1.06       -1.23486          -0.16
6913          -1.08       -1.23484          -0.16
6914          -1.17       -1.23483         -0.215
6915          -1.13       -1.23482          -0.18
6916          -1.17       -1.23481         -0.155
6917          -1.31       -1.23482         -0.185
6918          -1.29       -1.23483          -0.17
6919          -1.11       -1.23481          -0.21
6920             -1       -1.23477          -0.15
6921          -0.99       -1.23474         -0.125
6922          -1.11       -1.23472         -0.145
6923             -1       -1.23469         -0.175
6924          -1.08       -1.23466         -0.085
6925          -0.92       -1.23462         -0.075
6926          -1.09        -1.2346          -0.09
6927          -1.14       -1.23458         -0.085
6928          -1.09       -1.23456         -0.035
6929          -1.04       -1.23454         -0.035
6930          -1.13       -1.23452          -0.02
6931          -1.09        -1.2345         -0.025
6932          -1.01       -1.23447          -0.03
6933           -0.9       -1.23442         -0.105
6934          -0.99       -1.23438           -0.2
6935          -1.04       -1.23436          -0.21
6936          -1.01       -1.23432           -0.2
6937          -1.07        -1.2343          -0.28
6938          -1.13       -1.23428         -0.225
6939          -1.05       -1.23426         -0.195
6940          -1.06       -1.23423         -0.205
6941           -1.1       -1.23421         -0.255
6942          -1.03       -1.23418           -0.3
6943           -1.1       -1.23416         -0.305
6944          -1.21       -1.23416         -0.305
6945          -1.13       -1.23415         -0.375
6946          -1.05       -1.23412         -0.365
6947           -1.1        -1.2341         -0.415
6948          -1.06       -1.23408          -0.38
6949          -1.15       -1.23406          -0.44
6950          -1.24       -1.23406          -0.49
6951          -1.35       -1.23408          -0.53
6952          -1.25       -1.23408         -0.465
6953          -1.12       -1.23407           -0.4
6954           -1.1       -1.23405          -0.39
6955           -1.1       -1.23403          -0.44
6956           -1.1       -1.23401          -0.44
6957          -1.05       -1.23398          -0.46
6958          -1.11       -1.23396           -0.4
6959          -1.17       -1.23396           -0.4
6960          -1.05       -1.23393          -0.31
6961          -1.13       -1.23391         -0.385
6962          -1.05       -1.23389          -0.38
6963           -1.1       -1.23387         -0.295
6964          -1.17       -1.23386          -0.39
6965          -1.27       -1.23386         -0.355
6966          -1.17       -1.23386          -0.31
6967          -1.14       -1.23384          -0.33
6968          -1.17       -1.23383          -0.33
6969          -1.17       -1.23382          -0.29
6970          -1.06        -1.2338         -0.295
6971          -1.03       -1.23377         -0.265
6972          -0.86       -1.23372         -0.285
6973           -0.9       -1.23367          -0.28
6974          -1.03       -1.23364         -0.345
6975          -1.02       -1.23361         -0.295
6976          -1.14       -1.23359          -0.24
6977          -0.97       -1.23356          -0.23
6978          -1.08       -1.23353          -0.16
6979          -1.25       -1.23354           -0.3
6980          -1.32       -1.23355         -0.345
6981          -1.19       -1.23354         -0.195
6982          -1.26       -1.23355          -0.29
6983          -1.28       -1.23355         -0.325
6984          -1.22       -1.23355         -0.265
6985           -1.2       -1.23355         -0.275
6986          -1.02       -1.23352          -0.29
6987          -1.07       -1.23349         -0.295
6988          -1.05       -1.23347          -0.25
6989           -1.1       -1.23345          -0.35
6990          -1.04       -1.23342          -0.39
6991          -1.05       -1.23339          -0.31
6992          -1.01       -1.23336         -0.355
6993          -1.02       -1.23333         -0.425
6994           -1.1       -1.23331         -0.455
6995          -1.23       -1.23331          -0.52
6996          -1.22       -1.23331          -0.44
6997          -1.28       -1.23332          -0.53
6998          -1.32       -1.23333         -0.645
6999          -1.25       -1.23333         -0.625
7000          -1.21       -1.23333         -0.585
7001          -1.21       -1.23332          -0.63
7002          -1.26       -1.23333         -0.665
7003          -1.16       -1.23332         -0.645
7004          -1.16       -1.23331         -0.605
7005           -1.2        -1.2333         -0.545
7006          -1.22        -1.2333         -0.525
7007          -1.18       -1.23329         -0.535
7008          -1.29        -1.2333          -0.59
7009          -1.24        -1.2333          -0.56
7010          -1.33       -1.23332          -0.57
7011          -1.22       -1.23331          -0.52
7012          -1.11        -1.2333          -0.47
7013          -1.15       -1.23328          -0.46
7014           -1.2       -1.23328          -0.58
7015          -1.31       -1.23329          -0.56
7016          -1.22       -1.23329         -0.495
7017          -1.26       -1.23329          -0.53
7018          -1.42       -1.23332         -0.625
7019          -1.26       -1.23332           -0.6
7020          -1.32       -1.23334         -0.635
7021          -1.09       -1.23332         -0.495
7022           -1.2       -1.23331          -0.56
7023          -1.12       -1.23329           -0.5
7024          -1.28        -1.2333          -0.55
7025          -1.23        -1.2333           -0.6
7026          -1.29       -1.23331          -0.64
7027          -1.27       -1.23331         -0.585
7028          -1.25       -1.23332          -0.53
7029          -1.29       -1.23332         -0.515
7030          -1.29       -1.23333         -0.455
7031          -1.21       -1.23333         -0.435
7032          -1.18       -1.23332          -0.43
7033          -1.19       -1.23332         -0.395
7034          -1.21       -1.23331         -0.455
7035          -1.17        -1.2333         -0.465
7036          -1.23        -1.2333         -0.505
7037          -1.05       -1.23328          -0.51
7038          -1.06       -1.23325         -0.575
7039          -1.14       -1.23324         -0.525
7040          -1.22       -1.23324          -0.61
7041          -1.11       -1.23322           -0.6
7042          -1.21       -1.23322          -0.58
7043          -1.18       -1.23321         -0.545
7044          -1.14        -1.2332         -0.525
7045          -1.14       -1.23318          -0.46
7046           -1.1       -1.23316         -0.505
7047          -1.12       -1.23315           -0.5
7048          -1.28       -1.23315          -0.57
7049          -1.33       -1.23317         -0.605
7050           -1.3       -1.23318          -0.62
7051          -1.43        -1.2332         -0.645
7052          -1.29       -1.23321          -0.67
7053          -1.35       -1.23323          -0.74
7054          -1.44       -1.23326         -0.785
7055          -1.37       -1.23328          -0.71
7056          -1.37        -1.2333          -0.74
7057          -1.31       -1.23331          -0.71
7058          -1.38       -1.23333         -0.715
7059          -1.37       -1.23335          -0.74
7060          -1.45       -1.23338         -0.775
7061          -1.56       -1.23343          -0.79
7062          -1.57       -1.23347          -0.79
7063          -1.48       -1.23351          -0.79
7064          -1.41       -1.23353         -0.765
7065          -1.33       -1.23355         -0.715
7066          -1.27       -1.23355          -0.65
7067          -1.24       -1.23355         -0.655
7068          -1.21       -1.23355          -0.61
7069          -1.39       -1.23357         -0.605
7070          -1.33       -1.23359         -0.585
7071           -1.3       -1.23359          -0.57
7072          -1.29        -1.2336          -0.56
7073          -1.16       -1.23359         -0.455
7074          -1.12       -1.23358          -0.46
7075          -1.19       -1.23357          -0.37
7076          -1.16       -1.23356         -0.305
7077          -1.12       -1.23354           -0.3
7078          -1.21       -1.23354         -0.305
7079          -1.16       -1.23353          -0.27
7080          -1.14       -1.23352         -0.255
7081          -1.03       -1.23349          -0.25
7082          -1.06       -1.23346          -0.22
7083          -1.12       -1.23345           -0.3
7084          -1.23       -1.23345          -0.36
7085          -1.25       -1.23345         -0.405
7086          -1.24       -1.23345          -0.44
7087          -1.18       -1.23344         -0.495
7088          -1.06       -1.23342           -0.4
7089          -1.09        -1.2334         -0.365
7090          -1.08       -1.23338          -0.44
7091          -1.21       -1.23337         -0.475
7092          -1.19       -1.23337          -0.52
7093          -1.19       -1.23336          -0.51
7094          -1.16       -1.23335          -0.36
7095          -1.15       -1.23334         -0.365
7096          -1.12       -1.23332          -0.43
7097          -1.27       -1.23333         -0.515
7098          -1.22       -1.23333         -0.565
7099          -1.23       -1.23333         -0.575
7100          -1.12       -1.23331         -0.555
7101          -1.18        -1.2333          -0.62
7102          -1.24        -1.2333         -0.565
7103          -1.11       -1.23329          -0.44
7104          -1.12       -1.23327          -0.39
7105          -1.17       -1.23326         -0.395
7106           -1.3       -1.23327          -0.34
7107          -1.31       -1.23328         -0.355
7108          -1.33       -1.23329         -0.405
7109          -1.38       -1.23332         -0.455
7110          -1.34       -1.23333         -0.445
7111          -1.28       -1.23334         -0.465
7112          -1.36       -1.23335          -0.53
7113          -1.26       -1.23336         -0.545
7114          -1.31       -1.23337         -0.555
7115          -1.44        -1.2334           -0.6
7116          -1.38       -1.23342          -0.55
7117          -1.34       -1.23343          -0.51
7118          -1.23       -1.23343          -0.46
7119          -1.24       -1.23343          -0.48
7120          -1.15       -1.23342         -0.495
7121          -1.15       -1.23341         -0.445
7122          -1.29       -1.23342          -0.52
7123          -1.17       -1.23341          -0.52
7124          -1.07       -1.23339           -0.5
7125          -1.24       -1.23339          -0.49
7126          -1.11       -1.23337         -0.405
7127          -1.09       -1.23335         -0.295
7128          -1.16       -1.23334          -0.31
7129          -1.04       -1.23331          -0.27
7130          -1.04       -1.23329          -0.25
7131          -0.99       -1.23325          -0.28
7132          -1.06       -1.23323         -0.305
7133          -1.12       -1.23321         -0.285
7134          -1.04       -1.23318         -0.305
7135          -1.17       -1.23318         -0.385
7136          -1.16       -1.23317           -0.4
7137          -1.09       -1.23315         -0.365
7138          -1.16       -1.23313         -0.435
7139          -1.25       -1.23314         -0.495
7140          -1.26       -1.23314          -0.55
7141          -1.18       -1.23313         -0.595
7142          -1.24       -1.23313         -0.655
7143          -1.36       -1.23315          -0.73
7144          -1.38       -1.23317           -0.7
7145          -1.42        -1.2332          -0.76
7146          -1.18       -1.23319          -0.62
7147           -1.2       -1.23319         -0.585
7148          -1.13       -1.23317         -0.575
7149          -1.06       -1.23315          -0.53
7150          -1.07       -1.23313         -0.475
7151          -1.15       -1.23311         -0.465
7152          -1.15        -1.2331          -0.43
7153          -0.98       -1.23307         -0.425
7154          -1.07       -1.23304          -0.36
7155          -1.16       -1.23303           -0.3
7156          -1.18       -1.23303          -0.35
7157           -1.2       -1.23302          -0.41
7158          -1.14       -1.23301         -0.435
7159          -1.08       -1.23299         -0.415
7160          -1.15       -1.23298         -0.405
7161          -1.02       -1.23295         -0.465
7162          -1.23       -1.23295         -0.505
7163           -1.2       -1.23294          -0.47
7164          -1.23       -1.23294         -0.475
7165          -1.36       -1.23296         -0.475
7166          -1.33       -1.23297         -0.475
7167          -1.31       -1.23298          -0.48
7168           -1.3       -1.23299          -0.42
7169           -1.2       -1.23299         -0.405
7170          -1.22       -1.23299          -0.37
7171          -1.19       -1.23298          -0.33
7172          -1.15       -1.23297          -0.32
7173          -1.28       -1.23297         -0.265
7174          -1.22       -1.23297         -0.225
7175          -1.21       -1.23297          -0.21
7176           -1.3       -1.23298         -0.225
7177          -1.23       -1.23298          -0.27
7178          -1.14       -1.23297          -0.24
7179          -1.14       -1.23295         -0.215
7180          -1.03       -1.23292         -0.245
7181          -1.07        -1.2329          -0.25
7182          -1.11       -1.23288          -0.23
7183          -1.15       -1.23287         -0.205
7184          -1.13       -1.23286         -0.175
7185          -0.92       -1.23282         -0.085
7186          -1.05       -1.23279         -0.115
7187          -1.03       -1.23276         -0.165
7188          -1.11       -1.23274          -0.11
7189          -0.97       -1.23271         -0.165
7190           -1.2        -1.2327         -0.175
7191          -1.17       -1.23269         -0.125
7192           -1.2       -1.23269          -0.11
7193          -1.16       -1.23268         -0.165
7194           -1.2       -1.23268         -0.125
7195          -1.15       -1.23266          -0.08
7196          -1.13       -1.23265         -0.035
7197          -1.24       -1.23265          -0.18
7198          -1.29       -1.23266           -0.2
7199          -1.19       -1.23265         -0.145
7200          -1.12       -1.23264         -0.135
7201           -1.1       -1.23262          -0.14
7202          -1.18       -1.23261         -0.015
7203           -1.1       -1.23259              0
7204          -1.14       -1.23258         -0.025
7205          -1.07       -1.23256         -0.045
7206          -1.09       -1.23254          -0.13
7207          -1.12       -1.23252          -0.15
7208           -1.2       -1.23252          -0.18
7209          -1.18       -1.23251          -0.27
7210          -1.01       -1.23248          -0.33
7211          -1.13       -1.23247          -0.42
7212          -1.06       -1.23244          -0.42
7213          -0.98       -1.23241          -0.42
7214          -1.06       -1.23238          -0.52
7215          -1.19       -1.23238           -0.5
7216          -1.19       -1.23237         -0.545
7217          -1.21       -1.23237          -0.56
7218          -1.01       -1.23234          -0.52
7219          -1.19       -1.23233         -0.615
7220          -1.17       -1.23232          -0.65
7221          -1.29       -1.23233         -0.705
7222          -1.38       -1.23235          -0.71
7223          -1.32       -1.23236          -0.73
7224          -1.23       -1.23236         -0.685
7225          -1.29       -1.23237         -0.695
7226          -1.39       -1.23239         -0.755
7227           -1.4       -1.23242          -0.77
7228          -1.54       -1.23246           -0.8
7229          -1.46       -1.23249          -0.79
7230          -1.51       -1.23253          -0.79
7231          -1.54       -1.23257          -0.79
7232          -1.49       -1.23261         -0.755
7233          -1.45       -1.23264         -0.795
7234          -1.46       -1.23267         -0.795
7235          -1.48        -1.2327         -0.835
7236          -1.45       -1.23273         -0.805
7237          -1.43       -1.23276           -0.8
7238          -1.44       -1.23279         -0.795
7239          -1.41       -1.23281          -0.77
7240          -1.31       -1.23282          -0.74
7241          -1.28       -1.23283          -0.71
7242          -1.29       -1.23284          -0.73
7243          -1.17       -1.23283          -0.61
7244          -1.12       -1.23281          -0.58
7245          -1.28       -1.23282          -0.68
7246          -1.43       -1.23285         -0.765
7247          -1.41       -1.23287         -0.805
7248          -1.43        -1.2329         -0.805
7249          -1.45       -1.23293         -0.815
7250          -1.66       -1.23299         -0.885
7251          -1.59       -1.23304         -0.865
7252          -1.57       -1.23308         -0.855
7253          -1.59       -1.23313          -0.82
7254          -1.61       -1.23318          -0.86
7255          -1.65       -1.23324         -0.865
7256          -1.63        -1.2333         -0.855
7257          -1.53       -1.23334          -0.81
7258          -1.37       -1.23336           -0.7
7259          -1.23       -1.23336         -0.625
7260          -1.32       -1.23337         -0.665
7261          -1.34       -1.23338          -0.69
7262          -1.34        -1.2334          -0.63
7263          -1.45       -1.23343          -0.72
7264          -1.53       -1.23347          -0.77
7265          -1.58       -1.23352         -0.775
7266          -1.63       -1.23357          -0.82
7267          -1.58       -1.23362          -0.84
7268          -1.58       -1.23366          -0.83
7269          -1.58       -1.23371         -0.785
7270          -1.49       -1.23375          -0.76
7271          -1.48       -1.23378         -0.765
7272          -1.42       -1.23381          -0.76
7273          -1.42       -1.23383          -0.81
7274          -1.37       -1.23385          -0.78
7275          -1.43       -1.23388          -0.78
7276          -1.29       -1.23389         -0.705
7277          -1.22       -1.23388          -0.69
7278          -1.49       -1.23392         -0.795
7279          -1.55       -1.23396           -0.8
7280          -1.49         -1.234          -0.74
7281          -1.48       -1.23403          -0.77
7282          -1.49       -1.23407          -0.79
7283          -1.49        -1.2341         -0.775
7284          -1.46       -1.23413         -0.795
7285          -1.31       -1.23414         -0.745
7286          -1.54       -1.23419         -0.815
7287          -1.53       -1.23423          -0.85
7288          -1.59       -1.23427         -0.835
7289          -1.47       -1.23431         -0.775
7290           -1.5       -1.23434         -0.775
7291          -1.45       -1.23437         -0.795
7292          -1.42        -1.2344         -0.785
7293          -1.54       -1.23444          -0.83
7294          -1.54       -1.23448         -0.825
7295          -1.41       -1.23451          -0.73
7296          -1.34       -1.23452          -0.69
7297          -1.27       -1.23453         -0.685
7298          -1.38       -1.23455         -0.725
7299          -1.39       -1.23457          -0.74
7300          -1.33       -1.23458         -0.735
7301          -1.46       -1.23461         -0.795
7302          -1.33       -1.23462         -0.745
7303          -1.42       -1.23465         -0.745
7304          -1.45       -1.23468         -0.795
7305          -1.41        -1.2347         -0.765
7306           -1.5       -1.23474           -0.8
7307          -1.39       -1.23476         -0.755
7308          -1.39       -1.23478         -0.755
7309          -1.41       -1.23481          -0.78
7310          -1.41       -1.23483          -0.78
7311          -1.29       -1.23484         -0.755
7312          -1.38       -1.23486          -0.75
7313           -1.3       -1.23487         -0.665
7314          -1.32       -1.23488          -0.72
7315          -1.41        -1.2349          -0.74
7316          -1.42       -1.23493          -0.76
7317          -1.42       -1.23495         -0.785
7318          -1.42       -1.23498         -0.765
7319          -1.39         -1.235         -0.775
7320          -1.35       -1.23501         -0.715
7321          -1.29       -1.23502         -0.705
7322          -1.33       -1.23503          -0.69
7323          -1.42       -1.23506         -0.725
7324          -1.33       -1.23507          -0.73
7325          -1.47       -1.23511         -0.775
7326          -1.42       -1.23513          -0.75
7327          -1.32       -1.23514          -0.74
7328          -1.33       -1.23515          -0.75
7329          -1.36       -1.23517          -0.76
7330          -1.41        -1.2352         -0.765
7331          -1.43       -1.23522         -0.725
7332          -1.51       -1.23526         -0.765
7333          -1.44       -1.23529         -0.765
7334          -1.43       -1.23531         -0.755
7335          -1.37       -1.23533          -0.68
7336          -1.42       -1.23536         -0.675
7337          -1.38       -1.23538          -0.63
7338          -1.38        -1.2354         -0.645
7339          -1.42       -1.23542          -0.61
7340           -1.4       -1.23544          -0.59
7341          -1.25       -1.23545          -0.56
7342          -1.32       -1.23546         -0.635
7343          -1.27       -1.23546         -0.675
7344          -1.28       -1.23547          -0.66
7345           -1.3       -1.23548         -0.645
7346          -1.25       -1.23548          -0.64
7347          -1.35        -1.2355         -0.705
7348           -1.3        -1.2355           -0.7
7349          -1.39       -1.23553          -0.74
7350          -1.43       -1.23555         -0.775
7351          -1.41       -1.23558          -0.73
7352          -1.43        -1.2356         -0.745
7353          -1.32       -1.23561         -0.735
7354          -1.46       -1.23564          -0.78
7355          -1.33       -1.23566         -0.685
7356          -1.53        -1.2357         -0.745
7357          -1.32       -1.23571         -0.635
7358          -1.29       -1.23572         -0.665
7359           -1.2       -1.23571          -0.62
7360          -1.33       -1.23572          -0.67
7361          -1.26       -1.23573         -0.675
7362          -1.38       -1.23575          -0.72
7363          -1.38       -1.23577          -0.76
7364          -1.51        -1.2358          -0.82
7365          -1.41       -1.23583          -0.78
7366          -1.41       -1.23585          -0.77
7367          -1.54       -1.23589          -0.82
7368          -1.47       -1.23592         -0.805
7369          -1.43       -1.23595          -0.79
7370          -1.46       -1.23598          -0.81
7371          -1.41         -1.236         -0.795
7372          -1.43       -1.23603          -0.79
7373          -1.37       -1.23605         -0.755
7374          -1.31       -1.23606          -0.74
7375          -1.35       -1.23607         -0.705
7376          -1.36       -1.23609         -0.695
7377          -1.36       -1.23611          -0.73
7378          -1.31       -1.23612         -0.745
7379          -1.42       -1.23614          -0.75
7380          -1.31       -1.23615          -0.73
7381          -1.32       -1.23616          -0.74
7382          -1.42       -1.23619          -0.72
7383          -1.46       -1.23622          -0.74
7384          -1.45       -1.23625         -0.775
7385          -1.56       -1.23629           -0.8
7386           -1.5       -1.23633         -0.795
7387          -1.46       -1.23636           -0.8
7388          -1.46       -1.23639          -0.82
7389          -1.51       -1.23642         -0.835
7390          -1.53       -1.23646         -0.855
7391          -1.45       -1.23649          -0.78
7392          -1.42       -1.23652         -0.765
7393          -1.47       -1.23655          -0.78
7394          -1.35       -1.23657         -0.755
7395          -1.28       -1.23657         -0.715
7396          -1.29       -1.23658          -0.68
7397          -1.36        -1.2366         -0.745
7398          -1.54       -1.23664          -0.83
7399          -1.48       -1.23667         -0.735
7400          -1.55       -1.23671         -0.785
7401          -1.58       -1.23676         -0.795
7402          -1.53        -1.2368         -0.825
7403          -1.53       -1.23684          -0.79
7404          -1.43       -1.23686         -0.765
7405          -1.31       -1.23687         -0.695
7406          -1.44        -1.2369          -0.73
7407          -1.42       -1.23692         -0.735
7408          -1.48       -1.23696          -0.81
7409          -1.45       -1.23699         -0.775
7410          -1.29       -1.23699          -0.65
7411           -1.4       -1.23702          -0.69
7412          -1.42       -1.23704         -0.745
7413          -1.44       -1.23707         -0.715
7414          -1.44        -1.2371           -0.7
7415          -1.38       -1.23711         -0.695
7416           -1.5       -1.23715          -0.74
7417           -1.4       -1.23717          -0.74
7418          -1.29       -1.23718         -0.695
7419          -1.37        -1.2372         -0.635
7420           -1.3       -1.23721          -0.61
7421          -1.13       -1.23719          -0.61
7422           -1.3        -1.2372          -0.61
7423           -1.3       -1.23721         -0.655
7424          -1.43       -1.23723         -0.635
7425           -1.3       -1.23724           -0.6
7426          -1.48       -1.23727         -0.665
7427          -1.37       -1.23729          -0.64
7428          -1.31        -1.2373         -0.615
7429          -1.31       -1.23731          -0.56
7430          -1.29       -1.23732          -0.55
7431          -1.23       -1.23732         -0.535
7432          -1.28       -1.23732          -0.54
7433          -1.37       -1.23734         -0.585
7434          -1.21       -1.23734         -0.445
7435          -1.33       -1.23735         -0.505
7436          -1.16       -1.23734          -0.48
7437          -1.13       -1.23733          -0.42
7438           -1.2       -1.23732          -0.39
7439          -1.23       -1.23732         -0.475
7440          -1.25       -1.23732          -0.51
7441          -1.21       -1.23732         -0.475
7442          -1.11        -1.2373          -0.51
7443          -1.23        -1.2373          -0.57
7444          -1.22        -1.2373          -0.54
7445          -1.08       -1.23728         -0.385
7446          -1.04       -1.23725          -0.41
7447          -1.18       -1.23724         -0.505
7448          -1.37       -1.23726         -0.595
7449          -1.31       -1.23727         -0.505
7450          -1.22       -1.23727          -0.45
7451          -1.28       -1.23727         -0.475
7452          -1.18       -1.23727          -0.39
7453          -1.09       -1.23725         -0.365
7454          -1.14       -1.23723          -0.29
7455          -1.05       -1.23721         -0.315
7456          -1.05       -1.23718         -0.345
7457           -1.1       -1.23716         -0.405
7458          -1.19       -1.23716          -0.41
7459          -1.15       -1.23715         -0.395
7460          -1.11       -1.23713          -0.26
7461          -1.15       -1.23712         -0.275
7462          -1.09        -1.2371         -0.225
7463          -1.11       -1.23708         -0.255
7464          -1.05       -1.23706          -0.22
7465          -1.13       -1.23704         -0.295
7466          -1.17       -1.23703         -0.195
7467          -1.37       -1.23705         -0.105
7468          -1.22       -1.23705         -0.035
7469          -1.23       -1.23705          0.075
7470          -1.05       -1.23702           0.14
7471           -1.1         -1.237          0.155
7472          -0.99       -1.23697          0.155
7473          -1.11       -1.23695           0.14
7474          -1.02       -1.23692          0.135
7475          -1.05        -1.2369            0.1
7476          -1.04       -1.23687           0.08
7477          -1.11       -1.23686          0.025
7478          -1.12       -1.23684          0.075
7479          -1.04       -1.23681          0.145
7480          -1.14        -1.2368          0.095
7481          -1.17       -1.23679           0.09
7482          -1.31        -1.2368          0.195
7483          -1.19        -1.2368          0.245
7484          -1.13       -1.23678          0.255
7485          -1.16       -1.23677          0.325
7486          -1.12       -1.23676          0.345
7487          -1.18       -1.23675          0.225
7488          -1.23       -1.23675          0.265
7489          -1.26       -1.23675          0.295
7490          -1.27       -1.23675           0.33
7491          -1.34       -1.23677          0.235
7492          -1.22       -1.23677           0.22
7493          -1.25       -1.23677          0.155
7494          -1.21       -1.23676           0.07
7495           -1.3       -1.23677           0.09
7496          -1.21       -1.23677           0.15
7497          -1.18       -1.23676           0.22
7498          -1.32       -1.23677           0.23
7499          -1.26       -1.23678          0.245
7500          -1.29       -1.23678           0.21
7501          -1.15       -1.23677           0.17
7502          -1.17       -1.23676          0.135
7503          -1.24       -1.23676           0.12
7504          -1.16       -1.23675           0.15
7505          -1.32       -1.23676          0.135
7506          -1.22       -1.23676          0.125
7507          -1.12       -1.23675           0.15
7508          -1.11       -1.23673           0.16
7509          -1.08       -1.23671           0.28
7510           -1.1       -1.23669          0.295
7511          -1.14       -1.23668          0.225
7512          -1.08       -1.23666           0.23
7513          -1.05       -1.23663          0.285
7514          -1.08       -1.23661          0.395
7515           -1.1       -1.23659          0.485
7516          -1.01       -1.23656          0.375
7517          -1.13       -1.23655           0.41
7518          -1.17       -1.23654            0.4
7519          -1.13       -1.23653          0.405
7520          -1.12       -1.23651          0.385
7521           -1.1       -1.23649          0.365
7522          -1.22       -1.23649          0.315
7523          -1.14       -1.23648            0.4
7524          -1.23       -1.23648          0.425
7525          -1.22       -1.23647           0.46
7526          -1.25       -1.23648          0.525
7527          -1.11       -1.23646           0.43
7528          -1.24       -1.23646           0.48
7529          -1.37       -1.23648          0.515
7530          -1.19       -1.23647           0.48
7531           -1.2       -1.23647          0.485
7532          -1.28       -1.23647            0.5
7533          -1.17       -1.23646          0.435
7534          -1.31       -1.23647           0.47
7535          -1.25       -1.23647          0.355
7536          -1.17       -1.23647           0.35
7537          -1.19       -1.23646          0.335
7538          -1.18       -1.23645           0.36
7539          -1.29       -1.23646           0.37
7540          -1.25       -1.23646          0.335
7541          -1.26       -1.23646           0.29
7542          -1.32       -1.23647           0.37
7543          -1.28       -1.23648          0.335
7544          -1.22       -1.23648          0.305
7545           -1.1       -1.23646           0.33
7546          -1.18       -1.23645          0.265
7547          -1.27       -1.23646          0.385
7548          -1.26       -1.23646           0.41
7549          -1.19       -1.23645          0.325
7550          -1.25       -1.23646           0.37
7551          -1.21       -1.23645          0.265
7552          -1.29       -1.23646           0.39
7553          -1.26       -1.23646          0.445
7554          -1.01       -1.23643          0.315
7555          -1.16       -1.23642          0.395
7556          -1.15       -1.23641          0.405
7557          -1.21       -1.23641           0.38
7558          -1.35       -1.23642           0.51
7559          -1.26       -1.23643          0.475
7560          -1.18       -1.23642          0.445
7561          -1.18       -1.23641          0.405
7562          -1.26       -1.23641          0.435
7563          -1.22       -1.23641          0.425
7564          -1.15        -1.2364          0.325
7565          -1.11       -1.23638            0.3
7566          -1.17       -1.23638           0.17
7567          -1.16       -1.23636           0.25
7568          -1.14       -1.23635           0.32
7569          -1.06       -1.23633           0.29
7570          -1.08       -1.23631          0.295
7571          -1.11       -1.23629            0.4
7572          -1.13       -1.23628          0.385
7573          -1.12       -1.23626           0.41
7574          -1.12       -1.23625           0.52
7575          -1.21       -1.23624            0.6
7576          -1.23       -1.23624          0.575
7577          -1.19       -1.23624           0.63
7578          -1.15       -1.23623          0.605
7579           -1.2       -1.23622           0.62
7580          -1.21       -1.23622           0.64
7581           -1.4       -1.23624          0.675
7582          -1.43       -1.23626           0.68
7583          -1.28       -1.23627           0.69
7584           -1.3       -1.23628          0.715
7585          -1.39        -1.2363          0.735
7586          -1.39       -1.23632          0.775
7587           -1.4       -1.23634           0.77
7588           -1.5       -1.23638           0.71
7589          -1.46        -1.2364           0.74
7590          -1.58       -1.23645          0.825
7591           -1.5       -1.23648            0.8
7592          -1.46       -1.23651          0.765
7593          -1.51       -1.23655          0.825
7594          -1.47       -1.23658          0.805
7595           -1.6       -1.23663          0.855
7596          -1.56       -1.23667           0.86
7597          -1.46        -1.2367            0.8
7598          -1.42       -1.23672          0.805
7599          -1.49       -1.23676           0.76
7600          -1.51       -1.23679          0.805
7601          -1.46       -1.23682           0.79
7602          -1.41       -1.23685           0.76
7603          -1.49       -1.23688           0.79
7604          -1.45       -1.23691           0.74
7605           -1.4       -1.23693          0.745
7606          -1.38       -1.23695          0.765
7607          -1.37       -1.23697           0.75
7608          -1.44       -1.23699          0.765
7609          -1.41       -1.23701          0.715
7610          -1.44       -1.23704           0.73
7611          -1.37       -1.23706          0.665
7612          -1.45       -1.23709           0.66
7613          -1.36        -1.2371          0.615
7614          -1.26       -1.23711          0.575
7615          -1.34       -1.23712          0.695
7616          -1.46       -1.23715          0.755
7617          -1.41       -1.23717          0.765
7618          -1.52       -1.23721          0.735
7619          -1.46       -1.23724           0.73
7620          -1.37       -1.23725           0.68
7621          -1.44       -1.23728          0.715
7622          -1.42       -1.23731          0.765
7623           -1.3       -1.23731           0.72
7624           -1.3       -1.23732           0.65
7625          -1.41       -1.23734           0.73
7626          -1.31       -1.23735           0.67
7627          -1.29       -1.23736           0.67
7628          -1.37       -1.23738          0.705
7629          -1.24       -1.23738           0.67
7630          -1.31       -1.23739          0.675
7631          -1.18       -1.23738          0.585
7632          -1.15       -1.23737           0.55
7633           -1.1       -1.23735          0.515
7634          -1.12       -1.23734           0.58
7635          -1.34       -1.23735           0.62
7636          -1.35       -1.23736            0.6
7637          -1.29       -1.23737           0.59
7638           -1.3       -1.23738            0.6
7639           -1.2       -1.23737          0.645
7640          -1.31       -1.23738          0.695
7641          -1.33        -1.2374           0.75
7642          -1.54       -1.23744          0.835
7643          -1.49       -1.23747          0.795
7644          -1.44        -1.2375            0.8
7645          -1.33       -1.23751          0.735
7646          -1.21        -1.2375           0.63
7647          -1.23        -1.2375           0.62
7648           -1.3       -1.23751          0.635
7649          -1.38       -1.23753           0.73
7650           -1.4       -1.23755          0.725
7651          -1.38       -1.23757          0.725
7652          -1.38       -1.23759           0.73
7653           -1.5       -1.23762          0.765
7654          -1.43       -1.23765           0.77
7655          -1.41       -1.23767           0.76
7656          -1.56       -1.23771          0.825
7657          -1.58       -1.23776          0.825
7658          -1.43       -1.23778          0.765
7659          -1.41        -1.2378            0.7
7660          -1.46       -1.23783          0.745
7661          -1.39       -1.23785          0.715
7662          -1.35       -1.23787          0.765
7663           -1.4       -1.23789           0.74
7664          -1.51       -1.23792           0.81
7665          -1.68       -1.23798          0.885
7666          -1.51       -1.23802           0.83
7667          -1.48       -1.23805          0.825
7668          -1.55       -1.23809           0.84
7669          -1.57       -1.23813           0.85
7670          -1.61       -1.23818           0.83
7671          -1.44       -1.23821          0.775
7672           -1.4       -1.23823          0.775
7673          -1.45       -1.23826          0.735
7674          -1.52       -1.23829          0.715
7675          -1.42       -1.23832          0.695
7676          -1.38       -1.23834           0.68
7677          -1.24       -1.23834           0.61
7678          -1.26       -1.23834          0.675
7679          -1.25       -1.23834           0.66
7680          -1.31       -1.23835          0.605
7681          -1.22       -1.23835           0.56
7682          -1.28       -1.23835           0.53
7683          -1.33       -1.23836           0.56
7684          -1.28       -1.23837          0.575
7685          -1.36       -1.23839          0.515
7686          -1.51       -1.23842          0.525
7687          -1.38       -1.23844           0.42
7688           -1.3       -1.23845          0.455
7689          -1.28       -1.23845          0.405
7690           -1.3       -1.23846           0.44
7691          -1.33       -1.23847          0.485
7692          -1.26       -1.23848           0.44
7693          -1.22       -1.23847            0.4
7694          -1.19       -1.23847           0.33
7695          -1.11       -1.23845          0.365
7696          -1.18       -1.23844          0.435
7697          -1.25       -1.23844           0.51
7698          -1.21       -1.23844          0.495
7699           -1.3       -1.23845           0.54
7700          -1.26       -1.23845           0.52
7701           -1.3       -1.23846          0.595
7702          -1.42       -1.23848          0.675
7703          -1.44       -1.23851          0.695
7704          -1.31       -1.23852           0.63
7705          -1.28       -1.23852           0.62
7706           -1.3       -1.23853           0.55
7707          -1.26       -1.23853           0.53
7708           -1.3       -1.23854          0.525
7709          -1.23       -1.23854          0.435
7710           -1.3       -1.23855           0.35
7711          -1.29       -1.23856          0.365
7712          -1.37       -1.23857          0.435
7713           -1.3       -1.23858          0.395
7714          -1.32       -1.23859          0.375
7715          -1.35       -1.23861          0.415
7716          -1.35       -1.23862          0.385
7717          -1.41       -1.23864          0.385
7718          -1.43       -1.23867           0.35
7719           -1.3       -1.23867            0.3
7720          -1.28       -1.23868          0.305
7721          -1.22       -1.23868           0.25
7722          -1.24       -1.23868           0.32
7723          -1.35       -1.23869          0.375
7724          -1.34       -1.23871           0.34
7725          -1.35       -1.23872          0.365
7726          -1.31       -1.23873          0.335
7727          -1.19       -1.23872          0.265
7728          -1.15       -1.23871          0.195
7729          -1.16        -1.2387          0.185
7730          -1.16       -1.23869          0.095
7731          -1.13       -1.23868           0.12
7732          -1.14       -1.23866          0.235
7733          -1.19       -1.23866           0.29
7734          -1.18       -1.23865          0.365
7735          -1.19       -1.23864          0.335
7736          -1.27       -1.23865          0.385
7737          -1.28       -1.23865           0.39
7738          -1.17       -1.23864           0.39
7739          -1.19       -1.23864           0.42
7740          -1.24       -1.23864          0.385
7741          -1.07       -1.23862          0.355
7742          -0.91       -1.23857          0.235
7743          -1.04       -1.23855           0.35
7744          -1.08       -1.23853          0.355
7745          -1.19       -1.23852           0.29
7746          -1.14       -1.23851           0.27
7747          -1.21       -1.23851          0.335
7748          -1.07       -1.23848          0.275
7749          -1.08       -1.23846          0.255
7750          -1.02       -1.23844           0.24
7751          -1.08       -1.23841           0.14
7752          -1.13        -1.2384           0.19
7753           -1.2        -1.2384           0.24
7754          -1.05       -1.23837           0.25
7755          -1.13       -1.23836           0.29
7756          -1.18       -1.23835          0.295
7757          -1.03       -1.23832          0.265
7758          -1.03        -1.2383           0.19
7759          -0.92       -1.23826           0.12
7760           -1.1       -1.23824           0.12
7761          -1.09       -1.23822           0.19
7762          -1.11        -1.2382          0.255
7763          -1.01       -1.23817           0.28
7764           -1.1       -1.23815          0.285
7765          -1.11       -1.23814          0.205
7766          -1.09       -1.23812          0.245
7767           -1.1        -1.2381          0.245
7768          -1.06       -1.23808           0.07
7769          -1.09       -1.23806           0.13
7770           -1.1       -1.23804           0.18
7771           -1.2       -1.23804           0.14
7772          -1.18       -1.23803           0.18
7773          -1.31       -1.23804           0.19
7774          -1.29       -1.23805           0.22
7775          -1.37       -1.23806          0.055
7776          -1.23       -1.23806           0.14
7777          -1.12       -1.23805          0.145
7778          -1.18       -1.23804          0.145
7779          -1.17       -1.23803          0.185
7780          -1.27       -1.23803           0.19
7781          -1.21       -1.23803           0.19
7782          -1.27       -1.23803           0.21
7783          -1.17       -1.23803           0.12
7784           -1.1       -1.23801           0.14
7785          -1.07       -1.23799           0.13
7786          -1.15       -1.23797          0.165
7787          -1.17       -1.23797          0.215
7788          -1.17       -1.23796          0.225
7789          -1.16       -1.23795            0.2
7790          -1.25       -1.23795           0.26
7791          -1.03       -1.23792           0.13
7792          -1.15       -1.23791          0.125
7793           -1.3       -1.23792           0.17
7794          -1.32       -1.23793          0.285
7795          -1.31       -1.23794           0.34
7796           -1.4       -1.23796          0.385
7797          -1.28       -1.23796            0.4
7798           -1.3       -1.23797          0.345
7799          -1.27       -1.23798          0.325
7800          -1.28       -1.23798          0.395
7801          -1.23       -1.23798           0.41
7802          -1.32       -1.23799           0.45
7803          -1.28         -1.238           0.42
7804          -1.33       -1.23801          0.405
7805          -1.17         -1.238           0.34
7806          -1.15       -1.23799          0.255
7807          -1.22       -1.23799          0.275
7808           -1.2       -1.23798          0.265
7809          -1.16       -1.23797          0.205
7810          -1.24       -1.23797           0.18
7811          -1.19       -1.23797           0.14
7812          -1.15       -1.23795           0.05
7813          -1.12       -1.23794          0.095
7814          -1.06       -1.23792           0.05
7815           -1.1        -1.2379          -0.01
7816          -1.18       -1.23789          -0.08
7817          -1.13       -1.23788          0.015
7818          -1.16       -1.23787              0
7819          -1.05       -1.23784              0
7820          -0.98       -1.23781           0.04
7821          -0.97       -1.23778          0.105
7822          -1.01       -1.23775           0.02
7823          -1.02       -1.23772           0.12
7824          -0.92       -1.23768            0.2
7825          -0.88       -1.23763          0.185
7826          -0.98        -1.2376           0.21
7827          -1.04       -1.23758           0.31
7828          -1.03       -1.23755           0.33
7829          -1.06       -1.23753           0.27
7830          -1.01        -1.2375          0.255
7831          -1.01       -1.23747           0.33
7832          -1.02       -1.23744          0.285
7833          -1.02       -1.23741            0.2
7834          -1.04       -1.23739          0.075
7835          -1.17       -1.23738          0.125
7836          -1.11       -1.23736          0.095
7837          -1.04       -1.23734            0.1
7838          -1.05       -1.23731          0.105
7839          -1.07       -1.23729           0.04
7840           -1.2       -1.23729           0.11
7841           -1.2       -1.23728           0.07
7842          -1.18       -1.23728           0.11
7843          -1.18       -1.23727          0.145
7844          -1.11       -1.23725           0.16
7845          -1.08       -1.23723          0.175
7846          -0.98        -1.2372          0.105
7847          -0.99       -1.23717           0.03
7848          -1.07       -1.23715          0.085
7849          -1.17       -1.23714          0.005
7850          -1.22       -1.23714          -0.05
7851          -1.12       -1.23712          -0.09
7852          -1.27       -1.23712         -0.015
7853          -1.28       -1.23713              0
7854          -1.18       -1.23712           0.01
7855          -1.13       -1.23711          -0.03
7856          -1.16        -1.2371          0.045
7857          -1.07       -1.23708           0.14
7858          -1.11       -1.23706           0.11
7859           -1.1       -1.23704           0.15
7860          -1.25       -1.23705            0.2
7861          -1.24       -1.23705          0.255
7862          -1.21       -1.23704           0.26
7863          -1.13       -1.23703          0.245
7864          -1.19       -1.23702           0.25
7865          -1.09         -1.237           0.26
7866          -1.04       -1.23698          0.355
7867          -1.12       -1.23696          0.335
7868          -1.08       -1.23694           0.29
7869          -1.21       -1.23694           0.38
7870          -1.14       -1.23693           0.32
7871          -1.18       -1.23692          0.315
7872          -1.17       -1.23691          0.295
7873          -1.19       -1.23691           0.33
7874          -1.28       -1.23691           0.34
7875          -1.17        -1.2369           0.27
7876          -1.32       -1.23692           0.18
7877          -1.33       -1.23693           0.19
7878          -1.26       -1.23693          0.225
7879           -1.1       -1.23691          0.185
7880           -1.1        -1.2369          0.125
7881          -1.19       -1.23689           0.05
7882          -1.18       -1.23688              0
7883          -1.12       -1.23687          0.025
7884          -1.22       -1.23686         -0.015
7885          -1.19       -1.23686          0.055
7886          -1.25       -1.23686          0.065
7887           -1.2       -1.23686          0.135
7888          -1.13       -1.23684           0.13
7889           -1.1       -1.23683          0.105
7890          -0.97       -1.23679         -0.005
7891          -1.04       -1.23677          0.025
7892          -1.02       -1.23674          0.055
7893          -1.06       -1.23672          -0.02
7894          -1.14        -1.2367         -0.115
7895           -1.1       -1.23669          -0.09
7896          -1.07       -1.23667         -0.135
7897          -1.09       -1.23665          -0.15
7898          -1.12       -1.23663         -0.105
7899          -1.08       -1.23661         -0.055
7900          -1.03       -1.23659          -0.08
7901           -1.2       -1.23658         -0.175
7902          -1.14       -1.23657          -0.16
7903          -1.15       -1.23656         -0.235
7904          -1.17       -1.23655          -0.25
7905          -1.14       -1.23654         -0.235
7906          -1.13       -1.23652         -0.205
7907          -1.21       -1.23652          -0.27
7908          -1.26       -1.23652          -0.32
7909          -1.36       -1.23654         -0.265
7910          -1.32       -1.23655         -0.265
7911          -1.27       -1.23655          -0.22
7912          -1.16       -1.23654         -0.215
7913          -1.25       -1.23655         -0.305
7914          -1.32       -1.23656          -0.36
7915          -1.31       -1.23657           -0.3
7916          -1.41       -1.23659         -0.425
7917          -1.44       -1.23661          -0.52
7918          -1.41       -1.23664          -0.56
7919           -1.4       -1.23666          -0.62
7920          -1.44       -1.23668         -0.685
7921          -1.44       -1.23671          -0.76
7922          -1.27       -1.23671         -0.635
7923          -1.24       -1.23671          -0.58
7924          -1.21       -1.23671         -0.565
7925          -1.14        -1.2367          -0.49
7926           -1.2       -1.23669         -0.475
7927          -1.19       -1.23669          -0.57
7928          -1.19       -1.23668         -0.495
7929          -1.13       -1.23667          -0.44
7930          -1.22       -1.23666          -0.45
7931          -1.29       -1.23667         -0.435
7932           -1.2       -1.23667          -0.43
7933          -1.16       -1.23666         -0.455
7934          -1.09       -1.23664          -0.46
7935           -1.2       -1.23663         -0.495
7936          -1.22       -1.23663          -0.48
7937          -1.25       -1.23663         -0.505
7938          -1.26       -1.23664          -0.56
7939          -1.28       -1.23664           -0.6
7940           -1.2       -1.23664          -0.58
7941          -1.17       -1.23663         -0.575
7942          -1.11       -1.23661         -0.485
7943          -1.13        -1.2366         -0.525
7944          -1.16       -1.23659         -0.535
7945          -1.06       -1.23657         -0.535
7946          -1.21       -1.23656         -0.565
7947           -1.2       -1.23656         -0.535
7948          -1.11       -1.23654          -0.52
7949          -0.91        -1.2365          -0.45
7950          -1.15       -1.23649          -0.55
7951          -1.13       -1.23648         -0.495
7952          -1.06       -1.23646         -0.505
7953          -1.17       -1.23645         -0.555
7954          -1.25       -1.23645          -0.53
7955          -1.22       -1.23645           -0.5
7956          -1.25       -1.23645          -0.52
7957          -1.23       -1.23645         -0.515
7958          -1.21       -1.23645          -0.54
7959          -1.05       -1.23642         -0.585
7960          -1.16       -1.23641          -0.57
7961          -1.16        -1.2364          -0.54
7962          -1.21        -1.2364           -0.6
7963          -1.25        -1.2364         -0.665
7964          -1.16       -1.23639          -0.61
7965          -1.35       -1.23641         -0.675
7966          -1.36       -1.23642          -0.68
7967          -1.38       -1.23644         -0.665
7968          -1.44       -1.23647           -0.7
7969          -1.47       -1.23649          -0.68
7970          -1.41       -1.23652         -0.665
7971          -1.38       -1.23653         -0.635
7972          -1.38       -1.23655          -0.69
7973          -1.44       -1.23658           -0.7
7974          -1.34       -1.23659         -0.685
7975          -1.24       -1.23659         -0.615
7976          -1.17       -1.23658         -0.575
7977           -1.2       -1.23658         -0.585
7978          -1.28       -1.23658          -0.65
7979           -1.3       -1.23659          -0.68
7980          -1.43       -1.23662         -0.735
7981          -1.48       -1.23665         -0.745
7982          -1.42       -1.23667         -0.685
7983          -1.28       -1.23667          -0.62
7984          -1.42        -1.2367         -0.605
7985          -1.45       -1.23672          -0.57
7986          -1.37       -1.23674         -0.565
7987          -1.27       -1.23675         -0.555
7988          -1.26       -1.23675         -0.545
7989          -1.29       -1.23675         -0.595
7990          -1.27       -1.23676          -0.59
7991          -1.26       -1.23676          -0.61
7992           -1.3       -1.23677         -0.635
7993          -1.31       -1.23678         -0.615
7994          -1.28       -1.23678          -0.54
7995           -1.3       -1.23679         -0.585
7996          -1.27        -1.2368          -0.55
7997          -1.31       -1.23681         -0.565
7998          -1.38       -1.23682         -0.585
7999          -1.32       -1.23683          -0.54
8000          -1.43       -1.23686          -0.55
8001          -1.32       -1.23687          -0.48
8002          -1.31       -1.23688         -0.535
8003          -1.27       -1.23688         -0.505
8004          -1.18       -1.23687         -0.415
8005          -1.12       -1.23686          -0.39
8006          -1.16       -1.23685          -0.39
8007          -1.13       -1.23684          -0.38
8008          -1.11       -1.23682         -0.415
8009          -1.26       -1.23682         -0.495
8010           -1.1       -1.23681          -0.41
8011          -1.17        -1.2368          -0.34
8012          -1.15       -1.23679         -0.355
8013          -1.16       -1.23678         -0.275
8014           -1.3       -1.23679           -0.3
8015          -1.34        -1.2368          -0.29
8016          -1.34       -1.23681          -0.27
8017          -1.34       -1.23682         -0.325
8018          -1.26       -1.23683          -0.26
8019           -1.2       -1.23682         -0.225
8020          -1.25       -1.23682          -0.19
8021          -1.23       -1.23682          -0.13
8022          -1.22       -1.23682          -0.14
8023          -1.22       -1.23682          -0.08
8024          -1.05        -1.2368              0
8025          -0.99       -1.23677          0.005
8026          -1.09       -1.23675           0.04
8027          -1.15       -1.23674          0.025
8028          -1.07       -1.23672          0.115
8029          -0.96       -1.23668          0.025
8030          -1.01       -1.23665          0.015
8031          -1.17       -1.23664              0
8032          -1.15       -1.23663          0.035
8033          -1.27       -1.23664          0.015
8034          -1.23       -1.23664          -0.01
8035          -1.23       -1.23664           0.12
8036           -1.2       -1.23663           0.14
8037          -1.21       -1.23663          0.135
8038          -1.18       -1.23662          0.145
8039           -1.1        -1.2366           0.09
8040          -1.12       -1.23659          0.195
8041          -1.26       -1.23659          0.235
8042          -1.19       -1.23659          0.205
8043          -1.37        -1.2366           0.11
8044          -1.26       -1.23661          0.205
8045          -1.29       -1.23661           0.25
8046          -1.29       -1.23662           0.19
8047          -1.37       -1.23664           0.23
8048          -1.35       -1.23665           0.19
8049          -1.25       -1.23665            0.2
8050          -1.29       -1.23666          0.185
8051           -1.2       -1.23665           0.14
8052          -1.26       -1.23666            0.1
8053          -1.15       -1.23665            0.1
8054          -1.17       -1.23664           0.08
8055          -1.13       -1.23662           0.04
8056          -1.14       -1.23661           0.12
8057          -1.14        -1.2366           0.11
8058          -1.22        -1.2366          -0.06
8059          -1.21        -1.2366          -0.09
8060          -1.21       -1.23659         -0.095
8061          -1.17       -1.23658          -0.05
8062          -1.07       -1.23656          -0.01
8063          -1.31       -1.23657          0.015
8064          -1.35       -1.23659           0.04
8065          -1.35        -1.2366           0.04
8066          -1.35       -1.23661          0.035
8067          -1.18       -1.23661          -0.03
8068          -1.16        -1.2366              0
8069           -1.2       -1.23659           0.04
8070           -1.2       -1.23659         -0.015
8071          -1.13       -1.23658          0.025
8072          -1.26       -1.23658          -0.09
8073          -1.22       -1.23658         -0.115
8074           -1.2       -1.23657          -0.05
8075          -1.13       -1.23656          -0.01
8076             -1       -1.23653         -0.005
8077          -1.15       -1.23652         -0.085
8078          -1.09        -1.2365              0
8079          -1.19        -1.2365          0.005
8080          -1.24        -1.2365         -0.005
8081          -1.26        -1.2365           0.05
8082          -1.24        -1.2365           0.03
8083          -1.44       -1.23652         -0.075
8084          -1.31       -1.23653          -0.11
8085          -1.28       -1.23654         -0.055
8086          -1.24       -1.23654         -0.065
8087          -1.22       -1.23654          -0.02
8088           -1.2       -1.23653          -0.02
8089          -1.14       -1.23652           0.02
8090          -1.18       -1.23651         -0.005
8091          -1.16        -1.2365          0.025
8092          -1.22        -1.2365          0.055
8093          -1.21        -1.2365           0.06
8094          -1.17       -1.23649           0.11
8095          -1.26       -1.23649          0.155
8096          -1.21       -1.23649           0.19
8097          -1.22       -1.23649          0.125
8098          -1.19       -1.23648          0.235
8099          -1.14       -1.23647           0.19
8100          -1.21       -1.23647          0.225
8101          -1.08       -1.23645          0.275
8102          -1.15       -1.23644          0.275
8103          -1.23       -1.23644           0.29
8104          -1.24       -1.23644          0.315
8105          -1.21       -1.23643          0.265
8106          -0.96        -1.2364           0.23
8107          -1.19       -1.23639            0.3
8108          -1.23       -1.23639          0.305
8109           -1.3        -1.2364          0.315
8110          -1.24        -1.2364           0.27
8111          -1.26        -1.2364          0.275
8112          -1.28       -1.23641            0.3
8113          -1.27       -1.23641          0.305
8114          -1.24       -1.23641           0.29
8115          -1.31       -1.23642          0.325
8116          -1.32       -1.23643           0.35
8117          -1.26       -1.23644           0.27
8118          -1.21       -1.23643           0.25
8119          -1.32       -1.23644            0.3
8120          -1.36       -1.23646          0.275
8121          -1.39       -1.23648           0.47
8122          -1.22       -1.23648          0.435
8123          -1.25       -1.23648           0.44
8124          -1.14       -1.23647          0.425
8125          -1.14       -1.23645          0.485
8126          -1.16       -1.23644          0.325
8127          -1.17       -1.23644          0.335
8128          -1.17       -1.23643           0.33
8129          -1.04        -1.2364           0.34
8130           -1.1       -1.23639           0.33
8131          -1.19       -1.23638           0.35
8132          -1.22       -1.23638          0.315
8133          -0.97       -1.23635          0.265
8134          -1.01       -1.23632          0.245
8135          -0.93       -1.23628            0.3
8136          -1.04       -1.23626           0.27
8137          -1.06       -1.23623           0.22
8138          -1.17       -1.23623           0.24
8139          -1.21       -1.23622           0.23
8140           -1.1       -1.23621           0.26
8141          -1.17        -1.2362           0.28
8142          -1.26        -1.2362          0.285
8143          -1.27       -1.23621           0.27
8144          -1.26       -1.23621           0.29
8145          -1.25       -1.23621           0.33
8146          -1.09       -1.23619          0.265
8147          -1.15       -1.23618          0.385
8148          -1.14       -1.23617          0.425
8149          -1.16       -1.23616          0.265
8150          -1.15       -1.23615          0.365
8151           -1.2       -1.23615           0.33
8152          -1.16       -1.23614           0.35
8153          -1.09       -1.23612           0.33
8154          -1.11        -1.2361           0.25
8155          -1.02       -1.23608           0.18
8156           -1.2       -1.23607            0.3
8157          -0.99       -1.23604          0.275
8158          -0.97       -1.23601          0.135
8159          -0.95       -1.23597          0.195
8160          -0.96       -1.23594          0.175
8161          -0.92        -1.2359          0.245
8162          -0.87       -1.23586          0.185
8163          -0.98       -1.23583          0.165
8164          -1.05        -1.2358           0.16
8165          -1.08       -1.23578           0.15
8166           -1.1       -1.23577          0.125
8167          -1.13       -1.23575          0.155
8168          -1.18       -1.23575           0.13
8169          -1.08       -1.23573           0.06
8170           -1.2       -1.23572           0.07
8171          -1.11       -1.23571          0.035
8172          -1.05       -1.23569          0.055
8173          -1.09       -1.23567           0.17
8174          -0.99       -1.23564           0.31
8175          -1.08       -1.23562          0.335
8176          -1.07        -1.2356          0.275
8177          -1.04       -1.23557          0.305
8178          -1.16       -1.23557           0.33
8179          -1.16       -1.23556           0.29
8180          -1.06       -1.23553           0.23
8181          -0.89       -1.23549          0.185
8182          -0.89       -1.23545          0.195
8183             -1       -1.23542          0.155
8184          -1.18       -1.23541          0.115
8185           -1.1        -1.2354           0.06
8186          -1.02       -1.23537           0.04
8187          -1.05       -1.23535           0.09
8188          -1.08       -1.23533          0.145
8189           -0.9       -1.23529          0.145
8190          -0.94       -1.23525          0.105
8191          -1.02       -1.23523          0.155
8192           -1.1       -1.23521          0.135
8193          -0.95       -1.23518           0.11
8194          -0.92       -1.23514           0.07
8195          -0.99       -1.23511           0.07
8196          -1.03       -1.23508           0.12
8197          -1.09       -1.23506          0.255
8198          -1.03       -1.23504           0.21
8199          -1.18       -1.23503           0.16
8200          -1.22       -1.23503          0.185
8201          -1.19       -1.23503           0.17
8202             -1         -1.235          0.265
8203          -1.08       -1.23498           0.26
8204          -1.14       -1.23497          0.205
8205          -1.07       -1.23495          0.175
8206          -1.03       -1.23492          0.165
8207          -1.12       -1.23491          0.245
8208          -1.17        -1.2349           0.26
8209          -1.21        -1.2349          0.215
8210          -1.08       -1.23488          0.245
8211          -1.17       -1.23487           0.32
8212           -1.2       -1.23487           0.27
8213          -1.19       -1.23486           0.18
8214          -1.28       -1.23487           0.17
8215          -1.23       -1.23486           0.12
8216          -1.12       -1.23485          0.125
8217          -1.07       -1.23483          0.095
8218          -1.08       -1.23481           0.13
8219          -1.23       -1.23481          0.155
8220          -1.18        -1.2348           0.27
8221          -1.28       -1.23481          0.285
8222          -1.11        -1.2348            0.3
8223          -1.15       -1.23478           0.29
8224          -1.06       -1.23476          0.175
8225          -1.14       -1.23475           0.17
8226          -1.18       -1.23475           0.18
8227          -1.18       -1.23474           0.16
8228          -1.07       -1.23472          0.125
8229          -1.06        -1.2347           0.09
8230          -0.96       -1.23466          0.095
8231          -0.93       -1.23463          0.095
8232          -1.02        -1.2346           0.09
8233          -1.02       -1.23457           0.01
8234          -1.03       -1.23455         -0.005
8235          -1.07       -1.23453          0.065
8236          -1.08       -1.23451          0.115
8237          -1.07       -1.23449           0.12
8238          -1.04       -1.23447          0.045
8239          -1.18       -1.23446          0.055
8240          -1.14       -1.23445         -0.035
8241          -1.18       -1.23444          -0.02
8242          -1.16       -1.23443          -0.04
8243          -1.34       -1.23445         -0.045
8244          -1.36       -1.23446          -0.01
8245          -1.09       -1.23444         -0.025
8246          -1.14       -1.23443          0.035
8247          -1.08       -1.23441          0.135
8248          -1.06       -1.23439          0.175
8249          -1.11       -1.23438          0.245
8250           -1.2       -1.23437          0.145
8251          -1.28       -1.23438           0.27
8252          -1.32       -1.23439           0.35
8253          -1.31        -1.2344            0.3
8254          -1.31       -1.23441          0.295
8255          -1.39       -1.23443          0.335
8256          -1.28       -1.23443          0.325
8257          -1.27       -1.23444          0.285
8258          -1.23       -1.23444           0.33
8259          -1.29       -1.23444           0.39
8260          -1.22       -1.23444          0.385
8261          -1.25       -1.23444          0.395
8262          -1.24       -1.23444          0.385
8263          -1.13       -1.23443           0.36
8264           -1.3       -1.23444           0.45
8265          -1.34       -1.23445           0.45
8266          -1.34       -1.23446           0.51
8267          -1.17       -1.23446          0.455
8268          -1.23       -1.23446          0.485
8269           -1.2       -1.23445          0.505
8270          -1.28       -1.23446            0.5
8271          -1.18       -1.23445          0.425
8272          -1.21       -1.23445           0.44
8273          -1.26       -1.23445           0.51
8274          -1.37       -1.23447           0.57
8275          -1.36       -1.23448           0.65
8276          -1.38        -1.2345          0.725
8277          -1.33       -1.23451           0.71
8278          -1.25       -1.23451           0.67
8279          -1.26       -1.23452          0.595
8280          -1.38       -1.23453           0.71
8281          -1.44       -1.23456           0.72
8282          -1.42       -1.23458           0.74
8283          -1.38        -1.2346          0.695
8284          -1.38       -1.23462          0.725
8285          -1.44       -1.23464          0.745
8286          -1.23       -1.23464           0.66
8287          -1.34       -1.23465            0.7
8288          -1.37       -1.23467          0.745
8289          -1.35       -1.23468           0.75
8290          -1.39        -1.2347          0.695
8291          -1.19        -1.2347          0.605
8292          -1.23        -1.2347          0.625
8293           -1.3        -1.2347           0.61
8294           -1.3       -1.23471           0.68
8295          -1.46       -1.23474           0.75
8296          -1.35       -1.23475          0.735
8297          -1.23       -1.23475           0.68
8298          -1.26       -1.23476           0.65
8299           -1.3       -1.23476          0.635
8300          -1.34       -1.23478            0.6
8301          -1.29       -1.23478           0.59
8302          -1.28       -1.23479           0.63
8303          -1.32        -1.2348           0.65
8304           -1.4       -1.23482           0.71
8305          -1.41       -1.23484           0.72
8306          -1.44       -1.23486          0.715
8307          -1.36       -1.23488          0.715
8308          -1.35       -1.23489           0.69
8309          -1.21       -1.23489           0.64
8310          -1.41       -1.23491           0.72
8311           -1.4       -1.23493           0.65
8312          -1.42       -1.23495          0.655
8313          -1.38       -1.23497           0.62
8314          -1.29       -1.23498           0.63
8315          -1.31       -1.23499          0.645
8316          -1.45       -1.23501           0.68
8317          -1.33       -1.23502          0.605
8318          -1.41       -1.23505          0.625
8319          -1.24       -1.23505          0.645
8320          -1.45       -1.23507            0.7
8321           -1.4       -1.23509            0.7
8322          -1.35       -1.23511           0.65
8323          -1.29       -1.23511          0.575
8324          -1.28       -1.23512           0.58
8325          -1.38       -1.23513           0.67
8326          -1.35       -1.23515           0.65
8327          -1.35       -1.23516          0.685
8328          -1.32       -1.23517          0.715
8329          -1.34       -1.23518          0.685
8330          -1.36        -1.2352          0.695
8331          -1.38       -1.23522          0.705
8332          -1.45       -1.23524          0.695
8333          -1.36       -1.23526          0.705
8334          -1.36       -1.23527            0.7
8335          -1.28       -1.23528          0.615
8336          -1.35       -1.23529           0.68
8337          -1.22       -1.23529          0.645
8338          -1.19       -1.23528           0.54
8339          -1.21       -1.23528           0.52
8340          -1.16       -1.23527           0.48
8341          -1.22       -1.23527           0.57
8342          -1.24       -1.23527           0.52
8343           -1.2       -1.23527          0.515
8344          -1.14       -1.23526            0.5
8345          -1.11       -1.23524           0.47
8346          -1.21       -1.23524          0.515
8347          -1.21       -1.23523          0.515
8348           -1.4       -1.23525           0.65
8349          -1.27       -1.23526           0.64
8350          -1.17       -1.23525           0.59
8351          -1.26       -1.23525           0.65
8352          -1.33       -1.23527           0.74
8353          -1.47       -1.23529           0.78
8354          -1.46       -1.23532          0.725
8355          -1.33       -1.23533          0.575
8356          -1.36       -1.23535          0.575
8357          -1.28       -1.23535          0.575
8358          -1.22       -1.23535          0.555
8359          -1.25       -1.23535          0.545
8360          -1.27       -1.23536          0.525
8361          -1.32       -1.23537          0.545
8362          -1.17       -1.23536          0.455
8363           -1.1       -1.23534           0.39
8364          -1.06       -1.23532          0.425
8365          -1.21       -1.23532          0.485
8366          -1.32       -1.23533          0.655
8367          -1.21       -1.23533           0.61
8368          -1.25       -1.23533          0.555
8369          -1.21       -1.23532           0.52
8370          -1.28       -1.23533          0.515
8371          -1.29       -1.23534          0.565
8372           -1.3       -1.23534          0.565
8373          -1.19       -1.23534           0.68
8374          -1.29       -1.23534           0.67
8375          -1.28       -1.23535          0.685
8376          -1.34       -1.23536          0.725
8377           -1.3       -1.23537          0.715
8378          -1.41       -1.23539           0.77
8379          -1.49       -1.23542           0.84
8380          -1.58       -1.23546          0.865
8381          -1.53        -1.2355           0.83
8382          -1.51       -1.23553           0.84
8383          -1.66       -1.23558           0.88
8384           -1.5       -1.23561          0.805
8385          -1.35       -1.23563          0.725
8386          -1.34       -1.23564          0.675
8387          -1.12       -1.23562          0.605
8388          -1.19       -1.23562           0.54
8389          -1.16       -1.23561          0.585
8390           -1.2       -1.23561          0.595
8391          -1.14       -1.23559          0.495
8392          -1.14       -1.23558           0.53
8393          -1.21       -1.23558           0.55
8394          -1.19       -1.23557           0.51
8395          -1.25       -1.23558          0.525
8396          -1.26       -1.23558          0.585
8397          -1.38        -1.2356           0.57
8398          -1.36       -1.23561          0.505
8399          -1.27       -1.23562          0.485
8400          -1.18       -1.23561           0.41
8401          -1.22       -1.23561           0.35
8402          -1.17        -1.2356           0.34
8403           -1.2       -1.23559           0.26
8404          -1.12       -1.23558          0.275
8405             -1       -1.23555          0.215
8406          -0.95       -1.23552           0.24
8407          -0.92       -1.23548          0.285
8408          -0.78       -1.23543          0.315
8409          -0.97        -1.2354          0.325
8410          -0.99       -1.23537          0.315
8411          -1.11       -1.23535           0.32
8412          -1.19       -1.23535          0.355
8413          -1.29       -1.23535          0.445
8414          -1.25       -1.23535          0.495
8415          -1.28       -1.23536           0.55
8416          -1.24       -1.23536          0.505
8417           -1.2       -1.23536          0.495
8418          -1.21       -1.23535          0.475
8419          -1.07       -1.23533           0.41
8420          -1.17       -1.23533            0.4
8421          -1.14       -1.23531           0.34
8422          -1.16       -1.23531          0.285
8423          -1.22        -1.2353           0.33
8424          -1.21        -1.2353          0.365
8425          -1.05       -1.23528           0.36
8426          -1.15       -1.23527           0.45
8427          -1.24       -1.23527          0.445
8428          -1.13       -1.23526           0.41
8429          -1.29       -1.23526           0.47
8430          -1.21       -1.23526           0.53
8431          -1.13       -1.23525          0.445
8432          -1.15       -1.23524           0.38
8433          -1.23       -1.23524           0.46
8434          -1.31       -1.23525          0.525
8435          -1.14       -1.23523          0.525
8436          -1.26       -1.23524          0.555
8437          -1.12       -1.23522          0.555
8438          -1.34       -1.23524           0.57
8439          -1.42       -1.23526           0.59
8440          -1.28       -1.23526          0.615
8441          -1.23       -1.23526           0.64
8442          -1.12       -1.23525          0.605
8443          -1.33       -1.23526          0.635
8444          -1.26       -1.23526          0.615
8445          -1.31       -1.23527          0.615
8446          -1.17       -1.23526          0.645
8447          -1.31       -1.23527           0.68
8448          -1.23       -1.23527          0.655
8449          -1.29       -1.23528           0.59
8450          -1.28       -1.23528            0.6
8451          -1.31       -1.23529          0.605
8452           -1.2       -1.23529          0.575
8453          -1.33        -1.2353          0.585
8454          -1.39       -1.23532           0.66
8455          -1.21       -1.23532          0.655
8456          -1.25       -1.23532          0.655
8457          -1.29       -1.23532          0.645
8458          -1.27       -1.23533          0.575
8459          -1.33       -1.23534          0.555
8460           -1.4       -1.23536          0.565
8461          -1.37       -1.23537           0.63
8462           -1.4       -1.23539           0.68
8463          -1.53       -1.23543           0.72
8464          -1.45       -1.23545           0.67
8465          -1.36       -1.23547          0.655
8466          -1.35       -1.23548          0.685
8467          -1.39        -1.2355           0.74
8468          -1.27        -1.2355           0.73
8469          -1.28       -1.23551          0.695
8470          -1.37       -1.23553           0.77
8471           -1.4       -1.23555           0.75
8472          -1.43       -1.23557           0.79
8473          -1.53        -1.2356          0.795
8474           -1.5       -1.23563           0.79
8475          -1.62       -1.23568          0.855
8476          -1.77       -1.23574            0.9
8477          -1.63       -1.23579           0.87
8478          -1.49       -1.23582           0.78
8479           -1.5       -1.23585          0.755
8480          -1.47       -1.23588           0.81
8481          -1.44        -1.2359          0.785
8482          -1.34       -1.23591          0.735
8483          -1.33       -1.23593           0.69
8484          -1.32       -1.23594          0.675
8485          -1.38       -1.23595           0.73
8486          -1.31       -1.23596          0.665
8487          -1.24       -1.23596          0.615
8488          -1.25       -1.23596          0.625
8489          -1.27       -1.23597          0.665
8490          -1.17       -1.23596            0.6
8491          -1.27       -1.23596          0.635
8492          -1.25       -1.23596          0.585
8493          -1.26       -1.23597          0.525
8494          -1.27       -1.23597           0.48
8495          -1.23       -1.23597           0.54
8496          -1.24       -1.23597          0.585
8497          -1.34       -1.23598           0.62
8498          -1.36         -1.236           0.62
8499          -1.34       -1.23601           0.61
8500           -1.4       -1.23603          0.635
8501           -1.4       -1.23605          0.605
8502          -1.32       -1.23606          0.585
8503          -1.34       -1.23607          0.565
8504          -1.26       -1.23607          0.515
8505          -1.33       -1.23609           0.55
8506          -1.22       -1.23608            0.5
8507          -1.12       -1.23607          0.495
8508           -1.1       -1.23605           0.54
8509          -1.16       -1.23604          0.525
8510          -1.09       -1.23603          0.445
8511          -1.16       -1.23602           0.47
8512          -1.15       -1.23601           0.53
8513          -1.13         -1.236           0.46
8514          -1.11       -1.23598          0.465
8515          -1.03       -1.23596          0.415
8516          -1.04       -1.23593          0.295
8517           -1.1       -1.23592          0.345
8518          -1.11        -1.2359          0.345
8519          -1.03       -1.23588          0.265
8520          -1.04       -1.23586           0.28
8521          -0.96       -1.23582           0.34
8522          -1.14       -1.23581          0.405
8523          -1.14        -1.2358            0.4
8524          -1.23        -1.2358          0.395
8525          -1.23        -1.2358           0.34
8526          -1.21        -1.2358           0.34
8527          -1.15       -1.23579           0.36
8528           -1.3       -1.23579           0.38
8529          -1.36       -1.23581          0.325
8530          -1.31       -1.23582          0.285
8531          -1.18       -1.23581           0.23
8532          -1.19       -1.23581          0.265
8533          -1.09       -1.23579          0.205
8534          -1.11       -1.23577          0.265
8535             -1       -1.23575           0.27
8536          -0.96       -1.23571           0.29
8537          -1.16       -1.23571          0.325
8538          -1.18        -1.2357          0.335
8539          -1.22        -1.2357           0.36
8540          -1.19       -1.23569           0.35
8541          -1.16       -1.23568          0.455
8542          -1.13       -1.23567           0.44
8543          -1.07       -1.23565          0.445
8544          -1.14       -1.23564           0.55
8545          -1.16       -1.23563            0.5
8546          -1.05       -1.23561           0.42
8547          -1.01       -1.23558          0.435
8548          -1.07       -1.23556          0.505
8549          -1.22       -1.23556          0.575
8550          -1.35       -1.23557          0.645
8551          -1.37       -1.23559           0.65
8552          -1.33        -1.2356           0.64
8553          -1.19        -1.2356          0.595
8554          -1.29        -1.2356          0.625
8555          -1.25        -1.2356           0.55
8556          -1.14       -1.23559          0.525
8557          -1.13       -1.23558           0.45
8558          -1.12       -1.23557          0.405
8559          -1.16       -1.23556          0.325
8560          -1.21       -1.23556          0.345
8561          -1.02       -1.23553          0.345
8562          -1.13       -1.23552          0.415
8563           -1.1        -1.2355          0.315
8564          -1.12       -1.23549           0.33
8565          -1.28       -1.23549          0.375
8566          -1.29        -1.2355           0.49
8567          -1.38       -1.23552          0.545
8568          -1.33       -1.23553           0.53
8569          -1.27       -1.23553           0.51
8570          -1.12       -1.23552           0.51
8571          -1.21       -1.23552          0.455
8572          -1.15       -1.23551          0.445
8573           -1.2        -1.2355           0.41
8574           -1.1       -1.23549          0.455
8575          -1.08       -1.23547           0.47
8576          -1.09       -1.23545           0.45
8577             -1       -1.23542          0.415
8578          -0.97       -1.23539          0.325
8579          -1.26        -1.2354          0.375
8580          -1.17       -1.23539           0.35
8581          -1.22       -1.23539           0.35
8582          -1.18       -1.23538           0.31
8583          -1.29       -1.23539            0.3
8584          -1.34        -1.2354           0.33
8585          -1.28        -1.2354          0.275
8586          -1.27       -1.23541          0.265
8587          -1.29       -1.23541           0.26
8588          -1.13        -1.2354          0.155
8589          -1.21        -1.2354          0.115
8590          -1.15       -1.23539          0.085
8591          -1.15       -1.23538          0.065
8592           -1.1       -1.23536          -0.02
8593          -1.23       -1.23536          -0.07
8594          -1.21       -1.23536          -0.02
8595          -1.19       -1.23535          0.065
8596           -1.2       -1.23535          0.075
8597          -1.12       -1.23534           0.07
8598          -1.17       -1.23533           0.03
8599          -1.11       -1.23531              0
8600          -1.22       -1.23531              0
8601          -1.14        -1.2353         -0.035
8602          -1.21        -1.2353           0.01
8603          -1.17       -1.23529          -0.05
8604          -1.27       -1.23529          -0.01
8605          -1.11       -1.23528          -0.03
8606          -1.31       -1.23529         -0.105
8607          -1.23       -1.23529           -0.1
8608          -1.08       -1.23527          -0.15
8609             -1       -1.23524          -0.12
8610          -1.07       -1.23522          -0.12
8611          -1.19       -1.23522         -0.115
8612          -1.18       -1.23521         -0.095
8613          -1.24       -1.23521          -0.01
8614          -1.22       -1.23521           0.02
8615          -1.26       -1.23521          0.035
8616          -1.17       -1.23521           0.09
8617          -1.28       -1.23521          0.065
8618          -1.25       -1.23521           0.14
8619          -1.12        -1.2352           0.04
8620          -1.19       -1.23519           0.06
8621          -1.16       -1.23519         -0.005
8622          -1.17       -1.23518           0.01
8623          -1.18       -1.23517          0.025
8624          -1.21       -1.23517          -0.01
8625          -1.18       -1.23516           0.05
8626           -1.2       -1.23516          0.065
8627          -1.09       -1.23514          0.155
8628           -1.2       -1.23514           0.17
8629          -1.07       -1.23512           0.03
8630          -1.14       -1.23511          0.155
8631          -1.09       -1.23509          0.145
8632           -1.1       -1.23507           0.14
8633          -1.08       -1.23506           0.11
8634          -1.16       -1.23505           0.11
8635          -1.15       -1.23504           0.05
8636          -1.02       -1.23501          0.085
8637           -1.1         -1.235           0.16
8638          -1.02       -1.23497          -0.03
8639          -1.14       -1.23496          -0.07
8640          -1.06       -1.23494          -0.03
8641          -1.15       -1.23493         -0.065
8642          -1.29       -1.23494         -0.045
8643          -1.24       -1.23494         -0.085
8644          -1.21       -1.23494         -0.035
8645          -1.21       -1.23493         -0.045
8646          -1.22       -1.23493         -0.035
8647          -1.13       -1.23492           0.02
8648          -1.08        -1.2349          -0.03
8649          -1.15       -1.23489          0.005
8650          -1.02       -1.23487          0.035
8651          -1.12       -1.23485         -0.005
8652          -0.94       -1.23482          0.025
8653          -1.07        -1.2348           0.16
8654          -1.15       -1.23479          0.115
8655          -1.22       -1.23479          0.145
8656           -1.2       -1.23478          0.185
8657          -1.03       -1.23476           0.13
8658          -1.24       -1.23476          0.065
8659          -1.27       -1.23477          0.065
8660          -1.23       -1.23477          0.055
8661          -1.15       -1.23476           0.05
8662          -1.16       -1.23475          0.005
8663          -1.12       -1.23473          0.055
8664          -1.19       -1.23473         -0.055
8665          -1.07       -1.23471         -0.065
8666          -1.05       -1.23469         -0.065
8667          -1.08       -1.23467         -0.065
8668          -1.12       -1.23466         -0.035
8669          -1.08       -1.23464           0.01
8670          -1.07       -1.23462          0.055
8671          -0.96       -1.23459         -0.025
8672          -0.85       -1.23454         -0.095
8673          -0.98       -1.23451          -0.09
8674          -1.05       -1.23449          0.005
8675          -1.04       -1.23447          -0.06
8676          -0.96       -1.23444         -0.115
8677          -1.19       -1.23443          -0.17
8678           -1.2       -1.23443         -0.145
8679           -1.2       -1.23443         -0.125
8680          -1.28       -1.23443          -0.16
8681          -1.23       -1.23443          -0.14
8682          -1.12       -1.23442         -0.125
8683          -1.28       -1.23442         -0.215
8684          -1.16       -1.23441          -0.21
8685          -1.21       -1.23441          -0.11
8686          -1.25       -1.23441          -0.16
8687          -1.14        -1.2344          -0.18
8688           -1.2        -1.2344         -0.085
8689          -1.16       -1.23439          -0.14
8690          -1.17       -1.23438         -0.105
8691          -1.08       -1.23436          -0.09
8692          -1.09       -1.23435          -0.18
8693          -1.04       -1.23433          -0.23
8694          -1.01        -1.2343         -0.185
8695          -1.11       -1.23429         -0.095
8696          -1.09       -1.23427          -0.07
8697          -1.05       -1.23425          -0.06
8698          -1.11       -1.23423          -0.12
8699          -1.08       -1.23422          -0.05
8700          -0.96       -1.23418          -0.06
8701          -1.07       -1.23417          -0.13
8702          -0.97       -1.23414          -0.23
8703          -0.98       -1.23411         -0.105
8704          -0.88       -1.23407         -0.015
8705          -1.03       -1.23404         -0.135
8706          -1.05       -1.23402          -0.19
8707          -1.06         -1.234         -0.215
8708          -1.12       -1.23399         -0.215
8709             -1       -1.23396         -0.275
8710          -0.97       -1.23393         -0.245
8711          -0.95        -1.2339         -0.265
8712          -1.21        -1.2339         -0.315
8713          -1.24        -1.2339         -0.345
8714           -1.2       -1.23389         -0.325
8715          -1.12       -1.23388           -0.3
8716          -1.13       -1.23387         -0.275
8717          -0.98       -1.23384         -0.175
8718          -1.04       -1.23382         -0.145
8719          -1.08        -1.2338          -0.05
8720          -1.04       -1.23378          -0.13
8721           -1.1       -1.23376         -0.235
8722          -1.12       -1.23375         -0.215
8723          -1.16       -1.23374         -0.165
8724          -1.17       -1.23373         -0.215
8725          -1.15       -1.23372         -0.225
8726          -1.04        -1.2337          -0.17
8727          -1.04       -1.23368          -0.17
8728          -1.04       -1.23366         -0.165
8729          -0.94       -1.23362          -0.17
8730          -0.93       -1.23359         -0.195
8731          -1.02       -1.23356          -0.16
8732          -0.99       -1.23353         -0.155
8733          -0.95        -1.2335         -0.055
8734          -1.04       -1.23348         -0.015
8735          -1.03       -1.23346           0.06
8736           -1.1       -1.23344           0.02
8737          -1.08       -1.23342          -0.06
8738          -1.19       -1.23342          -0.09
8739          -1.21       -1.23342          -0.08
8740          -1.17       -1.23341          -0.14
8741          -1.17        -1.2334         -0.125
8742          -1.09       -1.23339         -0.135
8743          -1.19       -1.23338         -0.145
8744          -1.21       -1.23338         -0.165
8745          -1.32       -1.23339          -0.26
8746          -1.34        -1.2334         -0.225
8747           -1.2        -1.2334         -0.065
8748             -1       -1.23337         -0.005
8749          -1.02       -1.23335         -0.045
8750          -1.06       -1.23333          -0.03
8751          -1.03        -1.2333          -0.04
8752          -1.07       -1.23328         -0.045
8753          -1.12       -1.23327          -0.11
8754          -1.16       -1.23326          -0.09
8755          -1.09       -1.23325          -0.14
8756          -1.26       -1.23325         -0.085
8757          -1.24       -1.23325         -0.115
8758          -1.16       -1.23324          -0.19
8759          -1.15       -1.23323         -0.255
8760          -1.13       -1.23322         -0.195
8761          -1.18       -1.23321         -0.155
8762          -1.05       -1.23319         -0.065
8763          -1.08       -1.23318          -0.09
8764          -1.15       -1.23317         -0.045
8765          -1.15       -1.23316         -0.055
8766          -1.18       -1.23315          -0.15
8767          -1.15       -1.23314         -0.065
8768          -1.24       -1.23314         -0.095
8769          -1.19       -1.23314          -0.06
8770          -1.17       -1.23313         -0.185
8771          -1.17       -1.23312          -0.16
8772          -1.15       -1.23311         -0.135
8773          -1.13        -1.2331         -0.135
8774          -1.06       -1.23308          -0.09
8775             -1       -1.23305          -0.05
8776          -1.04       -1.23303         -0.195
8777           -1.2       -1.23303         -0.165
8778          -1.17       -1.23302          -0.17
8779          -1.12       -1.23301         -0.165
8780           -1.2       -1.23301         -0.225
8781          -1.21         -1.233         -0.175
8782          -1.12       -1.23299          -0.08
8783           -1.1       -1.23297           -0.1
8784          -1.26       -1.23298          -0.04
8785          -1.19       -1.23297          -0.09
8786          -1.27       -1.23298         -0.175
8787          -1.17       -1.23297         -0.175
8788          -1.18       -1.23296          -0.16
8789          -1.22       -1.23296         -0.115
8790          -1.05       -1.23294         -0.115
8791          -1.05       -1.23292         -0.175
8792          -1.01        -1.2329          -0.22
8793          -1.14       -1.23288         -0.225
8794          -1.17       -1.23288          -0.17
8795          -1.22       -1.23288          -0.21
8796          -1.27       -1.23288         -0.145
8797          -1.32       -1.23289         -0.165
8798          -1.11       -1.23288          -0.21
8799          -1.18       -1.23287          -0.24
8800          -1.17       -1.23286         -0.175
8801          -1.18       -1.23286          -0.14
8802          -0.96       -1.23283         -0.175
8803          -1.06       -1.23281         -0.215
8804          -0.95       -1.23277         -0.055
8805          -1.01       -1.23275         -0.095
8806          -1.04       -1.23273         -0.085
8807           -1.1       -1.23271          -0.15
8808          -1.18       -1.23271         -0.165
8809          -1.14        -1.2327         -0.245
8810          -1.07       -1.23268         -0.255
8811             -1       -1.23265         -0.175
8812          -1.11       -1.23264         -0.115
8813          -1.05       -1.23262          -0.05
8814           -1.1        -1.2326         -0.085
8815          -1.23        -1.2326         -0.085
8816          -1.18       -1.23259           -0.1
8817          -1.18       -1.23259         -0.125
8818          -1.05       -1.23257          -0.04
8819          -1.04       -1.23255          -0.05
8820          -1.16       -1.23254          0.045
8821          -1.21       -1.23254         -0.015
8822          -1.35       -1.23255           0.03
8823           -1.2       -1.23255          -0.01
8824          -1.12       -1.23253         -0.105
8825          -1.08       -1.23252         -0.135
8826          -1.02       -1.23249         -0.135
8827          -0.96       -1.23246           0.01
8828          -0.98       -1.23243          -0.07
8829          -1.14       -1.23242          -0.13
8830          -1.24       -1.23242         -0.165
8831          -1.17       -1.23242          -0.16
8832           -1.1        -1.2324         -0.205
8833          -1.07       -1.23238          -0.16
8834          -1.04       -1.23236          -0.23
8835          -0.99       -1.23233         -0.155
8836          -1.06       -1.23231          -0.16
8837          -1.09        -1.2323         -0.215
8838          -1.17       -1.23229          -0.18
8839          -1.06       -1.23227          -0.21
8840          -1.04       -1.23225         -0.065
8841          -1.18       -1.23224          -0.08
8842          -1.21       -1.23224         -0.175
8843           -1.3       -1.23225          -0.15
8844          -1.33       -1.23226         -0.165
8845          -1.22       -1.23226         -0.155
8846          -1.24       -1.23226         -0.165
8847          -1.16       -1.23225          -0.13
8848          -1.14       -1.23224         -0.115
8849          -1.19       -1.23224          -0.17
8850          -1.15       -1.23223         -0.085
8851          -1.05       -1.23221         -0.045
8852          -1.19        -1.2322           0.03
8853          -1.18       -1.23219          -0.02
8854          -1.04       -1.23217          0.045
8855          -1.14       -1.23216         -0.035
8856          -1.26       -1.23217           0.07
8857           -1.1       -1.23215          0.125
8858          -1.04       -1.23213          0.145
8859          -1.09       -1.23211           0.11
8860          -1.21       -1.23211           0.22
8861          -1.17        -1.2321           0.28
8862          -1.13       -1.23209           0.21
8863          -1.28        -1.2321          0.315
8864          -1.23        -1.2321          0.295
8865          -1.24        -1.2321           0.28
8866          -1.31       -1.23211           0.27
8867          -1.18        -1.2321          0.255
8868          -1.19        -1.2321           0.23
8869          -1.19       -1.23209           0.24
8870          -1.11       -1.23208           0.18
8871          -1.08       -1.23206          0.215
8872          -1.04       -1.23204           0.22
8873          -1.14       -1.23203           0.17
8874          -1.11       -1.23201           0.12
8875          -1.29       -1.23202           0.02
8876          -1.25       -1.23202          0.035
8877          -1.14       -1.23201              0
8878          -1.16         -1.232          -0.04
8879          -1.19         -1.232         -0.105
8880          -1.17       -1.23199         -0.015
8881          -1.12       -1.23198         -0.015
8882          -1.16       -1.23197         -0.085
8883          -1.08       -1.23196          -0.12
8884          -1.06       -1.23194          -0.25
8885          -1.19       -1.23193         -0.305
8886          -1.14       -1.23192         -0.335
8887          -1.21       -1.23192          -0.33
8888          -1.29       -1.23192          -0.28
8889          -1.21       -1.23192         -0.345
8890          -1.33       -1.23193          -0.34
8891          -1.31       -1.23194          -0.45
8892           -1.3       -1.23195         -0.485
8893          -1.22       -1.23195          -0.47
8894          -1.23       -1.23195           -0.5
8895          -1.26       -1.23195         -0.505
8896          -1.32       -1.23196           -0.5
8897          -1.25       -1.23196          -0.45
8898          -1.42       -1.23198          -0.61
8899          -1.24       -1.23199          -0.55
8900          -1.38         -1.232          -0.62
8901           -1.4       -1.23202         -0.635
8902          -1.29       -1.23203          -0.64
8903          -1.38       -1.23204         -0.705
8904          -1.33       -1.23206          -0.68
8905           -1.3       -1.23206          -0.67
8906          -1.23       -1.23206         -0.615
8907          -1.29       -1.23207          -0.63
8908          -1.17       -1.23206         -0.605
8909          -1.22       -1.23206          -0.62
8910          -1.41       -1.23208         -0.615
8911          -1.26       -1.23208         -0.595
8912           -1.2       -1.23208         -0.475
8913          -1.24       -1.23208         -0.435
8914          -1.17       -1.23207          -0.36
8915          -1.14       -1.23206           -0.3
8916           -1.2       -1.23206          -0.36
8917          -1.09       -1.23204          -0.29
8918          -1.22       -1.23204          -0.35
8919          -1.07       -1.23202         -0.305
8920          -1.25       -1.23203         -0.355
8921          -1.28       -1.23203         -0.345
8922          -1.36       -1.23205          -0.36
8923          -1.28       -1.23205         -0.345
8924          -1.24       -1.23205         -0.325
8925          -1.22       -1.23205          -0.35
8926          -1.33       -1.23206         -0.345
8927          -1.28       -1.23207          -0.39
8928          -1.23       -1.23207         -0.455
8929          -1.34       -1.23208          -0.53
8930          -1.34       -1.23209         -0.465
8931          -1.27        -1.2321          -0.43
8932          -1.18       -1.23209          -0.42
8933          -1.12       -1.23208         -0.425
8934          -1.19       -1.23207           -0.4
8935          -1.16       -1.23206          -0.39
8936          -1.12       -1.23205          -0.35
8937          -1.17       -1.23205          -0.35
8938          -1.12       -1.23203         -0.375
8939          -1.16       -1.23202          -0.36
8940          -1.15       -1.23202          -0.41
8941          -1.04       -1.23199          -0.39
8942          -1.02       -1.23197          -0.31
8943          -1.02       -1.23195         -0.325
8944          -0.88       -1.23191          -0.32
8945          -0.97       -1.23188         -0.295
8946          -1.06       -1.23186           -0.2
8947          -1.07       -1.23184         -0.215
8948          -1.06       -1.23182          -0.27
8949          -1.25       -1.23182         -0.305
8950          -1.16       -1.23182          -0.29
8951          -1.12        -1.2318         -0.345
8952          -1.07       -1.23178         -0.295
8953          -1.15       -1.23178         -0.285
8954           -1.2       -1.23177          -0.25
8955          -1.27       -1.23178          -0.28
8956          -1.32       -1.23179         -0.335
8957          -1.32        -1.2318          -0.32
8958          -1.26        -1.2318          -0.32
8959          -1.26        -1.2318          -0.27
8960           -1.3       -1.23181          -0.32
8961          -1.25       -1.23181         -0.285
8962          -1.28       -1.23182          -0.35
8963          -1.33       -1.23183         -0.335
8964           -1.2       -1.23182          -0.36
8965          -1.24       -1.23183          -0.35
8966          -1.37       -1.23184         -0.375
8967          -1.24       -1.23184         -0.345
8968          -1.23       -1.23184          -0.36
8969          -1.31       -1.23185         -0.425
8970          -1.22       -1.23185           -0.4
8971          -1.13       -1.23184          -0.37
8972          -1.16       -1.23183          -0.42
8973          -1.27       -1.23183          -0.44
8974          -1.13       -1.23182         -0.435
8975          -1.15       -1.23181         -0.515
8976          -1.08        -1.2318         -0.535
8977           -1.1       -1.23178          -0.54
8978          -1.14       -1.23177         -0.455
8979          -1.19       -1.23177         -0.385
8980          -1.19       -1.23176          -0.38
8981          -1.16       -1.23175         -0.355
8982          -1.28       -1.23176         -0.295
8983          -1.17       -1.23175         -0.325
8984           -1.1       -1.23174          -0.35
8985          -1.09       -1.23172         -0.365
8986          -1.09       -1.23171         -0.315
8987           -1.1       -1.23169         -0.295
8988          -1.22       -1.23169         -0.345
8989          -1.16       -1.23168          -0.36
8990          -1.13       -1.23167          -0.37
8991          -1.22       -1.23167          -0.36
8992          -1.14       -1.23166          -0.31
8993          -1.11       -1.23165          -0.32
8994          -1.07       -1.23163         -0.335
8995          -1.01        -1.2316         -0.355
8996          -1.02       -1.23158           -0.4
8997          -1.19       -1.23158         -0.435
8998           -1.2       -1.23157         -0.475
8999          -1.15       -1.23156          -0.44
