0          -1.16          -1.16           0.19
1          -1.24           -1.2            0.2
2          -1.13       -1.17667          0.185
3          -1.21         -1.185            0.2
4          -1.21          -1.19          0.255
5          -1.09       -1.17333          0.215
6           -1.1       -1.16286          0.235
7          -1.15       -1.16125          0.225
8          -1.14       -1.15889          0.235
9          -1.07          -1.15          0.215
10          -1.17       -1.15182           0.27
11          -1.15       -1.15167          0.185
12          -1.19       -1.15462           0.22
13          -1.16         -1.155           0.19
14          -1.28       -1.16333           0.19
15          -1.21       -1.16625          0.175
16          -1.29       -1.17353          0.215
17           -1.2         -1.175          0.165
18          -1.08          -1.17          0.105
19          -1.14        -1.1685           0.14
20          -1.06       -1.16333           0.13
21          -1.02       -1.15682          0.105
22          -1.03        -1.1513           0.05
23          -1.13       -1.15042          -0.03
24          -1.08        -1.1476          -0.11
25          -1.15       -1.14769          -0.18
26          -1.25       -1.15148         -0.115
27          -1.17       -1.15214         -0.195
28          -1.25       -1.15552          -0.18
29          -1.21       -1.15733          -0.15
30          -1.22       -1.15935         -0.105
31          -1.15       -1.15906          -0.12
32          -1.16       -1.15909          -0.22
33          -1.15       -1.15882          -0.23
34          -1.12       -1.15771         -0.165
35          -1.11       -1.15639         -0.155
36           -1.2       -1.15757         -0.155
37          -1.16       -1.15763          -0.16
38          -1.13       -1.15692         -0.115
39          -1.07       -1.15475         -0.055
40          -1.05        -1.1522         -0.155
41          -1.16       -1.15238          -0.26
42          -1.09       -1.15093         -0.265
43          -1.05       -1.14864         -0.295
44          -1.02       -1.14578          -0.26
45          -1.06       -1.14391         -0.305
46           -1.3       -1.14723         -0.435
47          -1.37       -1.15187          -0.42
48           -1.3        -1.1549          -0.36
49          -1.32        -1.1582         -0.325
50          -1.17       -1.15843          -0.29
51          -1.15       -1.15827         -0.175
52          -1.07        -1.1566         -0.205
53          -1.15       -1.15648         -0.175
54          -1.09       -1.15527         -0.195
55          -1.07       -1.15375          -0.17
56          -1.16       -1.15386          -0.18
57          -1.25       -1.15552          -0.17
58           -1.2       -1.15627         -0.045
59          -1.17        -1.1565          -0.04
60          -1.14       -1.15623         -0.025
61             -1       -1.15371          -0.08
62          -1.05       -1.15206          -0.03
63          -1.17       -1.15234          -0.14
64          -1.15       -1.15231         -0.185
65          -1.25       -1.15379          -0.37
66           -1.1       -1.15299          -0.35
67          -1.12        -1.1525          -0.32
68          -1.16       -1.15261          -0.32
69           -1.1       -1.15186         -0.355
70          -1.03       -1.15014          -0.47
71          -1.04       -1.14861         -0.465
72          -1.22       -1.14959          -0.52
73          -1.23       -1.15068          -0.52
74          -1.18       -1.15107         -0.565
75          -1.27       -1.15263          -0.48
76          -1.34       -1.15506         -0.525
77          -1.26       -1.15641         -0.545
78          -1.28       -1.15797         -0.485
79          -1.14       -1.15775          -0.43
80          -1.31       -1.15963          -0.43
81           -1.2       -1.16012          -0.51
82          -1.21       -1.16072         -0.405
83          -1.25       -1.16179         -0.535
84           -1.3       -1.16341          -0.51
85          -1.27       -1.16465          -0.56
86           -1.2       -1.16506         -0.565
87          -1.26       -1.16614         -0.635
88          -1.34       -1.16809          -0.69
89          -1.37       -1.17033          -0.69
90          -1.45       -1.17341          -0.74
91           -1.5       -1.17696         -0.765
92          -1.55       -1.18097          -0.75
93          -1.43       -1.18362         -0.725
94          -1.42       -1.18611         -0.725
95          -1.38       -1.18813          -0.76
96          -1.47       -1.19103         -0.765
97          -1.32       -1.19235         -0.685
98          -1.31       -1.19354         -0.665
99          -1.29        -1.1945           -0.7
100          -1.46       -1.19713          -0.79
101          -1.39       -1.19902          -0.76
102           -1.5       -1.20194         -0.805
103          -1.54       -1.20519         -0.835
104          -1.42       -1.20724         -0.765
105          -1.48       -1.20981          -0.81
106          -1.53        -1.2128          -0.85
107           -1.6       -1.21639         -0.865
108          -1.56       -1.21954          -0.85
109          -1.62       -1.22318          -0.87
110          -1.55       -1.22613         -0.845
111          -1.49       -1.22848         -0.815
112          -1.39       -1.22991          -0.77
113          -1.44       -1.23175         -0.775
114          -1.45       -1.23365         -0.785
115          -1.43       -1.23534         -0.785
116          -1.42       -1.23692          -0.72
117          -1.43       -1.23856         -0.725
118          -1.52       -1.24092         -0.745
119          -1.35       -1.24183         -0.715
120          -1.41       -1.24322         -0.765
121          -1.43       -1.24475           -0.8
122           -1.4       -1.24602         -0.785
123          -1.54       -1.24839         -0.845
124          -1.45          -1.25         -0.815
125          -1.58       -1.25262          -0.86
126          -1.59       -1.25528          -0.87
127          -1.59       -1.25789          -0.87
128          -1.59       -1.26047          -0.85
129          -1.39       -1.26146          -0.78
130          -1.37       -1.26229          -0.75
131          -1.26       -1.26227          -0.65
132          -1.29       -1.26248          -0.66
133          -1.41       -1.26358         -0.735
134          -1.39       -1.26452          -0.76
135          -1.44       -1.26581          -0.81
136          -1.53       -1.26774          -0.82
137          -1.52       -1.26957          -0.79
138          -1.69       -1.27259         -0.875
139          -1.52       -1.27436          -0.84
140          -1.49       -1.27589         -0.815
141          -1.62       -1.27831         -0.875
142          -1.73       -1.28147          -0.91
143          -1.69       -1.28431         -0.885
144          -1.57       -1.28628          -0.86
145          -1.46       -1.28747           -0.8
146          -1.44        -1.2885          -0.77
147          -1.38       -1.28912           -0.7
148          -1.44       -1.29013          -0.67
149          -1.36        -1.2906          -0.66
150          -1.38       -1.29119         -0.675
151          -1.31       -1.29132          -0.65
152          -1.34       -1.29163         -0.645
153          -1.31       -1.29175         -0.645
154          -1.37       -1.29226         -0.695
155          -1.37       -1.29276         -0.755
156          -1.37       -1.29325          -0.72
157          -1.36       -1.29367         -0.705
158          -1.33        -1.2939          -0.72
159          -1.42       -1.29469         -0.755
160          -1.46       -1.29571         -0.765
161          -1.39        -1.2963         -0.755
162          -1.31       -1.29638         -0.705
163          -1.32       -1.29652           -0.7
164          -1.41       -1.29721          -0.71
165          -1.36       -1.29759          -0.72
166          -1.35        -1.2979         -0.725
167           -1.3       -1.29792         -0.735
168          -1.26       -1.29769         -0.635
169          -1.23       -1.29729          -0.62
170          -1.11        -1.2962         -0.565
171          -1.24       -1.29587          -0.67
172          -1.21       -1.29538          -0.71
173          -1.33       -1.29557          -0.73
174          -1.37         -1.296          -0.74
175           -1.4       -1.29659          -0.74
176          -1.51        -1.2978         -0.825
177           -1.6       -1.29949          -0.84
178          -1.53       -1.30078         -0.805
179          -1.57       -1.30228          -0.82
180          -1.54       -1.30359          -0.82
181          -1.71       -1.30582         -0.915
182          -1.68       -1.30787         -0.895
183          -1.63       -1.30962          -0.87
184          -1.52       -1.31076         -0.855
185          -1.53       -1.31194         -0.845
186          -1.46       -1.31273         -0.825
187           -1.6       -1.31426          -0.88
188          -1.36        -1.3145          -0.78
189          -1.27       -1.31426          -0.72
190          -1.32       -1.31429          -0.77
191          -1.27       -1.31406         -0.725
192          -1.33       -1.31415         -0.695
193          -1.29       -1.31402          -0.68
194          -1.36       -1.31426         -0.725
195          -1.29       -1.31413          -0.71
196          -1.49       -1.31503          -0.71
197          -1.34       -1.31515          -0.73
198          -1.47       -1.31593          -0.76
199          -1.53         -1.317          -0.78
200          -1.54       -1.31811          -0.83
201          -1.59       -1.31946         -0.835
202          -1.51       -1.32039         -0.835
203          -1.47       -1.32113         -0.815
204          -1.51       -1.32205          -0.81
205          -1.42       -1.32252         -0.745
206           -1.4        -1.3229          -0.76
207          -1.34       -1.32298           -0.7
208           -1.4       -1.32335         -0.745
209          -1.44        -1.3239          -0.74
210          -1.51       -1.32479          -0.74
211          -1.41       -1.32519          -0.78
212          -1.36       -1.32535         -0.695
213          -1.37       -1.32556          -0.72
214          -1.31       -1.32549          -0.67
215          -1.32       -1.32546          -0.72
216          -1.25       -1.32512         -0.655
217          -1.24       -1.32472           -0.6
218          -1.34       -1.32479         -0.585
219          -1.44       -1.32532         -0.635
220          -1.43       -1.32579         -0.645
221          -1.39       -1.32608         -0.625
222          -1.44       -1.32659           -0.7
223          -1.43       -1.32705         -0.775
224          -1.31       -1.32698         -0.735
225          -1.23       -1.32655         -0.675
226          -1.31       -1.32648         -0.675
227          -1.18       -1.32583         -0.655
228          -1.22       -1.32537          -0.66
229          -1.28       -1.32517          -0.71
230          -1.29       -1.32502          -0.71
231          -1.27       -1.32478         -0.695
232          -1.27       -1.32455         -0.675
233          -1.27       -1.32432          -0.65
234          -1.38       -1.32455         -0.665
235          -1.33       -1.32458         -0.675
236          -1.44       -1.32506          -0.72
237          -1.38       -1.32529          -0.71
238          -1.42       -1.32569         -0.745
239          -1.41       -1.32604         -0.755
240          -1.46        -1.3266          -0.76
241          -1.45       -1.32711          -0.76
242          -1.58       -1.32815          -0.78
243          -1.47       -1.32873         -0.765
244          -1.46       -1.32927         -0.695
245           -1.3       -1.32915          -0.69
246          -1.23       -1.32874         -0.645
247          -1.26       -1.32847         -0.675
248          -1.17       -1.32783         -0.595
249          -1.23       -1.32744          -0.63
250          -1.33       -1.32745         -0.665
251          -1.26       -1.32718         -0.665
252          -1.25       -1.32688         -0.605
253          -1.15       -1.32618          -0.55
254          -1.21       -1.32573          -0.58
255          -1.21       -1.32527         -0.535
256          -1.21       -1.32482         -0.535
257          -1.09       -1.32391          -0.53
258          -1.22       -1.32351         -0.605
259          -1.21       -1.32308         -0.635
260          -1.45       -1.32356          -0.69
261          -1.31       -1.32351         -0.695
262          -1.36       -1.32365          -0.73
263          -1.41       -1.32398         -0.765
264          -1.43       -1.32438         -0.765
265          -1.35       -1.32447         -0.725
266          -1.36       -1.32461         -0.775
267          -1.39       -1.32485           -0.8
268          -1.39       -1.32509         -0.785
269          -1.35       -1.32519         -0.755
270          -1.39       -1.32542          -0.77
271          -1.31       -1.32537         -0.715
272          -1.25       -1.32509           -0.7
273           -1.4       -1.32536         -0.795
274          -1.39        -1.3256          -0.76
275          -1.38        -1.3258          -0.75
276          -1.51       -1.32646          -0.78
277          -1.57       -1.32734          -0.82
278          -1.57       -1.32821          -0.82
279          -1.43       -1.32857          -0.79
280          -1.59        -1.3295         -0.815
281          -1.54       -1.33025         -0.785
282          -1.56       -1.33106           -0.8
283          -1.48       -1.33158          -0.73
284          -1.35       -1.33165         -0.665
285          -1.31       -1.33157          -0.59
286          -1.55       -1.33233          -0.73
287           -1.6       -1.33326          -0.76
288          -1.47       -1.33374           -0.7
289          -1.38        -1.3339          -0.65
290          -1.37       -1.33402         -0.605
291           -1.4       -1.33425         -0.555
292           -1.3       -1.33413         -0.525
293          -1.34       -1.33415         -0.565
294          -1.26        -1.3339          -0.54
295          -1.27       -1.33368         -0.525
296          -1.38       -1.33384          -0.45
297           -1.3       -1.33372          -0.45
298           -1.3       -1.33361         -0.355
299          -1.14       -1.33297          -0.34
300          -1.11       -1.33223         -0.345
301          -1.13       -1.33156          -0.36
302          -1.19       -1.33109          -0.38
303          -1.18       -1.33059          -0.38
304          -1.02       -1.32957          -0.37
305          -1.15       -1.32899          -0.41
306          -1.04       -1.32805          -0.41
307          -1.11       -1.32734          -0.45
308          -0.97       -1.32618          -0.47
309          -1.05       -1.32529         -0.445
310          -1.02       -1.32431          -0.44
311          -1.12       -1.32365          -0.43
312          -1.06       -1.32281          -0.34
313          -1.22       -1.32248          -0.39
314          -1.27       -1.32232         -0.435
315          -1.33       -1.32234         -0.465
316          -1.34        -1.3224         -0.495
317          -1.21       -1.32204         -0.385
318          -1.09       -1.32132          -0.34
319           -1.2       -1.32094         -0.315
320          -1.28       -1.32081          -0.25
321          -1.18       -1.32037         -0.265
322          -1.14       -1.31981         -0.215
323          -1.15       -1.31929         -0.305
324           -1.1       -1.31862         -0.355
325          -1.14       -1.31807         -0.375
326          -1.29       -1.31798          -0.45
327          -1.15       -1.31747         -0.405
328          -1.29       -1.31739         -0.455
329          -1.21       -1.31706          -0.53
330           -1.2       -1.31671         -0.415
331          -0.97       -1.31566         -0.365
332          -1.06       -1.31489         -0.415
333          -1.22       -1.31461         -0.505
334          -1.29       -1.31454         -0.465
335          -1.18       -1.31414         -0.495
336           -1.2        -1.3138         -0.575
337          -1.22       -1.31352         -0.535
338          -1.27       -1.31339         -0.595
339          -1.27       -1.31326         -0.545
340          -1.31       -1.31326          -0.63
341          -1.35       -1.31336           -0.6
342          -1.44       -1.31373         -0.605
343          -1.37        -1.3139         -0.605
344          -1.42        -1.3142         -0.625
345          -1.37       -1.31436         -0.625
346          -1.45       -1.31476         -0.695
347          -1.25       -1.31457         -0.585
348          -1.31       -1.31456          -0.64
349          -1.37       -1.31471          -0.68
350           -1.3       -1.31467         -0.675
351           -1.3       -1.31463         -0.595
352          -1.31       -1.31462         -0.615
353          -1.44       -1.31497         -0.665
354          -1.38       -1.31515         -0.655
355          -1.33        -1.3152          -0.68
356          -1.25       -1.31501         -0.655
357          -1.34       -1.31508          -0.72
358          -1.23       -1.31485         -0.665
359          -1.42       -1.31514         -0.705
360          -1.37       -1.31529          -0.65
361          -1.27       -1.31517          -0.63
362           -1.3       -1.31512         -0.645
363          -1.34       -1.31519          -0.66
364          -1.42       -1.31548         -0.695
365          -1.34       -1.31555         -0.665
366          -1.27       -1.31542         -0.635
367           -1.2       -1.31511         -0.615
368          -1.26       -1.31496          -0.66
369          -1.14       -1.31449          -0.64
370          -1.31       -1.31447         -0.735
371          -1.35       -1.31457          -0.76
372          -1.42       -1.31485          -0.79
373          -1.41       -1.31511         -0.785
374          -1.52       -1.31565         -0.835
375           -1.4       -1.31588          -0.78
376          -1.45       -1.31623         -0.775
377          -1.56       -1.31688         -0.815
378          -1.37       -1.31702          -0.77
379          -1.38       -1.31718          -0.73
380          -1.45       -1.31753          -0.75
381          -1.48       -1.31796           -0.8
382          -1.53       -1.31851          -0.81
383          -1.46       -1.31888         -0.775
384          -1.28       -1.31878          -0.65
385          -1.26       -1.31863         -0.605
386          -1.23        -1.3184          -0.56
387          -1.25       -1.31822         -0.605
388          -1.33       -1.31825         -0.575
389          -1.25       -1.31808           -0.6
390          -1.19       -1.31775         -0.585
391          -1.33       -1.31778         -0.595
392           -1.3       -1.31774          -0.65
393          -1.41       -1.31797          -0.72
394          -1.35       -1.31805         -0.715
395          -1.34       -1.31811          -0.71
396          -1.34       -1.31816          -0.67
397          -1.29       -1.31809         -0.655
398          -1.34       -1.31815          -0.63
399          -1.39       -1.31833           -0.7
400          -1.37       -1.31845          -0.72
401          -1.36       -1.31856         -0.735
402          -1.36       -1.31866           -0.7
403          -1.31       -1.31864         -0.675
404          -1.27       -1.31852          -0.63
405          -1.15        -1.3181         -0.535
406          -1.27       -1.31799          -0.58
407          -1.34       -1.31804         -0.605
408          -1.25       -1.31787         -0.575
409          -1.24       -1.31768         -0.555
410          -1.27       -1.31757         -0.625
411          -1.39       -1.31774          -0.69
412          -1.42       -1.31799         -0.725
413          -1.45       -1.31831          -0.69
414          -1.31       -1.31829         -0.675
415          -1.38       -1.31844          -0.64
416          -1.33       -1.31847          -0.64
417          -1.31       -1.31844          -0.67
418          -1.41       -1.31866         -0.685
419          -1.46         -1.319          -0.72
420          -1.42       -1.31924          -0.75
421           -1.4       -1.31943          -0.71
422          -1.39        -1.3196         -0.655
423          -1.42       -1.31983         -0.665
424          -1.33       -1.31986         -0.635
425          -1.32       -1.31986         -0.525
426          -1.41       -1.32007          -0.59
427          -1.39       -1.32023         -0.555
428          -1.44       -1.32051          -0.54
429          -1.39       -1.32067         -0.625
430          -1.33        -1.3207         -0.605
431          -1.27       -1.32058         -0.615
432          -1.31       -1.32055         -0.595
433           -1.5       -1.32097         -0.715
434          -1.47       -1.32131          -0.74
435          -1.56       -1.32186           -0.8
436          -1.51       -1.32229         -0.795
437          -1.45       -1.32258         -0.765
438          -1.42        -1.3228         -0.715
439          -1.39       -1.32295         -0.735
440          -1.44       -1.32322         -0.745
441          -1.39       -1.32337          -0.75
442          -1.44       -1.32363          -0.76
443          -1.41       -1.32383          -0.77
444          -1.49        -1.3242          -0.78
445          -1.39       -1.32435          -0.77
446          -1.39        -1.3245         -0.745
447          -1.35       -1.32455         -0.715
448          -1.33       -1.32457         -0.745
449          -1.41       -1.32476          -0.74
450          -1.39        -1.3249          -0.74
451          -1.33       -1.32491         -0.665
452          -1.42       -1.32512         -0.675
453           -1.4       -1.32529         -0.695
454          -1.36       -1.32536         -0.655
455          -1.43       -1.32559         -0.715
456          -1.33        -1.3256         -0.625
457          -1.25       -1.32544          -0.64
458          -1.32       -1.32542           -0.6
459          -1.47       -1.32574         -0.665
460          -1.39       -1.32588         -0.615
461          -1.39       -1.32602          -0.57
462          -1.36       -1.32609         -0.565
463           -1.4       -1.32625         -0.515
464          -1.35        -1.3263         -0.505
465          -1.35       -1.32635         -0.485
466          -1.33       -1.32636          -0.51
467          -1.31       -1.32632         -0.575
468          -1.36        -1.3264         -0.655
469          -1.29       -1.32632         -0.605
470          -1.17       -1.32599         -0.585
471          -1.24       -1.32581         -0.615
472          -1.19       -1.32552         -0.575
473          -1.33       -1.32553         -0.595
474          -1.39       -1.32566         -0.615
475          -1.28       -1.32557          -0.64
476          -1.23       -1.32537           -0.6
477           -1.3       -1.32531         -0.645
478          -1.32        -1.3253          -0.62
479           -1.2       -1.32504         -0.575
480          -1.15       -1.32468         -0.525
481          -1.17       -1.32436         -0.615
482          -1.21       -1.32412         -0.665
483          -1.33       -1.32413         -0.685
484          -1.37       -1.32423         -0.715
485          -1.42       -1.32442          -0.67
486          -1.39       -1.32456          -0.62
487          -1.39       -1.32469          -0.68
488          -1.41       -1.32487          -0.65
489          -1.31       -1.32484         -0.625
490          -1.36       -1.32491         -0.685
491           -1.4       -1.32506          -0.68
492          -1.35       -1.32511         -0.655
493          -1.33       -1.32512          -0.66
494          -1.33       -1.32513         -0.675
495          -1.23       -1.32494          -0.61
496           -1.4       -1.32509          -0.68
497          -1.39       -1.32522         -0.675
498          -1.39       -1.32535         -0.715
499          -1.49       -1.32568         -0.685
500          -1.46       -1.32595          -0.66
501          -1.51       -1.32631         -0.695
502          -1.32        -1.3263         -0.625
503          -1.44       -1.32653         -0.655
504          -1.39       -1.32665           -0.7
505          -1.35        -1.3267         -0.645
506          -1.39       -1.32682         -0.685
507          -1.33       -1.32683         -0.635
508          -1.45       -1.32707         -0.675
509          -1.36       -1.32714         -0.635
510          -1.28       -1.32705         -0.645
511          -1.24       -1.32688           -0.6
512           -1.2       -1.32663         -0.615
513          -1.31        -1.3266          -0.64
514          -1.31       -1.32656          -0.58
515          -1.23       -1.32638           -0.5
516          -1.22       -1.32617          -0.49
517          -1.16       -1.32585          -0.49
518          -1.09       -1.32539          -0.47
519          -1.14       -1.32504         -0.435
520          -1.12       -1.32464         -0.495
521          -1.09        -1.3242         -0.455
522          -1.14       -1.32384          -0.49
523          -1.03       -1.32328         -0.475
524          -1.08       -1.32282         -0.525
525          -1.21        -1.3226         -0.515
526          -1.26       -1.32249          -0.55
527          -1.24       -1.32233         -0.635
528          -1.24       -1.32217         -0.605
529          -1.25       -1.32204         -0.645
530          -1.31       -1.32202          -0.72
531          -1.33       -1.32203          -0.72
532          -1.39       -1.32216         -0.765
533          -1.41       -1.32232         -0.745
534           -1.4       -1.32247         -0.775
535          -1.44       -1.32269         -0.795
536          -1.34       -1.32272          -0.74
537           -1.4       -1.32286          -0.71
538          -1.39       -1.32299         -0.705
539          -1.43       -1.32319          -0.73
540          -1.35       -1.32323          -0.75
541          -1.51       -1.32358         -0.785
542          -1.37       -1.32366         -0.725
543          -1.39       -1.32379         -0.735
544          -1.48       -1.32407         -0.755
545          -1.33       -1.32408          -0.69
546          -1.34       -1.32411          -0.71
547          -1.26         -1.324         -0.675
548          -1.14       -1.32366         -0.615
549          -1.14       -1.32333           -0.6
550           -1.1       -1.32292          -0.53
551          -1.24       -1.32277         -0.475
552          -1.07       -1.32231         -0.355
553          -0.92       -1.32159         -0.335
554           -1.1       -1.32119         -0.425
555          -1.21       -1.32099         -0.535
556          -1.28       -1.32092         -0.495
557          -1.16       -1.32063         -0.495
558           -1.2       -1.32041          -0.48
559          -1.19       -1.32018          -0.41
560           -1.3       -1.32014         -0.435
561          -1.32       -1.32014         -0.475
562          -1.38       -1.32025         -0.455
563          -1.27       -1.32016         -0.435
564           -1.2       -1.31995         -0.435
565          -1.17       -1.31968         -0.375
566          -1.18       -1.31944          -0.35
567          -1.26       -1.31933          -0.35
568          -1.25       -1.31921          -0.35
569          -1.28       -1.31914          -0.38
570          -1.28       -1.31907         -0.375
571          -1.32       -1.31907          -0.41
572          -1.23       -1.31892         -0.455
573          -1.19       -1.31869          -0.47
574          -1.16       -1.31842          -0.37
575          -1.21       -1.31823         -0.455
576          -1.13        -1.3179          -0.47
577          -1.17       -1.31765         -0.505
578          -1.11       -1.31729         -0.495
579          -1.14       -1.31698          -0.47
580          -1.01       -1.31645         -0.515
581          -1.09       -1.31607          -0.51
582          -1.09       -1.31568         -0.515
583          -1.25       -1.31557          -0.57
584          -1.28        -1.3155         -0.555
585          -1.24       -1.31538         -0.535
586          -1.19       -1.31516         -0.535
587          -1.24       -1.31503         -0.545
588          -1.26       -1.31494          -0.61
589          -1.29        -1.3149         -0.645
590          -1.21       -1.31472          -0.62
591          -1.11       -1.31438          -0.58
592          -1.21        -1.3142         -0.595
593          -1.35       -1.31426         -0.685
594          -1.43       -1.31445         -0.775
595          -1.44       -1.31466           -0.8
596          -1.46       -1.31491          -0.79
597          -1.47       -1.31517           -0.8
598          -1.38       -1.31528         -0.765
599          -1.46       -1.31552          -0.79
600          -1.52       -1.31586         -0.805
601          -1.57       -1.31628          -0.85
602          -1.66       -1.31685          -0.89
603          -1.69       -1.31747         -0.905
604          -1.47       -1.31772         -0.815
605          -1.48       -1.31799         -0.815
606          -1.47       -1.31824         -0.835
607          -1.46       -1.31847          -0.81
608          -1.51       -1.31878          -0.83
609          -1.52       -1.31911         -0.765
610          -1.49       -1.31939          -0.75
611          -1.36       -1.31946          -0.74
612          -1.48       -1.31972          -0.81
613           -1.6       -1.32018         -0.855
614          -1.53       -1.32052         -0.835
615          -1.48       -1.32078         -0.805
616          -1.41       -1.32092         -0.775
617          -1.47       -1.32117         -0.805
618           -1.3       -1.32113         -0.745
619          -1.35       -1.32118          -0.73
620          -1.28       -1.32111         -0.675
621           -1.3       -1.32108         -0.715
622          -1.38       -1.32117         -0.695
623          -1.36       -1.32123          -0.67
624          -1.35       -1.32128         -0.645
625          -1.24       -1.32115          -0.63
626          -1.21       -1.32097         -0.635
627          -1.25       -1.32086          -0.58
628          -1.19       -1.32065           -0.6
629          -1.25       -1.32054          -0.66
630          -1.23        -1.3204           -0.6
631          -1.25       -1.32028           -0.6
632          -1.35       -1.32033         -0.645
633          -1.43        -1.3205          -0.66
634          -1.47       -1.32074         -0.685
635          -1.42        -1.3209         -0.645
636           -1.4       -1.32102          -0.62
637          -1.46       -1.32124         -0.685
638          -1.38       -1.32133         -0.705
639          -1.35       -1.32137         -0.695
640           -1.2       -1.32119         -0.595
641          -1.27       -1.32111         -0.635
642           -1.3       -1.32107          -0.71
643          -1.29       -1.32102          -0.65
644          -1.37        -1.3211           -0.7
645          -1.34       -1.32113          -0.74
646          -1.42       -1.32128          -0.76
647          -1.44       -1.32147          -0.76
648           -1.6        -1.3219          -0.85
649          -1.47       -1.32212         -0.815
650          -1.38       -1.32221         -0.755
651          -1.37       -1.32229           -0.7
652          -1.37       -1.32236         -0.745
653          -1.47       -1.32258         -0.765
654          -1.42       -1.32273          -0.72
655          -1.47       -1.32296         -0.755
656           -1.4       -1.32307         -0.705
657          -1.37       -1.32315          -0.69
658          -1.22       -1.32299          -0.66
659          -1.28       -1.32292         -0.635
660          -1.26       -1.32283          -0.71
661          -1.24        -1.3227          -0.72
662          -1.34       -1.32273         -0.715
663          -1.35       -1.32277          -0.72
664          -1.47       -1.32299          -0.78
665          -1.37       -1.32306          -0.74
666          -1.41       -1.32319          -0.73
667          -1.45       -1.32338         -0.725
668          -1.37       -1.32345          -0.65
669          -1.39       -1.32355          -0.65
670           -1.4       -1.32367           -0.7
671          -1.35       -1.32371         -0.665
672          -1.25        -1.3236          -0.61
673          -1.22       -1.32344          -0.55
674          -1.25       -1.32333          -0.48
675          -1.28       -1.32327          -0.46
676          -1.22       -1.32312          -0.41
677          -1.17       -1.32289          -0.38
678          -1.21       -1.32272         -0.335
679          -1.21       -1.32256          -0.33
680          -1.06       -1.32217          -0.26
681          -1.23       -1.32204         -0.175
682          -1.12       -1.32174         -0.185
683          -1.08       -1.32139         -0.215
684          -1.16       -1.32115         -0.185
685          -1.12       -1.32086         -0.185
686          -1.13       -1.32058          -0.16
687           -1.1       -1.32026         -0.165
688          -1.17       -1.32004          -0.19
689          -1.25       -1.31994         -0.215
690          -1.22        -1.3198         -0.295
691           -1.2       -1.31962         -0.285
692          -1.13       -1.31935         -0.255
693          -1.21       -1.31919           -0.2
694          -1.25       -1.31909         -0.145
695          -1.12       -1.31881         -0.145
696          -1.05       -1.31842          -0.12
697          -1.26       -1.31834         -0.235
698          -1.11       -1.31804          -0.23
699          -1.16       -1.31781           -0.3
700          -1.28       -1.31776         -0.285
701          -1.21       -1.31761         -0.295
702          -1.13       -1.31734          -0.26
703          -1.15        -1.3171          -0.21
704          -1.16       -1.31688          -0.17
705          -1.16       -1.31666         -0.175
706          -1.22       -1.31652          -0.21
707          -1.16        -1.3163           -0.2
708          -1.22       -1.31616          -0.13
709          -1.06        -1.3158         -0.075
710          -1.05       -1.31543          0.035
711             -1       -1.31499          -0.01
712          -1.11        -1.3147          -0.15
713          -1.19       -1.31452         -0.105
714          -1.23       -1.31441         -0.185
715          -1.19       -1.31423          -0.19
716          -1.12       -1.31396          -0.17
717          -1.08       -1.31364         -0.245
718           -1.3       -1.31362         -0.245
719          -1.19       -1.31344         -0.275
720          -1.27       -1.31338         -0.255
721          -1.23       -1.31327         -0.245
722          -1.22       -1.31314          -0.22
723          -1.32       -1.31315          -0.24
724          -1.11       -1.31287         -0.135
725          -1.15       -1.31264         -0.185
726           -1.1       -1.31235           -0.2
727          -1.14       -1.31212          -0.24
728          -0.98       -1.31166         -0.165
729          -0.84       -1.31101         -0.145
730           -0.9       -1.31045         -0.185
731          -0.99       -1.31001           -0.1
732          -1.16       -1.30981          -0.01
733          -1.16        -1.3096          -0.12
734          -1.07       -1.30928         -0.175
735          -1.14       -1.30905          -0.15
736          -1.12       -1.30879         -0.265
737           -1.1       -1.30851         -0.285
738          -1.24       -1.30842          -0.35
739          -1.16       -1.30822          -0.32
740          -1.14       -1.30799         -0.445
741          -1.22       -1.30787          -0.38
742          -1.27       -1.30782           -0.4
743          -1.22        -1.3077          -0.48
744          -1.18       -1.30753           -0.5
745           -1.1       -1.30725          -0.47
746          -1.12         -1.307          -0.49
747           -1.1       -1.30672           -0.6
748          -1.16       -1.30653          -0.66
749          -1.34       -1.30657          -0.75
750          -1.45       -1.30676          -0.78
751          -1.54       -1.30707         -0.835
752          -1.52       -1.30736         -0.825
753           -1.5       -1.30761         -0.805
754          -1.44       -1.30779         -0.745
755          -1.41       -1.30792         -0.715
756          -1.43       -1.30808         -0.735
757          -1.28       -1.30805          -0.69
758          -1.49       -1.30829         -0.745
759          -1.38       -1.30838         -0.735
760          -1.37       -1.30846         -0.735
761          -1.37       -1.30854         -0.705
762          -1.47       -1.30875         -0.745
763          -1.43       -1.30891         -0.655
764          -1.26       -1.30885         -0.635
765          -1.24       -1.30876          -0.61
766          -1.38       -1.30885          -0.67
767          -1.33       -1.30888         -0.645
768          -1.32       -1.30889         -0.575
769          -1.32       -1.30891          -0.64
770          -1.33       -1.30894         -0.655
771          -1.32       -1.30895         -0.565
772          -1.35         -1.309           -0.6
773          -1.51       -1.30926         -0.695
774          -1.32       -1.30928          -0.61
775          -1.28       -1.30924           -0.6
776          -1.38       -1.30933         -0.665
777          -1.39       -1.30943          -0.63
778          -1.33       -1.30946          -0.63
779           -1.4       -1.30958         -0.615
780           -1.3       -1.30956         -0.565
781          -1.21       -1.30944          -0.57
782          -1.25       -1.30936          -0.54
783          -1.24       -1.30927          -0.56
784           -1.3       -1.30926         -0.645
785          -1.37       -1.30934          -0.67
786          -1.28        -1.3093           -0.6
787           -1.3       -1.30929          -0.59
788          -1.33       -1.30932          -0.56
789          -1.39       -1.30942         -0.585
790          -1.29       -1.30939         -0.515
791          -1.33       -1.30942         -0.515
792          -1.33       -1.30945          -0.54
793          -1.26       -1.30938         -0.545
794          -1.15       -1.30918          -0.54
795          -1.29       -1.30916         -0.525
796          -1.25       -1.30908          -0.52
797          -1.21       -1.30896         -0.565
798          -1.21       -1.30884         -0.595
799           -1.2        -1.3087         -0.615
800          -1.21       -1.30858         -0.565
801          -1.37       -1.30865          -0.59
802          -1.35        -1.3087         -0.665
803          -1.39       -1.30881          -0.74
804          -1.42       -1.30894          -0.76
805          -1.38       -1.30903          -0.76
806          -1.52       -1.30929         -0.805
807          -1.52       -1.30955          -0.81
808          -1.44       -1.30972         -0.755
809          -1.44       -1.30988         -0.775
810          -1.47       -1.31007         -0.815
811          -1.33        -1.3101         -0.755
812          -1.36       -1.31016          -0.77
813          -1.34        -1.3102          -0.76
814          -1.33       -1.31022          -0.73
815          -1.41       -1.31034          -0.75
816          -1.31       -1.31034         -0.695
817           -1.2       -1.31021          -0.64
818          -1.25       -1.31013         -0.685
819          -1.32       -1.31015          -0.71
820          -1.35       -1.31019          -0.73
821          -1.45       -1.31036         -0.765
822           -1.4       -1.31047         -0.725
823          -1.45       -1.31064         -0.755
824          -1.43       -1.31079          -0.76
825          -1.39       -1.31088         -0.735
826          -1.38       -1.31097          -0.65
827          -1.45       -1.31114          -0.72
828          -1.41       -1.31125          -0.69
829           -1.5       -1.31148          -0.74
830          -1.56       -1.31178         -0.755
831          -1.58        -1.3121         -0.805
832          -1.54       -1.31238         -0.775
833          -1.65       -1.31278          -0.84
834          -1.58        -1.3131          -0.84
835          -1.51       -1.31334         -0.805
836          -1.47       -1.31352          -0.78
837          -1.53       -1.31378         -0.815
838          -1.49       -1.31399         -0.785
839          -1.46       -1.31417          -0.78
840          -1.64       -1.31455          -0.83
841           -1.4       -1.31466          -0.73
842          -1.42       -1.31478         -0.755
843          -1.25        -1.3147         -0.705
844          -1.27       -1.31465           -0.7
845          -1.25       -1.31457          -0.62
846          -1.18       -1.31442         -0.625
847           -1.3        -1.3144          -0.63
848          -1.31       -1.31439         -0.645
849          -1.37       -1.31446         -0.675
850          -1.25       -1.31438         -0.665
851          -1.06       -1.31408         -0.605
852          -1.18       -1.31393          -0.59
853          -1.23       -1.31383          -0.61
854           -1.2        -1.3137         -0.585
855          -1.24       -1.31361          -0.59
856          -1.18       -1.31345         -0.555
857          -1.22       -1.31334         -0.565
858          -1.23       -1.31325         -0.575
859          -1.41       -1.31336          -0.69
860          -1.44       -1.31351           -0.7
861          -1.37       -1.31357         -0.715
862          -1.44       -1.31372         -0.735
863           -1.5       -1.31394         -0.735
864          -1.47       -1.31412         -0.725
865          -1.52       -1.31435         -0.755
866          -1.37       -1.31442         -0.705
867          -1.31       -1.31441          -0.64
868          -1.36       -1.31446         -0.625
869          -1.31       -1.31446         -0.605
870           -1.3       -1.31444         -0.595
871          -1.33       -1.31446           -0.6
872          -1.35        -1.3145          -0.66
873          -1.44       -1.31465         -0.655
874          -1.43       -1.31478          -0.64
875          -1.49       -1.31498         -0.715
876          -1.47       -1.31515         -0.685
877          -1.26       -1.31509          -0.58
878          -1.21       -1.31497         -0.575
879           -1.2       -1.31484         -0.555
880          -1.08       -1.31457         -0.535
881          -1.16        -1.3144         -0.585
882          -1.28       -1.31436         -0.505
883          -1.33       -1.31438          -0.56
884          -1.37       -1.31444          -0.58
885          -1.21       -1.31432          -0.53
886          -1.19       -1.31418          -0.53
887          -1.19       -1.31404          -0.53
888          -1.13       -1.31384         -0.465
889          -1.24       -1.31375           -0.5
890          -1.17       -1.31359          -0.45
891          -1.16       -1.31342         -0.505
892          -1.28       -1.31338         -0.595
893          -1.33        -1.3134          -0.63
894          -1.43       -1.31353         -0.665
895          -1.47       -1.31371           -0.7
896          -1.36       -1.31376         -0.595
897          -1.47       -1.31393         -0.665
898           -1.4       -1.31403         -0.625
899          -1.53       -1.31427         -0.725
900          -1.53       -1.31451          -0.74
901          -1.41       -1.31461         -0.665
902          -1.29       -1.31458         -0.645
903          -1.32       -1.31459         -0.625
904          -1.29       -1.31456          -0.61
905           -1.3       -1.31455          -0.58
906          -1.26       -1.31449         -0.605
907          -1.29       -1.31446          -0.63
908          -1.29       -1.31443          -0.68
909           -1.3       -1.31442         -0.685
910          -1.28       -1.31438         -0.665
911          -1.42        -1.3145          -0.69
912          -1.34       -1.31452          -0.71
913          -1.43       -1.31465          -0.76
914          -1.51       -1.31486          -0.77
915          -1.47       -1.31503          -0.76
916          -1.51       -1.31525         -0.765
917          -1.27        -1.3152          -0.69
918          -1.35       -1.31523          -0.72
919           -1.4       -1.31533          -0.69
920          -1.23       -1.31523         -0.695
921          -1.28        -1.3152         -0.705
922          -1.26       -1.31514          -0.71
923          -1.33       -1.31515          -0.71
924          -1.33       -1.31517         -0.775
925          -1.42       -1.31528           -0.8
926          -1.33        -1.3153         -0.755
927          -1.49       -1.31548          -0.82
928          -1.55       -1.31574          -0.81
929          -1.48       -1.31591         -0.805
930          -1.56       -1.31618          -0.84
931           -1.6       -1.31648          -0.86
932          -1.56       -1.31674          -0.82
933          -1.51       -1.31695         -0.815
934          -1.47       -1.31711         -0.795
935          -1.43       -1.31723         -0.825
936          -1.39       -1.31731          -0.77
937          -1.48       -1.31748         -0.815
938          -1.32       -1.31749         -0.705
939          -1.38       -1.31755         -0.745
940          -1.37       -1.31761         -0.715
941          -1.34       -1.31763          -0.73
942          -1.25       -1.31756         -0.675
943          -1.41       -1.31766           -0.7
944          -1.36        -1.3177          -0.72
945          -1.45       -1.31784         -0.795
946          -1.35       -1.31788          -0.76
947          -1.37       -1.31793         -0.725
948          -1.32       -1.31793         -0.735
949          -1.38         -1.318         -0.785
950          -1.34       -1.31802          -0.75
951          -1.34       -1.31805         -0.685
952          -1.24       -1.31796          -0.69
953          -1.25       -1.31789         -0.665
954          -1.38       -1.31796           -0.7
955           -1.2       -1.31783         -0.615
956          -1.17       -1.31768          -0.54
957           -1.2       -1.31756          -0.55
958          -1.16       -1.31739         -0.575
959          -1.07       -1.31714         -0.565
960          -1.19         -1.317          -0.63
961          -1.22        -1.3169         -0.635
962          -1.32       -1.31691          -0.69
963          -1.26       -1.31685         -0.685
964          -1.18        -1.3167          -0.64
965          -1.33       -1.31672          -0.68
966          -1.25       -1.31665           -0.7
967          -1.39       -1.31673         -0.775
968          -1.37       -1.31678         -0.755
969          -1.54       -1.31701         -0.805
970          -1.58       -1.31728           -0.8
971          -1.56       -1.31753           -0.8
972          -1.38        -1.3176         -0.745
973          -1.39       -1.31767          -0.67
974          -1.37       -1.31772         -0.665
975          -1.36       -1.31777          -0.66
976          -1.31       -1.31776          -0.63
977           -1.4       -1.31784          -0.62
978          -1.28        -1.3178         -0.585
979          -1.41        -1.3179         -0.635
980          -1.27       -1.31785          -0.61
981          -1.34       -1.31787          -0.61
982          -1.29       -1.31784         -0.625
983          -1.45       -1.31798         -0.745
984          -1.37       -1.31803          -0.71
985          -1.46       -1.31817          -0.74
986          -1.49       -1.31835          -0.76
987          -1.39       -1.31842         -0.685
988          -1.42       -1.31852         -0.685
989          -1.29       -1.31849         -0.665
990          -1.26       -1.31844          -0.65
991          -1.24       -1.31836          -0.64
992          -1.37       -1.31841          -0.66
993          -1.14       -1.31823          -0.56
994           -1.2       -1.31811          -0.55
995          -1.28       -1.31807         -0.595
996          -1.27       -1.31802         -0.635
997           -1.3       -1.31801          -0.68
998          -1.38       -1.31807         -0.705
999          -1.38       -1.31813          -0.68
1000          -1.44       -1.31825          -0.75
1001          -1.34       -1.31827           -0.7
1002          -1.27       -1.31823         -0.695
1003          -1.18       -1.31809         -0.625
1004          -1.33        -1.3181         -0.635
1005          -1.29       -1.31807         -0.675
1006          -1.35        -1.3181         -0.715
1007          -1.36       -1.31814           -0.7
1008          -1.27        -1.3181         -0.655
1009          -1.31       -1.31809          -0.64
1010          -1.26       -1.31803          -0.63
1011          -1.32       -1.31803          -0.66
1012          -1.28         -1.318           -0.7
1013          -1.37       -1.31805          -0.73
1014          -1.36       -1.31809         -0.755
1015           -1.2       -1.31797          -0.69
1016          -1.21       -1.31787          -0.69
1017          -1.37       -1.31792         -0.705
1018          -1.28       -1.31788         -0.655
1019          -1.34        -1.3179         -0.635
1020          -1.16       -1.31775         -0.615
1021           -1.2       -1.31763          -0.61
1022          -1.22       -1.31754         -0.605
1023          -1.33       -1.31755         -0.675
1024          -1.49       -1.31772          -0.75
1025          -1.39       -1.31779         -0.685
1026          -1.32       -1.31779         -0.675
1027          -1.36       -1.31783          -0.77
1028          -1.45       -1.31796           -0.8
1029          -1.44       -1.31808           -0.8
1030          -1.47       -1.31823          -0.82
1031          -1.42       -1.31832          -0.73
1032          -1.35       -1.31835          -0.68
1033          -1.25       -1.31829          -0.59
1034          -1.33        -1.3183          -0.65
1035           -1.3       -1.31828         -0.585
1036          -1.21       -1.31818         -0.605
1037          -1.28       -1.31814         -0.635
1038          -1.23       -1.31806         -0.545
1039          -1.19       -1.31793         -0.555
1040          -1.11       -1.31773          -0.52
1041          -1.15       -1.31757          -0.39
1042          -1.08       -1.31734          -0.32
1043           -1.1       -1.31714          -0.29
1044          -1.14       -1.31697         -0.335
1045          -1.12       -1.31678         -0.415
1046          -1.18       -1.31665         -0.455
1047          -1.22       -1.31656         -0.505
1048          -1.17       -1.31642         -0.495
1049          -1.25       -1.31635          -0.51
1050          -1.25       -1.31629          -0.58
1051           -1.2       -1.31618         -0.535
1052          -1.12       -1.31599         -0.485
1053           -1.1       -1.31579         -0.475
1054          -1.12        -1.3156         -0.465
1055          -1.05       -1.31535         -0.455
1056          -1.08       -1.31513         -0.445
1057          -1.13       -1.31495          -0.37
1058          -1.15        -1.3148         -0.365
1059          -1.25       -1.31474         -0.335
1060           -1.3       -1.31472          -0.36
1061          -1.26       -1.31467          -0.37
1062          -1.21       -1.31457          -0.41
1063          -1.12       -1.31439         -0.385
1064          -1.25       -1.31433         -0.365
1065          -1.14       -1.31417          -0.28
1066          -1.05       -1.31392         -0.235
1067          -1.16       -1.31377          -0.24
1068           -1.1       -1.31357         -0.175
1069          -1.13        -1.3134         -0.155
1070          -1.07       -1.31317          -0.04
1071           -1.1       -1.31298          -0.07
1072          -1.18       -1.31285          -0.08
1073          -1.16       -1.31271         -0.075
1074          -1.15       -1.31256         -0.015
1075          -1.16       -1.31242          -0.01
1076          -1.06       -1.31218          -0.02
1077          -1.08       -1.31197         -0.115
1078          -1.24        -1.3119          -0.18
1079          -1.09       -1.31169         -0.115
1080          -1.18       -1.31157         -0.115
1081          -1.11       -1.31139          -0.08
1082             -1        -1.3111         -0.155
1083          -1.11       -1.31091         -0.285
1084          -1.03       -1.31065         -0.185
1085          -1.09       -1.31045         -0.205
1086          -1.09       -1.31025          -0.18
1087          -1.14       -1.31009          -0.12
1088          -1.23       -1.31002         -0.165
1089          -1.27       -1.30998         -0.255
1090          -1.23       -1.30991          -0.15
1091          -1.12       -1.30973          -0.11
1092          -1.17       -1.30961          -0.09
1093          -1.12       -1.30943         -0.105
1094          -1.06       -1.30921         -0.105
1095          -0.99       -1.30891         -0.045
1096          -1.12       -1.30874          -0.01
1097          -1.12       -1.30857          0.115
1098          -1.05       -1.30833          0.115
1099          -1.05        -1.3081          0.075
1100          -0.96       -1.30778          0.055
1101          -0.88        -1.3074         -0.025
1102          -1.01       -1.30713          0.085
1103          -1.06        -1.3069          0.085
1104          -0.92       -1.30655          0.115
1105          -1.08       -1.30635          0.145
1106          -1.11       -1.30617          0.115
1107          -0.99       -1.30588           0.12
1108          -1.04       -1.30564           0.15
1109           -1.1       -1.30546          0.145
1110          -1.08       -1.30526          0.125
1111          -0.92       -1.30491           0.12
1112          -1.12       -1.30474          0.195
1113           -1.1       -1.30456          0.215
1114          -1.16       -1.30443           0.23
1115          -1.15       -1.30429          0.315
1116          -1.05       -1.30406            0.3
1117           -1.1       -1.30388          0.325
1118          -1.16       -1.30375          0.435
1119          -1.14       -1.30361          0.485
1120          -1.29        -1.3036          0.545
1121          -1.21       -1.30351          0.555
1122          -1.28       -1.30349          0.525
1123          -1.25       -1.30344          0.535
1124          -1.32       -1.30346          0.535
1125          -1.33       -1.30348           0.55
1126           -1.2       -1.30339           0.51
1127          -1.23       -1.30332          0.525
1128          -1.34       -1.30336          0.555
1129          -1.23       -1.30329          0.505
1130           -1.2        -1.3032          0.475
1131           -1.2       -1.30311          0.485
1132          -1.19       -1.30301           0.41
1133          -1.14       -1.30287           0.37
1134          -1.25       -1.30282           0.45
1135          -1.36       -1.30287          0.465
1136          -1.23       -1.30281           0.49
1137          -1.08       -1.30261          0.415
1138          -1.23       -1.30255          0.425
1139          -1.17       -1.30243          0.375
1140          -1.28       -1.30241           0.49
1141          -1.15       -1.30228           0.48
1142          -1.13       -1.30213          0.555
1143          -1.08       -1.30193          0.555
1144           -1.3       -1.30193          0.645
1145          -1.18       -1.30182           0.54
1146          -1.22       -1.30175          0.605
1147          -1.17       -1.30164          0.585
1148          -1.22       -1.30157           0.57
1149          -1.32       -1.30158          0.665
1150           -1.3       -1.30158          0.685
1151          -1.13       -1.30143           0.59
1152          -1.07       -1.30123           0.53
1153          -1.16       -1.30111          0.535
1154          -1.11       -1.30094          0.535
1155          -1.14        -1.3008          0.465
1156          -1.07       -1.30061          0.455
1157          -1.21       -1.30053          0.345
1158          -1.19       -1.30043          0.405
1159          -1.06       -1.30022          0.315
1160          -1.18       -1.30012           0.37
1161          -1.12       -1.29997           0.31
1162          -1.24       -1.29991           0.31
1163           -1.2       -1.29983           0.36
1164          -1.24       -1.29978          0.365
1165          -1.09        -1.2996          0.255
1166          -1.11       -1.29943           0.22
1167          -0.88       -1.29908           0.13
1168          -1.12       -1.29892          0.115
1169          -0.98       -1.29865           0.06
1170           -0.9       -1.29831          0.065
1171          -0.83       -1.29791           0.12
1172          -1.04       -1.29769          0.135
1173          -1.06       -1.29749          0.155
1174          -1.02       -1.29725          0.165
1175          -1.08       -1.29707           0.13
1176          -0.98        -1.2968          0.045
1177          -1.09       -1.29662           0.06
1178          -1.01       -1.29638          0.035
1179          -0.99       -1.29612         -0.015
1180          -1.21       -1.29605         -0.005
1181          -1.02       -1.29581          0.005
1182          -1.05        -1.2956          0.045
1183          -1.01       -1.29536            0.1
1184          -0.95       -1.29507          0.135
1185          -1.04       -1.29486           0.24
1186          -1.04       -1.29464          0.305
1187          -1.18       -1.29455           0.31
1188          -1.23       -1.29449          0.325
1189           -1.2       -1.29441           0.38
1190          -1.03       -1.29419           0.33
1191          -1.11       -1.29404          0.345
1192          -1.11       -1.29388          0.315
1193          -1.11       -1.29373          0.345
1194          -1.13       -1.29359           0.33
1195          -1.02       -1.29336           0.29
1196          -1.15       -1.29324          0.185
1197          -1.23       -1.29319          0.145
1198           -1.1       -1.29303           0.17
1199          -1.13       -1.29289           0.14
1200           -1.2       -1.29281           0.09
1201          -1.18       -1.29272          0.155
1202          -1.18       -1.29263           0.14
1203           -1.1       -1.29247           0.17
1204          -1.06       -1.29227           0.12
1205          -1.16       -1.29216          0.105
1206          -1.07       -1.29198           0.17
1207           -1.1       -1.29182           0.04
1208           -0.9        -1.2915          0.045
1209             -1       -1.29126           0.05
1210          -0.95       -1.29097          0.045
1211          -1.07       -1.29079           0.13
1212          -1.13       -1.29066           0.18
1213             -1       -1.29042           0.19
1214          -1.04       -1.29021          0.115
1215          -1.08       -1.29004            0.2
1216          -1.04       -1.28984           0.11
1217          -1.06       -1.28965          0.145
1218          -0.91       -1.28934          0.065
1219          -1.08       -1.28916           0.07
1220          -1.07       -1.28898          0.125
1221          -1.16       -1.28888           0.16
1222          -1.21       -1.28881          0.105
1223          -1.21       -1.28875           0.04
1224          -1.26       -1.28873           0.01
1225          -1.19       -1.28865         -0.025
1226           -1.2       -1.28857          0.005
1227          -1.26       -1.28855          -0.04
1228          -1.19       -1.28847          -0.02
1229          -1.27       -1.28846          -0.06
1230          -1.19       -1.28838         -0.075
1231          -1.22       -1.28832          -0.12
1232          -1.19       -1.28824          -0.03
1233          -1.29       -1.28824         -0.015
1234          -1.26       -1.28822          -0.15
1235           -1.2       -1.28815          -0.14
1236          -1.27       -1.28813         -0.125
1237          -1.06       -1.28795          -0.08
1238             -1       -1.28772         -0.045
1239          -0.98       -1.28747         -0.025
1240          -0.97       -1.28721           0.03
1241          -0.92       -1.28692         -0.015
1242          -1.01       -1.28669         -0.075
1243          -1.11       -1.28655          -0.09
1244          -0.93       -1.28627          -0.08
1245          -1.02       -1.28605         -0.065
1246          -1.13       -1.28593           -0.1
1247          -1.14       -1.28581          -0.02
1248          -1.07       -1.28564          -0.07
1249           -1.2       -1.28557          -0.04
1250           -1.2        -1.2855           0.04
1251          -1.22       -1.28545          0.025
1252          -1.18       -1.28536          0.025
1253          -1.23       -1.28532         -0.085
1254          -1.17       -1.28523         -0.165
1255          -1.09       -1.28507         -0.085
1256          -0.98       -1.28483           0.01
1257          -0.98       -1.28459           0.08
1258          -1.08       -1.28442           0.06
1259          -1.15       -1.28432          -0.06
1260           -1.2       -1.28425          0.015
1261          -1.11       -1.28411         -0.015
1262          -1.16       -1.28401         -0.095
1263          -1.22       -1.28396         -0.125
1264          -1.28       -1.28396          -0.17
1265          -1.21        -1.2839         -0.125
1266          -1.16        -1.2838          -0.05
1267          -1.19       -1.28373          -0.08
1268          -1.16       -1.28363         -0.045
1269          -1.16       -1.28354          0.015
1270          -1.12       -1.28341          0.035
1271          -1.11       -1.28327            0.1
1272          -1.03       -1.28307           0.04
1273          -1.08       -1.28291           0.01
1274          -0.97       -1.28267         -0.085
1275          -0.95       -1.28241         -0.055
1276           -1.1       -1.28226           0.04
1277          -1.15       -1.28216         -0.005
1278          -1.27       -1.28215           0.08
1279          -1.26       -1.28213           0.08
1280           -1.2       -1.28207          0.175
1281          -1.12       -1.28194           0.17
1282          -1.12       -1.28182          0.205
1283          -1.15       -1.28171          0.235
1284          -1.19       -1.28164          0.265
1285          -1.14       -1.28153            0.2
1286          -1.18       -1.28145          0.175
1287          -1.19       -1.28138          0.155
1288          -1.31        -1.2814           0.24
1289          -1.34       -1.28145          0.295
1290          -1.41       -1.28155          0.355
1291          -1.25       -1.28152          0.345
1292          -1.12        -1.2814          0.325
1293          -1.15        -1.2813           0.28
1294          -1.03        -1.2811          0.225
1295          -1.13       -1.28099          0.175
1296          -1.15       -1.28089          0.165
1297          -1.16       -1.28079          0.225
1298          -1.11       -1.28066          0.215
1299          -0.97       -1.28042          0.185
1300          -0.98       -1.28019           0.36
1301          -0.97       -1.27995          0.405
1302          -1.02       -1.27975          0.375
1303          -1.09       -1.27961           0.38
1304          -1.23       -1.27957           0.43
1305          -1.39       -1.27966           0.42
1306          -1.31       -1.27968           0.38
1307          -1.23       -1.27964            0.4
1308          -1.17       -1.27956            0.4
1309          -1.18       -1.27948           0.36
1310          -1.28       -1.27948          0.375
1311          -1.23       -1.27944          0.305
1312          -1.22        -1.2794          0.275
1313          -1.18       -1.27932           0.27
1314          -1.13       -1.27921          0.335
1315          -1.13        -1.2791            0.3
1316           -1.3       -1.27911          0.265
1317          -1.17       -1.27903          0.205
1318          -1.32       -1.27906          0.285
1319          -1.25       -1.27904           0.28
1320          -1.17       -1.27896          0.245
1321          -1.26       -1.27894          0.215
1322          -1.23        -1.2789           0.17
1323          -1.32       -1.27894          0.225
1324          -1.32       -1.27897          0.225
1325          -1.15       -1.27887           0.28
1326          -1.18       -1.27879           0.39
1327          -1.18       -1.27872           0.41
1328          -1.33       -1.27876           0.39
1329          -1.21       -1.27871           0.38
1330          -1.19       -1.27864          0.365
1331          -1.14       -1.27854          0.385
1332          -1.18       -1.27846           0.38
1333          -1.22       -1.27842          0.375
1334          -1.26        -1.2784          0.365
1335          -1.12       -1.27829           0.28
1336          -1.19       -1.27822          0.375
1337           -1.2       -1.27816          0.385
1338          -1.21       -1.27811          0.385
1339          -1.18       -1.27804           0.36
1340          -1.08       -1.27789           0.38
1341          -1.11       -1.27776           0.31
1342          -1.18       -1.27769           0.36
1343          -1.15        -1.2776          0.325
1344          -1.11       -1.27747           0.41
1345          -0.97       -1.27724           0.33
1346          -0.91       -1.27697          0.265
1347          -0.95       -1.27673           0.26
1348             -1       -1.27652           0.16
1349          -1.08       -1.27638           0.19
1350          -1.15       -1.27628          0.175
1351          -1.13       -1.27618          0.215
1352          -1.09       -1.27604           0.17
1353          -1.07       -1.27589          0.095
1354          -1.06       -1.27573          0.075
1355          -1.14       -1.27563              0
1356          -1.23       -1.27559          -0.12
1357          -1.22       -1.27555          -0.09
1358          -1.17       -1.27547          -0.04
1359          -1.26       -1.27546         -0.075
1360          -1.23       -1.27543         -0.115
1361          -1.13       -1.27532         -0.105
1362          -1.13       -1.27522          -0.22
1363          -1.17       -1.27514         -0.125
1364          -1.24       -1.27511          -0.08
1365          -1.19       -1.27505          -0.11
1366          -1.12       -1.27494          -0.13
1367          -1.17       -1.27486          -0.07
1368          -1.12       -1.27475         -0.095
1369           -1.3       -1.27477          -0.15
1370          -1.22       -1.27473         -0.255
1371          -1.16       -1.27464          -0.28
1372          -1.08        -1.2745          -0.25
1373          -1.09       -1.27437           -0.2
1374          -0.98       -1.27415         -0.215
1375          -0.98       -1.27394         -0.205
1376          -1.08        -1.2738         -0.275
1377          -1.05       -1.27364         -0.255
1378          -1.09        -1.2735          -0.29
1379          -1.14       -1.27341         -0.245
1380          -1.18       -1.27334         -0.245
1381          -1.14       -1.27324          -0.31
1382          -1.11       -1.27312          -0.23
1383          -1.07       -1.27298          -0.19
1384          -1.14       -1.27288          -0.21
1385           -1.1       -1.27276         -0.185
1386          -1.14       -1.27266          -0.13
1387          -1.09       -1.27253         -0.165
1388          -1.11       -1.27241          -0.17
1389          -0.97       -1.27219         -0.075
1390          -0.92       -1.27194          -0.04
1391           -0.9       -1.27167          -0.06
1392          -1.11       -1.27156         -0.035
1393          -1.07       -1.27141          -0.11
1394          -1.09       -1.27128          -0.12
1395          -1.18       -1.27122          -0.15
1396           -0.9       -1.27095          -0.16
1397          -1.06        -1.2708          -0.08
1398          -1.01       -1.27061          -0.08
1399          -0.86       -1.27032          -0.16
1400          -0.94       -1.27009          -0.14
1401          -0.99       -1.26989          -0.21
1402          -0.95       -1.26966          -0.22
1403          -1.07       -1.26952         -0.265
1404          -1.03       -1.26935         -0.215
1405          -1.05       -1.26919         -0.275
1406          -1.01         -1.269          -0.19
1407             -1       -1.26881          -0.14
1408          -1.18       -1.26875          -0.18
1409          -1.04       -1.26859         -0.145
1410          -1.19       -1.26853         -0.185
1411          -1.18       -1.26847          -0.15
1412          -1.19       -1.26841          -0.25
1413          -1.01       -1.26823         -0.265
1414          -1.11       -1.26812         -0.355
1415          -1.07       -1.26798         -0.325
1416          -1.14       -1.26789         -0.295
1417           -1.2       -1.26784         -0.325
1418          -1.19       -1.26779          -0.26
1419          -1.18       -1.26773          -0.29
1420          -1.23        -1.2677           -0.3
1421          -1.12       -1.26759          -0.38
1422           -1.1       -1.26748           -0.4
1423          -1.18       -1.26742          -0.47
1424          -1.29       -1.26743          -0.46
1425          -1.35       -1.26749          -0.51
1426          -1.26       -1.26748         -0.525
1427          -1.21       -1.26744          -0.45
1428          -1.19       -1.26739         -0.465
1429          -1.11       -1.26728         -0.435
1430           -1.1       -1.26716          -0.43
1431          -1.12       -1.26706          -0.38
1432          -1.08       -1.26693         -0.415
1433          -1.14       -1.26684         -0.335
1434          -1.19       -1.26679          -0.36
1435          -1.02       -1.26662          -0.32
1436          -1.01       -1.26644         -0.355
1437          -1.16       -1.26636          -0.34
1438          -1.13       -1.26627         -0.385
1439          -1.22       -1.26624         -0.305
1440          -1.12       -1.26613         -0.285
1441          -1.18       -1.26607          -0.26
1442           -1.1       -1.26596         -0.335
1443          -1.07       -1.26582           -0.3
1444          -1.06       -1.26568         -0.385
1445          -1.15        -1.2656         -0.355
1446          -1.16       -1.26553         -0.335
1447          -1.12       -1.26543          -0.33
1448          -1.23        -1.2654          -0.37
1449          -1.13       -1.26531          -0.33
1450          -1.11        -1.2652         -0.375
1451          -1.07       -1.26507         -0.335
1452          -1.13       -1.26498         -0.305
1453          -1.16        -1.2649          -0.28
1454          -1.29       -1.26492         -0.195
1455          -1.21       -1.26488          -0.21
1456          -1.11       -1.26478          -0.27
1457          -1.09       -1.26466         -0.265
1458          -1.14       -1.26457          -0.28
1459           -1.1       -1.26446         -0.325
1460          -1.17       -1.26439          -0.37
1461           -1.1       -1.26428         -0.345
1462             -1        -1.2641          -0.26
1463          -1.06       -1.26396          -0.18
1464          -1.11       -1.26386          -0.24
1465          -1.17       -1.26379          -0.24
1466          -1.19       -1.26374          -0.28
1467          -1.22       -1.26371         -0.345
1468          -1.15       -1.26364         -0.295
1469          -1.19       -1.26359          -0.35
1470          -1.02       -1.26342          -0.32
1471          -1.21       -1.26338         -0.385
1472          -1.27       -1.26339         -0.415
1473          -1.28        -1.2634          -0.42
1474          -1.31       -1.26343          -0.36
1475          -1.23       -1.26341         -0.385
1476          -1.28       -1.26342         -0.475
1477          -1.18       -1.26336         -0.495
1478          -1.29       -1.26338          -0.52
1479          -1.27       -1.26339          -0.53
1480           -1.2       -1.26334          -0.51
1481          -1.14       -1.26326         -0.485
1482          -1.15       -1.26318         -0.455
1483           -1.1       -1.26307         -0.465
1484          -1.17       -1.26301         -0.515
1485          -1.09       -1.26289          -0.46
1486          -1.14       -1.26281          -0.47
1487          -1.22       -1.26278         -0.455
1488          -1.36       -1.26285         -0.505
1489          -1.28       -1.26286          -0.51
1490          -1.34       -1.26291          -0.47
1491          -1.33       -1.26296         -0.505
1492          -1.29       -1.26297          -0.53
1493          -1.33       -1.26302         -0.555
1494          -1.27       -1.26302         -0.575
1495          -1.21       -1.26299         -0.605
1496          -1.29       -1.26301          -0.72
1497           -1.3       -1.26303          -0.65
1498          -1.45       -1.26316          -0.73
1499          -1.41       -1.26325         -0.695
1500          -1.43       -1.26336          -0.68
1501          -1.39       -1.26345          -0.71
1502          -1.35       -1.26351          -0.72
1503          -1.35       -1.26356           -0.7
1504          -1.37       -1.26363          -0.73
1505          -1.33       -1.26368          -0.71
1506          -1.38       -1.26376          -0.69
1507          -1.37       -1.26383         -0.655
1508          -1.44       -1.26394          -0.72
1509          -1.33       -1.26399         -0.685
1510          -1.27       -1.26399         -0.665
1511          -1.18       -1.26394         -0.625
1512          -1.23       -1.26391          -0.65
1513          -1.18       -1.26386         -0.645
1514           -1.2       -1.26382         -0.645
1515          -1.37       -1.26389          -0.67
1516          -1.36       -1.26395         -0.675
1517          -1.44       -1.26406          -0.75
1518          -1.38       -1.26414          -0.74
1519           -1.4       -1.26423         -0.755
1520           -1.4       -1.26432          -0.75
1521          -1.33       -1.26436         -0.695
1522          -1.31       -1.26439           -0.7
1523          -1.43        -1.2645         -0.725
1524           -1.4       -1.26459          -0.69
1525          -1.45       -1.26471          -0.67
1526          -1.46       -1.26484         -0.705
1527          -1.47       -1.26497         -0.765
1528          -1.49       -1.26512         -0.775
1529          -1.71       -1.26541         -0.895
1530          -1.65       -1.26566          -0.86
1531          -1.52       -1.26583         -0.815
1532          -1.49       -1.26598         -0.825
1533          -1.51       -1.26613         -0.825
1534          -1.47       -1.26627           -0.8
1535          -1.31        -1.2663          -0.73
1536          -1.35       -1.26635          -0.76
1537          -1.32       -1.26638         -0.705
1538          -1.24       -1.26637          -0.71
1539          -1.22       -1.26634         -0.685
1540           -1.3       -1.26636         -0.685
1541          -1.35       -1.26641         -0.715
1542          -1.38       -1.26649         -0.725
1543          -1.33       -1.26653          -0.73
1544          -1.27       -1.26653         -0.715
1545           -1.3       -1.26655         -0.715
1546          -1.38       -1.26663         -0.755
1547          -1.37       -1.26669          -0.74
1548          -1.23       -1.26667          -0.72
1549          -1.41       -1.26676         -0.785
1550          -1.53       -1.26693          -0.79
1551          -1.46       -1.26706           -0.8
1552          -1.41       -1.26715          -0.78
1553           -1.6       -1.26736         -0.855
1554          -1.52       -1.26752         -0.845
1555          -1.58       -1.26772         -0.805
1556           -1.4       -1.26781         -0.725
1557          -1.28       -1.26782          -0.66
1558          -1.36       -1.26788         -0.715
1559           -1.5       -1.26803         -0.755
1560          -1.41       -1.26812         -0.655
1561           -1.4        -1.2682         -0.655
1562          -1.44       -1.26831         -0.695
1563          -1.25        -1.2683          -0.61
1564          -1.39       -1.26838         -0.565
1565          -1.25       -1.26837         -0.545
1566          -1.36       -1.26842         -0.595
1567           -1.3       -1.26844         -0.525
1568          -1.36        -1.2685          -0.54
1569          -1.29       -1.26852         -0.525
1570          -1.32       -1.26855          -0.56
1571          -1.36       -1.26861         -0.565
1572          -1.31       -1.26863          -0.49
1573          -1.22        -1.2686         -0.455
1574          -1.17       -1.26854         -0.455
1575          -1.23       -1.26852         -0.495
1576          -1.34       -1.26856         -0.515
1577          -1.37       -1.26862         -0.505
1578          -1.36       -1.26868         -0.475
1579          -1.34       -1.26873          -0.51
1580          -1.38        -1.2688          -0.53
1581          -1.32       -1.26883         -0.485
1582          -1.33       -1.26887          -0.58
1583          -1.21       -1.26883          -0.58
1584           -1.3       -1.26885         -0.575
1585           -1.2       -1.26881          -0.52
1586           -1.2       -1.26876          -0.54
1587          -1.11       -1.26866           -0.5
1588          -1.24       -1.26865          -0.44
1589          -1.28       -1.26865          -0.42
1590          -1.31       -1.26868          -0.43
1591          -1.24       -1.26866          -0.45
1592          -1.21       -1.26863         -0.405
1593          -1.17       -1.26856          -0.41
1594          -1.22       -1.26853          -0.43
1595          -1.15       -1.26846         -0.365
1596          -1.21       -1.26842          -0.41
1597          -1.27       -1.26842         -0.335
1598          -1.28       -1.26843         -0.375
1599          -1.23       -1.26841         -0.395
1600          -1.14       -1.26833          -0.45
1601          -1.11       -1.26823         -0.475
1602          -1.15       -1.26815         -0.505
1603          -1.31       -1.26818         -0.525
1604          -1.41       -1.26827          -0.57
1605          -1.37       -1.26833          -0.64
1606          -1.34       -1.26838         -0.665
1607          -1.38       -1.26845           -0.7
1608          -1.27       -1.26845         -0.625
1609           -1.2        -1.2684         -0.625
1610          -1.07       -1.26828         -0.565
1611           -1.1       -1.26818         -0.595
1612          -1.18       -1.26812          -0.58
1613          -1.34       -1.26817         -0.645
1614           -1.3       -1.26819          -0.64
1615          -1.33       -1.26822         -0.655
1616          -1.27       -1.26823         -0.605
1617          -1.08       -1.26811         -0.445
1618          -0.97       -1.26792         -0.425
1619          -0.92       -1.26771         -0.375
1620          -1.07       -1.26759          -0.45
1621          -1.16       -1.26752         -0.435
1622          -1.15       -1.26745          -0.43
1623          -1.07       -1.26733         -0.385
1624          -1.25       -1.26732          -0.43
1625          -1.23       -1.26729         -0.415
1626          -1.24       -1.26728          -0.49
1627          -1.17       -1.26722          -0.44
1628          -1.13       -1.26713          -0.33
1629           -1.1       -1.26703          -0.27
1630          -0.98       -1.26685          -0.14
1631             -1       -1.26669          -0.13
1632          -1.06       -1.26656          -0.15
1633          -1.13       -1.26648          -0.24
1634          -1.06       -1.26635         -0.135
1635          -1.01        -1.2662           -0.2
1636          -1.11        -1.2661         -0.275
1637          -1.18       -1.26605         -0.365
1638           -1.1       -1.26595          -0.39
1639          -1.05       -1.26582         -0.365
1640          -1.14       -1.26574          -0.31
1641          -1.14       -1.26566          -0.32
1642          -1.29       -1.26568         -0.425
1643          -1.27       -1.26568          -0.48
1644          -1.29        -1.2657         -0.515
1645          -1.23       -1.26567         -0.385
1646          -1.19       -1.26563         -0.415
1647          -1.32       -1.26566         -0.465
1648          -1.35       -1.26571         -0.545
1649          -1.29       -1.26573         -0.505
1650          -1.16       -1.26566          -0.49
1651          -1.33        -1.2657         -0.555
1652           -1.3       -1.26572         -0.555
1653          -1.24       -1.26571          -0.53
1654          -1.28       -1.26572          -0.52
1655          -1.35       -1.26577          -0.52
1656          -1.26       -1.26576         -0.465
1657          -1.22       -1.26574           -0.5
1658          -1.29       -1.26575         -0.535
1659          -1.37       -1.26581         -0.545
1660           -1.3       -1.26583          -0.52
1661          -1.19       -1.26579          -0.52
1662          -1.19       -1.26574          -0.57
1663          -1.03        -1.2656          -0.44
1664          -1.05       -1.26547         -0.465
1665          -1.06       -1.26535         -0.485
1666           -1.1       -1.26525          -0.52
1667          -1.13       -1.26517          -0.55
1668          -1.15        -1.2651          -0.54
1669           -1.2       -1.26506          -0.64
1670           -1.3       -1.26508          -0.68
1671          -1.29        -1.2651          -0.71
1672           -1.5       -1.26524         -0.795
1673          -1.48       -1.26536           -0.8
1674          -1.45       -1.26547          -0.77
1675          -1.54       -1.26564          -0.78
1676          -1.46       -1.26575          -0.71
1677          -1.36       -1.26581         -0.625
1678          -1.34       -1.26585          -0.55
1679          -1.23       -1.26583          -0.59
1680          -1.19       -1.26579         -0.585
1681          -1.26       -1.26578          -0.56
1682          -1.15       -1.26572         -0.565
1683          -1.29       -1.26573         -0.615
1684          -1.39        -1.2658          -0.71
1685          -1.39       -1.26588          -0.65
1686          -1.29       -1.26589          -0.65
1687          -1.28        -1.2659          -0.68
1688          -1.44         -1.266          -0.75
1689          -1.53       -1.26616         -0.805
1690           -1.4       -1.26624          -0.75
1691          -1.37        -1.2663          -0.77
1692           -1.4       -1.26638         -0.755
1693          -1.39       -1.26645          -0.72
1694          -1.28       -1.26646         -0.675
1695          -1.41       -1.26654          -0.71
1696          -1.32       -1.26658         -0.665
1697          -1.39       -1.26665         -0.685
1698          -1.45       -1.26676         -0.715
1699          -1.37       -1.26682          -0.71
1700          -1.26       -1.26681         -0.655
1701          -1.34       -1.26686           -0.7
1702          -1.41       -1.26694           -0.7
1703          -1.22       -1.26691         -0.665
1704          -1.18       -1.26686           -0.6
1705          -1.21       -1.26683         -0.585
1706          -1.17       -1.26677         -0.535
1707           -1.2       -1.26673          -0.57
1708          -1.33       -1.26677         -0.565
1709          -1.36       -1.26682         -0.565
1710          -1.27       -1.26683          -0.53
1711          -1.16       -1.26676         -0.505
1712           -1.2       -1.26673          -0.48
1713          -1.05        -1.2666          -0.49
1714          -1.14       -1.26652          -0.47
1715          -1.15       -1.26646          -0.44
1716           -1.1       -1.26636         -0.335
1717          -0.99        -1.2662         -0.335
1718          -1.06       -1.26608         -0.225
1719          -1.09       -1.26598          -0.28
1720           -1.1       -1.26588          -0.27
1721          -1.12        -1.2658         -0.255
1722          -1.08       -1.26569         -0.255
1723          -1.09       -1.26559         -0.295
1724          -1.05       -1.26546         -0.295
1725          -1.05       -1.26534          -0.42
1726          -1.07       -1.26522          -0.42
1727          -1.09       -1.26512          -0.38
1728           -1.1       -1.26503         -0.325
1729          -1.15       -1.26496         -0.385
1730          -1.21       -1.26493          -0.37
1731          -1.21        -1.2649          -0.35
1732          -1.13       -1.26482          -0.43
1733          -1.18       -1.26477          -0.43
1734          -1.17       -1.26471          -0.41
1735          -1.18       -1.26467         -0.395
1736          -1.23       -1.26465         -0.385
1737           -1.3       -1.26467         -0.395
1738           -1.2       -1.26463         -0.405
1739          -1.24       -1.26461          -0.38
1740          -1.15       -1.26455          -0.41
1741          -1.26       -1.26455          -0.34
1742          -1.24       -1.26453          -0.38
1743          -1.23       -1.26451           -0.3
1744          -1.24        -1.2645         -0.215
1745          -1.25       -1.26449          -0.23
1746          -1.19       -1.26445         -0.235
1747          -1.16       -1.26439         -0.305
1748          -1.17       -1.26433          -0.29
1749          -1.22       -1.26431          -0.27
1750          -1.18       -1.26426         -0.215
1751          -1.19       -1.26422           -0.3
1752          -1.18       -1.26417         -0.235
1753          -1.13       -1.26409         -0.315
1754          -1.13       -1.26402         -0.355
1755          -1.02       -1.26388          -0.29
1756          -1.15       -1.26381         -0.405
1757           -1.1       -1.26372          -0.28
1758          -1.09       -1.26362         -0.235
1759          -1.09       -1.26352          -0.19
1760          -1.13       -1.26345          -0.13
1761          -1.01        -1.2633           -0.2
1762          -1.08        -1.2632           -0.1
1763          -1.04       -1.26307         -0.065
1764          -1.02       -1.26293          -0.13
1765          -1.01       -1.26279         -0.105
1766          -1.09       -1.26269         -0.085
1767          -1.13       -1.26262          -0.12
1768          -1.04       -1.26249         -0.185
1769          -1.06       -1.26238         -0.105
1770          -1.15       -1.26232         -0.135
1771          -1.06        -1.2622         -0.125
1772           -1.2       -1.26217           -0.1
1773          -1.05       -1.26205          -0.08
1774          -1.16       -1.26199         -0.145
1775          -1.11        -1.2619         -0.075
1776          -1.12       -1.26182         -0.195
1777          -1.13       -1.26175         -0.145
1778           -1.2       -1.26171          -0.15
1779          -1.05        -1.2616          -0.15
1780          -1.11       -1.26151           -0.2
1781             -1       -1.26136          -0.18
1782          -0.95       -1.26119         -0.205
1783          -0.91       -1.26099         -0.105
1784          -1.04       -1.26087           -0.2
1785          -1.05       -1.26075          -0.12
1786          -1.19       -1.26071          -0.16
1787          -1.15       -1.26065          -0.23
1788          -1.12       -1.26057          -0.22
1789          -1.05       -1.26045         -0.265
1790          -1.12       -1.26037          -0.28
1791          -1.11       -1.26029         -0.305
1792          -1.13       -1.26022          -0.27
1793          -1.12       -1.26014          -0.36
1794          -1.14       -1.26007          -0.34
1795          -1.15       -1.26001         -0.215
1796          -1.18       -1.25997          -0.22
1797          -1.16       -1.25991          -0.23
1798          -1.11       -1.25983          -0.26
1799           -1.2       -1.25979         -0.245
1800          -1.02       -1.25966          -0.12
1801          -1.02       -1.25953         -0.115
1802          -1.08       -1.25943         -0.115
1803          -0.98       -1.25927         -0.085
1804          -0.94        -1.2591         -0.155
1805          -0.95       -1.25893          -0.15
1806          -0.95       -1.25875         -0.095
1807          -0.95       -1.25858         -0.045
1808          -0.99       -1.25844          -0.18
1809          -1.04       -1.25831          -0.18
1810          -1.02       -1.25818         -0.175
1811          -1.05       -1.25807          -0.19
1812          -1.14         -1.258          -0.23
1813          -1.01       -1.25787          -0.21
1814          -1.05       -1.25775          -0.15
1815          -1.11       -1.25767         -0.145
1816          -1.11       -1.25759           -0.2
1817          -1.25       -1.25759          -0.22
1818          -1.16       -1.25753         -0.235
1819          -1.21       -1.25751         -0.215
1820          -1.27       -1.25751         -0.195
1821          -1.19       -1.25748          -0.24
1822          -1.21       -1.25745          -0.33
1823          -1.21       -1.25742         -0.365
1824          -1.12       -1.25735         -0.255
1825          -1.24       -1.25734          -0.26
1826          -1.26       -1.25734           -0.3
1827          -1.19        -1.2573         -0.325
1828          -1.31       -1.25733          -0.33
1829          -1.34       -1.25738         -0.315
1830          -1.35       -1.25743         -0.315
1831           -1.3       -1.25745          -0.29
1832          -1.31       -1.25748           -0.4
1833          -1.28       -1.25749         -0.405
1834          -1.29       -1.25751         -0.405
1835          -1.26       -1.25751          -0.35
1836          -1.03       -1.25739          -0.22
1837           -1.2       -1.25736         -0.275
1838          -1.22       -1.25734         -0.235
1839          -1.16       -1.25728         -0.205
1840          -1.23       -1.25727         -0.155
1841           -1.3       -1.25729         -0.145
1842          -1.22       -1.25727         -0.165
1843          -1.25       -1.25727          -0.24
1844          -1.23       -1.25725         -0.275
1845          -1.22       -1.25723         -0.335
1846          -1.29       -1.25725         -0.335
1847          -1.16        -1.2572          -0.31
1848          -1.21       -1.25717          -0.35
1849          -1.24       -1.25716         -0.315
1850          -1.12       -1.25709         -0.275
1851          -1.13       -1.25702         -0.195
1852          -1.21       -1.25699          -0.17
1853          -1.08        -1.2569         -0.135
1854          -1.09       -1.25681          -0.11
1855          -1.04       -1.25669           -0.1
1856          -0.98       -1.25654         -0.115
1857          -0.98       -1.25639         -0.095
1858          -1.03       -1.25627              0
1859          -1.06       -1.25617           0.04
1860          -0.98       -1.25602          0.055
1861          -1.03        -1.2559              0
1862          -1.06       -1.25579          -0.03
1863          -1.11       -1.25571          -0.11
1864          -1.06       -1.25561         -0.195
1865           -1.2       -1.25558         -0.245
1866          -1.32       -1.25561         -0.315
1867          -1.24        -1.2556         -0.335
1868          -1.06        -1.2555          -0.32
1869          -1.19       -1.25547         -0.355
1870           -1.3       -1.25549         -0.255
1871          -1.26       -1.25549         -0.265
1872          -1.16       -1.25544          -0.24
1873           -1.3       -1.25546         -0.225
1874          -1.24       -1.25546         -0.235
1875          -1.27       -1.25546         -0.305
1876          -1.24       -1.25546          -0.27
1877          -1.19       -1.25542          -0.31
1878          -1.12       -1.25535          -0.31
1879          -0.96       -1.25519          -0.28
1880          -1.05       -1.25508           -0.1
1881          -1.19       -1.25505         -0.075
1882          -1.06       -1.25494         -0.005
1883          -1.05       -1.25484          -0.04
1884          -1.06       -1.25473         -0.035
1885          -1.08       -1.25464          -0.06
1886          -1.11       -1.25456              0
1887          -1.12       -1.25449         -0.035
1888          -1.16       -1.25444         -0.065
1889          -1.22       -1.25442          -0.05
1890          -1.18       -1.25438          -0.06
1891           -1.3       -1.25441          -0.12
1892           -1.3       -1.25443          -0.09
1893          -1.28       -1.25445          -0.09
1894          -1.37       -1.25451         -0.065
1895          -1.34       -1.25455          -0.12
1896          -1.28       -1.25457         -0.075
1897          -1.23       -1.25455          -0.09
1898          -1.18       -1.25451         -0.075
1899          -1.29       -1.25453          -0.06
1900          -1.19        -1.2545         -0.055
1901          -1.35       -1.25455           0.04
1902          -1.29       -1.25457          0.085
1903          -1.26       -1.25457          0.125
1904           -1.2       -1.25454          0.115
1905           -1.1       -1.25446          0.125
1906          -1.04       -1.25435           0.02
1907          -1.13       -1.25428           0.13
1908          -1.18       -1.25424           0.16
1909           -1.3       -1.25427           0.17
1910          -1.33       -1.25431          0.265
1911          -1.29       -1.25433            0.3
1912          -1.38       -1.25439          0.325
1913          -1.38       -1.25446          0.335
1914          -1.38       -1.25452           0.29
1915          -1.27       -1.25453          0.345
1916           -1.3       -1.25455            0.4
1917          -1.29       -1.25457          0.405
1918          -1.33       -1.25461           0.47
1919          -1.26       -1.25461          0.465
1920          -1.27       -1.25462           0.47
1921           -1.2       -1.25459           0.38
1922          -1.14       -1.25453           0.35
1923          -1.05       -1.25443           0.35
1924          -1.01        -1.2543          0.375
1925          -1.01       -1.25417           0.33
1926          -1.21       -1.25415          0.365
1927          -1.17       -1.25411          0.335
1928          -1.12       -1.25404            0.4
1929          -1.06       -1.25394          0.385
1930          -1.18        -1.2539          0.385
1931          -1.23       -1.25389           0.43
1932          -1.22       -1.25387          0.345
1933          -1.21       -1.25385           0.34
1934          -1.29       -1.25387          0.445
1935          -1.25       -1.25386          0.335
1936          -1.41       -1.25394          0.325
1937          -1.24       -1.25394          0.275
1938          -1.34       -1.25398           0.26
1939           -1.3       -1.25401           0.32
1940          -1.33       -1.25404          0.335
1941          -1.33       -1.25408            0.3
1942          -1.37       -1.25414           0.29
1943          -1.29       -1.25416          0.315
1944          -1.22       -1.25414          0.245
1945          -1.26       -1.25415           0.27
1946          -1.18       -1.25411           0.25
1947          -1.28       -1.25412           0.33
1948           -1.2       -1.25409           0.35
1949          -1.18       -1.25406          0.275
1950          -1.18       -1.25402          0.245
1951          -1.18       -1.25398          0.285
1952          -1.18       -1.25394          0.275
1953          -1.26       -1.25395           0.25
1954          -1.08       -1.25386          0.215
1955          -1.08       -1.25377          0.115
1956           -1.1       -1.25369           0.07
1957          -1.22       -1.25367           0.06
1958          -1.17       -1.25363          0.075
1959          -1.16       -1.25358          0.185
1960          -1.22       -1.25356            0.3
1961          -1.06       -1.25347           0.34
1962          -1.03       -1.25335            0.3
1963          -1.19       -1.25332           0.22
1964          -1.18       -1.25328            0.2
1965          -1.23       -1.25327           0.27
1966          -1.19       -1.25324          0.235
1967          -1.18        -1.2532           0.26
1968          -1.12       -1.25313           0.28
1969           -1.2       -1.25311           0.27
1970          -1.24        -1.2531          0.345
1971          -1.14       -1.25304          0.315
1972          -1.01       -1.25292          0.225
1973          -1.18       -1.25288           0.23
1974          -1.18       -1.25285           0.24
1975          -1.12       -1.25278           0.28
1976          -1.17       -1.25274           0.32
1977          -1.19        -1.2527           0.28
1978          -1.09       -1.25262          0.355
1979           -1.1       -1.25255          0.265
1980           -1.1       -1.25247          0.325
1981          -1.19       -1.25244          0.345
1982          -1.17        -1.2524           0.31
1983          -1.07        -1.2523           0.24
1984           -1.1       -1.25223            0.4
1985          -1.09       -1.25215           0.38
1986          -1.25       -1.25214           0.45
1987          -1.34       -1.25219           0.45
1988          -1.34       -1.25223          0.485
1989          -1.32       -1.25227           0.52
1990           -1.3       -1.25229           0.54
1991          -1.33       -1.25233          0.595
1992          -1.36       -1.25238          0.635
1993           -1.3       -1.25241          0.635
1994          -1.29       -1.25243          0.645
1995           -1.2        -1.2524           0.63
1996          -1.12       -1.25233          0.585
1997          -1.24       -1.25233          0.595
1998          -1.17       -1.25229          0.585
1999          -1.25       -1.25228          0.585
2000           -1.2       -1.25226          0.565
2001          -1.15       -1.25221           0.55
2002          -1.27       -1.25222          0.505
2003          -1.35       -1.25227          0.545
2004          -1.12        -1.2522           0.53
2005          -1.11       -1.25213          0.575
2006          -1.27       -1.25214          0.535
2007          -1.25       -1.25214          0.625
2008          -1.29       -1.25216           0.68
2009           -1.3       -1.25218           0.63
2010          -1.33       -1.25222          0.695
2011          -1.28       -1.25223           0.65
2012          -1.26       -1.25224           0.62
2013          -1.21       -1.25221          0.595
2014          -1.13       -1.25215           0.45
2015          -1.21       -1.25213          0.475
2016          -1.32       -1.25217          0.505
2017          -1.15       -1.25212          0.375
2018          -1.09       -1.25204           0.22
2019          -1.09       -1.25196           0.23
2020          -1.28       -1.25197           0.24
2021          -1.17       -1.25193          0.235
2022          -1.23       -1.25192           0.26
2023          -1.26       -1.25192          0.205
2024          -1.24       -1.25192           0.13
2025          -1.23       -1.25191           0.12
2026          -1.19       -1.25187          0.155
2027          -1.29       -1.25189           0.11
2028          -1.29       -1.25191          0.135
2029          -1.18       -1.25188          0.165
2030          -1.19       -1.25185           0.15
2031          -1.05       -1.25175           0.18
2032          -1.16        -1.2517          0.105
2033          -1.18       -1.25167            0.1
2034          -1.25       -1.25167           0.08
2035          -1.19       -1.25164           0.06
2036          -1.06       -1.25154          0.115
2037          -1.04       -1.25144          0.055
2038          -0.96       -1.25129          0.215
2039          -1.03       -1.25119           0.09
2040          -1.03       -1.25108          0.045
2041          -0.95       -1.25093           0.06
2042          -0.94       -1.25078         -0.005
2043           -1.2       -1.25075           0.03
2044          -1.17       -1.25071         -0.075
2045           -1.1       -1.25064          -0.15
2046           -1.2       -1.25062          -0.14
2047          -1.11       -1.25055          -0.06
2048          -1.09       -1.25047         -0.035
2049          -1.13       -1.25041           0.01
2050          -1.08       -1.25033         -0.025
2051           -1.1       -1.25025         -0.045
2052          -1.06       -1.25016          0.015
2053          -1.08       -1.25008              0
2054          -1.06       -1.24999          -0.05
2055          -1.02       -1.24987         -0.035
2056          -0.97       -1.24974          0.025
2057           -1.1       -1.24966           0.17
2058          -1.17       -1.24963          0.145
2059          -1.09       -1.24955           0.12
2060          -1.16       -1.24951          0.195
2061          -1.04        -1.2494          0.115
2062          -1.01       -1.24929           0.03
2063          -1.05       -1.24919         -0.095
2064          -1.14       -1.24914         -0.085
2065          -1.11       -1.24907         -0.175
2066          -1.15       -1.24902         -0.165
2067          -1.11       -1.24896          -0.15
2068          -1.18       -1.24892          -0.12
2069          -1.08       -1.24884          -0.18
2070           -1.2       -1.24882         -0.135
2071           -1.2       -1.24879         -0.155
2072          -1.21       -1.24877          -0.19
2073          -1.25       -1.24878          -0.17
2074          -1.13       -1.24872          -0.12
2075          -1.03       -1.24861         -0.225
2076          -1.03       -1.24851         -0.305
2077          -1.05       -1.24841         -0.325
2078          -1.24       -1.24841          -0.35
2079          -1.11       -1.24834         -0.375
2080          -1.14       -1.24829           -0.4
2081          -1.21       -1.24827         -0.375
2082          -1.19       -1.24824           -0.4
2083          -1.23       -1.24823         -0.415
2084          -1.25       -1.24824         -0.385
2085          -1.34       -1.24828         -0.365
2086          -1.33       -1.24832         -0.375
2087          -1.28       -1.24833         -0.305
2088          -1.19       -1.24831          -0.32
2089          -1.32       -1.24834         -0.365
2090          -1.36       -1.24839         -0.465
2091          -1.31       -1.24842          -0.51
2092          -1.16       -1.24838          -0.49
2093          -1.21       -1.24836          -0.52
2094          -1.01       -1.24825          -0.48
2095          -1.03       -1.24814          -0.46
2096          -1.15        -1.2481          -0.51
2097          -1.16       -1.24806          -0.46
2098          -1.19       -1.24803          -0.51
2099          -1.16       -1.24799         -0.555
2100          -1.12       -1.24792         -0.475
2101          -1.35       -1.24797          -0.55
2102          -1.49       -1.24809          -0.59
2103          -1.37       -1.24815         -0.515
2104          -1.37        -1.2482          -0.51
2105           -1.2       -1.24818         -0.445
2106          -1.29        -1.2482         -0.505
2107          -1.22       -1.24819         -0.455
2108          -1.24       -1.24818          -0.51
2109          -1.18       -1.24815         -0.485
2110          -1.12       -1.24809         -0.445
2111          -1.12       -1.24803         -0.405
2112          -1.14       -1.24798         -0.465
2113          -1.18       -1.24795         -0.535
2114          -1.16       -1.24791         -0.515
2115          -1.25       -1.24791         -0.515
2116           -1.3       -1.24793          -0.55
2117          -1.37       -1.24799         -0.525
2118          -1.41       -1.24807         -0.575
2119          -1.33        -1.2481         -0.615
2120          -1.35       -1.24815         -0.595
2121          -1.33       -1.24819         -0.595
2122          -1.42       -1.24827          -0.61
2123          -1.34       -1.24831          -0.62
2124          -1.27       -1.24832         -0.595
2125           -1.1       -1.24825         -0.545
2126          -1.07       -1.24817         -0.505
2127          -1.18       -1.24814         -0.605
2128          -1.21       -1.24812         -0.595
2129          -1.25       -1.24812          -0.58
2130          -1.23       -1.24811         -0.605
2131          -1.41       -1.24819          -0.64
2132          -1.28        -1.2482          -0.54
2133          -1.12       -1.24814          -0.48
2134          -1.09       -1.24807          -0.46
2135          -1.11       -1.24801          -0.39
2136          -1.19       -1.24798         -0.425
2137          -1.15       -1.24793          -0.35
2138          -1.15       -1.24789         -0.415
2139          -1.18       -1.24786         -0.445
2140          -1.18       -1.24782          -0.43
2141          -1.14       -1.24777         -0.365
2142          -1.24       -1.24777         -0.415
2143          -1.26       -1.24778         -0.395
2144          -1.22       -1.24776         -0.405
2145          -1.25       -1.24776          -0.42
2146           -1.2       -1.24774          -0.39
2147          -1.21       -1.24772         -0.445
2148          -1.21       -1.24771          -0.46
2149          -1.28       -1.24772         -0.455
2150          -1.32       -1.24775          -0.45
2151           -1.2       -1.24773          -0.44
2152          -1.23       -1.24772          -0.48
2153          -1.28       -1.24774         -0.465
2154          -1.18       -1.24771         -0.495
2155           -1.3       -1.24773          -0.56
2156          -1.34       -1.24777           -0.6
2157          -1.34       -1.24782         -0.645
2158          -1.23       -1.24781         -0.655
2159          -1.29       -1.24783          -0.71
2160          -1.38       -1.24789          -0.71
2161          -1.35       -1.24794          -0.71
2162          -1.25       -1.24794          -0.64
2163          -1.31       -1.24797          -0.62
2164          -1.37       -1.24802         -0.595
2165          -1.36       -1.24807          -0.67
2166          -1.42       -1.24815         -0.655
2167          -1.32       -1.24819          -0.66
2168          -1.27        -1.2482          -0.64
2169          -1.23       -1.24819         -0.625
2170           -1.3       -1.24821          -0.64
2171          -1.32       -1.24825         -0.635
2172          -1.22       -1.24823          -0.58
2173          -1.24       -1.24823         -0.565
2174          -1.29       -1.24825           -0.6
2175          -1.36        -1.2483          -0.67
2176           -1.4       -1.24837         -0.685
2177          -1.31        -1.2484          -0.61
2178          -1.37       -1.24845          -0.61
2179          -1.34        -1.2485         -0.645
2180          -1.33       -1.24853         -0.665
2181          -1.37       -1.24859         -0.615
2182          -1.31       -1.24862         -0.595
2183          -1.35       -1.24866         -0.685
2184          -1.33        -1.2487         -0.715
2185          -1.34       -1.24874         -0.665
2186          -1.22       -1.24873         -0.595
2187          -1.12       -1.24867          -0.55
2188          -1.16       -1.24863         -0.535
2189          -1.26       -1.24863         -0.595
2190          -1.26       -1.24864         -0.515
2191          -1.18       -1.24861         -0.415
2192          -1.08       -1.24853          -0.39
2193          -1.05       -1.24844         -0.405
2194          -1.09       -1.24837         -0.385
2195          -1.08       -1.24829          -0.39
2196          -1.07       -1.24821          -0.36
2197          -1.08       -1.24813         -0.435
2198           -1.2       -1.24811          -0.49
2199          -1.24       -1.24811         -0.625
2200          -1.28       -1.24812          -0.51
2201          -1.25       -1.24812          -0.48
2202          -1.18       -1.24809         -0.385
2203          -1.07       -1.24801         -0.355
2204          -1.16       -1.24797         -0.435
2205          -1.22       -1.24796         -0.395
2206          -1.21       -1.24794         -0.385
2207          -1.37         -1.248          -0.51
2208          -1.24       -1.24799         -0.515
2209          -1.36       -1.24805          -0.53
2210          -1.36        -1.2481         -0.575
2211           -1.4       -1.24816          -0.65
2212           -1.3       -1.24819          -0.59
2213          -1.38       -1.24825           -0.6
2214          -1.45       -1.24834         -0.625
2215          -1.44       -1.24843          -0.66
2216          -1.39       -1.24849          -0.63
2217          -1.36       -1.24854          -0.64
2218          -1.41       -1.24861         -0.695
2219          -1.44        -1.2487          -0.75
2220          -1.55       -1.24883         -0.715
2221          -1.48       -1.24894         -0.715
2222          -1.45       -1.24903         -0.715
2223          -1.45       -1.24912         -0.735
2224          -1.35       -1.24916         -0.665
2225          -1.43       -1.24925         -0.705
2226          -1.36        -1.2493          -0.67
2227          -1.33       -1.24933         -0.665
2228          -1.17        -1.2493         -0.625
2229          -1.22       -1.24928         -0.715
2230          -1.31       -1.24931          -0.74
2231          -1.38       -1.24937         -0.695
2232           -1.3       -1.24939         -0.675
2233          -1.28        -1.2494          -0.72
2234          -1.33       -1.24944          -0.68
2235          -1.37       -1.24949         -0.715
2236          -1.31       -1.24952         -0.685
2237           -1.4       -1.24959           -0.7
2238          -1.22       -1.24958         -0.625
2239          -1.24       -1.24957         -0.605
2240           -1.3       -1.24959          -0.62
2241          -1.17       -1.24956          -0.55
2242          -1.17       -1.24952          -0.55
2243          -1.11       -1.24946          -0.54
2244          -1.22       -1.24945         -0.585
2245          -1.24       -1.24944          -0.56
2246          -1.25       -1.24944         -0.525
2247           -1.3       -1.24947         -0.525
2248          -1.29       -1.24948           -0.5
2249          -1.29        -1.2495         -0.445
2250          -1.17       -1.24947         -0.385
2251          -1.16       -1.24943         -0.335
2252          -1.23       -1.24942         -0.385
2253          -1.06       -1.24933           -0.4
2254           -1.2       -1.24931         -0.445
2255          -1.18       -1.24928         -0.445
2256          -0.96       -1.24915         -0.325
2257          -0.83       -1.24897         -0.245
2258          -0.93       -1.24883          -0.21
2259          -1.01       -1.24872         -0.155
2260          -1.17       -1.24869          -0.17
2261          -1.09       -1.24862         -0.065
2262          -0.99        -1.2485         -0.165
2263           -0.9       -1.24835         -0.085
2264             -1       -1.24824         -0.115
2265          -0.97       -1.24812         -0.055
2266          -1.05       -1.24803          -0.08
2267          -1.08       -1.24795          -0.18
2268          -1.05       -1.24787         -0.225
2269          -1.02       -1.24777         -0.205
2270          -1.02       -1.24767         -0.185
2271             -1       -1.24756         -0.155
2272          -1.04       -1.24747         -0.235
2273          -1.11       -1.24741          -0.24
2274          -1.12       -1.24735          -0.29
2275          -1.19       -1.24732         -0.285
2276          -1.19        -1.2473         -0.245
2277          -1.09       -1.24723          -0.31
2278          -1.07       -1.24715          -0.37
2279          -1.24       -1.24715          -0.36
2280          -1.24       -1.24715           -0.4
2281           -1.3       -1.24717         -0.375
2282          -1.32        -1.2472          -0.41
2283          -1.28       -1.24722         -0.405
2284           -1.3       -1.24724         -0.435
2285           -1.2       -1.24722          -0.49
2286           -1.4       -1.24728          -0.54
2287          -1.39       -1.24735         -0.555
2288          -1.24       -1.24734         -0.505
2289          -1.23       -1.24734         -0.425
2290          -1.26       -1.24734         -0.415
2291          -1.21       -1.24733          -0.46
2292          -1.18        -1.2473           -0.4
2293          -1.26        -1.2473         -0.415
2294          -1.39       -1.24736         -0.475
2295          -1.42       -1.24744         -0.555
2296           -1.3       -1.24746         -0.515
2297          -1.32       -1.24749         -0.475
2298          -1.27        -1.2475         -0.525
2299           -1.4       -1.24757          -0.56
2300          -1.32        -1.2476          -0.56
2301          -1.28       -1.24762         -0.485
2302          -1.23       -1.24761         -0.435
2303          -1.18       -1.24758          -0.43
2304          -1.21       -1.24756          -0.43
2305          -1.28       -1.24758          -0.45
2306          -1.24       -1.24757         -0.445
2307          -1.09        -1.2475           -0.4
2308          -1.14       -1.24746          -0.43
2309          -1.17       -1.24742           -0.4
2310          -1.21       -1.24741          -0.48
2311          -1.28       -1.24742         -0.495
2312          -1.21       -1.24741         -0.445
2313          -1.23        -1.2474         -0.485
2314          -1.38       -1.24746          -0.59
2315          -1.25       -1.24746           -0.5
2316          -1.14       -1.24741          -0.52
2317           -1.2       -1.24739          -0.51
2318          -1.18       -1.24736          -0.51
2319          -1.24       -1.24736         -0.515
2320           -1.3       -1.24738          -0.54
2321          -1.19       -1.24736         -0.545
2322          -1.21       -1.24734         -0.545
2323          -1.21       -1.24732         -0.595
2324          -1.14       -1.24728         -0.485
2325          -1.19       -1.24725          -0.46
2326          -1.17       -1.24722         -0.505
2327          -1.15       -1.24718          -0.53
2328          -1.13       -1.24713         -0.535
2329          -1.16       -1.24709          -0.56
2330          -1.17       -1.24706         -0.515
2331          -1.25       -1.24706          -0.54
2332          -1.29       -1.24708         -0.595
2333          -1.42       -1.24715         -0.685
2334          -1.39       -1.24721         -0.685
2335          -1.22        -1.2472         -0.615
2336          -1.23       -1.24719           -0.6
2337          -1.25       -1.24719         -0.575
2338          -1.17       -1.24716          -0.57
2339          -1.12       -1.24711          -0.49
2340          -1.23        -1.2471         -0.565
2341           -1.2       -1.24708          -0.56
2342          -1.23       -1.24707          -0.56
2343          -1.13       -1.24702         -0.485
2344          -1.24       -1.24702          -0.56
2345          -1.19       -1.24699         -0.555
2346          -1.13       -1.24695         -0.575
2347          -1.14        -1.2469          -0.59
2348          -1.31       -1.24693         -0.685
2349          -1.36       -1.24697          -0.65
2350          -1.39       -1.24704         -0.675
2351          -1.26       -1.24704          -0.67
2352          -1.47       -1.24714         -0.745
2353          -1.36       -1.24718          -0.71
2354          -1.54       -1.24731          -0.79
2355          -1.55       -1.24744         -0.745
2356          -1.45       -1.24752         -0.685
2357          -1.49       -1.24763         -0.735
2358          -1.39       -1.24769         -0.655
2359           -1.2       -1.24767          -0.57
2360          -1.29       -1.24768          -0.55
2361          -1.27       -1.24769          -0.56
2362          -1.27        -1.2477         -0.595
2363          -1.29       -1.24772          -0.62
2364          -1.33       -1.24775         -0.625
2365          -1.25       -1.24776          -0.59
2366          -1.34       -1.24779          -0.63
2367          -1.17       -1.24776          -0.62
2368          -1.39       -1.24782          -0.69
2369          -1.39       -1.24788          -0.73
2370          -1.16       -1.24784         -0.595
2371          -1.17       -1.24781          -0.57
2372          -1.29       -1.24783         -0.685
2373          -1.27       -1.24784         -0.655
2374          -1.19       -1.24781          -0.61
2375          -1.12       -1.24776         -0.605
2376          -1.32       -1.24779           -0.7
2377          -1.29       -1.24781         -0.735
2378          -1.43       -1.24789         -0.785
2379          -1.49       -1.24799         -0.785
2380          -1.45       -1.24807         -0.755
2381          -1.53       -1.24819          -0.79
2382          -1.49       -1.24829          -0.82
2383          -1.48       -1.24839         -0.805
2384          -1.58       -1.24853          -0.85
2385          -1.52       -1.24864           -0.8
2386          -1.51       -1.24875         -0.775
2387          -1.15       -1.24871          -0.65
2388           -1.2       -1.24869           -0.7
2389          -1.22       -1.24868          -0.63
2390          -1.12       -1.24862          -0.59
2391          -1.13       -1.24857          -0.53
2392          -1.11       -1.24852           -0.5
2393          -1.11       -1.24846          -0.48
2394          -1.05       -1.24838         -0.445
2395          -1.06        -1.2483          -0.41
2396          -1.08       -1.24823          -0.41
2397          -1.19        -1.2482         -0.445
2398          -1.26       -1.24821         -0.505
2399          -1.18       -1.24818         -0.435
2400          -1.02       -1.24808         -0.425
2401          -1.09       -1.24802         -0.385
2402          -1.12       -1.24797          -0.33
2403          -1.11       -1.24791          -0.32
2404          -1.18       -1.24788          -0.33
2405          -1.23       -1.24787         -0.385
2406          -1.22       -1.24786          -0.34
2407          -1.17       -1.24783         -0.285
2408          -1.13       -1.24778          -0.27
2409          -1.23       -1.24777          -0.36
2410          -1.21       -1.24776         -0.295
2411           -1.3       -1.24778         -0.325
2412          -1.07        -1.2477          -0.35
2413          -1.14       -1.24766          -0.27
2414          -1.11        -1.2476         -0.295
2415          -1.17       -1.24757         -0.315
2416          -1.27       -1.24758         -0.335
2417          -1.29        -1.2476         -0.395
2418          -1.37       -1.24765          -0.43
2419          -1.33       -1.24768         -0.445
2420          -1.37       -1.24773         -0.485
2421          -1.28       -1.24775          -0.42
2422          -1.29       -1.24776         -0.475
2423          -1.35       -1.24781          -0.51
2424          -1.36       -1.24785         -0.495
2425          -1.42       -1.24792         -0.455
2426          -1.39       -1.24798         -0.475
2427          -1.32       -1.24801         -0.395
2428          -1.25       -1.24801         -0.345
2429          -1.14       -1.24797          -0.34
2430          -1.11       -1.24791          -0.21
2431          -1.12       -1.24786         -0.235
2432             -1       -1.24776          -0.31
2433          -0.93       -1.24763         -0.215
2434          -1.04       -1.24754         -0.265
2435          -0.97       -1.24743         -0.175
2436          -1.01       -1.24733          -0.13
2437          -1.16       -1.24729         -0.195
2438          -1.13       -1.24724         -0.195
2439          -1.13        -1.2472          -0.21
2440          -1.04       -1.24711         -0.175
2441          -1.24       -1.24711          -0.18
2442          -1.24       -1.24711          -0.25
2443          -1.26       -1.24711         -0.265
2444          -1.25       -1.24711         -0.325
2445          -1.21        -1.2471         -0.265
2446          -1.26        -1.2471           -0.3
2447          -1.25        -1.2471         -0.305
2448           -1.3       -1.24713         -0.285
2449          -1.31       -1.24715         -0.255
2450          -1.42       -1.24722          -0.27
2451           -1.4       -1.24728         -0.255
2452          -1.49       -1.24738         -0.275
2453          -1.38       -1.24744          -0.31
2454           -1.3       -1.24746          -0.26
2455          -1.37       -1.24751          -0.23
2456          -1.29       -1.24753          -0.27
2457          -1.18        -1.2475          -0.29
2458          -1.19       -1.24747         -0.245
2459          -1.19       -1.24745          -0.21
2460          -1.18       -1.24742         -0.175
2461          -1.09       -1.24736         -0.245
2462          -1.26       -1.24737          -0.32
2463          -1.24       -1.24736          -0.22
2464          -1.17       -1.24733         -0.205
2465          -1.19       -1.24731          -0.24
2466          -1.18       -1.24728          -0.27
2467          -1.22       -1.24727          -0.28
2468          -1.28       -1.24728          -0.28
2469          -1.24       -1.24728          -0.26
2470          -1.14       -1.24724           -0.2
2471          -1.18       -1.24721          -0.13
2472          -1.02       -1.24712         -0.065
2473          -1.04       -1.24703          -0.02
2474          -1.05       -1.24695          0.045
2475           -1.2       -1.24693          -0.05
2476          -1.07       -1.24686          -0.02
2477          -0.98       -1.24676          -0.03
2478          -1.24       -1.24675         -0.035
2479          -1.26       -1.24676         -0.035
2480          -1.16       -1.24672         -0.015
2481          -1.19        -1.2467          0.075
2482          -1.04       -1.24662          0.045
2483          -1.13       -1.24657          0.065
2484          -1.12       -1.24652          0.105
2485          -1.24       -1.24652          0.095
2486           -1.2        -1.2465           0.16
2487          -1.17       -1.24647          0.195
2488           -1.2       -1.24645            0.2
2489          -1.22       -1.24644          0.195
2490          -1.17       -1.24641           0.18
2491          -1.11       -1.24635          0.205
2492          -1.11        -1.2463           0.19
2493             -1        -1.2462          0.135
2494          -1.07       -1.24613           0.14
2495          -1.11       -1.24607          0.135
2496          -1.07         -1.246          0.165
2497          -0.95       -1.24588          0.165
2498          -0.91       -1.24575          0.215
2499          -0.98       -1.24564          0.145
2500          -1.03       -1.24556           0.13
2501          -0.92       -1.24543           0.06
2502          -0.97       -1.24532           0.15
2503          -1.04       -1.24524           0.07
2504          -0.88       -1.24509           0.06
2505          -1.02         -1.245          0.005
2506          -1.16       -1.24497          -0.07
2507          -1.16       -1.24493           0.01
2508          -1.11       -1.24488          0.085
2509          -1.12       -1.24483          0.175
2510          -1.18        -1.2448           0.14
2511          -1.13       -1.24476           0.14
2512          -1.13       -1.24471           0.12
2513          -1.19       -1.24469           0.16
2514          -1.12       -1.24464          0.045
2515          -1.22       -1.24463          -0.01
2516          -1.17        -1.2446          -0.03
2517          -1.13       -1.24456          -0.04
2518          -1.18       -1.24453          -0.11
2519          -1.02       -1.24444         -0.125
2520          -1.06       -1.24437         -0.165
2521          -1.07        -1.2443         -0.145
2522           -1.1       -1.24424          -0.22
2523          -0.98       -1.24414          -0.22
2524          -1.07       -1.24407         -0.225
2525          -1.03       -1.24398          -0.24
2526          -1.08       -1.24392         -0.245
2527          -1.07       -1.24385         -0.255
2528          -1.12        -1.2438          -0.22
2529          -1.04       -1.24372          -0.19
2530          -0.96       -1.24361         -0.145
2531          -1.14       -1.24357         -0.125
2532          -1.21       -1.24355         -0.195
2533          -1.23       -1.24355          -0.25
2534          -1.19       -1.24353          -0.28
2535          -1.24       -1.24353         -0.375
2536          -1.16       -1.24349          -0.42
2537          -1.09       -1.24343          -0.42
2538          -0.95       -1.24332         -0.345
2539          -1.07       -1.24325         -0.305
2540          -1.03       -1.24316          -0.25
2541          -0.94       -1.24304          -0.22
2542          -0.93       -1.24292         -0.175
2543          -0.91       -1.24279          -0.11
2544          -1.02        -1.2427         -0.155
2545          -1.09       -1.24264          -0.26
2546          -1.09       -1.24258          -0.31
2547          -1.04        -1.2425         -0.215
2548          -1.15       -1.24247         -0.235
2549          -1.13       -1.24242          -0.26
2550          -1.17        -1.2424         -0.315
2551          -1.14       -1.24236         -0.305
2552          -1.14       -1.24231         -0.305
2553           -1.1       -1.24226          -0.28
2554          -1.19       -1.24224          -0.25
2555          -1.17       -1.24221         -0.255
2556          -1.21        -1.2422          -0.27
2557           -1.1       -1.24214          -0.23
2558             -1       -1.24205          -0.18
2559          -1.01       -1.24196          -0.12
2560          -1.15       -1.24192          -0.14
2561          -1.13       -1.24188          -0.19
2562          -1.01       -1.24179         -0.225
2563          -1.08       -1.24172         -0.185
2564          -1.15       -1.24169          -0.16
2565          -1.03       -1.24161          -0.28
2566          -1.28       -1.24162         -0.325
2567          -1.21       -1.24161          -0.32
2568          -1.25       -1.24161         -0.395
2569           -1.2        -1.2416         -0.365
2570          -1.18       -1.24157          -0.37
2571          -1.24       -1.24157         -0.355
2572          -1.25       -1.24157          -0.44
2573          -1.19       -1.24155         -0.425
2574          -1.34       -1.24159         -0.465
2575          -1.31       -1.24162          -0.46
2576          -1.24       -1.24162         -0.435
2577          -1.15       -1.24158         -0.395
2578          -1.16       -1.24155           -0.4
2579          -1.17       -1.24152         -0.465
2580          -1.16       -1.24149         -0.365
2581          -1.24       -1.24149          -0.41
2582          -1.06       -1.24142          -0.36
2583          -1.24       -1.24142          -0.36
2584           -1.1       -1.24137          -0.37
2585          -1.19       -1.24135          -0.38
2586          -1.07       -1.24128         -0.435
2587          -1.11       -1.24123          -0.45
2588          -1.18       -1.24121          -0.44
2589          -1.21       -1.24119          -0.51
2590          -1.24       -1.24119         -0.465
2591          -1.24       -1.24119          -0.45
2592          -1.26        -1.2412          -0.44
2593          -1.15       -1.24116         -0.405
2594          -1.13       -1.24112         -0.295
2595          -1.02       -1.24104         -0.315
2596          -1.07       -1.24097         -0.375
2597          -1.16       -1.24094         -0.295
2598          -1.19       -1.24092          -0.29
2599          -1.11       -1.24087         -0.315
2600          -1.05        -1.2408          -0.23
2601          -1.06       -1.24073          -0.31
2602           -1.1       -1.24067          -0.27
2603          -1.11       -1.24062          -0.27
2604          -1.07       -1.24056         -0.255
2605          -1.08        -1.2405          -0.43
2606          -1.16       -1.24046          -0.44
2607          -1.17       -1.24044          -0.43
2608          -1.15        -1.2404           -0.4
2609          -1.19       -1.24038         -0.455
2610          -1.11       -1.24033         -0.355
2611          -1.16        -1.2403         -0.295
2612          -1.02       -1.24022         -0.235
2613          -0.85       -1.24007          -0.16
2614          -0.93       -1.23995          -0.12
2615          -1.04       -1.23987          -0.31
2616           -1.1       -1.23982         -0.295
2617          -1.13       -1.23978         -0.295
2618           -1.2       -1.23976          -0.29
2619          -1.25       -1.23977          -0.28
2620          -1.26       -1.23977         -0.415
2621          -1.22       -1.23977          -0.35
2622           -1.2       -1.23975          -0.26
2623          -1.03       -1.23967           -0.2
2624          -1.26       -1.23968         -0.225
2625          -1.33       -1.23971         -0.235
2626          -1.25       -1.23972         -0.205
2627          -1.24       -1.23972          -0.19
2628          -1.24       -1.23972          -0.11
2629          -1.23       -1.23971           -0.1
2630          -1.27       -1.23973         -0.145
2631          -1.24       -1.23973          -0.15
2632           -1.3       -1.23975         -0.295
2633          -1.15       -1.23972         -0.275
2634          -1.11       -1.23967         -0.365
2635          -1.22       -1.23966          -0.37
2636          -1.22       -1.23965          -0.37
2637          -1.25       -1.23966         -0.425
2638          -1.14       -1.23962         -0.425
2639          -1.22       -1.23961         -0.425
2640          -1.23       -1.23961          -0.45
2641          -1.19       -1.23959         -0.495
2642          -1.21       -1.23958         -0.465
2643          -1.27       -1.23959         -0.525
2644          -1.13       -1.23955         -0.505
2645          -1.44       -1.23962          -0.61
2646          -1.48       -1.23971          -0.65
2647          -1.55       -1.23983         -0.715
2648          -1.57       -1.23995         -0.705
2649          -1.49       -1.24005          -0.69
2650          -1.49       -1.24014          -0.68
2651          -1.46       -1.24023         -0.635
2652          -1.31       -1.24025          -0.63
2653          -1.35       -1.24029         -0.565
2654          -1.26        -1.2403          -0.54
2655           -1.4       -1.24036          -0.49
2656          -1.33        -1.2404          -0.44
2657          -1.27       -1.24041          -0.41
2658          -1.13       -1.24036          -0.42
2659          -1.19       -1.24035         -0.425
2660          -1.24       -1.24035          -0.44
2661          -1.31       -1.24037          -0.43
2662          -1.27       -1.24038          -0.46
2663          -1.29        -1.2404         -0.505
2664          -1.41       -1.24047          -0.48
2665          -1.35       -1.24051         -0.455
2666          -1.35       -1.24055          -0.46
2667          -1.26       -1.24055         -0.405
2668           -1.3       -1.24058          -0.34
2669           -1.2       -1.24056         -0.275
2670           -1.2       -1.24055         -0.265
2671           -1.1       -1.24049         -0.255
2672          -1.11       -1.24045           -0.2
2673          -1.03       -1.24037          -0.18
2674          -1.12       -1.24032          -0.23
2675          -1.06       -1.24025         -0.135
2676          -1.16       -1.24022         -0.235
2677           -1.2       -1.24021         -0.335
2678          -1.19       -1.24019         -0.365
2679          -1.11       -1.24014          -0.24
2680          -1.05       -1.24007          -0.16
2681          -1.11       -1.24002         -0.155
2682          -1.11       -1.23997         -0.105
2683          -1.21       -1.23996         -0.115
2684          -1.13       -1.23992          -0.18
2685          -1.11       -1.23987          -0.25
2686           -1.1       -1.23982          -0.28
2687          -1.17        -1.2398         -0.325
2688          -1.17       -1.23977         -0.355
2689           -1.1       -1.23972           -0.4
2690          -1.21       -1.23971         -0.415
2691          -1.19       -1.23969         -0.405
2692          -1.08       -1.23963         -0.405
2693          -1.16        -1.2396          -0.35
2694          -1.17       -1.23957          -0.37
2695          -1.15       -1.23954          -0.34
2696           -1.1       -1.23949          -0.32
2697          -1.14       -1.23945          -0.34
2698          -1.21       -1.23944          -0.36
2699          -1.15       -1.23941         -0.295
2700          -1.11       -1.23936         -0.285
2701          -1.14       -1.23932         -0.365
2702          -1.11       -1.23927          -0.36
2703          -1.06       -1.23921         -0.415
2704          -1.23       -1.23921         -0.415
2705          -1.07       -1.23914         -0.365
2706          -1.11       -1.23909          -0.42
2707          -1.15       -1.23906          -0.46
2708           -1.1       -1.23901          -0.54
2709          -1.21         -1.239          -0.52
2710          -1.23         -1.239          -0.49
2711          -1.22       -1.23899         -0.475
2712          -1.22       -1.23898          -0.43
2713          -1.12       -1.23894          -0.43
2714          -1.14        -1.2389         -0.425
2715          -1.23        -1.2389          -0.44
2716          -1.28       -1.23891          -0.51
2717          -1.33       -1.23895          -0.51
2718          -1.24       -1.23895          -0.52
2719          -1.39         -1.239          -0.51
2720           -1.3       -1.23903         -0.475
2721          -1.24       -1.23903          -0.41
2722          -1.22       -1.23902          -0.46
2723          -1.22       -1.23901          -0.45
2724          -1.22       -1.23901          -0.44
2725          -1.15       -1.23897         -0.415
2726          -1.01       -1.23889          -0.32
2727          -1.13       -1.23885         -0.315
2728          -1.16       -1.23882          -0.41
2729          -1.26       -1.23883         -0.435
2730           -1.2       -1.23881           -0.5
2731          -1.26       -1.23882         -0.475
2732           -1.2       -1.23881         -0.535
2733          -1.31       -1.23883          -0.61
2734          -1.24       -1.23883          -0.53
2735          -1.22       -1.23883         -0.525
2736          -1.26       -1.23883          -0.59
2737          -1.19       -1.23882          -0.55
2738          -1.25       -1.23882          -0.57
2739          -1.29       -1.23884         -0.575
2740          -1.28       -1.23885          -0.55
2741          -1.35       -1.23889         -0.595
2742          -1.22       -1.23889         -0.485
2743           -1.2       -1.23887          -0.44
2744          -1.19       -1.23886          -0.54
2745          -1.27       -1.23887          -0.54
2746          -1.18       -1.23885           -0.5
2747          -1.05       -1.23878          -0.48
2748          -1.24       -1.23878         -0.515
2749          -1.24       -1.23878         -0.445
2750           -1.2       -1.23876          -0.44
2751          -1.07        -1.2387         -0.325
2752          -1.01       -1.23862         -0.285
2753           -1.1       -1.23857           -0.3
2754          -1.25       -1.23857         -0.355
2755          -1.12       -1.23853          -0.36
2756          -1.07       -1.23847         -0.355
2757          -1.18       -1.23845         -0.375
2758          -1.01       -1.23837         -0.305
2759          -1.11       -1.23832         -0.355
2760          -1.14       -1.23828          -0.37
2761          -1.05       -1.23822         -0.385
2762          -0.97       -1.23812          -0.33
2763          -0.98       -1.23802         -0.315
2764           -1.1       -1.23797         -0.355
2765           -1.1       -1.23792          -0.34
2766          -1.13       -1.23789         -0.425
2767          -1.07       -1.23783          -0.35
2768          -1.21       -1.23782          -0.41
2769          -1.18       -1.23779          -0.39
2770          -1.06       -1.23773          -0.37
2771           -1.1       -1.23768          -0.45
2772          -1.23       -1.23768          -0.44
2773          -1.12       -1.23764          -0.43
2774          -1.15        -1.2376          -0.38
2775          -1.18       -1.23758          -0.42
2776          -1.18       -1.23756         -0.295
2777          -1.09       -1.23751         -0.295
2778          -1.13       -1.23747         -0.205
2779           -1.1       -1.23742          -0.28
2780          -1.01       -1.23734         -0.255
2781          -1.05       -1.23727          -0.29
2782          -1.06       -1.23721          -0.32
2783          -1.05       -1.23714         -0.235
2784          -1.12        -1.2371         -0.205
2785          -1.14       -1.23706          -0.33
2786          -1.08       -1.23701         -0.375
2787          -0.98       -1.23692          -0.35
2788          -1.08       -1.23686         -0.445
2789          -0.96       -1.23676         -0.495
2790          -1.05       -1.23669          -0.57
2791          -1.11       -1.23665          -0.55
2792          -1.12       -1.23661         -0.525
2793          -1.16       -1.23658         -0.545
2794          -1.28       -1.23659         -0.565
2795          -1.32       -1.23662          -0.58
2796          -1.16        -1.2366          -0.59
2797          -1.17       -1.23657           -0.6
2798          -1.19       -1.23656         -0.615
2799          -1.28       -1.23657         -0.595
2800          -1.28       -1.23659         -0.625
2801           -1.3       -1.23661          -0.57
2802          -1.28       -1.23663         -0.565
2803          -1.21       -1.23662         -0.585
2804          -1.14       -1.23658          -0.52
2805          -1.21       -1.23657          -0.54
2806           -1.2       -1.23656          -0.53
2807          -1.15       -1.23653         -0.555
2808          -1.24       -1.23653         -0.565
2809          -1.33       -1.23656           -0.6
2810          -1.22       -1.23656           -0.6
2811          -1.35        -1.2366         -0.675
2812           -1.5       -1.23669         -0.655
2813           -1.4       -1.23675          -0.62
2814          -1.52       -1.23685         -0.695
2815          -1.51       -1.23695         -0.705
2816          -1.58       -1.23707         -0.725
2817          -1.39       -1.23712          -0.69
2818          -1.33       -1.23716          -0.67
2819          -1.33       -1.23719         -0.655
2820          -1.41       -1.23725         -0.715
2821          -1.49       -1.23734          -0.74
2822          -1.45       -1.23741          -0.75
2823           -1.4       -1.23747         -0.735
2824          -1.35       -1.23751         -0.725
2825          -1.41       -1.23757          -0.73
2826          -1.39       -1.23763          -0.73
2827          -1.48       -1.23771         -0.785
2828          -1.48        -1.2378         -0.775
2829          -1.37       -1.23784          -0.73
2830          -1.37       -1.23789         -0.725
2831          -1.38       -1.23794          -0.68
2832           -1.4         -1.238         -0.665
2833           -1.4       -1.23806          -0.72
2834          -1.38       -1.23811         -0.715
2835          -1.44       -1.23818         -0.735
2836          -1.44       -1.23825         -0.715
2837          -1.54       -1.23835         -0.815
2838          -1.37        -1.2384          -0.77
2839          -1.29       -1.23842          -0.68
2840          -1.24       -1.23842          -0.66
2841          -1.18        -1.2384          -0.65
2842          -1.26       -1.23841           -0.7
2843          -1.34       -1.23844          -0.65
2844          -1.27       -1.23845         -0.645
2845          -1.16       -1.23843          -0.63
2846           -1.2       -1.23841         -0.615
2847          -1.31       -1.23844         -0.695
2848           -1.4       -1.23849          -0.71
2849          -1.43       -1.23856         -0.735
2850          -1.41       -1.23862          -0.71
2851          -1.45        -1.2387          -0.74
2852          -1.41       -1.23876          -0.73
2853          -1.51       -1.23885         -0.725
2854          -1.45       -1.23892          -0.69
2855          -1.34       -1.23896         -0.725
2856          -1.36         -1.239         -0.705
2857          -1.25       -1.23901         -0.685
2858          -1.41       -1.23907         -0.755
2859          -1.43       -1.23913         -0.745
2860          -1.47       -1.23921         -0.765
2861          -1.45       -1.23929          -0.77
2862           -1.3       -1.23931          -0.69
2863          -1.25       -1.23931         -0.725
2864          -1.32       -1.23934          -0.72
2865          -1.12        -1.2393          -0.65
2866          -1.18       -1.23928           -0.6
2867          -1.17       -1.23925          -0.59
2868           -1.2       -1.23924         -0.555
2869          -1.29       -1.23926          -0.61
2870          -1.39       -1.23931          -0.59
2871          -1.33       -1.23934           -0.6
2872          -1.33       -1.23937          -0.63
2873          -1.21       -1.23936          -0.58
2874          -1.25       -1.23937         -0.585
2875           -1.3       -1.23939         -0.655
2876          -1.44       -1.23946          -0.67
2877          -1.42       -1.23952          -0.69
2878          -1.44       -1.23959          -0.68
2879           -1.4       -1.23965          -0.69
2880          -1.22       -1.23964          -0.64
2881          -1.28       -1.23965         -0.675
2882          -1.26       -1.23966          -0.66
2883          -1.36        -1.2397          -0.65
2884          -1.27       -1.23971         -0.645
2885          -1.21        -1.2397         -0.615
2886          -1.27       -1.23971         -0.635
2887          -1.18       -1.23969         -0.615
2888           -1.2       -1.23968         -0.635
2889          -1.23       -1.23967         -0.645
2890          -1.17       -1.23965         -0.655
2891          -1.21       -1.23964         -0.665
2892          -1.36       -1.23968          -0.73
2893          -1.27       -1.23969         -0.685
2894          -1.31       -1.23972          -0.66
2895          -1.26       -1.23972          -0.69
2896          -1.41       -1.23978          -0.72
2897          -1.46       -1.23986         -0.775
2898          -1.33       -1.23989         -0.715
2899          -1.29       -1.23991          -0.68
2900          -1.27       -1.23992          -0.62
2901          -1.29       -1.23993         -0.595
2902          -1.21       -1.23992         -0.575
2903          -1.25       -1.23993          -0.58
2904          -1.34       -1.23996         -0.585
2905          -1.36          -1.24          -0.61
2906          -1.22          -1.24         -0.595
2907          -1.29       -1.24001         -0.665
2908          -1.37       -1.24006          -0.68
2909          -1.21       -1.24005         -0.615
2910          -1.19       -1.24003         -0.595
2911          -1.39       -1.24008         -0.665
2912          -1.37       -1.24013          -0.65
2913           -1.5       -1.24022          -0.66
2914          -1.49        -1.2403         -0.685
2915          -1.49       -1.24039         -0.685
2916          -1.46       -1.24046          -0.65
2917          -1.39       -1.24051          -0.62
2918          -1.21        -1.2405         -0.535
2919          -1.32       -1.24053          -0.59
2920          -1.24       -1.24053          -0.56
2921          -1.24       -1.24053         -0.545
2922          -1.32       -1.24056          -0.56
2923          -1.29       -1.24057          -0.54
2924          -1.37       -1.24062         -0.555
2925          -1.26       -1.24063         -0.535
2926          -1.23       -1.24062         -0.525
2927          -1.34       -1.24066         -0.605
2928          -1.29       -1.24067          -0.61
2929          -1.35       -1.24071          -0.67
2930          -1.29       -1.24073          -0.66
2931          -1.42       -1.24079          -0.74
2932          -1.51       -1.24088         -0.785
2933           -1.5       -1.24097          -0.75
2934          -1.46       -1.24104          -0.72
2935          -1.55       -1.24115         -0.775
2936          -1.44       -1.24122          -0.74
2937          -1.46       -1.24129         -0.765
2938          -1.55        -1.2414         -0.825
2939          -1.53       -1.24149         -0.815
2940          -1.52       -1.24159         -0.815
2941          -1.61       -1.24171         -0.865
2942          -1.46       -1.24179          -0.81
2943          -1.42       -1.24185           -0.8
2944          -1.42       -1.24191          -0.79
2945          -1.38       -1.24196          -0.76
2946          -1.36         -1.242          -0.74
2947          -1.41       -1.24205          -0.75
2948          -1.44       -1.24212          -0.74
2949          -1.43       -1.24218         -0.735
2950          -1.34       -1.24222           -0.7
2951          -1.29       -1.24223         -0.675
2952          -1.24       -1.24223          -0.65
2953          -1.29       -1.24225         -0.695
2954          -1.31       -1.24227         -0.675
2955          -1.36       -1.24231          -0.72
2956          -1.32       -1.24234         -0.725
2957          -1.52       -1.24243         -0.815
2958           -1.5       -1.24252         -0.815
2959          -1.37       -1.24256         -0.775
2960          -1.42       -1.24262         -0.795
2961           -1.5       -1.24271         -0.795
2962          -1.38       -1.24275          -0.77
2963          -1.43       -1.24282         -0.745
2964          -1.49        -1.2429         -0.785
2965          -1.35       -1.24294         -0.755
2966          -1.45       -1.24301          -0.75
2967           -1.5       -1.24309          -0.79
2968          -1.52       -1.24319         -0.785
2969          -1.36       -1.24323          -0.71
2970          -1.33       -1.24325          -0.74
2971          -1.37        -1.2433          -0.72
2972          -1.41       -1.24335         -0.705
2973          -1.52       -1.24345         -0.715
2974          -1.37       -1.24349          -0.62
2975          -1.27        -1.2435         -0.535
2976          -1.29       -1.24351         -0.595
2977          -1.32       -1.24354          -0.62
2978          -1.27       -1.24355           -0.6
2979          -1.25       -1.24355         -0.665
2980          -1.25       -1.24355         -0.675
2981          -1.37       -1.24359         -0.735
2982          -1.26        -1.2436          -0.67
2983          -1.17       -1.24358         -0.585
2984          -1.22       -1.24357         -0.585
2985          -1.35        -1.2436         -0.655
2986           -1.3       -1.24362         -0.665
2987          -1.23       -1.24362          -0.65
2988           -1.3       -1.24364         -0.645
2989           -1.2       -1.24362         -0.625
2990          -1.26       -1.24363         -0.675
2991          -1.34       -1.24366         -0.755
2992          -1.35        -1.2437          -0.77
2993          -1.34       -1.24373           -0.7
2994          -1.35       -1.24376         -0.735
2995          -1.42       -1.24382         -0.745
2996          -1.37       -1.24386          -0.73
2997          -1.42       -1.24392          -0.76
2998          -1.44       -1.24399         -0.725
2999          -1.39       -1.24404         -0.715
3000          -1.24       -1.24404         -0.655
3001          -1.32       -1.24406         -0.655
3002          -1.43       -1.24412          -0.68
3003          -1.29       -1.24414           -0.6
3004          -1.27       -1.24415         -0.595
3005          -1.34       -1.24418         -0.615
3006          -1.21       -1.24417         -0.565
3007           -1.3       -1.24419         -0.615
3008          -1.34       -1.24422         -0.595
3009          -1.23       -1.24421          -0.62
3010          -1.39       -1.24426         -0.665
3011          -1.27       -1.24427          -0.64
3012          -1.32       -1.24429          -0.66
3013          -1.26        -1.2443         -0.625
3014          -1.39       -1.24435         -0.665
3015          -1.39        -1.2444         -0.715
3016          -1.31       -1.24442         -0.735
3017          -1.66       -1.24456          -0.89
3018          -1.53       -1.24465          -0.85
3019          -1.52       -1.24474         -0.835
3020          -1.56       -1.24485         -0.855
3021          -1.67       -1.24499         -0.875
3022          -1.64       -1.24512          -0.88
3023          -1.62       -1.24524          -0.88
3024          -1.55       -1.24534         -0.845
3025          -1.65       -1.24548         -0.865
3026          -1.62        -1.2456         -0.875
3027           -1.7       -1.24575           -0.9
3028          -1.79       -1.24593         -0.935
3029          -1.53       -1.24602         -0.845
3030          -1.42       -1.24608          -0.75
3031          -1.44       -1.24614          -0.78
3032          -1.35       -1.24618          -0.76
3033           -1.3        -1.2462         -0.755
3034          -1.34       -1.24623         -0.735
3035          -1.33       -1.24625          -0.74
3036          -1.19       -1.24624         -0.655
3037          -1.19       -1.24622         -0.625
3038          -1.18        -1.2462         -0.565
3039          -1.19       -1.24618          -0.53
3040          -1.23       -1.24617          -0.52
3041          -1.19       -1.24615         -0.565
3042          -1.07        -1.2461          -0.58
3043          -1.27        -1.2461          -0.63
3044          -1.28       -1.24611         -0.645
3045          -1.17       -1.24609         -0.605
3046          -1.31       -1.24611         -0.705
3047          -1.31       -1.24613         -0.695
3048          -1.39       -1.24618          -0.68
3049          -1.38       -1.24622          -0.64
3050          -1.28       -1.24623         -0.595
3051          -1.07       -1.24618         -0.555
3052          -1.18       -1.24615          -0.62
3053          -1.27       -1.24616         -0.595
3054          -1.19       -1.24614         -0.495
3055          -1.18       -1.24612           -0.5
3056          -1.29       -1.24614          -0.56
3057           -1.2       -1.24612         -0.525
3058          -1.43       -1.24618         -0.575
3059          -1.46       -1.24625         -0.625
3060          -1.48       -1.24633          -0.69
3061          -1.57       -1.24643           -0.7
3062          -1.51       -1.24652          -0.68
3063          -1.34       -1.24655          -0.62
3064          -1.09        -1.2465         -0.525
3065          -1.19       -1.24648           -0.5
3066           -1.2       -1.24647          -0.56
3067          -1.23       -1.24646          -0.52
3068           -1.3       -1.24648         -0.555
3069          -1.29       -1.24649          -0.61
3070          -1.39       -1.24654         -0.675
3071          -1.36       -1.24658         -0.605
3072          -1.32        -1.2466          -0.62
3073          -1.52       -1.24669          -0.72
3074          -1.53       -1.24678          -0.78
3075          -1.54       -1.24688         -0.785
3076          -1.46       -1.24695           -0.8
3077           -1.5       -1.24703         -0.815
3078          -1.58       -1.24714          -0.85
3079          -1.61       -1.24725          -0.86
3080          -1.58       -1.24736         -0.845
3081          -1.49       -1.24744         -0.795
3082          -1.56       -1.24754          -0.83
3083           -1.4       -1.24759         -0.775
3084          -1.61       -1.24771         -0.825
3085           -1.5       -1.24779          -0.78
3086          -1.32       -1.24781           -0.7
3087          -1.25       -1.24781          -0.66
3088           -1.2        -1.2478         -0.675
3089          -1.49       -1.24788          -0.78
3090          -1.51       -1.24796         -0.815
3091          -1.36         -1.248          -0.75
3092          -1.32       -1.24802          -0.68
3093          -1.43       -1.24808         -0.745
3094          -1.39       -1.24813         -0.745
3095          -1.41       -1.24818          -0.75
3096          -1.45       -1.24824         -0.735
3097          -1.37       -1.24828         -0.745
3098          -1.41       -1.24833          -0.73
3099          -1.36       -1.24837         -0.715
3100          -1.35        -1.2484         -0.695
3101          -1.45       -1.24847          -0.76
3102          -1.34        -1.2485          -0.73
3103          -1.36       -1.24853         -0.725
3104          -1.36       -1.24857          -0.73
3105           -1.2       -1.24855          -0.71
3106          -1.35       -1.24859          -0.73
3107          -1.29        -1.2486          -0.74
3108          -1.33       -1.24863          -0.75
3109          -1.37       -1.24867         -0.705
3110          -1.17       -1.24864          -0.64
3111          -1.14       -1.24861          -0.63
3112          -1.32       -1.24863          -0.63
3113           -1.3       -1.24864         -0.625
3114          -1.28       -1.24865          -0.67
3115          -1.45       -1.24872          -0.75
3116          -1.37       -1.24876         -0.715
3117          -1.27       -1.24877          -0.67
3118          -1.39       -1.24881          -0.74
3119          -1.56       -1.24891         -0.825
3120          -1.63       -1.24903         -0.865
3121          -1.56       -1.24913         -0.845
3122          -1.65       -1.24926         -0.875
3123          -1.68        -1.2494         -0.895
3124          -1.58        -1.2495          -0.86
3125           -1.6       -1.24962         -0.865
3126          -1.65       -1.24974         -0.895
3127          -1.58       -1.24985          -0.88
3128          -1.57       -1.24995         -0.865
3129          -1.56       -1.25005          -0.84
3130          -1.43       -1.25011          -0.74
3131           -1.4       -1.25016         -0.755
3132          -1.28       -1.25017          -0.69
3133          -1.27       -1.25017          -0.65
3134          -1.21       -1.25016          -0.57
3135          -1.22       -1.25015         -0.555
3136          -1.37       -1.25019          -0.62
3137          -1.38       -1.25023          -0.59
3138          -1.29       -1.25024          -0.63
3139          -1.35       -1.25027         -0.575
3140          -1.36       -1.25031         -0.615
3141          -1.34       -1.25034          -0.59
3142           -1.3       -1.25035         -0.595
3143          -1.34       -1.25038          -0.66
3144          -1.26       -1.25038         -0.625
3145          -1.19       -1.25037          -0.59
3146          -1.15       -1.25033         -0.485
3147          -1.17       -1.25031         -0.525
3148          -1.21        -1.2503          -0.58
3149          -1.13       -1.25026         -0.515
3150          -1.28       -1.25027          -0.55
3151          -1.27       -1.25027          -0.59
3152          -1.23       -1.25027         -0.585
3153          -1.14       -1.25023          -0.51
3154          -1.22       -1.25022         -0.515
3155          -1.21       -1.25021          -0.54
3156          -1.17       -1.25018          -0.52
3157           -1.3        -1.2502         -0.645
3158           -1.2       -1.25018          -0.57
3159          -1.16       -1.25016          -0.47
3160          -1.21       -1.25014          -0.55
3161          -1.13        -1.2501         -0.405
3162           -1.2       -1.25009         -0.415
3163          -1.28        -1.2501          -0.52
3164          -1.36       -1.25013         -0.505
3165          -1.26       -1.25014         -0.515
3166          -1.27       -1.25014         -0.565
3167          -1.27       -1.25015          -0.52
3168          -1.31       -1.25017         -0.535
3169          -1.32       -1.25019         -0.475
3170          -1.35       -1.25022         -0.555
3171          -1.24       -1.25022          -0.53
3172          -1.19        -1.2502          -0.57
3173          -1.11       -1.25015         -0.515
3174          -1.08        -1.2501         -0.465
3175          -1.03       -1.25003         -0.385
3176          -1.11       -1.24999          -0.45
3177          -1.29          -1.25          -0.51
3178          -1.32       -1.25002         -0.535
3179          -1.13       -1.24998         -0.455
3180          -1.19       -1.24997          -0.43
3181          -1.29       -1.24998         -0.495
3182          -1.13       -1.24994         -0.425
3183          -1.05       -1.24988         -0.445
3184          -1.14       -1.24984          -0.43
3185          -1.14       -1.24981         -0.395
3186          -1.11       -1.24976         -0.375
3187          -1.18       -1.24974          -0.29
3188           -1.3       -1.24976          -0.33
3189          -1.28       -1.24977          -0.36
3190          -1.26       -1.24977          -0.38
3191          -1.29       -1.24978         -0.315
3192          -1.35       -1.24982          -0.26
3193          -1.31       -1.24983          -0.25
3194          -1.34       -1.24986         -0.255
3195           -1.3       -1.24988         -0.275
3196          -1.26       -1.24988         -0.295
3197          -1.28       -1.24989          -0.34
3198          -1.11       -1.24985          -0.35
3199          -1.04       -1.24978          -0.37
3200          -1.24       -1.24978          -0.35
3201          -1.15       -1.24975          -0.35
3202          -1.18       -1.24973         -0.345
3203          -1.17        -1.2497           -0.4
3204          -1.21       -1.24969         -0.405
3205          -1.07       -1.24963         -0.355
3206          -1.12       -1.24959         -0.285
3207          -1.14       -1.24956         -0.285
3208          -1.24       -1.24955         -0.315
3209          -1.35       -1.24959         -0.295
3210          -1.17       -1.24956          -0.26
3211          -1.22       -1.24955          -0.23
3212          -1.34       -1.24958          -0.14
3213          -1.16       -1.24955          -0.13
3214          -1.13       -1.24951          -0.07
3215          -1.19        -1.2495         -0.075
3216          -1.06       -1.24944         -0.095
3217          -1.12        -1.2494         -0.155
3218          -1.17       -1.24937         -0.075
3219          -1.05       -1.24931          -0.11
3220          -1.04       -1.24925         -0.115
3221          -1.08       -1.24919          -0.13
3222          -1.14       -1.24916          -0.21
3223          -1.14       -1.24913          -0.19
3224           -1.1       -1.24908          -0.17
3225          -1.17       -1.24905          -0.19
3226          -1.16       -1.24903          -0.17
3227          -1.19       -1.24901         -0.095
3228           -1.2       -1.24899         -0.015
3229           -1.2       -1.24898          -0.01
3230          -1.23       -1.24897           0.05
3231          -1.19       -1.24895          0.005
3232          -1.14       -1.24892         -0.035
3233          -1.02       -1.24885         -0.055
3234          -0.98       -1.24877         -0.015
3235          -1.01       -1.24869          -0.05
3236          -1.04       -1.24863         -0.095
3237          -1.04       -1.24856          -0.14
3238          -1.06       -1.24851          -0.13
3239          -0.99       -1.24843         -0.085
3240          -1.13       -1.24839           0.02
3241          -1.04       -1.24833           0.03
3242           -1.1       -1.24828          -0.05
3243          -1.18       -1.24826              0
3244             -1       -1.24818           0.05
3245          -0.96       -1.24809           0.04
3246          -0.89       -1.24798          0.045
3247          -0.88       -1.24787          0.115
3248          -1.11       -1.24783          0.235
3249          -0.98       -1.24774          0.205
3250          -1.07       -1.24769           0.26
3251          -1.04       -1.24763           0.25
3252          -1.01       -1.24755           0.26
3253          -1.08        -1.2475           0.34
3254          -1.14       -1.24747          0.365
3255          -1.19       -1.24745          0.425
3256          -1.13       -1.24741          0.415
3257          -1.13       -1.24738           0.43
3258           -1.2       -1.24736          0.535
3259           -1.3       -1.24738          0.585
3260          -1.23       -1.24738          0.535
3261          -1.18       -1.24735          0.515
3262          -1.17       -1.24733          0.545
3263          -1.09       -1.24728           0.52
3264          -1.16       -1.24726          0.585
3265          -1.39        -1.2473          0.655
3266          -1.36       -1.24733           0.68
3267          -1.42       -1.24739           0.71
3268          -1.35       -1.24742          0.635
3269          -1.38       -1.24746          0.665
3270          -1.44       -1.24752            0.7
3271          -1.46       -1.24758          0.725
3272          -1.33       -1.24761           0.71
3273          -1.18       -1.24759          0.645
3274          -1.15       -1.24756           0.53
3275          -1.27       -1.24756           0.51
3276          -1.26       -1.24757           0.52
3277          -1.16       -1.24754          0.545
3278          -1.22       -1.24753          0.555
3279          -1.21       -1.24752          0.495
3280           -1.3       -1.24754          0.545
3281          -1.24       -1.24754          0.555
3282          -1.37       -1.24757            0.6
3283          -1.15       -1.24754          0.565
3284          -1.18       -1.24752          0.565
3285          -1.22       -1.24751           0.58
3286          -1.26       -1.24752          0.605
3287          -1.29       -1.24753          0.615
3288          -1.19       -1.24751          0.555
3289          -1.19        -1.2475           0.49
3290          -1.15       -1.24747          0.545
3291          -1.23       -1.24746          0.515
3292          -1.19       -1.24744           0.53
3293          -1.14       -1.24741           0.55
3294          -1.29       -1.24742          0.555
3295          -1.11       -1.24738          0.505
3296           -1.2       -1.24737           0.51
3297          -1.18       -1.24735          0.485
3298          -1.19       -1.24733          0.515
3299          -1.17       -1.24731           0.54
3300          -1.24        -1.2473           0.56
3301          -1.18       -1.24728          0.505
3302           -1.3        -1.2473          0.495
3303          -1.31       -1.24732           0.58
3304          -1.29       -1.24733           0.56
3305          -1.25       -1.24733           0.54
3306          -1.23       -1.24733          0.495
3307          -1.17        -1.2473           0.42
3308          -1.26       -1.24731           0.48
3309          -1.27       -1.24731          0.475
3310          -1.23       -1.24731          0.435
3311          -1.33       -1.24733          0.435
3312          -1.27       -1.24734          0.465
3313          -1.31       -1.24736           0.55
3314          -1.43       -1.24741           0.58
3315          -1.38       -1.24745           0.63
3316          -1.43       -1.24751           0.73
3317          -1.39       -1.24755          0.725
3318          -1.38       -1.24759          0.715
3319          -1.29       -1.24761          0.685
3320          -1.45       -1.24767          0.745
3321           -1.5       -1.24774          0.785
3322          -1.46       -1.24781           0.78
3323           -1.4       -1.24785          0.775
3324          -1.44       -1.24791           0.75
3325          -1.29       -1.24792           0.65
3326          -1.16        -1.2479           0.57
3327          -1.19       -1.24788          0.615
3328          -1.31        -1.2479          0.685
3329          -1.22       -1.24789          0.605
3330          -1.29        -1.2479           0.64
3331           -1.3       -1.24792           0.64
3332          -1.23       -1.24791            0.7
3333          -1.31       -1.24793          0.735
3334          -1.42       -1.24798           0.75
3335          -1.41       -1.24803          0.765
3336          -1.51       -1.24811           0.83
3337          -1.35       -1.24814           0.77
3338          -1.24       -1.24814           0.73
3339          -1.36       -1.24817           0.75
3340           -1.4       -1.24822          0.755
3341          -1.39       -1.24826           0.78
3342          -1.41       -1.24831           0.78
3343          -1.38       -1.24835           0.76
3344          -1.38       -1.24839          0.775
3345          -1.38       -1.24842          0.795
3346          -1.56       -1.24852          0.825
3347          -1.51        -1.2486           0.83
3348          -1.48       -1.24867           0.79
3349          -1.53       -1.24875            0.8
3350          -1.45       -1.24881          0.735
3351           -1.4       -1.24885           0.68
3352          -1.38       -1.24889          0.715
3353          -1.34       -1.24892           0.66
3354           -1.3       -1.24894           0.67
3355          -1.36       -1.24897           0.67
3356          -1.42       -1.24902          0.715
3357          -1.32       -1.24904          0.635
3358          -1.23       -1.24904          0.605
3359          -1.31       -1.24905           0.67
3360           -1.3       -1.24907          0.675
3361          -1.36        -1.2491           0.64
3362          -1.47       -1.24917           0.74
3363          -1.42       -1.24922            0.7
3364          -1.36       -1.24925           0.65
3365          -1.36       -1.24928           0.64
3366          -1.41       -1.24933           0.67
3367          -1.34       -1.24936           0.71
3368          -1.37       -1.24939          0.735
3369          -1.27        -1.2494          0.725
3370           -1.2       -1.24939           0.69
3371          -1.27       -1.24939           0.69
3372          -1.22       -1.24938          0.575
3373          -1.32        -1.2494          0.645
3374          -1.17       -1.24938           0.59
3375          -1.16       -1.24935           0.55
3376          -1.19       -1.24934           0.55
3377          -1.23       -1.24933           0.56
3378           -1.3       -1.24935          0.565
3379          -1.32       -1.24937           0.58
3380          -1.31       -1.24938          0.585
3381          -1.19       -1.24937          0.555
3382          -1.12       -1.24933           0.47
3383          -1.12       -1.24929           0.51
3384          -1.12       -1.24925           0.53
3385          -1.18       -1.24923           0.55
3386          -1.17       -1.24921           0.58
3387          -1.26       -1.24921           0.53
3388          -1.27       -1.24922           0.56
3389          -1.38       -1.24926           0.57
3390          -1.25       -1.24926          0.515
3391          -1.11       -1.24922          0.455
3392          -1.28       -1.24922          0.525
3393          -1.26       -1.24923           0.51
3394          -1.18       -1.24921          0.485
3395           -1.1       -1.24916           0.48
3396          -1.12       -1.24913          0.455
3397          -1.26       -1.24913           0.47
3398          -1.23       -1.24912          0.475
3399          -1.33       -1.24915          0.455
3400          -1.15       -1.24912           0.47
3401          -1.14       -1.24909           0.51
3402          -1.08       -1.24904           0.45
3403          -0.98       -1.24896          0.435
3404          -1.02       -1.24889          0.385
3405          -1.18       -1.24887          0.445
3406          -1.17       -1.24885           0.45
3407          -1.03       -1.24878           0.29
3408          -0.99       -1.24871            0.3
3409          -1.05       -1.24865          0.315
3410          -1.03       -1.24858           0.27
3411          -0.99       -1.24851          0.255
3412           -1.1       -1.24846           0.18
3413          -1.04        -1.2484           0.13
3414          -1.04       -1.24834           0.04
3415          -1.01       -1.24827          -0.03
3416          -0.97       -1.24819          -0.04
3417          -1.09       -1.24815          -0.12
3418          -1.06       -1.24809         -0.175
3419          -1.06       -1.24804          -0.11
3420          -1.03       -1.24797         -0.045
3421           -1.1       -1.24793          -0.09
3422          -1.03       -1.24786          -0.15
3423          -0.92       -1.24777          -0.17
3424          -0.91       -1.24767          -0.18
3425          -1.12       -1.24763          -0.11
3426          -1.16       -1.24761         -0.085
3427          -1.16       -1.24758          -0.07
3428          -1.12       -1.24754         -0.015
3429          -1.24       -1.24754         -0.055
3430          -1.14       -1.24751          -0.01
3431           -1.1       -1.24747         -0.005
3432          -1.11       -1.24743           0.09
3433          -1.13       -1.24739          0.075
3434          -1.11       -1.24735          0.065
3435          -1.14       -1.24732          0.025
3436          -1.17        -1.2473           0.04
3437          -1.19       -1.24728           0.04
3438          -1.24       -1.24728           0.09
3439          -1.23       -1.24728          0.115
3440          -1.23       -1.24727           0.17
3441          -1.06       -1.24722           0.13
3442          -1.09       -1.24717          0.055
3443          -1.09       -1.24713           0.09
3444          -1.11       -1.24709          0.065
3445          -1.18       -1.24707          0.025
3446          -1.16       -1.24704         -0.065
3447          -1.01       -1.24697          -0.07
3448          -1.16       -1.24695           -0.1
3449          -1.13       -1.24691         -0.115
3450          -1.18       -1.24689          -0.14
3451          -1.27        -1.2469          -0.06
3452          -1.18       -1.24688         -0.045
3453           -1.1       -1.24684          -0.02
3454          -1.22       -1.24683          0.035
3455          -1.19       -1.24681          0.035
3456          -1.15       -1.24679           0.03
3457          -1.05       -1.24673           0.02
3458          -1.09       -1.24668          0.085
3459          -1.05       -1.24663          0.065
3460           -1.2       -1.24661          0.075
3461          -1.21        -1.2466           0.01
3462          -1.28       -1.24661          0.005
3463          -1.19        -1.2466              0
3464          -1.13       -1.24656           0.02
3465          -1.15       -1.24653          -0.03
3466          -1.13        -1.2465         -0.135
3467          -1.12       -1.24646         -0.175
3468          -1.16       -1.24644          -0.13
3469          -1.17       -1.24642         -0.055
3470          -1.22       -1.24641         -0.075
3471          -1.02       -1.24635         -0.125
3472          -1.05       -1.24629          -0.09
3473          -1.07       -1.24624         -0.065
3474          -1.15       -1.24621         -0.025
3475          -1.27       -1.24622           -0.1
3476          -1.22       -1.24621          -0.11
3477          -1.21        -1.2462         -0.175
3478          -1.35       -1.24623          -0.15
3479           -1.3       -1.24624          -0.11
3480          -1.19       -1.24623         -0.075
3481          -1.16        -1.2462         -0.215
3482          -1.25        -1.2462          -0.22
3483          -1.14       -1.24617          -0.27
3484          -1.14       -1.24614          -0.22
3485          -1.18       -1.24612           -0.2
3486          -1.19       -1.24611         -0.275
3487          -1.15       -1.24608         -0.275
3488          -1.12       -1.24604           -0.2
3489          -1.06       -1.24599         -0.085
3490          -1.03       -1.24593         -0.035
3491           -1.1       -1.24589         -0.055
3492          -1.05       -1.24583          -0.11
3493           -1.1       -1.24579         -0.195
3494          -1.14       -1.24576          -0.24
3495          -1.12       -1.24572          -0.26
3496           -1.1       -1.24568         -0.355
3497          -1.14       -1.24565         -0.365
3498          -1.14       -1.24562         -0.385
3499           -1.1       -1.24558         -0.365
3500          -1.11       -1.24554         -0.515
3501          -1.12       -1.24551          -0.51
3502          -1.31       -1.24552         -0.595
3503           -1.3       -1.24554          -0.64
3504          -1.23       -1.24553         -0.615
3505           -1.2       -1.24552          -0.57
3506          -1.25       -1.24552         -0.605
3507          -1.34       -1.24555           -0.6
3508          -1.38       -1.24559         -0.675
3509          -1.31       -1.24561         -0.645
3510          -1.19       -1.24559         -0.595
3511          -1.22       -1.24558          -0.59
3512          -1.23       -1.24558          -0.59
3513           -1.2       -1.24557          -0.62
3514          -1.21       -1.24556          -0.59
3515           -1.1       -1.24551         -0.565
3516           -1.2        -1.2455         -0.605
3517          -1.21       -1.24549          -0.58
3518          -1.27        -1.2455          -0.62
3519          -1.24        -1.2455         -0.605
3520          -1.31       -1.24552          -0.69
3521          -1.28       -1.24553         -0.715
3522          -1.35       -1.24555          -0.64
3523          -1.33       -1.24558          -0.66
3524          -1.32        -1.2456         -0.635
3525          -1.36       -1.24563          -0.61
3526          -1.26       -1.24564         -0.525
3527          -1.17       -1.24562          -0.62
3528          -1.25       -1.24562          -0.69
3529          -1.18        -1.2456         -0.595
3530          -1.23       -1.24559          -0.61
3531          -1.13       -1.24556          -0.58
3532          -1.15       -1.24553          -0.49
3533          -1.19       -1.24552          -0.54
3534          -1.16       -1.24549         -0.455
3535          -1.29       -1.24551         -0.545
3536          -1.26       -1.24551         -0.615
3537          -1.36       -1.24554          -0.68
3538          -1.37       -1.24558         -0.665
3539           -1.4       -1.24562          -0.71
3540          -1.49       -1.24569          -0.68
3541          -1.43       -1.24574         -0.705
3542          -1.39       -1.24578          -0.69
3543          -1.39       -1.24582          -0.71
3544          -1.45       -1.24588         -0.745
3545          -1.49       -1.24595         -0.755
3546          -1.34       -1.24598         -0.705
3547          -1.27       -1.24598         -0.685
3548          -1.36       -1.24602         -0.665
3549          -1.27       -1.24602          -0.66
3550          -1.43       -1.24607         -0.675
3551          -1.45       -1.24613           -0.7
3552          -1.36       -1.24616         -0.695
3553          -1.39        -1.2462         -0.735
3554          -1.31       -1.24622          -0.69
3555          -1.27       -1.24623          -0.67
3556          -1.19       -1.24621          -0.62
3557          -1.28       -1.24622          -0.56
3558          -1.26       -1.24623         -0.565
3559          -1.38       -1.24626         -0.625
3560          -1.39        -1.2463          -0.67
3561          -1.38       -1.24634         -0.645
3562          -1.38       -1.24638         -0.695
3563          -1.45       -1.24644         -0.715
3564          -1.44       -1.24649          -0.73
3565          -1.39       -1.24653          -0.73
3566           -1.4       -1.24657         -0.705
3567          -1.52       -1.24665          -0.74
3568           -1.5       -1.24672         -0.735
3569          -1.29       -1.24673           -0.7
3570          -1.31       -1.24675          -0.64
3571          -1.41        -1.2468         -0.715
3572          -1.28       -1.24681          -0.65
3573          -1.33       -1.24683          -0.75
3574          -1.34       -1.24686         -0.745
3575          -1.38       -1.24689         -0.755
3576          -1.44       -1.24695         -0.775
3577           -1.5       -1.24702          -0.76
3578          -1.48       -1.24708          -0.78
3579           -1.5       -1.24715          -0.77
3580          -1.41        -1.2472          -0.76
3581          -1.39       -1.24724          -0.74
3582          -1.36       -1.24727         -0.725
3583          -1.31       -1.24729          -0.67
3584          -1.24       -1.24729          -0.67
3585          -1.28        -1.2473         -0.575
3586          -1.26        -1.2473          -0.57
3587          -1.27        -1.2473          -0.63
3588          -1.18       -1.24729         -0.615
3589          -1.13       -1.24725         -0.535
3590          -1.13       -1.24722         -0.505
3591           -1.2       -1.24721         -0.585
3592          -1.16       -1.24718         -0.535
3593          -1.11       -1.24715          -0.48
3594          -1.25       -1.24715         -0.505
3595          -1.38       -1.24718         -0.535
3596          -1.26       -1.24719          -0.45
3597          -1.25       -1.24719         -0.485
3598          -1.18       -1.24717           -0.4
3599          -1.02       -1.24711         -0.345
3600          -0.95       -1.24702         -0.425
3601          -1.04       -1.24697         -0.505
3602          -1.12       -1.24693          -0.52
3603          -1.22       -1.24692          -0.44
3604          -1.14       -1.24689         -0.375
3605          -1.14       -1.24686         -0.325
3606           -1.1       -1.24682          -0.32
3607          -1.19       -1.24681          -0.33
3608          -1.15       -1.24678         -0.375
3609          -1.08       -1.24673          -0.35
3610          -1.17       -1.24671         -0.415
3611          -1.25       -1.24671         -0.465
3612          -1.29       -1.24673         -0.535
3613          -1.44       -1.24678         -0.575
3614          -1.41       -1.24682         -0.545
3615          -1.32       -1.24684         -0.505
3616           -1.4       -1.24689          -0.55
3617          -1.31        -1.2469         -0.535
3618          -1.42       -1.24695          -0.56
3619          -1.34       -1.24698           -0.5
3620          -1.42       -1.24703         -0.475
3621          -1.51        -1.2471          -0.48
3622          -1.49       -1.24717         -0.445
3623          -1.42       -1.24721          -0.41
3624          -1.32       -1.24723          -0.41
3625          -1.34       -1.24726         -0.455
3626          -1.35       -1.24729           -0.4
3627          -1.22       -1.24728         -0.365
3628          -1.23       -1.24727          -0.43
3629          -1.19       -1.24726         -0.335
3630          -1.19       -1.24724          -0.43
3631          -1.27       -1.24725          -0.47
3632          -1.25       -1.24725          -0.41
3633          -1.18       -1.24723         -0.415
3634          -1.33       -1.24725          -0.49
3635          -1.28       -1.24726         -0.495
3636          -1.32       -1.24728          -0.47
3637          -1.43       -1.24733         -0.475
3638          -1.25       -1.24733          -0.43
3639          -1.22       -1.24733         -0.455
3640          -1.24       -1.24732          -0.38
3641          -1.21       -1.24731         -0.295
3642          -1.35       -1.24734         -0.335
3643          -1.33       -1.24737         -0.375
3644           -1.4       -1.24741           -0.4
3645          -1.25       -1.24741         -0.375
3646          -1.27       -1.24741         -0.305
3647          -1.26       -1.24742         -0.315
3648          -1.24       -1.24742          -0.26
3649          -1.25       -1.24742          -0.21
3650          -1.25       -1.24742          -0.21
3651          -1.27       -1.24742          -0.09
3652          -1.27       -1.24743          -0.03
3653          -1.23       -1.24742          -0.07
3654          -1.28       -1.24743          -0.14
3655          -1.21       -1.24742         -0.075
3656          -1.32       -1.24744          -0.14
3657          -1.18       -1.24742         -0.125
3658          -1.19       -1.24741           -0.1
3659          -1.29       -1.24742           -0.1
3660           -1.2       -1.24741          -0.13
3661          -1.17       -1.24739         -0.115
3662          -1.19       -1.24737         -0.155
3663          -1.19       -1.24736          -0.15
3664           -1.3       -1.24737         -0.155
3665           -1.3       -1.24738         -0.155
3666          -1.15       -1.24736         -0.135
3667           -1.1       -1.24732          -0.22
3668          -1.18        -1.2473           -0.2
3669          -1.12       -1.24726         -0.115
3670          -1.13       -1.24723         -0.105
3671          -1.24       -1.24723          -0.19
3672           -1.2       -1.24722          -0.16
3673          -1.15       -1.24719          -0.08
3674          -1.11       -1.24715         -0.135
3675          -1.12       -1.24712         -0.135
3676          -1.05       -1.24707         -0.175
3677          -1.16       -1.24704           -0.1
3678          -1.04       -1.24699          -0.08
3679          -0.87       -1.24688         -0.085
3680             -1       -1.24682          -0.07
3681          -0.97       -1.24674          -0.03
3682          -0.98       -1.24667           0.06
3683          -0.97       -1.24659         -0.025
3684          -0.95       -1.24651          0.045
3685          -0.98       -1.24644          0.085
3686          -0.99       -1.24637          0.105
3687          -0.97        -1.2463           0.11
3688          -0.94       -1.24621           0.09
3689          -0.99       -1.24614          0.125
3690          -0.92       -1.24606           0.15
3691          -0.98       -1.24598          0.255
3692          -1.01       -1.24592           0.32
3693          -0.91       -1.24583           0.26
3694          -1.11       -1.24579          0.345
3695          -1.16       -1.24577          0.415
3696          -1.15       -1.24574           0.42
3697          -1.24       -1.24574            0.4
3698          -1.17       -1.24572          0.455
3699          -1.15       -1.24569          0.525
3700          -1.18       -1.24568           0.52
3701          -1.13       -1.24565           0.51
3702          -1.28       -1.24565          0.545
3703          -1.29       -1.24567           0.65
3704          -1.42       -1.24571          0.635
3705          -1.46       -1.24577          0.645
3706          -1.38       -1.24581           0.62
3707          -1.33       -1.24583           0.64
3708          -1.36       -1.24586          0.685
3709          -1.29       -1.24587          0.595
3710          -1.31       -1.24589           0.56
3711          -1.32       -1.24591          0.675
3712          -1.29       -1.24592          0.645
3713          -1.24       -1.24592          0.625
3714          -1.29       -1.24593           0.63
3715          -1.23       -1.24593           0.61
3716          -1.17       -1.24591          0.665
3717           -1.2        -1.2459          0.665
3718           -1.1       -1.24586          0.655
3719          -1.21       -1.24585          0.715
3720          -1.25       -1.24585           0.69
3721          -1.16       -1.24582           0.65
3722          -1.14        -1.2458          0.605
3723          -1.09       -1.24575          0.605
3724          -1.24       -1.24575           0.64
3725          -1.27       -1.24576           0.58
3726          -1.21       -1.24575          0.475
3727          -1.22       -1.24574          0.495
3728          -1.02       -1.24568           0.49
3729          -1.25       -1.24568           0.59
3730          -1.36       -1.24571           0.62
3731          -1.42       -1.24576          0.665
3732          -1.33       -1.24578          0.635
3733          -1.26       -1.24579          0.575
3734          -1.25       -1.24579           0.55
3735          -1.19       -1.24577          0.525
3736          -1.13       -1.24574           0.48
3737          -1.09        -1.2457          0.485
3738          -1.18       -1.24568           0.41
3739          -1.09       -1.24564           0.47
3740           -1.1        -1.2456          0.565
3741          -1.23        -1.2456          0.535
3742          -1.28       -1.24561           0.61
3743          -1.15       -1.24558           0.49
3744          -1.14       -1.24555           0.51
3745          -1.26       -1.24556          0.535
3746          -1.31       -1.24558            0.5
3747          -1.29       -1.24559           0.52
3748          -1.29        -1.2456          0.575
3749          -1.19       -1.24558          0.445
3750          -1.11       -1.24555          0.515
3751          -1.32       -1.24557           0.57
3752          -1.23       -1.24556           0.51
3753           -1.3       -1.24558          0.545
3754          -1.18       -1.24556           0.48
3755          -1.09       -1.24552           0.38
3756          -1.03       -1.24546           0.44
3757          -0.93       -1.24538           0.35
3758          -1.11       -1.24534           0.32
3759          -1.24       -1.24534           0.35
3760          -1.13       -1.24531          0.315
3761          -1.06       -1.24526          0.355
3762          -0.99       -1.24519          0.285
3763          -1.14       -1.24516          0.385
3764          -1.16       -1.24514          0.425
3765          -1.23       -1.24514           0.45
3766          -1.19       -1.24512          0.415
3767          -1.12       -1.24509           0.31
3768             -1       -1.24503           0.25
3769             -1       -1.24496           0.27
3770          -1.17       -1.24494           0.39
3771          -1.11        -1.2449           0.48
3772          -1.13       -1.24487          0.445
3773          -1.12       -1.24484          0.445
3774          -1.19       -1.24483           0.44
3775           -1.3       -1.24484           0.46
3776          -1.34       -1.24487          0.515
3777           -1.3       -1.24488            0.4
3778          -1.16       -1.24486          0.395
3779          -1.19       -1.24484           0.35
3780          -1.13       -1.24481           0.35
3781          -1.22       -1.24481           0.34
3782          -1.18       -1.24479           0.31
3783          -1.21       -1.24478          0.375
3784           -1.2       -1.24477          0.365
3785          -1.08       -1.24473          0.335
3786          -1.08       -1.24468          0.385
3787          -1.15       -1.24466          0.425
3788          -1.14       -1.24463          0.385
3789          -0.97       -1.24456          0.365
3790           -1.1       -1.24452            0.4
3791          -1.17        -1.2445           0.49
3792          -1.08       -1.24446          0.395
3793          -1.12       -1.24442          0.325
3794          -1.19       -1.24441          0.295
3795           -1.1       -1.24437          0.275
3796          -1.14       -1.24434          0.255
3797          -1.19       -1.24433          0.335
3798          -1.12        -1.2443           0.33
3799           -1.1       -1.24426           0.36
3800           -1.1       -1.24422            0.4
3801          -1.01       -1.24416           0.36
3802          -1.13       -1.24413          0.515
3803          -1.16       -1.24411           0.54
3804          -1.07       -1.24406           0.51
3805             -1         -1.244            0.5
3806           -1.1       -1.24396           0.53
3807          -1.15       -1.24393          0.555
3808          -1.16       -1.24391          0.635
3809          -1.27       -1.24392          0.645
3810          -1.34       -1.24394           0.66
3811          -1.37       -1.24398          0.665
3812          -1.35         -1.244           0.64
3813          -1.39       -1.24404          0.675
3814          -1.38       -1.24408           0.67
3815          -1.41       -1.24412           0.71
3816          -1.34       -1.24415           0.68
3817          -1.32       -1.24417           0.66
3818          -1.29       -1.24418           0.65
3819          -1.41       -1.24422           0.69
3820          -1.43       -1.24427           0.69
3821          -1.32       -1.24429            0.6
3822          -1.34       -1.24432           0.54
3823          -1.36       -1.24435          0.605
3824          -1.34       -1.24437           0.59
3825           -1.3       -1.24439           0.54
3826          -1.25       -1.24439          0.525
3827          -1.29        -1.2444           0.53
3828          -1.31       -1.24442          0.505
3829          -1.42       -1.24446            0.5
3830          -1.36       -1.24449            0.5
3831          -1.33       -1.24451           0.46
3832          -1.34       -1.24454          0.465
3833          -1.25       -1.24454          0.385
3834          -1.14       -1.24451          0.375
3835          -1.08       -1.24447          0.375
3836          -0.96        -1.2444          0.365
3837          -1.21       -1.24439          0.455
3838          -1.26       -1.24439          0.505
3839          -1.06       -1.24434           0.38
3840          -1.02       -1.24429          0.375
3841          -1.18       -1.24427          0.415
3842          -1.16       -1.24425           0.47
3843           -1.2       -1.24424          0.605
3844          -1.13       -1.24421          0.585
3845          -1.16       -1.24418          0.655
3846          -1.28       -1.24419          0.725
3847          -1.37       -1.24423           0.77
3848          -1.39       -1.24426           0.75
3849          -1.43       -1.24431           0.77
3850          -1.46       -1.24437           0.78
3851          -1.47       -1.24443          0.785
3852          -1.34       -1.24445          0.695
3853          -1.33       -1.24447          0.665
3854          -1.25       -1.24447          0.615
3855          -1.13       -1.24445           0.61
3856          -1.32       -1.24446           0.72
3857          -1.28       -1.24447           0.64
3858          -1.24       -1.24447          0.605
3859          -1.35        -1.2445          0.645
3860          -1.31       -1.24452           0.63
3861          -1.23       -1.24451           0.59
3862           -1.3       -1.24453          0.615
3863          -1.38       -1.24456          0.685
3864          -1.39        -1.2446          0.615
3865          -1.52       -1.24467           0.69
3866          -1.56       -1.24475          0.755
3867          -1.52       -1.24482          0.745
3868          -1.43       -1.24487          0.725
3869          -1.44       -1.24492          0.695
3870          -1.45       -1.24498           0.71
3871          -1.56       -1.24506          0.805
3872          -1.48       -1.24512            0.8
3873          -1.44       -1.24517          0.745
3874          -1.49       -1.24523           0.78
3875          -1.53        -1.2453          0.795
3876          -1.47       -1.24536           0.78
3877          -1.39        -1.2454          0.775
3878          -1.35       -1.24543           0.78
3879          -1.48       -1.24549          0.815
3880          -1.62       -1.24558          0.855
3881          -1.65       -1.24569          0.865
3882          -1.54       -1.24576           0.81
3883          -1.61       -1.24586            0.8
3884           -1.5       -1.24592          0.785
3885          -1.36       -1.24595           0.73
3886          -1.44         -1.246          0.735
3887          -1.41       -1.24604           0.74
3888          -1.41       -1.24609          0.745
3889          -1.36       -1.24612           0.68
3890          -1.38       -1.24615           0.64
3891          -1.49       -1.24621          0.705
3892           -1.5       -1.24628          0.745
3893          -1.33        -1.2463           0.65
3894          -1.27       -1.24631           0.64
3895          -1.28       -1.24631           0.69
3896          -1.33       -1.24634           0.63
3897           -1.3       -1.24635           0.65
3898          -1.17       -1.24633          0.595
3899          -1.26       -1.24633            0.7
3900          -1.39       -1.24637           0.72
3901           -1.3       -1.24638          0.685
3902          -1.51       -1.24645          0.745
3903          -1.58       -1.24654          0.835
3904          -1.37       -1.24657           0.75
3905          -1.28       -1.24658          0.665
3906          -1.38       -1.24661           0.75
3907          -1.52       -1.24668            0.8
3908          -1.65       -1.24678          0.855
3909           -1.6       -1.24687          0.835
3910          -1.56       -1.24695          0.805
3911          -1.43         -1.247          0.805
3912          -1.49       -1.24706            0.8
3913          -1.42       -1.24711           0.79
3914          -1.45       -1.24716           0.78
3915          -1.42        -1.2472           0.78
3916          -1.46       -1.24726          0.795
3917          -1.58       -1.24734          0.845
3918          -1.49        -1.2474          0.755
3919           -1.5       -1.24747          0.785
3920          -1.36        -1.2475          0.695
3921          -1.49       -1.24756          0.765
3922          -1.43       -1.24761           0.74
3923          -1.27       -1.24761          0.665
3924          -1.28       -1.24762           0.69
3925          -1.17        -1.2476          0.595
3926          -1.23        -1.2476           0.61
3927           -1.3       -1.24761           0.62
3928           -1.4       -1.24765           0.67
3929          -1.44        -1.2477           0.69
3930          -1.42       -1.24774          0.715
3931          -1.44       -1.24779           0.72
3932          -1.43       -1.24784          0.715
3933          -1.35       -1.24786          0.715
3934          -1.31       -1.24788            0.7
3935          -1.49       -1.24794           0.77
3936          -1.45       -1.24799          0.775
3937          -1.44       -1.24804          0.745
3938          -1.45       -1.24809          0.675
3939          -1.25       -1.24809           0.57
3940          -1.31       -1.24811           0.64
3941          -1.15       -1.24808           0.56
3942          -1.34       -1.24811           0.62
3943          -1.26       -1.24811          0.585
3944          -1.09       -1.24807           0.53
3945          -1.19       -1.24805           0.57
3946          -1.32       -1.24807           0.63
3947          -1.47       -1.24813          0.615
3948          -1.37       -1.24816           0.58
3949           -1.4        -1.2482           0.57
3950          -1.37       -1.24823          0.625
3951          -1.28       -1.24824          0.525
3952          -1.29       -1.24825           0.57
3953          -1.31       -1.24826          0.525
3954          -1.35       -1.24829          0.525
3955          -1.32       -1.24831          0.545
3956          -1.28       -1.24831          0.535
3957          -1.32       -1.24833           0.56
3958           -1.4       -1.24837           0.61
3959          -1.38        -1.2484           0.54
3960           -1.4       -1.24844           0.53
3961          -1.36       -1.24847           0.61
3962          -1.45       -1.24852          0.715
3963          -1.46       -1.24857          0.615
3964          -1.38       -1.24861          0.625
3965          -1.41       -1.24865           0.65
3966          -1.35       -1.24867          0.655
3967          -1.31       -1.24869          0.615
3968          -1.25       -1.24869          0.585
3969          -1.19       -1.24868          0.565
3970          -1.24       -1.24867           0.62
3971          -1.39       -1.24871           0.67
3972          -1.33       -1.24873           0.66
3973          -1.36       -1.24876           0.63
3974          -1.31       -1.24877          0.605
3975          -1.28       -1.24878          0.585
3976          -1.29       -1.24879          0.635
3977           -1.3        -1.2488          0.595
3978           -1.3       -1.24882           0.58
3979          -1.19        -1.2488           0.52
3980          -1.02       -1.24874           0.48
3981           -1.2       -1.24873           0.52
3982          -1.22       -1.24872          0.525
3983          -1.18       -1.24871           0.42
3984          -1.22        -1.2487           0.36
3985          -1.19       -1.24869           0.37
3986           -1.1       -1.24865          0.305
3987          -1.06        -1.2486          0.355
3988          -1.16       -1.24858          0.445
3989          -1.09       -1.24854           0.49
3990          -1.11        -1.2485          0.465
3991          -1.23        -1.2485          0.535
3992           -1.2       -1.24849           0.53
3993          -1.23       -1.24848          0.545
3994          -1.16       -1.24846           0.55
3995          -1.19       -1.24845           0.49
3996           -1.2       -1.24843          0.535
3997           -1.2       -1.24842           0.58
3998          -1.31       -1.24844            0.6
3999          -1.36       -1.24847           0.52
4000          -1.16       -1.24844            0.5
4001          -1.15       -1.24842          0.505
4002          -1.26       -1.24842           0.47
4003          -1.28       -1.24843           0.47
4004          -1.19       -1.24841           0.48
4005          -1.25       -1.24841          0.625
4006          -1.27       -1.24842          0.625
4007          -1.28       -1.24843          0.615
4008          -1.42       -1.24847           0.62
4009          -1.45       -1.24852           0.61
4010          -1.26       -1.24852          0.565
4011          -1.37       -1.24855           0.62
4012          -1.37       -1.24858          0.675
4013           -1.3        -1.2486          0.625
4014          -1.35       -1.24862           0.61
4015          -1.45       -1.24867          0.655
4016          -1.46       -1.24873           0.65
4017          -1.32       -1.24874          0.595
4018          -1.32       -1.24876          0.595
4019          -1.24       -1.24876           0.46
4020           -1.1       -1.24872          0.425
4021           -1.1       -1.24868          0.485
4022          -1.17       -1.24867          0.475
4023          -1.16       -1.24864          0.525
4024          -1.19       -1.24863           0.61
4025          -1.33       -1.24865           0.65
4026          -1.24       -1.24865            0.6
4027          -1.24       -1.24864           0.64
4028          -1.22       -1.24864           0.65
4029          -1.33       -1.24866          0.695
4030          -1.36       -1.24869          0.695
4031          -1.33       -1.24871           0.67
4032          -1.27       -1.24871          0.655
4033          -1.29       -1.24872          0.605
4034          -1.17        -1.2487           0.51
4035          -1.19       -1.24869          0.385
4036          -1.18       -1.24867            0.4
4037          -1.19       -1.24866          0.405
4038          -1.02        -1.2486           0.33
4039           -0.9       -1.24851           0.25
4040          -1.02       -1.24846           0.33
4041          -0.96       -1.24838           0.24
4042          -0.95       -1.24831          0.195
4043          -1.02       -1.24825          0.285
4044          -0.97       -1.24819           0.21
4045          -0.97       -1.24812          0.295
4046          -0.99       -1.24805           0.31
4047          -1.02         -1.248           0.34
4048           -0.9       -1.24791          0.435
4049           -1.1       -1.24787          0.525
4050          -1.15       -1.24785          0.545
4051          -1.14       -1.24782          0.575
4052          -1.24       -1.24782           0.68
4053           -1.2       -1.24781          0.615
4054          -1.15       -1.24779          0.555
4055          -1.33       -1.24781          0.655
4056          -1.33       -1.24783           0.69
4057           -1.3       -1.24784           0.67
4058          -1.41       -1.24788          0.655
4059          -1.14       -1.24785           0.56
4060          -1.18       -1.24784           0.59
4061          -1.14       -1.24781          0.555
4062          -1.18       -1.24779          0.505
4063          -1.24       -1.24779          0.605
4064          -1.17       -1.24777          0.525
4065          -1.15       -1.24775          0.495
4066          -1.11       -1.24771          0.525
4067          -1.08       -1.24767           0.49
4068          -1.09       -1.24763          0.485
4069          -1.11        -1.2476           0.55
4070          -1.06       -1.24755          0.475
4071          -1.08       -1.24751           0.47
4072             -1       -1.24745          0.495
4073          -1.06       -1.24741          0.435
4074          -1.18       -1.24739           0.49
4075           -1.1       -1.24735          0.485
4076          -1.11       -1.24732          0.475
4077          -1.09       -1.24728          0.415
4078          -1.24       -1.24728          0.455
4079          -0.94        -1.2472          0.235
4080          -1.08       -1.24716          0.195
4081          -1.21       -1.24715           0.26
4082          -1.17       -1.24713           0.26
4083          -1.06       -1.24709           0.25
4084          -1.17       -1.24707          0.155
4085          -1.14       -1.24704           0.19
4086           -1.1       -1.24701          0.205
4087          -1.15       -1.24698           0.09
4088          -1.07       -1.24694          0.045
4089          -1.16       -1.24692         -0.005
4090          -1.05       -1.24687          0.005
4091          -1.06       -1.24683         -0.065
4092          -1.14        -1.2468           0.01
4093          -1.11       -1.24677          0.085
4094          -1.12       -1.24674          0.145
4095          -1.16       -1.24671          0.275
4096          -1.18        -1.2467          0.275
4097          -1.11       -1.24666           0.29
4098          -1.22       -1.24666            0.3
4099           -1.1       -1.24662          0.235
4100          -1.22       -1.24662          0.195
4101          -1.11       -1.24658          0.185
4102          -1.23       -1.24658          0.285
4103          -1.31       -1.24659          0.285
4104          -1.22       -1.24659          0.255
4105          -1.26       -1.24659           0.24
4106          -1.27        -1.2466           0.31
4107          -1.11       -1.24656           0.23
4108          -1.02       -1.24651          0.235
4109          -0.93       -1.24643          0.155
4110          -0.93       -1.24635            0.1
4111          -0.94       -1.24628           0.03
4112          -0.98       -1.24621         -0.035
4113          -0.96       -1.24614         -0.115
4114          -0.94       -1.24607         -0.175
4115          -0.88       -1.24598          -0.27
4116          -1.16       -1.24596          -0.38
4117          -1.14       -1.24593         -0.395
4118           -1.1        -1.2459          -0.36
4119          -1.26        -1.2459         -0.405
4120          -1.17       -1.24588           -0.4
4121          -1.23       -1.24588         -0.355
4122          -1.19       -1.24587         -0.265
4123          -1.14       -1.24584         -0.265
4124          -1.15       -1.24582          -0.24
4125          -1.07       -1.24578         -0.195
4126          -1.26       -1.24578         -0.255
4127          -1.32        -1.2458          -0.24
4128          -1.23       -1.24579         -0.185
4129          -1.27        -1.2458          -0.16
4130          -1.08       -1.24576         -0.155
4131          -1.13       -1.24573         -0.195
4132          -1.18       -1.24571         -0.265
4133          -1.15       -1.24569          -0.23
4134          -1.19       -1.24568          -0.17
4135           -1.2       -1.24567         -0.185
4136          -0.97        -1.2456          -0.12
4137          -1.04       -1.24555          -0.21
4138          -1.07       -1.24551          -0.17
4139          -1.02       -1.24545         -0.195
4140          -1.02        -1.2454         -0.295
4141           -1.1       -1.24536         -0.275
4142          -1.01       -1.24531          -0.28
4143          -1.12       -1.24528          -0.23
4144          -1.22       -1.24527         -0.245
4145          -1.25       -1.24527          -0.24
4146          -1.18       -1.24526         -0.285
4147          -1.16       -1.24524         -0.305
4148           -1.1        -1.2452          -0.24
4149          -1.04       -1.24515          -0.24
4150          -1.15       -1.24513          -0.25
4151          -1.07       -1.24509          -0.27
4152          -1.05       -1.24504         -0.385
4153           -1.1         -1.245         -0.475
4154          -1.17       -1.24499          -0.46
4155          -1.43       -1.24503         -0.465
4156          -1.19       -1.24502          -0.45
4157          -1.24       -1.24502         -0.415
4158          -1.33       -1.24504         -0.505
4159          -1.34       -1.24506           -0.5
4160          -1.24       -1.24506         -0.385
4161          -1.22       -1.24505          -0.31
4162          -1.24       -1.24505         -0.285
4163           -1.1       -1.24502          -0.19
4164           -1.2       -1.24501         -0.135
4165          -1.21         -1.245           -0.2
4166           -1.1       -1.24496          -0.19
4167          -1.11       -1.24493         -0.185
4168          -0.99       -1.24487          -0.04
4169          -0.96        -1.2448          -0.04
4170          -0.92       -1.24472          -0.04
4171          -1.04       -1.24467          -0.02
4172          -0.96       -1.24461         -0.065
4173          -1.12       -1.24458          -0.13
4174          -1.12       -1.24455         -0.135
4175          -1.17       -1.24453          -0.16
4176          -1.08       -1.24449         -0.105
4177          -1.07       -1.24445         -0.145
4178          -1.19       -1.24443         -0.175
4179          -1.23       -1.24443         -0.205
4180          -1.16       -1.24441          -0.24
4181          -1.11       -1.24438          -0.19
4182          -1.19       -1.24437         -0.175
4183          -1.39        -1.2444          -0.29
4184          -1.32       -1.24442          -0.28
4185          -1.26       -1.24442          -0.27
4186          -1.37       -1.24445          -0.29
4187          -1.34       -1.24447         -0.345
4188           -1.3       -1.24449          -0.27
4189          -1.27       -1.24449           -0.3
4190          -1.33       -1.24451         -0.245
4191          -1.29       -1.24453         -0.205
4192          -1.26       -1.24453           -0.2
4193           -1.2       -1.24452          -0.27
4194          -1.33       -1.24454          -0.24
4195          -1.22       -1.24453         -0.245
4196          -1.24       -1.24453         -0.265
4197          -1.33       -1.24455         -0.235
4198          -1.22       -1.24455         -0.225
4199           -1.1       -1.24451         -0.285
4200          -1.19        -1.2445          -0.29
4201          -1.13       -1.24447          -0.26
4202          -1.11       -1.24444          -0.21
4203          -1.07        -1.2444         -0.165
4204           -1.1       -1.24436          -0.16
4205          -1.08       -1.24432           -0.1
4206          -0.99       -1.24426         -0.155
4207          -1.13       -1.24424           -0.2
4208          -1.05       -1.24419         -0.175
4209          -0.96       -1.24412          -0.08
4210          -1.01       -1.24407         -0.035
4211           -1.1       -1.24403          -0.09
4212          -1.08       -1.24399           -0.1
4213          -1.09       -1.24396          -0.04
4214          -1.16       -1.24394         -0.035
4215          -1.07        -1.2439         -0.055
4216          -1.03       -1.24385         -0.025
4217          -0.93       -1.24377         -0.005
4218             -1       -1.24371          -0.02
4219          -1.02       -1.24366          0.035
4220          -0.95       -1.24359          0.015
4221           -0.9       -1.24351         -0.025
4222          -0.96       -1.24344         -0.005
4223          -0.92       -1.24337         -0.015
4224          -0.99       -1.24331          -0.01
4225          -0.81        -1.2432         -0.085
4226          -0.89       -1.24312          -0.05
4227          -0.93       -1.24305         -0.105
4228          -1.03         -1.243          -0.11
4229          -0.98       -1.24293         -0.145
4230          -1.01       -1.24288         -0.135
4231          -1.23       -1.24288         -0.135
4232          -1.27       -1.24288           -0.2
4233          -1.31        -1.2429         -0.285
4234           -1.3       -1.24291          -0.28
4235          -1.26       -1.24292          -0.27
4236          -1.19        -1.2429          -0.21
4237          -1.23        -1.2429         -0.265
4238          -1.05       -1.24285          -0.24
4239           -1.2       -1.24284         -0.215
4240          -1.21       -1.24284          -0.23
4241          -1.04       -1.24279         -0.215
4242          -1.06       -1.24275         -0.215
4243          -1.05        -1.2427          -0.26
4244          -1.11       -1.24267         -0.335
4245          -1.18       -1.24265          -0.27
4246          -1.06       -1.24261         -0.245
4247          -1.06       -1.24257         -0.285
4248          -1.09       -1.24253         -0.355
4249          -1.16       -1.24251           -0.3
4250             -1       -1.24246          -0.29
4251          -0.99        -1.2424         -0.255
4252             -1       -1.24234         -0.385
4253          -1.15       -1.24232          -0.43
4254          -1.14       -1.24229          -0.36
4255          -1.09       -1.24226           -0.3
4256          -1.13       -1.24223          -0.32
4257          -1.07       -1.24219           -0.3
4258          -1.21       -1.24218          -0.33
4259          -1.05       -1.24214         -0.275
4260          -1.02       -1.24209          -0.28
4261          -1.07       -1.24205         -0.225
4262          -1.12       -1.24202         -0.235
4263          -1.03       -1.24197         -0.255
4264          -1.02       -1.24192          -0.19
4265          -1.14       -1.24189          -0.22
4266           -1.1       -1.24186         -0.185
4267          -1.15       -1.24184         -0.235
4268          -1.05       -1.24179         -0.265
4269          -1.16       -1.24177          -0.39
4270          -1.09       -1.24174         -0.415
4271          -1.24       -1.24174         -0.525
4272          -1.33       -1.24176         -0.605
4273          -1.31       -1.24177          -0.57
4274          -1.36        -1.2418         -0.645
4275          -1.33       -1.24182         -0.645
4276          -1.28       -1.24183          -0.63
4277          -1.29       -1.24184          -0.62
4278          -1.37       -1.24187         -0.635
4279          -1.37        -1.2419         -0.565
4280          -1.32       -1.24192         -0.505
4281          -1.18       -1.24191          -0.45
4282          -1.29       -1.24192         -0.525
4283          -1.18        -1.2419         -0.525
4284          -1.16       -1.24188         -0.545
4285          -1.13       -1.24186         -0.555
4286          -1.25       -1.24186          -0.52
4287          -1.31       -1.24188         -0.575
4288          -1.28       -1.24188          -0.52
4289          -1.17       -1.24187          -0.48
4290           -1.2       -1.24186          -0.53
4291          -1.19       -1.24185          -0.52
4292          -1.27       -1.24185         -0.525
4293          -1.23       -1.24185         -0.555
4294          -1.15       -1.24183          -0.55
4295          -1.24       -1.24183         -0.555
4296          -1.27       -1.24183          -0.57
4297          -1.21       -1.24183         -0.565
4298          -1.01       -1.24177          -0.57
4299          -1.17       -1.24176         -0.565
4300           -1.2       -1.24175          -0.55
4301          -1.23       -1.24174          -0.54
4302           -1.2       -1.24173         -0.535
4303          -1.18       -1.24172         -0.455
4304           -1.3       -1.24173          -0.48
4305          -1.31       -1.24175         -0.475
4306           -1.3       -1.24176         -0.415
4307          -1.32       -1.24178          -0.31
4308          -1.23       -1.24178          -0.34
4309          -1.26       -1.24178          -0.34
4310          -1.18       -1.24177         -0.345
4311          -1.21       -1.24176          -0.34
4312          -1.29       -1.24177         -0.405
4313          -1.34       -1.24179         -0.445
4314          -1.33       -1.24181         -0.535
4315          -1.22       -1.24181           -0.5
4316          -1.08       -1.24177         -0.375
4317          -1.19       -1.24176         -0.355
4318          -1.17       -1.24174         -0.325
4319          -1.18       -1.24173         -0.375
4320          -1.17       -1.24171         -0.385
4321           -1.1       -1.24168          -0.35
4322           -1.2       -1.24167          -0.41
4323          -1.28       -1.24168          -0.39
4324           -1.2       -1.24167          -0.33
4325          -1.19       -1.24166          -0.32
4326          -1.15       -1.24164           -0.4
4327          -1.23       -1.24163         -0.415
4328          -1.28       -1.24164         -0.495
4329          -1.28       -1.24165         -0.505
4330          -1.23       -1.24165         -0.455
4331           -1.3       -1.24166          -0.44
4332           -1.2       -1.24165          -0.38
4333          -1.18       -1.24164          -0.44
4334          -1.12       -1.24161         -0.325
4335           -1.1       -1.24158          -0.37
4336          -1.17       -1.24156          -0.44
4337          -1.17       -1.24154          -0.41
4338          -1.25       -1.24155         -0.525
4339          -1.12       -1.24152         -0.555
4340           -1.2       -1.24151          -0.61
4341          -1.23       -1.24151          -0.62
4342          -1.25       -1.24151          -0.64
4343          -1.25       -1.24151         -0.635
4344          -1.22       -1.24151          -0.63
4345          -1.32       -1.24152          -0.64
4346          -1.41       -1.24156         -0.725
4347          -1.38       -1.24159         -0.705
4348          -1.22       -1.24159         -0.625
4349          -1.19       -1.24158         -0.605
4350          -1.35        -1.2416         -0.745
4351          -1.41       -1.24164          -0.76
4352          -1.58       -1.24172          -0.83
4353          -1.43       -1.24176          -0.78
4354          -1.54       -1.24183         -0.825
4355           -1.6       -1.24191         -0.855
4356          -1.61         -1.242          -0.86
4357          -1.57       -1.24207          -0.85
4358          -1.53       -1.24214         -0.845
4359          -1.54       -1.24221          -0.84
4360          -1.44       -1.24225          -0.81
4361           -1.4       -1.24229          -0.76
4362          -1.33       -1.24231         -0.735
4363          -1.31       -1.24232         -0.705
4364           -1.4       -1.24236         -0.765
4365          -1.38       -1.24239         -0.735
4366          -1.29        -1.2424         -0.635
4367          -1.32       -1.24242          -0.64
4368          -1.39       -1.24245         -0.625
4369          -1.29       -1.24246         -0.645
4370          -1.32       -1.24248         -0.685
4371          -1.25       -1.24248         -0.695
4372          -1.33        -1.2425         -0.695
4373          -1.39       -1.24254          -0.74
4374          -1.45       -1.24259         -0.815
4375          -1.47       -1.24264         -0.805
4376          -1.43       -1.24268         -0.795
4377          -1.57       -1.24275          -0.84
4378          -1.42        -1.2428           -0.8
4379          -1.47       -1.24285          -0.82
4380          -1.49        -1.2429          -0.81
4381          -1.39       -1.24294          -0.77
4382          -1.39       -1.24297          -0.72
4383          -1.45       -1.24302          -0.76
4384          -1.55       -1.24309          -0.76
4385          -1.43       -1.24313         -0.735
4386           -1.5       -1.24319         -0.755
4387          -1.51       -1.24325          -0.73
4388          -1.39       -1.24328         -0.675
4389          -1.35       -1.24331          -0.68
4390          -1.26       -1.24331         -0.655
4391          -1.21        -1.2433         -0.655
4392          -1.28       -1.24331          -0.67
4393          -1.28       -1.24332          -0.64
4394          -1.29       -1.24333         -0.695
4395          -1.34       -1.24335           -0.7
4396          -1.51       -1.24341          -0.75
4397          -1.52       -1.24348         -0.785
4398           -1.4       -1.24351          -0.76
4399          -1.39       -1.24355          -0.71
4400          -1.36       -1.24357           -0.7
4401          -1.35        -1.2436          -0.71
4402          -1.32       -1.24361         -0.685
4403          -1.23       -1.24361         -0.635
4404          -1.28       -1.24362         -0.645
4405          -1.38       -1.24365          -0.62
4406          -1.24       -1.24365          -0.56
4407          -1.26       -1.24365         -0.515
4408          -1.28       -1.24366         -0.525
4409           -1.2       -1.24365         -0.535
4410          -1.08       -1.24361         -0.565
4411          -1.26       -1.24362         -0.615
4412          -1.08       -1.24358          -0.58
4413          -1.12       -1.24355         -0.575
4414          -1.15       -1.24353         -0.475
4415          -1.08       -1.24349          -0.39
4416          -1.12       -1.24347          -0.43
4417          -1.05       -1.24342          -0.49
4418          -1.08       -1.24339         -0.575
4419          -1.07       -1.24335          -0.58
4420          -1.22       -1.24334         -0.645
4421          -1.21       -1.24333         -0.585
4422          -1.19       -1.24332         -0.585
4423          -1.11       -1.24329          -0.59
4424          -1.26       -1.24329          -0.62
4425          -1.18       -1.24328         -0.565
4426           -1.1       -1.24325          -0.49
4427          -0.96       -1.24318          -0.31
4428             -1       -1.24313         -0.295
4429          -1.02       -1.24308          -0.38
4430          -1.11       -1.24305         -0.415
4431          -1.15       -1.24303         -0.425
4432          -1.06       -1.24299          -0.36
4433          -1.24       -1.24299         -0.365
4434          -1.23       -1.24298          -0.41
4435          -1.19       -1.24297          -0.43
4436          -1.21       -1.24296         -0.435
4437          -1.19       -1.24295          -0.42
4438          -1.14       -1.24293          -0.45
4439          -1.12        -1.2429          -0.41
4440          -1.18       -1.24289         -0.455
4441          -1.16       -1.24287          -0.57
4442          -1.21       -1.24286          -0.61
4443          -1.28       -1.24287          -0.65
4444          -1.34       -1.24289          -0.65
4445          -1.35       -1.24291         -0.635
4446          -1.35       -1.24294         -0.595
4447           -1.5         -1.243         -0.655
4448          -1.55       -1.24307         -0.715
4449          -1.47       -1.24312         -0.715
4450          -1.55       -1.24319          -0.73
4451          -1.54       -1.24325         -0.765
4452          -1.44        -1.2433         -0.785
4453          -1.38       -1.24333          -0.75
4454          -1.46       -1.24338          -0.75
4455          -1.44       -1.24342          -0.76
4456          -1.41       -1.24346         -0.755
4457           -1.4       -1.24349         -0.755
4458          -1.34       -1.24351          -0.71
4459          -1.49       -1.24357          -0.78
4460          -1.42       -1.24361          -0.75
4461          -1.46       -1.24366         -0.755
4462          -1.37       -1.24369          -0.69
4463           -1.4       -1.24372          -0.75
4464          -1.34       -1.24374          -0.77
4465           -1.4       -1.24378         -0.775
4466          -1.36        -1.2438         -0.775
4467          -1.33       -1.24382          -0.76
4468          -1.36       -1.24385          -0.75
4469          -1.43       -1.24389         -0.755
4470          -1.41       -1.24393          -0.78
4471          -1.52       -1.24399          -0.77
4472          -1.45       -1.24404          -0.76
4473          -1.46       -1.24408          -0.76
4474          -1.54       -1.24415         -0.835
4475          -1.49        -1.2442          -0.81
4476          -1.49       -1.24426         -0.785
4477          -1.32       -1.24428         -0.715
4478          -1.43       -1.24432         -0.755
4479          -1.49       -1.24437          -0.78
4480          -1.56       -1.24444           -0.8
4481          -1.58       -1.24452           -0.8
4482          -1.46       -1.24457         -0.765
4483          -1.39        -1.2446         -0.755
4484          -1.45       -1.24464         -0.755
4485          -1.36       -1.24467          -0.69
4486          -1.36        -1.2447         -0.705
4487          -1.48       -1.24475          -0.75
4488          -1.29       -1.24476         -0.715
4489          -1.34       -1.24478          -0.75
4490           -1.4       -1.24481         -0.735
4491          -1.31       -1.24483          -0.69
4492          -1.32       -1.24485         -0.685
4493          -1.42       -1.24488         -0.735
4494          -1.28       -1.24489         -0.635
4495          -1.29        -1.2449         -0.665
4496          -1.36       -1.24493          -0.72
4497          -1.27       -1.24493          -0.66
4498          -1.22       -1.24493         -0.635
4499          -1.33       -1.24495         -0.645
4500          -1.42       -1.24499          -0.72
4501          -1.54       -1.24505          -0.78
4502          -1.52       -1.24511         -0.785
4503          -1.49       -1.24517           -0.8
4504          -1.43       -1.24521           -0.8
4505           -1.4       -1.24524         -0.755
4506          -1.43       -1.24528         -0.765
4507          -1.43       -1.24532         -0.725
4508          -1.46       -1.24537         -0.765
4509          -1.49       -1.24543          -0.77
4510          -1.42       -1.24546          -0.79
4511          -1.38       -1.24549          -0.78
4512          -1.57       -1.24557          -0.83
4513          -1.68       -1.24566         -0.885
4514          -1.49       -1.24572         -0.815
4515          -1.57       -1.24579          -0.85
4516          -1.51       -1.24585          -0.83
4517          -1.55       -1.24591          -0.84
4518          -1.56       -1.24598         -0.825
4519          -1.61       -1.24606         -0.855
4520          -1.67       -1.24616         -0.865
4521          -1.57       -1.24623          -0.84
4522          -1.49       -1.24628          -0.83
4523          -1.48       -1.24634         -0.805
4524          -1.39       -1.24637         -0.765
4525          -1.35       -1.24639         -0.735
4526          -1.32       -1.24641          -0.72
4527          -1.36       -1.24643          -0.72
4528          -1.33       -1.24645         -0.715
4529          -1.51       -1.24651         -0.815
4530          -1.55       -1.24657         -0.815
4531          -1.55       -1.24664          -0.85
4532          -1.63       -1.24673         -0.855
4533          -1.46       -1.24677          -0.79
4534          -1.47       -1.24682          -0.75
4535          -1.46       -1.24687         -0.765
4536          -1.32       -1.24689         -0.695
4537          -1.32        -1.2469          -0.67
4538          -1.31       -1.24692         -0.655
4539          -1.39       -1.24695         -0.635
4540          -1.25       -1.24695          -0.54
4541          -1.34       -1.24697          -0.62
4542          -1.42       -1.24701          -0.67
4543          -1.48       -1.24706         -0.705
4544          -1.38       -1.24709         -0.585
4545          -1.45       -1.24713           -0.6
4546          -1.37       -1.24716          -0.65
4547          -1.22       -1.24715         -0.525
4548           -1.1       -1.24712         -0.505
4549          -1.32       -1.24714          -0.63
4550          -1.25       -1.24714          -0.59
4551          -1.32       -1.24715         -0.575
4552          -1.38       -1.24718          -0.63
4553          -1.33        -1.2472         -0.705
4554          -1.38       -1.24723         -0.695
4555          -1.49       -1.24728         -0.695
4556          -1.45       -1.24733          -0.71
4557          -1.26       -1.24733          -0.68
4558          -1.23       -1.24733         -0.625
4559           -1.1       -1.24729         -0.585
4560          -1.12       -1.24727          -0.56
4561          -1.26       -1.24727         -0.595
4562          -1.29       -1.24728         -0.675
4563          -1.23       -1.24727         -0.505
4564          -1.25       -1.24727          -0.51
4565           -1.3       -1.24729         -0.485
4566          -1.39       -1.24732           -0.5
4567          -1.26       -1.24732          -0.45
4568          -1.13       -1.24729          -0.43
4569          -1.19       -1.24728           -0.4
4570          -1.17       -1.24727         -0.355
4571          -1.12       -1.24724          -0.35
4572          -1.17       -1.24722          -0.29
4573          -1.26       -1.24722         -0.315
4574          -1.17       -1.24721          -0.32
4575          -1.25       -1.24721          -0.36
4576          -1.21        -1.2472          -0.48
4577          -1.06       -1.24716          -0.48
4578          -1.09       -1.24712         -0.395
4579          -1.15        -1.2471          -0.52
4580          -1.07       -1.24706         -0.545
4581          -1.01       -1.24701          -0.48
4582          -1.11       -1.24698          -0.45
4583          -1.04       -1.24694           -0.5
4584          -1.13       -1.24691         -0.525
4585          -1.14       -1.24689          -0.51
4586          -1.08       -1.24685          -0.47
4587          -1.16       -1.24683         -0.495
4588          -1.25       -1.24683          -0.54
4589          -1.36       -1.24686          -0.54
4590          -1.22       -1.24685          -0.49
4591          -1.25       -1.24685         -0.605
4592          -1.09       -1.24682         -0.505
4593          -0.99       -1.24676          -0.42
4594          -1.07       -1.24672         -0.515
4595          -1.03       -1.24668         -0.495
4596          -1.14       -1.24665         -0.595
4597          -1.33       -1.24667          -0.65
4598           -1.3       -1.24668          -0.63
4599          -1.33        -1.2467         -0.675
4600          -1.26       -1.24671          -0.67
4601          -1.16       -1.24669         -0.575
4602          -1.22       -1.24668          -0.57
4603          -1.35        -1.2467          -0.57
4604          -1.34       -1.24672          -0.57
4605          -1.38       -1.24675          -0.59
4606          -1.45        -1.2468          -0.65
4607          -1.48       -1.24685          -0.68
4608          -1.44       -1.24689         -0.655
4609          -1.26       -1.24689         -0.555
4610          -1.15       -1.24687          -0.49
4611          -1.06       -1.24683          -0.43
4612          -1.12        -1.2468          -0.45
4613           -1.1       -1.24677         -0.395
4614          -1.13       -1.24675         -0.445
4615           -1.1       -1.24671          -0.45
4616          -1.18        -1.2467          -0.41
4617           -1.2       -1.24669         -0.385
4618          -1.16       -1.24667          -0.39
4619          -1.38        -1.2467         -0.485
4620          -1.33       -1.24672          -0.48
4621           -1.2       -1.24671         -0.415
4622          -1.13       -1.24668          -0.32
4623          -1.06       -1.24664         -0.275
4624          -1.09       -1.24661         -0.215
4625          -1.04       -1.24656         -0.205
4626          -1.11       -1.24653         -0.335
4627          -1.06       -1.24649         -0.395
4628          -1.19       -1.24648          -0.51
4629          -1.32        -1.2465         -0.525
4630           -1.2       -1.24649         -0.465
4631          -1.21       -1.24648         -0.485
4632          -1.23       -1.24648         -0.525
4633           -1.3       -1.24649         -0.505
4634          -1.31        -1.2465          -0.46
4635          -1.32       -1.24652          -0.55
4636          -1.32       -1.24653          -0.56
4637          -1.27       -1.24654         -0.565
4638          -1.36       -1.24656         -0.595
4639          -1.44        -1.2466          -0.66
4640          -1.27       -1.24661         -0.645
4641          -1.39       -1.24664          -0.66
4642           -1.4       -1.24667         -0.695
4643          -1.34       -1.24669          -0.72
4644          -1.54       -1.24676         -0.785
4645          -1.45        -1.2468         -0.745
4646          -1.36       -1.24682          -0.67
4647          -1.21       -1.24682          -0.58
4648          -1.27       -1.24682          -0.57
4649          -1.14        -1.2468         -0.565
4650          -1.25        -1.2468         -0.595
4651          -1.31       -1.24681         -0.605
4652          -1.32       -1.24683          -0.65
4653          -1.43       -1.24687          -0.65
4654          -1.48       -1.24692          -0.63
4655          -1.42       -1.24695         -0.715
4656          -1.42       -1.24699         -0.655
4657          -1.46       -1.24704         -0.715
4658          -1.41       -1.24707         -0.685
4659          -1.25       -1.24707          -0.67
4660          -1.29       -1.24708         -0.605
4661          -1.22       -1.24708          -0.58
4662          -1.16       -1.24706          -0.57
4663          -1.32       -1.24707          -0.62
4664          -1.32       -1.24709         -0.685
4665          -1.39       -1.24712         -0.695
4666          -1.46       -1.24717         -0.695
4667          -1.52       -1.24722          -0.74
4668          -1.48       -1.24727          -0.72
4669          -1.62       -1.24735         -0.785
4670          -1.53       -1.24741         -0.755
4671          -1.54       -1.24748          -0.71
4672          -1.38        -1.2475          -0.68
4673          -1.45       -1.24755          -0.71
4674          -1.37       -1.24757          -0.69
4675          -1.28       -1.24758          -0.64
4676          -1.23       -1.24758          -0.63
4677          -1.19       -1.24757          -0.61
4678          -1.29       -1.24757         -0.585
4679           -1.3       -1.24759         -0.655
4680           -1.3        -1.2476         -0.715
4681          -1.36       -1.24762         -0.725
4682          -1.24       -1.24762           -0.7
4683          -1.29       -1.24763         -0.695
4684          -1.24       -1.24763         -0.685
4685          -1.16       -1.24761          -0.63
4686          -1.14       -1.24758          -0.57
4687          -1.16       -1.24757         -0.525
4688          -1.17       -1.24755         -0.555
4689          -1.18       -1.24754          -0.59
4690          -1.16       -1.24752         -0.495
4691          -1.26       -1.24752           -0.5
4692          -1.26       -1.24752          -0.49
4693           -1.3       -1.24753          -0.48
4694          -1.26       -1.24754         -0.555
4695          -1.23       -1.24753          -0.57
4696           -1.2       -1.24752          -0.49
4697          -1.29       -1.24753          -0.45
4698          -1.27       -1.24754          -0.42
4699          -1.26       -1.24754         -0.385
4700          -1.18       -1.24752         -0.385
4701          -1.23       -1.24752         -0.395
4702          -1.16        -1.2475          -0.41
4703          -1.14       -1.24748          -0.42
4704          -1.24       -1.24748          -0.48
4705           -1.3       -1.24749          -0.55
4706          -1.31        -1.2475         -0.555
4707          -1.42       -1.24754          -0.62
4708          -1.24       -1.24754          -0.55
4709          -1.15       -1.24752         -0.585
4710          -1.22       -1.24751          -0.59
4711          -1.13       -1.24749          -0.61
4712          -1.21       -1.24748         -0.615
4713          -1.25       -1.24748         -0.645
4714          -1.36        -1.2475          -0.69
4715           -1.5       -1.24756         -0.765
4716          -1.45        -1.2476          -0.75
4717           -1.4       -1.24763          -0.71
4718          -1.45       -1.24767          -0.73
4719          -1.43       -1.24771         -0.735
4720          -1.45       -1.24775          -0.73
4721          -1.46        -1.2478         -0.785
4722          -1.45       -1.24784          -0.81
4723          -1.59       -1.24791          -0.81
4724          -1.49       -1.24797          -0.72
4725          -1.45       -1.24801         -0.715
4726          -1.23       -1.24801          -0.69
4727          -1.36       -1.24803          -0.72
4728          -1.43       -1.24807          -0.77
4729          -1.31       -1.24808         -0.685
4730          -1.33        -1.2481          -0.64
4731          -1.11       -1.24807         -0.555
4732          -1.11       -1.24804          -0.49
4733          -1.16       -1.24802         -0.525
4734          -1.21       -1.24801         -0.575
4735          -1.27       -1.24802          -0.62
4736          -1.21       -1.24801         -0.615
4737          -1.28       -1.24802          -0.62
4738          -1.36       -1.24804          -0.69
4739          -1.38       -1.24807         -0.695
4740           -1.5       -1.24812         -0.755
4741          -1.52       -1.24818          -0.78
4742          -1.49       -1.24823         -0.775
4743          -1.52       -1.24829          -0.82
4744          -1.34       -1.24831         -0.765
4745          -1.48       -1.24835         -0.775
4746           -1.4       -1.24839          -0.75
4747          -1.24       -1.24838         -0.685
4748          -1.22       -1.24838         -0.665
4749          -1.28       -1.24839         -0.705
4750          -1.36       -1.24841         -0.695
4751          -1.45       -1.24845          -0.73
4752          -1.35       -1.24847          -0.74
4753          -1.33       -1.24849          -0.76
4754          -1.42       -1.24853         -0.775
4755          -1.42       -1.24856         -0.705
4756          -1.39       -1.24859           -0.7
4757          -1.31        -1.2486         -0.625
4758          -1.29       -1.24861         -0.615
4759          -1.35       -1.24863         -0.685
4760          -1.46       -1.24868         -0.755
4761          -1.39       -1.24871         -0.775
4762          -1.33       -1.24873          -0.75
4763          -1.38       -1.24875          -0.75
4764          -1.39       -1.24878         -0.755
4765          -1.39       -1.24881         -0.765
4766          -1.38       -1.24884          -0.77
4767          -1.31       -1.24885          -0.72
4768          -1.27       -1.24886         -0.675
4769          -1.33       -1.24887          -0.73
4770          -1.22       -1.24887           -0.7
4771          -1.34       -1.24889         -0.735
4772          -1.36       -1.24891         -0.725
4773          -1.38       -1.24894         -0.685
4774          -1.35       -1.24896          -0.71
4775          -1.42       -1.24899         -0.725
4776          -1.53       -1.24905          -0.77
4777          -1.51       -1.24911          -0.75
4778          -1.33       -1.24913          -0.69
4779          -1.32       -1.24914         -0.655
4780          -1.38       -1.24917          -0.66
4781          -1.41        -1.2492          -0.72
4782          -1.37       -1.24923         -0.695
4783          -1.17       -1.24921         -0.575
4784          -1.36       -1.24923           -0.7
4785          -1.42       -1.24927         -0.765
4786          -1.46       -1.24931          -0.81
4787          -1.33       -1.24933          -0.76
4788          -1.47       -1.24938         -0.795
4789          -1.37        -1.2494         -0.775
4790          -1.58       -1.24947          -0.83
4791          -1.45       -1.24951         -0.725
4792          -1.39       -1.24954          -0.67
4793          -1.36       -1.24956          -0.69
4794          -1.45       -1.24961         -0.765
4795           -1.4       -1.24964         -0.735
4796          -1.52       -1.24969          -0.74
4797          -1.37       -1.24972          -0.69
4798           -1.3       -1.24973           -0.7
4799          -1.37       -1.24975         -0.685
4800          -1.26       -1.24976          -0.61
4801          -1.26       -1.24976          -0.64
4802          -1.26       -1.24976         -0.595
4803           -1.3       -1.24977         -0.605
4804          -1.37        -1.2498         -0.655
4805          -1.43       -1.24983           -0.7
4806          -1.33       -1.24985         -0.645
4807           -1.3       -1.24986          -0.64
4808          -1.28       -1.24987         -0.685
4809          -1.33       -1.24988         -0.715
4810          -1.29       -1.24989          -0.63
4811          -1.18       -1.24988          -0.66
4812          -1.35        -1.2499          -0.66
4813          -1.37       -1.24992         -0.635
4814           -1.3       -1.24993          -0.61
4815          -1.16       -1.24991         -0.635
4816          -1.22       -1.24991          -0.62
4817          -1.19        -1.2499         -0.645
4818          -1.26        -1.2499          -0.65
4819          -1.28        -1.2499         -0.605
4820           -1.3       -1.24991           -0.6
4821          -1.21       -1.24991         -0.605
4822          -1.19       -1.24989         -0.655
4823          -1.12       -1.24987          -0.63
4824          -1.11       -1.24984          -0.58
4825          -1.17       -1.24982         -0.545
4826          -1.06       -1.24978         -0.505
4827           -1.3       -1.24979          -0.62
4828          -1.33       -1.24981         -0.635
4829           -1.3       -1.24982          -0.66
4830          -1.26       -1.24982          -0.69
4831          -1.33       -1.24984          -0.66
4832          -1.31       -1.24985         -0.655
4833          -1.39       -1.24988          -0.72
4834          -1.45       -1.24992         -0.785
4835          -1.51       -1.24998          -0.81
4836           -1.5       -1.25003          -0.81
4837          -1.36       -1.25005          -0.74
4838          -1.41       -1.25008          -0.78
4839          -1.26       -1.25008         -0.725
4840          -1.23       -1.25008         -0.635
4841          -1.12       -1.25005         -0.545
4842          -1.25       -1.25005         -0.645
4843          -1.35       -1.25007           -0.7
4844          -1.24       -1.25007          -0.66
4845          -1.19       -1.25006          -0.65
4846          -1.38       -1.25009          -0.71
4847          -1.42       -1.25012         -0.725
4848          -1.31       -1.25013         -0.675
4849          -1.35       -1.25015          -0.71
4850          -1.34       -1.25017          -0.68
4851          -1.36        -1.2502           -0.7
4852           -1.3       -1.25021          -0.65
4853          -1.35       -1.25023         -0.615
4854          -1.21       -1.25022         -0.535
4855          -1.22       -1.25021          -0.52
4856          -1.17        -1.2502          -0.53
4857          -1.16       -1.25018          -0.47
4858          -1.25       -1.25018          -0.52
4859          -1.22       -1.25017          -0.54
4860          -1.34       -1.25019          -0.59
4861          -1.35       -1.25021         -0.615
4862          -1.17       -1.25019          -0.53
4863          -1.27        -1.2502          -0.57
4864          -1.45       -1.25024          -0.72
4865          -1.34       -1.25026         -0.665
4866          -1.45        -1.2503         -0.665
4867          -1.41       -1.25033         -0.645
4868          -1.39       -1.25036          -0.64
4869          -1.39       -1.25039         -0.655
4870          -1.29        -1.2504         -0.645
4871          -1.31       -1.25041         -0.645
4872          -1.15       -1.25039         -0.595
4873          -1.11       -1.25036          -0.64
4874          -1.25       -1.25036          -0.67
4875          -1.44        -1.2504         -0.785
4876          -1.38       -1.25042          -0.79
4877          -1.39       -1.25045         -0.725
4878           -1.5        -1.2505         -0.765
4879          -1.46       -1.25055         -0.795
4880          -1.43       -1.25058           -0.8
4881           -1.4       -1.25061          -0.76
4882          -1.35       -1.25063         -0.745
4883          -1.28       -1.25064          -0.69
4884          -1.43       -1.25068         -0.725
4885          -1.42       -1.25071          -0.68
4886          -1.35       -1.25073          -0.62
4887          -1.29       -1.25074         -0.575
4888          -1.29       -1.25075         -0.515
4889          -1.29       -1.25076         -0.465
4890          -1.29       -1.25076         -0.495
4891          -1.31       -1.25078         -0.545
4892          -1.42       -1.25081          -0.62
4893           -1.4       -1.25084         -0.675
4894          -1.39       -1.25087          -0.63
4895          -1.35       -1.25089         -0.635
4896          -1.49       -1.25094          -0.68
4897          -1.52       -1.25099         -0.735
4898          -1.46       -1.25104         -0.685
4899          -1.49       -1.25109          -0.75
4900          -1.39       -1.25111         -0.675
4901           -1.4       -1.25114         -0.685
4902          -1.29       -1.25115           -0.6
4903          -1.23       -1.25115          -0.58
4904          -1.32       -1.25116         -0.645
4905          -1.26       -1.25116          -0.63
4906          -1.23       -1.25116         -0.625
4907          -1.36       -1.25118          -0.64
4908          -1.43       -1.25122          -0.58
4909          -1.29       -1.25123         -0.645
4910          -1.39       -1.25125         -0.695
4911          -1.43       -1.25129         -0.685
4912          -1.32        -1.2513         -0.655
4913          -1.43       -1.25134          -0.66
4914          -1.49       -1.25139         -0.665
4915           -1.3        -1.2514         -0.615
4916          -1.39       -1.25143         -0.685
4917          -1.44       -1.25147         -0.715
4918          -1.44        -1.2515         -0.795
4919          -1.56       -1.25157          -0.84
4920          -1.41        -1.2516          -0.76
4921          -1.41       -1.25163         -0.735
4922          -1.42       -1.25167         -0.775
4923          -1.36       -1.25169         -0.785
4924          -1.52       -1.25174          -0.82
4925           -1.6       -1.25181         -0.865
4926          -1.68        -1.2519         -0.915
4927          -1.77         -1.252         -0.935
4928          -1.58       -1.25207         -0.875
4929          -1.49       -1.25212         -0.835
4930          -1.52       -1.25217         -0.825
4931          -1.53       -1.25223         -0.815
4932          -1.56       -1.25229          -0.85
4933          -1.52       -1.25235          -0.84
4934          -1.41       -1.25238         -0.785
4935          -1.52       -1.25243          -0.83
4936          -1.48       -1.25248          -0.81
4937          -1.54       -1.25254          -0.83
4938          -1.48       -1.25258         -0.825
4939          -1.54       -1.25264         -0.845
4940          -1.61       -1.25271         -0.845
4941          -1.41       -1.25275          -0.77
4942          -1.47       -1.25279         -0.805
4943          -1.38       -1.25282         -0.745
4944          -1.55       -1.25288         -0.815
4945          -1.55       -1.25294          -0.83
4946          -1.39       -1.25296          -0.79
4947          -1.51       -1.25302         -0.825
4948          -1.27       -1.25302         -0.735
4949          -1.39       -1.25305         -0.735
4950          -1.39       -1.25307          -0.73
4951          -1.37        -1.2531          -0.69
4952          -1.32       -1.25311          -0.66
4953          -1.35       -1.25313         -0.715
4954          -1.35       -1.25315          -0.64
4955          -1.33       -1.25317         -0.585
4956          -1.19       -1.25315         -0.615
4957          -1.29       -1.25316         -0.595
4958          -1.14       -1.25314          -0.58
4959          -1.12       -1.25311         -0.555
4960           -1.3       -1.25312         -0.635
4961          -1.24       -1.25312          -0.61
4962          -1.33       -1.25313         -0.585
4963          -1.22       -1.25313          -0.61
4964          -1.31       -1.25314          -0.62
4965           -1.2       -1.25313           -0.6
4966          -1.19       -1.25311         -0.635
4967          -1.31       -1.25313           -0.7
4968          -1.46       -1.25317          -0.74
4969          -1.45       -1.25321         -0.725
4970          -1.42       -1.25324         -0.695
4971          -1.31       -1.25325          -0.67
4972          -1.53       -1.25331           -0.7
4973          -1.43       -1.25334          -0.64
4974          -1.42       -1.25338         -0.685
4975          -1.44       -1.25341          -0.73
4976          -1.45       -1.25345         -0.735
4977          -1.53       -1.25351         -0.725
4978          -1.34       -1.25353          -0.68
4979          -1.33       -1.25354         -0.675
4980          -1.37       -1.25357          -0.71
4981          -1.44        -1.2536          -0.79
4982          -1.37       -1.25363         -0.745
4983          -1.37       -1.25365         -0.735
4984          -1.46       -1.25369         -0.765
4985          -1.34       -1.25371          -0.71
4986          -1.39       -1.25374         -0.755
4987           -1.3       -1.25374          -0.71
4988          -1.22       -1.25374         -0.645
4989          -1.13       -1.25371         -0.475
4990             -1       -1.25366         -0.495
4991          -1.04       -1.25362          -0.49
4992          -1.12       -1.25359          -0.39
4993          -1.02       -1.25355         -0.385
4994             -1        -1.2535          -0.37
4995          -1.26        -1.2535          -0.37
4996          -1.25        -1.2535         -0.395
4997          -1.24       -1.25349         -0.425
4998          -1.18       -1.25348          -0.31
4999          -0.93       -1.25341         -0.105
5000          -1.05       -1.25337          -0.07
5001          -1.09       -1.25334         -0.085
5002          -1.05        -1.2533          -0.15
5003          -1.13       -1.25328          -0.19
5004          -1.22       -1.25327          -0.24
5005          -1.15       -1.25325          -0.18
5006          -1.15       -1.25323         -0.155
5007          -1.02       -1.25318         -0.145
5008          -1.02       -1.25313         -0.115
5009          -1.04       -1.25309         -0.055
5010          -1.07       -1.25306          -0.08
5011          -1.03       -1.25301         -0.195
5012          -1.03       -1.25297          -0.27
5013          -1.07       -1.25293         -0.265
5014           -0.9       -1.25286          -0.23
5015          -0.89       -1.25279          -0.24
5016          -0.99       -1.25273          -0.24
5017          -1.06        -1.2527          -0.27
5018          -1.16       -1.25268         -0.195
5019          -0.94       -1.25262          -0.16
5020             -1       -1.25257         -0.225
5021          -1.04       -1.25252          -0.23
5022          -1.07       -1.25249           -0.2
5023             -1       -1.25244         -0.195
5024          -1.04       -1.25239           -0.2
5025          -0.97       -1.25234         -0.225
5026          -0.98       -1.25228          -0.24
5027          -1.04       -1.25224          -0.25
5028          -1.12       -1.25222          -0.38
5029          -1.23       -1.25221         -0.355
5030          -1.19        -1.2522          -0.42
5031           -1.2       -1.25219         -0.435
5032          -1.23       -1.25218          -0.41
5033          -1.14       -1.25216           -0.4
5034          -1.24       -1.25216          -0.44
5035          -1.21       -1.25215         -0.395
5036          -1.09       -1.25212          -0.36
5037          -1.17        -1.2521         -0.355
5038          -1.19       -1.25209         -0.385
5039          -1.28        -1.2521          -0.52
5040          -1.24       -1.25209         -0.535
5041          -1.26       -1.25209         -0.455
5042          -1.28        -1.2521          -0.53
5043          -1.23        -1.2521          -0.51
5044          -1.29        -1.2521          -0.56
5045          -1.48       -1.25215          -0.64
5046          -1.39       -1.25218         -0.625
5047          -1.43       -1.25221          -0.66
5048          -1.38       -1.25224          -0.61
5049          -1.39       -1.25226         -0.635
5050          -1.28       -1.25227          -0.55
5051          -1.43        -1.2523          -0.62
5052          -1.33       -1.25232          -0.57
5053          -1.25       -1.25232          -0.57
5054           -1.2       -1.25231         -0.525
5055          -1.17       -1.25229          -0.51
5056          -1.01       -1.25224          -0.48
5057          -1.05        -1.2522         -0.475
5058          -0.97       -1.25215          -0.39
5059          -1.01        -1.2521           -0.4
5060          -1.25        -1.2521         -0.525
5061          -1.17       -1.25208         -0.525
5062          -1.21       -1.25208         -0.495
5063          -1.14       -1.25205          -0.53
5064          -1.08       -1.25202          -0.53
5065          -1.17         -1.252         -0.545
5066          -1.23         -1.252         -0.605
5067          -1.19       -1.25199          -0.55
5068          -1.22       -1.25198         -0.475
5069          -1.06       -1.25194         -0.405
5070          -1.23       -1.25194          -0.39
5071          -1.15       -1.25192          -0.39
5072          -1.02       -1.25187         -0.375
5073          -1.04       -1.25183         -0.435
5074          -1.07        -1.2518          -0.43
5075           -1.1       -1.25177         -0.395
5076          -1.03       -1.25172         -0.265
5077          -1.05       -1.25168         -0.235
5078          -1.13       -1.25166         -0.185
5079          -1.22       -1.25165         -0.235
5080          -1.29       -1.25166          -0.17
5081          -1.31       -1.25167          -0.17
5082          -1.23       -1.25167         -0.185
5083          -1.22       -1.25166         -0.235
5084          -1.18       -1.25165         -0.215
5085          -1.17       -1.25163          -0.12
5086          -1.09        -1.2516         -0.075
5087          -1.17       -1.25158          -0.03
5088          -1.19       -1.25157         -0.085
5089          -1.06       -1.25153          -0.11
5090          -1.12       -1.25151          -0.09
5091          -1.17       -1.25149          -0.09
5092           -1.2       -1.25148         -0.135
5093          -1.12       -1.25145          -0.19
5094          -1.23       -1.25145          -0.23
5095          -1.25       -1.25145          -0.35
5096          -1.18       -1.25144          -0.37
5097          -1.11       -1.25141          -0.31
5098          -1.14       -1.25139         -0.295
5099          -1.09       -1.25135         -0.335
5100          -1.11       -1.25133         -0.255
5101             -1       -1.25128         -0.285
5102          -0.85        -1.2512          -0.26
5103          -0.96       -1.25114          -0.24
5104          -1.01        -1.2511          -0.23
5105          -1.03       -1.25105         -0.255
5106          -1.03       -1.25101          -0.23
5107          -1.08       -1.25097          -0.17
5108          -1.01       -1.25093          -0.12
5109          -1.03       -1.25088         -0.075
5110          -0.99       -1.25083          -0.11
5111          -1.02       -1.25079         -0.095
5112           -1.1       -1.25076          -0.18
5113          -1.06       -1.25072         -0.085
5114          -1.15        -1.2507           -0.1
5115          -1.15       -1.25068          -0.13
5116          -1.25       -1.25068         -0.145
5117          -1.13       -1.25066         -0.165
5118          -0.99       -1.25061         -0.085
5119          -0.98       -1.25055          -0.08
5120          -1.12       -1.25053         -0.145
5121          -1.02       -1.25048         -0.125
5122          -1.18       -1.25047          -0.18
5123          -1.08       -1.25044           -0.2
5124          -0.97       -1.25038         -0.205
5125          -0.98       -1.25033         -0.345
5126          -1.07       -1.25029         -0.325
5127          -1.05       -1.25026         -0.305
5128          -1.17       -1.25024          -0.32
5129           -1.2       -1.25023         -0.355
5130          -1.14       -1.25021          -0.27
5131          -1.23        -1.2502         -0.245
5132           -1.2       -1.25019         -0.225
5133          -1.11       -1.25017          -0.15
5134          -1.06       -1.25013           -0.1
5135          -1.14       -1.25011         -0.125
5136          -1.15       -1.25009          -0.12
5137          -1.17       -1.25007          -0.17
5138          -1.31       -1.25009         -0.255
5139          -1.28       -1.25009         -0.225
5140          -1.23       -1.25009         -0.095
5141          -1.18       -1.25007         -0.075
5142          -1.24       -1.25007         -0.065
5143           -1.3       -1.25008          -0.01
5144          -1.06       -1.25004          0.005
5145          -1.06       -1.25001          0.055
5146           -1.1       -1.24998          -0.08
5147          -1.01       -1.24993           0.01
5148          -0.99       -1.24988         -0.055
5149           -0.9       -1.24981          -0.08
5150          -0.99       -1.24976          0.045
5151          -1.16       -1.24975          -0.01
5152          -1.04       -1.24971          0.155
5153          -1.02       -1.24966          0.175
5154          -0.96        -1.2496           0.18
5155          -1.14       -1.24958          0.205
5156          -1.11       -1.24956          0.185
5157          -1.03       -1.24951           0.16
5158          -1.12       -1.24949          0.245
5159          -1.12       -1.24946          0.215
5160             -1       -1.24941          0.215
5161          -0.99       -1.24936           0.17
5162          -0.98       -1.24931           0.17
5163          -1.09       -1.24928          0.195
5164          -1.03       -1.24924          0.255
5165          -1.13       -1.24922           0.18
5166          -1.13       -1.24919           0.24
5167          -1.12       -1.24917          0.205
5168          -1.17       -1.24915          0.315
5169          -1.21       -1.24915           0.35
5170          -1.26       -1.24915           0.35
5171          -1.19       -1.24914          0.245
5172          -1.19       -1.24912          0.355
5173          -1.06       -1.24909           0.36
5174          -1.02       -1.24904           0.34
5175           -1.1       -1.24901          0.375
5176          -1.15         -1.249          0.265
5177          -1.19       -1.24898          0.255
5178          -1.19       -1.24897          0.275
5179          -1.17       -1.24896          0.265
5180          -1.14       -1.24894           0.31
5181          -1.11       -1.24891            0.3
5182          -1.06       -1.24887          0.335
5183          -1.13       -1.24885          0.385
5184          -1.15       -1.24883           0.49
5185          -1.17       -1.24882           0.47
5186          -1.12       -1.24879           0.39
5187          -1.09       -1.24876          0.305
5188          -1.08       -1.24873          0.305
5189          -0.99       -1.24868           0.28
5190           -1.1       -1.24865           0.19
5191          -0.97        -1.2486          0.215
5192          -1.12       -1.24857           0.22
5193          -1.02       -1.24853          0.175
5194          -1.06       -1.24849           0.19
5195          -1.03       -1.24845          0.125
5196          -1.15       -1.24843          0.095
5197          -1.14       -1.24841           0.04
5198          -1.14       -1.24839          -0.02
5199          -1.17       -1.24837          -0.07
5200          -1.26       -1.24838         -0.095
5201          -1.28       -1.24838         -0.115
5202          -1.14       -1.24836         -0.105
5203          -1.17       -1.24835          -0.11
5204          -1.09       -1.24832          -0.02
5205          -0.96       -1.24826         -0.045
5206          -1.16       -1.24824         -0.055
5207          -1.05        -1.2482         -0.095
5208          -1.08       -1.24817          -0.12
5209          -0.97       -1.24812              0
5210          -0.93       -1.24806         -0.005
5211          -1.07       -1.24802          -0.11
5212          -1.07       -1.24799         -0.115
5213          -1.04       -1.24795          -0.08
5214          -1.03       -1.24791          -0.13
5215          -1.01       -1.24786          -0.14
5216          -0.96       -1.24781          -0.17
5217          -1.11       -1.24778         -0.165
5218          -1.18       -1.24777         -0.205
5219          -1.14       -1.24775         -0.205
5220           -1.1       -1.24772         -0.155
5221          -1.08       -1.24769         -0.145
5222          -1.21       -1.24768         -0.215
5223          -1.11       -1.24765         -0.185
5224          -1.16       -1.24764          -0.17
5225          -1.01       -1.24759          -0.07
5226          -1.05       -1.24755         -0.075
5227          -1.04       -1.24751         -0.085
5228          -1.15       -1.24749         -0.155
5229          -0.97       -1.24744          -0.16
5230          -1.07       -1.24741         -0.035
5231          -1.02       -1.24736          -0.01
5232          -1.21       -1.24736           0.01
5233           -1.2       -1.24735          0.065
5234          -1.12       -1.24732              0
5235          -1.13        -1.2473          -0.03
5236          -1.11       -1.24728         -0.045
5237          -1.01       -1.24723          -0.05
5238           -1.1        -1.2472         -0.005
5239          -1.15       -1.24718           0.07
5240          -1.13       -1.24716          0.065
5241          -1.11       -1.24713          0.065
5242          -1.11       -1.24711           0.02
5243          -1.12       -1.24708         -0.015
5244          -1.23       -1.24708          -0.07
5245          -1.35        -1.2471         -0.015
5246          -1.24        -1.2471         -0.065
5247          -1.16       -1.24708         -0.085
5248          -1.12       -1.24706           -0.1
5249          -1.09       -1.24703           -0.2
5250          -0.97       -1.24698          -0.15
5251          -0.97       -1.24692         -0.195
5252          -0.92       -1.24686          -0.21
5253          -1.03       -1.24682         -0.195
5254          -1.08       -1.24679         -0.145
5255          -1.02       -1.24674         -0.165
5256          -1.06       -1.24671         -0.165
5257          -1.13       -1.24669         -0.165
5258          -1.15       -1.24667         -0.065
5259          -1.27       -1.24667         -0.085
5260          -1.27       -1.24668         -0.145
5261          -1.32       -1.24669         -0.125
5262           -1.2       -1.24668          -0.14
5263           -1.2       -1.24667          -0.18
5264          -1.21       -1.24667         -0.195
5265          -1.32       -1.24668         -0.225
5266          -1.24       -1.24668          -0.22
5267           -1.2       -1.24667         -0.255
5268          -1.28       -1.24668          -0.31
5269          -1.32       -1.24669         -0.305
5270          -1.28        -1.2467         -0.415
5271          -1.16       -1.24668         -0.435
5272          -1.12       -1.24666          -0.38
5273          -1.25       -1.24666         -0.395
5274          -1.27       -1.24666         -0.465
5275          -1.21       -1.24665          -0.46
5276          -1.39       -1.24668          -0.46
5277          -1.21       -1.24667          -0.45
5278          -1.22       -1.24667         -0.415
5279           -1.2       -1.24666         -0.235
5280          -1.27       -1.24667         -0.225
5281          -1.22       -1.24666         -0.285
5282          -1.29       -1.24667         -0.255
5283          -1.11       -1.24664          -0.27
5284          -1.13       -1.24662          -0.26
5285          -1.18       -1.24661          -0.27
5286          -1.19        -1.2466         -0.385
5287           -1.1       -1.24657          -0.36
5288          -1.17       -1.24656          -0.41
5289          -1.13       -1.24653         -0.375
5290          -1.24       -1.24653         -0.395
5291          -1.32       -1.24655          -0.44
5292          -1.37       -1.24657         -0.425
5293          -1.34       -1.24659         -0.435
5294          -1.31        -1.2466         -0.435
5295          -1.22       -1.24659          -0.44
5296          -1.22       -1.24659         -0.425
5297          -1.19       -1.24658          -0.37
5298          -1.15       -1.24656          -0.43
5299          -1.16       -1.24654          -0.48
5300          -1.16       -1.24653          -0.46
5301          -1.17       -1.24651         -0.495
5302          -1.26       -1.24652         -0.525
5303          -1.31       -1.24653         -0.585
5304          -1.26       -1.24653          -0.53
5305          -1.29       -1.24654         -0.605
5306           -1.3       -1.24655         -0.655
5307          -1.42       -1.24658          -0.73
5308          -1.25       -1.24658         -0.645
5309           -1.2       -1.24657         -0.605
5310          -1.23       -1.24657           -0.6
5311           -1.3       -1.24658         -0.655
5312          -1.16       -1.24656         -0.585
5313           -1.2       -1.24655         -0.575
5314          -1.23       -1.24655         -0.495
5315          -1.09       -1.24652         -0.455
5316          -1.04       -1.24648          -0.38
5317          -1.24       -1.24648         -0.545
5318          -1.27       -1.24649         -0.535
5319          -1.19       -1.24648          -0.43
5320          -1.18       -1.24646          -0.48
5321          -1.12       -1.24644          -0.47
5322          -1.16       -1.24642          -0.48
5323          -1.33       -1.24644           -0.5
5324          -1.32       -1.24645         -0.555
5325          -1.28       -1.24646         -0.605
5326          -1.31       -1.24647         -0.645
5327          -1.39        -1.2465         -0.665
5328          -1.43       -1.24653          -0.65
5329          -1.37       -1.24656          -0.67
5330          -1.35       -1.24657          -0.76
5331          -1.27       -1.24658         -0.665
5332          -1.42       -1.24661          -0.69
5333          -1.27       -1.24662          -0.61
5334          -1.24       -1.24661         -0.615
5335          -1.24       -1.24661         -0.645
5336          -1.32       -1.24663         -0.745
5337          -1.43       -1.24666           -0.8
5338          -1.43        -1.2467          -0.81
5339          -1.46       -1.24674         -0.805
5340          -1.43       -1.24677          -0.78
5341          -1.48       -1.24681          -0.78
5342          -1.42       -1.24685         -0.775
5343          -1.47       -1.24689         -0.805
5344          -1.55       -1.24694           -0.8
5345          -1.48       -1.24699          -0.76
5346          -1.33         -1.247          -0.74
5347          -1.54       -1.24706         -0.775
5348          -1.53       -1.24711         -0.775
5349           -1.5       -1.24716         -0.735
5350          -1.45        -1.2472         -0.745
5351          -1.43       -1.24723         -0.765
5352          -1.51       -1.24728          -0.78
5353          -1.49       -1.24733         -0.785
5354          -1.43       -1.24736         -0.755
5355          -1.42       -1.24739         -0.725
5356          -1.31        -1.2474         -0.695
5357          -1.36       -1.24742           -0.7
5358          -1.35       -1.24744         -0.715
5359          -1.52       -1.24749         -0.815
5360          -1.37       -1.24752          -0.74
5361          -1.31       -1.24753         -0.715
5362          -1.15       -1.24751          -0.67
5363          -1.29       -1.24752          -0.69
5364          -1.27       -1.24752          -0.64
5365          -1.24       -1.24752          -0.62
5366          -1.16       -1.24751         -0.595
5367          -1.13       -1.24748         -0.555
5368           -1.1       -1.24746          -0.52
5369           -1.2       -1.24745          -0.51
5370          -1.33       -1.24746          -0.53
5371          -1.27       -1.24747           -0.5
5372           -1.2       -1.24746          -0.45
5373          -1.14       -1.24744         -0.295
5374          -1.15       -1.24742         -0.275
5375          -1.13        -1.2474         -0.355
5376          -1.16       -1.24738         -0.315
5377          -1.04       -1.24734         -0.345
5378          -1.07       -1.24731         -0.405
5379          -1.29       -1.24732          -0.39
5380          -1.32       -1.24733         -0.415
5381          -1.14       -1.24731         -0.335
5382          -1.14       -1.24729         -0.315
5383          -1.04       -1.24725         -0.335
5384          -1.02       -1.24721          -0.35
5385          -1.17        -1.2472          -0.38
5386          -1.09       -1.24717          -0.39
5387          -1.14       -1.24715         -0.415
5388          -1.12       -1.24712          -0.38
5389          -1.22       -1.24712         -0.405
5390          -1.25       -1.24712           -0.4
5391          -1.29       -1.24713          -0.37
5392          -1.22       -1.24712         -0.295
5393          -1.21       -1.24712         -0.325
5394          -1.36       -1.24714          -0.32
5395           -1.3       -1.24715           -0.3
5396          -1.31       -1.24716         -0.265
5397          -1.22       -1.24715          -0.33
5398          -1.17       -1.24714         -0.405
5399          -1.17       -1.24712         -0.345
5400          -1.23       -1.24712          -0.33
5401          -1.22       -1.24712         -0.285
5402          -1.27       -1.24712         -0.245
5403          -1.36       -1.24714         -0.315
5404          -1.34       -1.24716           -0.3
5405          -1.34       -1.24718          -0.25
5406          -1.26       -1.24718         -0.185
5407          -1.19       -1.24717         -0.175
5408          -1.27       -1.24717         -0.255
5409          -1.11       -1.24715          -0.24
5410          -1.09       -1.24712           -0.3
5411          -1.07       -1.24708         -0.255
5412             -1       -1.24704         -0.295
5413          -1.02         -1.247         -0.305
5414          -0.98       -1.24695           -0.3
5415          -0.91       -1.24689           -0.3
5416          -0.89       -1.24682         -0.315
5417          -0.97       -1.24677          -0.25
5418          -1.06       -1.24673          -0.27
5419          -0.97       -1.24668          -0.24
5420          -0.88       -1.24662          -0.12
5421           -0.9       -1.24655          -0.09
5422          -1.03       -1.24651         -0.055
5423           -1.1       -1.24648          0.055
5424          -1.06       -1.24645              0
5425          -0.99        -1.2464          -0.07
5426          -1.16       -1.24639         -0.155
5427          -1.03       -1.24635          -0.08
5428           -1.2       -1.24634          -0.06
5429          -1.11       -1.24631          -0.02
5430          -0.91       -1.24625           0.07
5431          -0.92       -1.24619          0.065
5432          -0.96       -1.24614          0.075
5433          -1.01       -1.24609          0.065
5434          -0.94       -1.24604          0.075
5435          -1.02         -1.246           0.03
5436          -1.03       -1.24596          0.125
5437           -1.1       -1.24593          0.135
5438          -1.09        -1.2459           0.12
5439          -1.05       -1.24587          0.095
5440          -1.15       -1.24585          0.085
5441          -1.25       -1.24585          0.075
5442          -1.14       -1.24583          0.085
5443          -1.05       -1.24579           0.19
5444          -1.06       -1.24576          0.195
5445          -1.21       -1.24575            0.3
5446          -1.25       -1.24575          0.235
5447          -1.28       -1.24576          0.275
5448          -1.24       -1.24576          0.265
5449          -1.08       -1.24573          0.245
5450          -1.13       -1.24571           0.28
5451          -1.13       -1.24569           0.34
5452          -1.16       -1.24567          0.295
5453          -1.28       -1.24568          0.365
5454          -1.07       -1.24564          0.355
5455          -1.12       -1.24562          0.325
5456          -1.02       -1.24558           0.21
5457          -1.14       -1.24556          0.255
5458          -1.12       -1.24554          0.205
5459          -1.09       -1.24551            0.2
5460           -1.2        -1.2455           0.22
5461           -1.3       -1.24551          0.265
5462          -1.32       -1.24552            0.4
5463          -1.14       -1.24551           0.45
5464          -1.13       -1.24548          0.435
5465          -1.19       -1.24547           0.42
5466          -1.21       -1.24547          0.505
5467          -1.21       -1.24546           0.59
5468          -1.35       -1.24548          0.645
5469           -1.3       -1.24549          0.665
5470          -1.27       -1.24549           0.67
5471          -1.35       -1.24551           0.65
5472          -1.31       -1.24553          0.695
5473          -1.29       -1.24553          0.675
5474           -1.2       -1.24553           0.66
5475          -1.25       -1.24553            0.7
5476          -1.32       -1.24554           0.73
5477          -1.36       -1.24556          0.745
5478          -1.34       -1.24558          0.745
5479           -1.4       -1.24561          0.715
5480          -1.34       -1.24562          0.665
5481          -1.32       -1.24564          0.695
5482          -1.26       -1.24564          0.655
5483          -1.29       -1.24565          0.615
5484          -1.26       -1.24565           0.59
5485           -1.2       -1.24564          0.505
5486          -1.15       -1.24562          0.525
5487          -1.32       -1.24564            0.6
5488          -1.25       -1.24564           0.55
5489          -1.31       -1.24565           0.64
5490           -1.4       -1.24568          0.655
5491          -1.31       -1.24569          0.625
5492          -1.41       -1.24572          0.665
5493          -1.31       -1.24573           0.66
5494          -1.19       -1.24572          0.575
5495          -1.19       -1.24571          0.525
5496          -1.22       -1.24571            0.6
5497          -1.27       -1.24571          0.645
5498           -1.3       -1.24572           0.67
5499          -1.33       -1.24574           0.72
5500          -1.34       -1.24575          0.745
5501           -1.5        -1.2458          0.795
5502          -1.43       -1.24583          0.775
5503          -1.34       -1.24585          0.735
5504          -1.24       -1.24585            0.7
5505           -1.2       -1.24584          0.655
5506          -1.18       -1.24583          0.655
5507             -1       -1.24578           0.54
5508          -1.11       -1.24576          0.585
5509          -1.21       -1.24575          0.555
5510          -1.17       -1.24574           0.56
5511          -1.18       -1.24573          0.515
5512           -1.2       -1.24572          0.595
5513          -1.35       -1.24574          0.575
5514          -1.36       -1.24576          0.595
5515          -1.37       -1.24578          0.625
5516          -1.45       -1.24582            0.6
5517          -1.45       -1.24586            0.6
5518          -1.41       -1.24589          0.555
5519          -1.32        -1.2459          0.535
5520           -1.3       -1.24591           0.53
5521          -1.32       -1.24592          0.545
5522          -1.27       -1.24593           0.58
5523          -1.36       -1.24595           0.58
5524          -1.34       -1.24596          0.555
5525          -1.28       -1.24597           0.51
5526          -1.29       -1.24598           0.47
5527          -1.08       -1.24595          0.415
5528          -1.26       -1.24595           0.48
5529          -1.19       -1.24594           0.49
5530          -1.28       -1.24595           0.54
5531          -1.29       -1.24595          0.555
5532          -1.15       -1.24594          0.485
5533          -1.16       -1.24592          0.485
5534          -1.21       -1.24592           0.47
5535          -1.17        -1.2459          0.565
5536          -1.25        -1.2459          0.555
5537          -1.29       -1.24591           0.67
5538          -1.35       -1.24593           0.69
5539          -1.27       -1.24593          0.625
5540          -1.19       -1.24592           0.67
5541          -1.27       -1.24593           0.68
5542          -1.29       -1.24594           0.69
5543          -1.46       -1.24597          0.785
5544           -1.5       -1.24602          0.755
5545          -1.54       -1.24607          0.755
5546          -1.54       -1.24613          0.785
5547          -1.44       -1.24616           0.75
5548          -1.39       -1.24619           0.68
5549          -1.34        -1.2462          0.675
5550           -1.4       -1.24623          0.685
5551          -1.46       -1.24627          0.765
5552          -1.32       -1.24628           0.72
5553          -1.36        -1.2463           0.75
5554          -1.46       -1.24634          0.785
5555           -1.2       -1.24633           0.66
5556          -1.15       -1.24632            0.6
5557          -1.25       -1.24632           0.67
5558          -1.23       -1.24631          0.695
5559          -1.25       -1.24631           0.66
5560          -1.18        -1.2463          0.675
5561          -1.26       -1.24631          0.645
5562          -1.39       -1.24633          0.745
5563          -1.47       -1.24637           0.77
5564          -1.39        -1.2464          0.745
5565           -1.4       -1.24642          0.755
5566          -1.23       -1.24642          0.625
5567          -1.28       -1.24643           0.71
5568           -1.3       -1.24644          0.745
5569           -1.3       -1.24645            0.7
5570          -1.57       -1.24651          0.835
5571          -1.49       -1.24655          0.805
5572          -1.48       -1.24659           0.79
5573          -1.34       -1.24661           0.74
5574          -1.45       -1.24664          0.755
5575          -1.45       -1.24668           0.81
5576          -1.42       -1.24671          0.795
5577          -1.38       -1.24674          0.755
5578           -1.4       -1.24676          0.735
5579          -1.48        -1.2468            0.8
5580          -1.53       -1.24686           0.78
5581          -1.42       -1.24689          0.755
5582          -1.33        -1.2469           0.72
5583           -1.4       -1.24693           0.72
5584          -1.22       -1.24692           0.67
5585          -1.16       -1.24691          0.615
5586          -1.18        -1.2469          0.655
5587          -1.25        -1.2469          0.635
5588          -1.22       -1.24689           0.59
5589          -1.17       -1.24688          0.585
5590          -1.14       -1.24686           0.59
5591          -1.13       -1.24684          0.635
5592          -1.34       -1.24685          0.735
5593          -1.44       -1.24689            0.8
5594          -1.38       -1.24691            0.8
5595          -1.36       -1.24693          0.785
5596          -1.34       -1.24695          0.755
5597          -1.27       -1.24695           0.71
5598          -1.41       -1.24698          0.755
5599          -1.45       -1.24702            0.8
5600          -1.49       -1.24706          0.815
5601          -1.42       -1.24709          0.765
5602           -1.4       -1.24712           0.75
5603          -1.38       -1.24714           0.75
5604          -1.38       -1.24717           0.73
5605          -1.48       -1.24721          0.785
5606          -1.42       -1.24724           0.76
5607          -1.27       -1.24725           0.71
5608          -1.23       -1.24724          0.675
5609          -1.33       -1.24726          0.705
5610          -1.21       -1.24725           0.64
5611          -1.26       -1.24725          0.665
5612          -1.33       -1.24727          0.595
5613          -1.33       -1.24728          0.655
5614          -1.29       -1.24729           0.62
5615          -1.34       -1.24731          0.705
5616          -1.44       -1.24734          0.765
5617          -1.46       -1.24738          0.775
5618          -1.52       -1.24743           0.81
5619          -1.49       -1.24747          0.735
5620          -1.47       -1.24751            0.7
5621          -1.44       -1.24754          0.755
5622          -1.42       -1.24757          0.735
5623          -1.38        -1.2476           0.68
5624          -1.42       -1.24763           0.69
5625          -1.29       -1.24764           0.69
5626          -1.39       -1.24766          0.725
5627          -1.42       -1.24769           0.72
5628          -1.48       -1.24773           0.74
5629          -1.48       -1.24777          0.735
5630          -1.49       -1.24782          0.755
5631          -1.33       -1.24783           0.68
5632          -1.29       -1.24784           0.64
5633          -1.31       -1.24785          0.625
5634          -1.26       -1.24785          0.595
5635          -1.24       -1.24785           0.62
5636           -1.3       -1.24786           0.57
5637          -1.37       -1.24788           0.61
5638          -1.19       -1.24787          0.525
5639          -1.25       -1.24787          0.475
5640           -1.1       -1.24785          0.465
5641          -1.24       -1.24784           0.46
5642          -1.19       -1.24783           0.43
5643          -1.14       -1.24782          0.435
5644          -1.18        -1.2478          0.475
5645          -1.22        -1.2478          0.555
5646          -1.24        -1.2478          0.485
5647          -1.25        -1.2478          0.525
5648          -1.21       -1.24779          0.545
5649          -1.23       -1.24779           0.62
5650           -1.2       -1.24778          0.615
5651          -1.36        -1.2478            0.7
5652          -1.39       -1.24782          0.735
5653          -1.39       -1.24785           0.76
5654          -1.43       -1.24788          0.825
5655          -1.63       -1.24795           0.89
5656          -1.54         -1.248           0.84
5657          -1.47       -1.24804          0.785
5658           -1.5       -1.24808          0.785
5659          -1.48       -1.24813           0.78
5660           -1.4       -1.24815          0.775
5661          -1.44       -1.24819           0.75
5662          -1.36       -1.24821           0.73
5663          -1.33       -1.24822          0.705
5664          -1.38       -1.24824           0.75
5665          -1.43       -1.24828           0.77
5666          -1.51       -1.24832          0.805
5667          -1.24       -1.24832           0.65
5668           -1.2       -1.24831          0.635
5669          -1.29       -1.24832           0.61
5670          -1.32       -1.24833           0.66
5671          -1.37       -1.24835          0.705
5672          -1.51        -1.2484          0.765
5673          -1.34       -1.24842           0.68
5674          -1.34       -1.24843            0.7
5675          -1.26       -1.24843          0.625
5676          -1.43       -1.24847           0.76
5677          -1.42        -1.2485           0.78
5678          -1.56       -1.24855           0.81
5679          -1.52        -1.2486          0.745
5680          -1.41       -1.24863           0.71
5681          -1.27       -1.24863          0.595
5682          -1.33       -1.24865           0.64
5683          -1.42       -1.24868           0.64
5684          -1.43       -1.24871          0.735
5685          -1.25       -1.24871          0.695
5686          -1.29       -1.24871          0.665
5687           -1.2       -1.24871           0.59
5688          -1.22        -1.2487          0.555
5689          -1.25        -1.2487           0.55
5690          -1.27        -1.2487          0.605
5691          -1.38       -1.24873          0.635
5692          -1.34       -1.24874           0.63
5693          -1.27       -1.24875          0.625
5694          -1.39       -1.24877           0.75
5695          -1.48       -1.24881            0.8
5696          -1.44       -1.24885           0.76
5697          -1.51       -1.24889          0.795
5698           -1.4       -1.24892           0.82
5699          -1.52       -1.24897           0.83
5700          -1.64       -1.24904          0.865
5701          -1.55       -1.24909          0.835
5702          -1.45       -1.24912          0.835
5703          -1.59       -1.24918           0.86
5704          -1.51       -1.24923          0.835
5705          -1.62       -1.24929           0.87
5706          -1.53       -1.24934           0.84
5707          -1.52       -1.24939          0.825
5708          -1.48       -1.24943           0.79
5709          -1.41       -1.24946           0.74
5710           -1.2       -1.24945          0.605
5711          -1.28       -1.24946          0.615
5712          -1.25       -1.24946          0.625
5713          -1.19       -1.24945          0.465
5714          -1.29       -1.24945           0.44
5715          -1.16       -1.24944           0.43
5716          -1.21       -1.24943          0.475
5717          -1.28       -1.24944           0.53
5718          -1.21       -1.24943          0.445
5719          -1.18       -1.24942          0.385
5720          -1.29       -1.24942           0.38
5721          -1.33       -1.24944          0.335
5722          -1.28       -1.24944          0.315
5723          -1.23       -1.24944           0.34
5724          -1.26       -1.24944           0.33
5725          -1.19       -1.24943          0.285
5726          -0.98       -1.24938           0.22
5727          -1.01       -1.24934           0.21
5728           -1.1       -1.24932           0.21
5729          -1.05       -1.24928           0.13
5730           -1.1       -1.24925          0.115
5731          -1.06       -1.24922           0.15
5732          -1.02       -1.24918           0.17
5733           -1.1       -1.24916          0.215
5734           -1.1       -1.24913           0.15
5735          -1.04       -1.24909           0.13
5736          -1.12       -1.24907           0.16
5737          -1.08       -1.24904          0.155
5738          -1.01         -1.249          0.105
5739          -1.01       -1.24896           0.13
5740             -1       -1.24891           0.03
5741          -0.99       -1.24887           0.01
5742          -0.92       -1.24881          -0.01
5743          -0.96       -1.24876          0.045
5744          -1.08       -1.24873           0.04
5745          -1.11       -1.24871           0.12
5746          -1.08       -1.24868           0.08
5747          -1.14       -1.24866           0.05
5748          -1.02       -1.24862          0.055
5749          -1.05       -1.24859           0.05
5750          -1.09       -1.24856           0.03
5751          -1.25       -1.24856          -0.03
5752          -1.18       -1.24855              0
5753          -1.06       -1.24851           0.06
5754          -1.04       -1.24848           0.02
5755          -1.07       -1.24845          0.055
5756          -1.13       -1.24843          -0.04
5757          -1.17       -1.24841           0.02
5758             -1       -1.24837         -0.075
5759           -0.9       -1.24831         -0.005
5760          -0.98       -1.24826          -0.01
5761          -0.92       -1.24821         -0.035
5762           -0.9       -1.24815           0.04
5763          -0.96        -1.2481          0.055
5764          -1.19       -1.24808            0.1
5765          -1.13       -1.24806          -0.02
5766          -1.11       -1.24804           -0.1
5767          -1.05       -1.24801          -0.14
5768          -1.14       -1.24799         -0.165
5769          -1.19       -1.24798         -0.105
5770          -1.14       -1.24796         -0.165
5771          -1.15       -1.24794         -0.145
5772          -1.24       -1.24794          -0.13
5773           -1.2       -1.24793          -0.15
5774           -1.2       -1.24792         -0.135
5775          -1.14       -1.24791         -0.165
5776          -1.15       -1.24789         -0.145
5777          -1.15       -1.24787         -0.175
5778          -1.15       -1.24785           -0.2
5779          -1.17       -1.24784          -0.17
5780          -1.17       -1.24783         -0.155
5781          -1.09        -1.2478          -0.12
5782          -1.06       -1.24777         -0.075
5783          -1.06       -1.24774         -0.115
5784          -1.06        -1.2477         -0.065
5785          -1.09       -1.24768          -0.14
5786          -1.18       -1.24766         -0.105
5787          -1.13       -1.24764         -0.045
5788          -1.13       -1.24762           0.06
5789          -1.23       -1.24762          0.095
5790          -1.05       -1.24759           0.12
5791          -1.17       -1.24757           0.12
5792          -1.19       -1.24756            0.2
5793          -1.26       -1.24756          0.215
5794          -1.21       -1.24756           0.22
5795          -1.32       -1.24757           0.19
5796          -1.37       -1.24759           0.17
5797          -1.31        -1.2476           0.24
5798          -1.36       -1.24762          0.225
5799          -1.28       -1.24763           0.21
5800          -1.33       -1.24764          0.255
5801          -1.37       -1.24766           0.27
5802          -1.43       -1.24769           0.22
5803          -1.44       -1.24773          0.235
5804          -1.46       -1.24776           0.25
5805          -1.28       -1.24777           0.22
5806          -1.32       -1.24778           0.29
5807          -1.36        -1.2478          0.325
5808          -1.27       -1.24781          0.335
5809          -1.21        -1.2478          0.225
5810          -1.27        -1.2478           0.28
5811          -1.34       -1.24782           0.35
5812          -1.27       -1.24782          0.415
5813          -1.33       -1.24784           0.41
5814          -1.37       -1.24786            0.4
5815          -1.34       -1.24787           0.45
5816          -1.41        -1.2479          0.455
5817          -1.23        -1.2479          0.445
5818          -1.29       -1.24791          0.415
5819          -1.35       -1.24792           0.38
5820          -1.18       -1.24791          0.315
5821          -1.23       -1.24791           0.34
5822          -1.09       -1.24788            0.3
5823          -1.21       -1.24787            0.2
5824          -1.29       -1.24788          0.175
5825          -1.33        -1.2479          0.165
5826          -1.21       -1.24789          0.155
5827          -1.11       -1.24787           0.09
5828          -1.05       -1.24783           0.11
5829          -0.98       -1.24779           0.06
5830          -1.09       -1.24776           0.08
5831          -1.12       -1.24774           0.08
5832          -1.18       -1.24773           0.12
5833           -1.1        -1.2477           0.07
5834           -1.2       -1.24769         -0.005
5835          -1.12       -1.24767          -0.08
5836          -1.16       -1.24765         -0.155
5837          -1.15       -1.24764         -0.215
5838          -1.15       -1.24762         -0.245
5839          -1.14        -1.2476           -0.3
5840          -1.03       -1.24757         -0.315
5841          -1.17       -1.24755         -0.445
5842          -1.28       -1.24756          -0.51
5843          -1.25       -1.24756         -0.485
5844          -1.32       -1.24757         -0.555
5845          -1.23       -1.24757          -0.52
5846          -1.01       -1.24753         -0.445
5847          -1.19       -1.24752         -0.515
5848          -1.15        -1.2475         -0.565
5849          -1.15       -1.24748          -0.58
5850          -1.28       -1.24749          -0.64
5851          -1.27       -1.24749         -0.595
5852          -1.22       -1.24749         -0.595
5853          -1.16       -1.24747          -0.59
5854           -1.2       -1.24747          -0.54
5855          -1.17       -1.24745         -0.555
5856          -1.32       -1.24746          -0.67
5857          -1.48        -1.2475          -0.76
5858          -1.47       -1.24754         -0.765
5859          -1.47       -1.24758         -0.795
5860          -1.67       -1.24765          -0.88
5861          -1.55        -1.2477         -0.865
5862          -1.46       -1.24774         -0.835
5863          -1.49       -1.24778          -0.84
5864          -1.69       -1.24786           -0.9
5865          -1.75       -1.24794         -0.925
5866          -1.47       -1.24798           -0.8
5867          -1.35         -1.248          -0.74
5868          -1.18       -1.24799         -0.695
5869          -1.38       -1.24801          -0.72
5870          -1.32       -1.24802         -0.695
5871          -1.38       -1.24804          -0.72
5872          -1.39       -1.24807         -0.725
5873          -1.49       -1.24811         -0.775
5874          -1.52       -1.24815          -0.76
5875          -1.41       -1.24818         -0.755
5876          -1.42       -1.24821          -0.75
5877          -1.37       -1.24823         -0.705
5878          -1.47       -1.24827         -0.765
5879          -1.46       -1.24831         -0.725
5880          -1.42       -1.24834         -0.695
5881          -1.23       -1.24833         -0.625
5882          -1.28       -1.24834         -0.535
5883          -1.33       -1.24835          -0.55
5884          -1.32       -1.24836          -0.63
5885           -1.4       -1.24839          -0.59
5886          -1.23       -1.24839          -0.58
5887          -1.23       -1.24838         -0.575
5888          -1.22       -1.24838          -0.54
5889          -1.29       -1.24839         -0.465
5890           -1.2       -1.24838          -0.49
5891          -1.32       -1.24839          -0.57
5892          -1.22       -1.24838         -0.525
5893           -1.3       -1.24839          -0.58
5894          -1.19       -1.24838          -0.52
5895          -1.22       -1.24838          -0.56
5896          -1.33       -1.24839         -0.455
5897          -1.24       -1.24839          -0.49
5898           -1.2       -1.24838          -0.48
5899          -1.21       -1.24838         -0.475
5900          -1.19       -1.24837          -0.47
5901          -1.21       -1.24836          -0.42
5902          -1.16       -1.24834          -0.39
5903          -1.08       -1.24832          -0.32
5904          -1.08       -1.24829          -0.32
5905          -1.15       -1.24827         -0.415
5906          -1.08       -1.24824         -0.365
5907          -1.16       -1.24823         -0.405
5908          -1.22       -1.24822         -0.335
5909          -1.27       -1.24823          -0.32
5910           -1.3       -1.24824          -0.32
5911          -1.26       -1.24824           -0.3
5912          -1.16       -1.24822          -0.32
5913          -1.19       -1.24821         -0.385
5914          -1.18        -1.2482          -0.41
5915          -1.23        -1.2482         -0.395
5916          -1.46       -1.24823          -0.41
5917          -1.34       -1.24825         -0.375
5918          -1.39       -1.24827         -0.405
5919          -1.47       -1.24831         -0.465
5920          -1.21        -1.2483          -0.39
5921           -1.2        -1.2483          -0.37
5922          -1.09       -1.24827         -0.415
5923          -1.04       -1.24823           -0.4
5924          -1.18       -1.24822         -0.395
5925          -1.07       -1.24819          -0.27
5926          -1.12       -1.24817          -0.37
5927          -1.11       -1.24815          -0.36
5928          -1.13       -1.24813          -0.28
5929          -1.03       -1.24809          -0.24
5930          -1.02       -1.24805          -0.26
5931          -0.97       -1.24801         -0.325
5932          -1.13       -1.24799          -0.43
5933          -1.25       -1.24799         -0.455
5934           -1.2       -1.24798          -0.41
5935          -1.25       -1.24798          -0.33
5936          -1.23       -1.24798          -0.27
5937          -1.29       -1.24798          -0.26
5938          -1.35         -1.248          -0.28
5939          -1.28       -1.24801         -0.355
5940          -1.29       -1.24801          -0.35
5941          -1.18         -1.248         -0.325
5942          -1.09       -1.24797         -0.335
5943          -1.12       -1.24795          -0.37
5944          -0.96        -1.2479          -0.23
5945          -1.02       -1.24787          -0.22
5946          -0.97       -1.24782          -0.19
5947          -1.07       -1.24779         -0.095
5948          -1.23       -1.24779          -0.18
5949          -1.29       -1.24779         -0.185
5950          -1.15       -1.24778          -0.22
5951          -1.17       -1.24776           -0.2
5952           -1.2       -1.24776           -0.2
5953          -1.21       -1.24775          -0.12
5954          -1.12       -1.24773          -0.05
5955          -1.21       -1.24772         -0.115
5956          -1.28       -1.24773          -0.09
5957          -1.19       -1.24772         -0.025
5958          -1.26       -1.24772         -0.055
5959          -1.24       -1.24772          -0.11
5960           -1.2       -1.24771          -0.12
5961          -1.22       -1.24771          -0.11
5962          -1.21        -1.2477         -0.125
5963          -1.07       -1.24767         -0.155
5964          -1.13       -1.24765         -0.165
5965          -1.15       -1.24763         -0.225
5966          -1.06        -1.2476         -0.165
5967          -1.06       -1.24757         -0.185
5968          -1.13       -1.24755         -0.155
5969          -1.15       -1.24753         -0.225
5970          -1.25       -1.24753           -0.3
5971          -1.24       -1.24753         -0.205
5972          -1.23       -1.24753          -0.25
5973           -1.2       -1.24752          -0.25
5974          -1.15       -1.24751         -0.225
5975          -1.23        -1.2475          -0.25
5976          -1.17       -1.24749         -0.215
5977             -1       -1.24745          -0.24
5978          -1.14       -1.24743         -0.215
5979          -1.13       -1.24741          -0.24
5980          -1.18        -1.2474           -0.3
5981          -1.19       -1.24739          -0.37
5982          -1.27       -1.24739          -0.39
5983          -1.25       -1.24739          -0.47
5984          -1.21       -1.24739         -0.425
5985           -1.2       -1.24738          -0.41
5986          -1.06       -1.24735          -0.44
5987          -1.08       -1.24732         -0.455
5988          -1.09        -1.2473          -0.44
5989          -1.19       -1.24729         -0.455
5990           -1.2       -1.24728         -0.485
5991          -1.09       -1.24725         -0.455
5992           -1.1       -1.24723         -0.445
5993           -1.1        -1.2472         -0.475
5994           -1.1       -1.24718         -0.405
5995          -1.14       -1.24716          -0.53
5996          -1.13       -1.24714           -0.5
5997          -1.17       -1.24713          -0.57
5998          -1.27       -1.24713         -0.595
5999          -1.39       -1.24716          -0.69
6000          -1.37       -1.24718         -0.695
6001          -1.46       -1.24721         -0.765
6002          -1.38       -1.24723         -0.755
6003           -1.4       -1.24726          -0.77
6004          -1.48        -1.2473         -0.815
6005           -1.4       -1.24732          -0.79
6006          -1.57       -1.24738           -0.8
6007          -1.57       -1.24743          -0.82
6008          -1.57       -1.24748         -0.845
6009          -1.57       -1.24754         -0.865
6010          -1.41       -1.24756         -0.785
6011          -1.44        -1.2476         -0.795
6012          -1.44       -1.24763          -0.81
6013          -1.42       -1.24766         -0.785
6014          -1.47       -1.24769         -0.785
6015          -1.48       -1.24773          -0.79
6016          -1.35       -1.24775         -0.745
6017          -1.48       -1.24779         -0.815
6018          -1.57       -1.24784         -0.865
6019          -1.65       -1.24791         -0.895
6020          -1.52       -1.24795          -0.82
6021          -1.51         -1.248         -0.805
6022          -1.51       -1.24804          -0.81
6023          -1.36       -1.24806         -0.765
6024          -1.34       -1.24807          -0.76
6025          -1.36       -1.24809         -0.765
6026          -1.29        -1.2481          -0.76
6027           -1.3       -1.24811          -0.73
6028           -1.2        -1.2481          -0.68
6029          -1.22        -1.2481         -0.665
6030          -1.36       -1.24811          -0.69
6031          -1.31       -1.24812         -0.735
6032          -1.33       -1.24814         -0.745
6033          -1.43       -1.24817          -0.72
6034          -1.33       -1.24818          -0.73
6035          -1.31       -1.24819         -0.695
6036          -1.46       -1.24823          -0.73
6037           -1.5       -1.24827          -0.78
6038          -1.51       -1.24831          -0.78
6039          -1.41       -1.24834         -0.715
6040          -1.35       -1.24836          -0.69
6041          -1.45       -1.24839         -0.735
6042          -1.31        -1.2484         -0.705
6043           -1.3       -1.24841         -0.675
6044           -1.2        -1.2484          -0.66
6045          -1.27        -1.2484          -0.65
6046          -1.28       -1.24841         -0.705
6047          -1.38       -1.24843         -0.695
6048          -1.45       -1.24846          -0.75
6049          -1.56       -1.24852          -0.83
6050          -1.45       -1.24855         -0.825
6051          -1.42       -1.24858         -0.795
6052          -1.37        -1.2486         -0.755
6053          -1.43       -1.24863         -0.765
6054          -1.34       -1.24864         -0.705
6055          -1.23       -1.24864         -0.655
6056          -1.24       -1.24864         -0.645
6057          -1.36       -1.24866         -0.725
6058          -1.47       -1.24869          -0.76
6059          -1.66       -1.24876         -0.795
6060          -1.39       -1.24878         -0.665
6061          -1.38       -1.24881         -0.715
6062          -1.34       -1.24882          -0.72
6063          -1.32       -1.24883         -0.735
6064          -1.22       -1.24883          -0.65
6065           -1.3       -1.24884          -0.68
6066          -1.24       -1.24883          -0.69
6067          -1.32       -1.24885           -0.7
6068           -1.1       -1.24882          -0.57
6069          -1.17       -1.24881          -0.65
6070          -1.39       -1.24883          -0.65
6071          -1.35       -1.24885         -0.605
6072          -1.37       -1.24887          -0.64
6073          -1.36       -1.24889         -0.665
6074          -1.32        -1.2489          -0.61
6075          -1.21       -1.24889         -0.605
6076          -1.23       -1.24889          -0.61
6077          -1.24       -1.24889          -0.62
6078          -1.14       -1.24887          -0.53
6079          -1.27       -1.24887         -0.595
6080          -1.35       -1.24889         -0.545
6081          -1.36       -1.24891          -0.59
6082          -1.28       -1.24891         -0.585
6083          -1.28       -1.24892         -0.575
6084          -1.25       -1.24892          -0.54
6085          -1.23       -1.24892         -0.575
6086          -1.15        -1.2489         -0.525
6087          -1.28        -1.2489          -0.57
6088          -1.26       -1.24891         -0.515
6089          -1.29       -1.24891          -0.65
6090          -1.22       -1.24891          -0.65
6091          -1.22        -1.2489         -0.645
6092          -1.15       -1.24889         -0.615
6093          -1.14       -1.24887          -0.58
6094          -1.14       -1.24885          -0.55
6095          -1.14       -1.24883          -0.57
6096          -1.11       -1.24881         -0.485
6097          -1.18        -1.2488         -0.535
6098          -1.27        -1.2488         -0.575
6099          -1.31       -1.24881         -0.625
6100          -1.29       -1.24882         -0.595
6101           -1.3       -1.24883         -0.625
6102          -1.24       -1.24883         -0.615
6103          -1.16       -1.24881         -0.595
6104          -1.14       -1.24879          -0.62
6105          -1.21       -1.24879          -0.62
6106          -1.24       -1.24879          -0.58
6107          -1.25       -1.24879          -0.66
6108          -1.34        -1.2488          -0.67
6109          -1.35       -1.24882          -0.72
6110          -1.35       -1.24883         -0.715
6111           -1.4       -1.24886         -0.755
6112          -1.35       -1.24888          -0.76
6113          -1.38        -1.2489          -0.78
6114          -1.32       -1.24891         -0.725
6115          -1.36       -1.24893         -0.715
6116          -1.36       -1.24895         -0.755
6117          -1.28       -1.24895         -0.715
6118          -1.36       -1.24897           -0.7
6119          -1.37       -1.24899          -0.71
6120           -1.4       -1.24901          -0.68
6121          -1.36       -1.24903         -0.645
6122           -1.2       -1.24902          -0.55
6123          -1.16       -1.24901          -0.46
6124          -1.08       -1.24898          -0.47
6125          -1.14       -1.24896          -0.45
6126          -1.31       -1.24897          -0.45
6127          -1.32       -1.24898          -0.52
6128          -1.32         -1.249         -0.535
6129          -1.39       -1.24902         -0.565
6130          -1.36       -1.24904         -0.575
6131          -1.49       -1.24908          -0.64
6132          -1.22       -1.24907          -0.56
6133          -1.16       -1.24906         -0.475
6134          -1.11       -1.24904         -0.415
6135          -1.06         -1.249         -0.345
6136          -1.26       -1.24901          -0.36
6137          -1.29       -1.24901          -0.39
6138           -1.4       -1.24904         -0.395
6139          -1.29       -1.24904          -0.44
6140          -1.27       -1.24905         -0.365
6141          -1.26       -1.24905         -0.295
6142          -1.26       -1.24905         -0.375
6143          -1.37       -1.24907          -0.38
6144          -1.34       -1.24909          -0.45
6145          -1.36        -1.2491         -0.425
6146          -1.23        -1.2491          -0.41
6147          -1.34       -1.24912         -0.465
6148          -1.33       -1.24913         -0.495
6149          -1.29       -1.24913         -0.485
6150          -1.23       -1.24913         -0.465
6151          -1.25       -1.24913          -0.46
6152           -1.1       -1.24911         -0.345
6153          -1.13       -1.24909          -0.41
6154          -1.19       -1.24908          -0.46
6155          -1.22       -1.24907         -0.485
6156          -1.27       -1.24908          -0.49
6157          -1.21       -1.24907         -0.495
6158          -1.24       -1.24907         -0.465
6159           -1.1       -1.24905          -0.39
6160           -1.1       -1.24902          -0.36
6161          -1.08       -1.24899          -0.32
6162          -1.02       -1.24896          -0.35
6163             -1       -1.24892         -0.335
6164          -1.03       -1.24888         -0.355
6165          -0.94       -1.24883          -0.34
6166             -1       -1.24879         -0.345
6167          -1.05       -1.24876         -0.455
6168          -1.12       -1.24874         -0.515
6169          -1.08       -1.24871          -0.45
6170          -1.16        -1.2487          -0.48
6171          -1.12       -1.24867         -0.465
6172           -1.1       -1.24865          -0.47
6173          -1.01       -1.24861          -0.48
6174          -1.03       -1.24858          -0.47
6175          -1.14       -1.24856         -0.485
6176          -1.08       -1.24853         -0.495
6177          -1.04        -1.2485           -0.4
6178          -1.19       -1.24849          -0.46
6179          -1.17       -1.24848           -0.5
6180          -1.21       -1.24847         -0.555
6181          -1.25       -1.24847         -0.535
6182          -1.21       -1.24846          -0.63
6183          -1.17       -1.24845          -0.65
6184          -1.32       -1.24846         -0.665
6185          -1.28       -1.24847          -0.65
6186          -1.41       -1.24849          -0.61
6187          -1.35       -1.24851         -0.575
6188          -1.29       -1.24852         -0.605
6189          -1.31       -1.24853          -0.66
6190          -1.27       -1.24853          -0.65
6191          -1.24       -1.24853          -0.64
6192          -1.39       -1.24855          -0.71
6193          -1.35       -1.24857         -0.695
6194          -1.45        -1.2486         -0.735
6195          -1.35       -1.24862          -0.71
6196          -1.46       -1.24865          -0.77
6197          -1.49       -1.24869         -0.795
6198          -1.44       -1.24872         -0.795
6199           -1.4       -1.24875         -0.775
6200          -1.44       -1.24878          -0.78
6201          -1.48       -1.24881           -0.8
6202          -1.48       -1.24885          -0.81
6203          -1.51       -1.24889         -0.825
6204          -1.48       -1.24893         -0.815
6205          -1.52       -1.24897          -0.81
6206           -1.5       -1.24901         -0.785
6207          -1.49       -1.24905         -0.725
6208          -1.37       -1.24907         -0.735
6209           -1.3       -1.24908          -0.69
6210          -1.24       -1.24908         -0.655
6211          -1.23       -1.24908          -0.62
6212          -1.08       -1.24905         -0.545
6213          -1.09       -1.24902          -0.56
6214          -1.12         -1.249         -0.545
6215          -1.21         -1.249          -0.58
6216          -1.33       -1.24901          -0.65
6217          -1.33       -1.24902         -0.605
6218          -1.39       -1.24904         -0.705
6219          -1.37       -1.24906         -0.725
6220          -1.41       -1.24909         -0.735
6221          -1.44       -1.24912          -0.72
6222          -1.46       -1.24915         -0.775
6223          -1.44       -1.24919          -0.79
6224          -1.54       -1.24923          -0.83
6225          -1.43       -1.24926           -0.8
6226          -1.56       -1.24931         -0.835
6227           -1.6       -1.24937          -0.87
6228          -1.54       -1.24941         -0.795
6229           -1.5       -1.24945          -0.77
6230          -1.44       -1.24948         -0.805
6231          -1.45       -1.24952          -0.79
6232          -1.31       -1.24953          -0.68
6233          -1.26       -1.24953         -0.665
6234          -1.28       -1.24953         -0.695
6235          -1.36       -1.24955         -0.715
6236          -1.47       -1.24959         -0.765
6237          -1.39       -1.24961         -0.745
6238          -1.38       -1.24963           -0.7
6239           -1.4       -1.24965         -0.635
6240          -1.46       -1.24969           -0.7
6241          -1.31        -1.2497          -0.68
6242          -1.29        -1.2497         -0.665
6243          -1.49       -1.24974          -0.77
6244          -1.61        -1.2498          -0.85
6245          -1.55       -1.24985          -0.81
6246          -1.48       -1.24988          -0.81
6247          -1.54       -1.24993         -0.815
6248          -1.37       -1.24995          -0.73
6249          -1.28       -1.24996         -0.695
6250          -1.23       -1.24995         -0.675
6251          -1.21       -1.24995          -0.66
6252          -1.36       -1.24996         -0.705
6253           -1.3       -1.24997         -0.695
6254          -1.44          -1.25          -0.76
6255          -1.35       -1.25002         -0.715
6256          -1.32       -1.25003         -0.715
6257          -1.36       -1.25005          -0.71
6258          -1.25       -1.25005         -0.615
6259          -1.14       -1.25003           -0.6
6260          -1.26       -1.25003         -0.625
6261          -1.23       -1.25003         -0.585
6262          -1.36       -1.25004          -0.61
6263          -1.29       -1.25005         -0.625
6264          -1.35       -1.25007          -0.63
6265          -1.37       -1.25009          -0.66
6266          -1.45       -1.25012         -0.695
6267          -1.37       -1.25014          -0.64
6268          -1.36       -1.25015          -0.63
6269           -1.4       -1.25018          -0.67
6270          -1.59       -1.25023         -0.755
6271          -1.41       -1.25026         -0.685
6272           -1.4       -1.25028          -0.67
6273          -1.35        -1.2503          -0.69
6274           -1.5       -1.25034           -0.7
6275          -1.47       -1.25037          -0.64
6276           -1.5       -1.25041         -0.675
6277          -1.23       -1.25041         -0.635
6278          -1.34       -1.25042          -0.61
6279          -1.21       -1.25042          -0.59
6280          -1.24       -1.25042         -0.585
6281          -1.23       -1.25041          -0.48
6282           -1.2        -1.2504          -0.48
6283          -1.19       -1.25039         -0.495
6284          -1.18       -1.25038         -0.455
6285          -1.28       -1.25039          -0.42
6286          -1.14       -1.25037         -0.435
6287             -1       -1.25033         -0.395
6288          -1.06        -1.2503         -0.325
6289          -1.05       -1.25027          -0.25
6290             -1       -1.25023         -0.325
6291          -0.97       -1.25018         -0.385
6292          -1.06       -1.25015          -0.43
6293          -1.05       -1.25012         -0.405
6294           -1.1        -1.2501         -0.455
6295           -1.1       -1.25007         -0.475
6296          -1.25       -1.25007          -0.53
6297          -1.12       -1.25005          -0.53
6298          -1.18       -1.25004          -0.54
6299          -1.25       -1.25004          -0.53
6300          -1.24       -1.25004         -0.515
6301           -1.1       -1.25002         -0.475
6302          -1.19       -1.25001          -0.51
6303          -1.14       -1.24999          -0.49
6304          -1.06       -1.24996          -0.45
6305           -1.2       -1.24995         -0.475
6306           -1.1       -1.24993         -0.495
6307          -1.09        -1.2499         -0.495
6308          -1.25        -1.2499         -0.545
6309          -1.25        -1.2499          -0.55
6310          -1.12       -1.24988          -0.42
6311          -1.15       -1.24987          -0.39
6312          -1.09       -1.24984         -0.345
6313          -1.02       -1.24981          -0.35
6314          -0.95       -1.24976         -0.345
6315             -1       -1.24972         -0.255
6316          -1.04       -1.24968          -0.27
6317          -1.05       -1.24965         -0.315
6318           -1.2       -1.24965         -0.345
6319          -1.23       -1.24964         -0.405
6320          -1.16       -1.24963          -0.32
6321          -1.14       -1.24961          -0.29
6322          -1.06       -1.24958         -0.335
6323          -1.15       -1.24957          -0.38
6324          -1.08       -1.24954         -0.335
6325          -1.07       -1.24951          -0.41
6326          -1.25       -1.24951          -0.52
6327          -1.26       -1.24951          -0.54
6328          -1.26       -1.24951         -0.495
6329          -1.24       -1.24951          -0.54
6330           -1.2        -1.2495          -0.51
6331          -1.28       -1.24951          -0.58
6332          -1.32       -1.24952         -0.595
6333          -1.17       -1.24951         -0.615
6334          -1.39       -1.24953         -0.725
6335          -1.47       -1.24956         -0.785
6336          -1.49        -1.2496          -0.75
6337          -1.54       -1.24965          -0.77
6338          -1.55        -1.2497          -0.79
6339          -1.43       -1.24972          -0.73
6340          -1.31       -1.24973         -0.735
6341          -1.34       -1.24975         -0.755
6342          -1.42       -1.24977         -0.805
6343          -1.52       -1.24982         -0.795
6344          -1.44       -1.24985         -0.755
6345          -1.56        -1.2499         -0.825
6346          -1.51       -1.24994          -0.82
6347          -1.46       -1.24997          -0.79
6348          -1.37       -1.24999         -0.745
6349          -1.43       -1.25002         -0.765
6350          -1.39       -1.25004         -0.745
6351          -1.39       -1.25006         -0.745
6352          -1.31       -1.25007          -0.71
6353          -1.35       -1.25009         -0.695
6354          -1.34        -1.2501         -0.625
6355          -1.41       -1.25013         -0.655
6356          -1.45       -1.25016          -0.71
6357          -1.33       -1.25017         -0.625
6358          -1.32       -1.25018          -0.57
6359          -1.24       -1.25018          -0.56
6360          -1.13       -1.25016         -0.575
6361          -1.11       -1.25014          -0.54
6362          -1.14       -1.25012          -0.57
6363          -1.06       -1.25009          -0.52
6364          -1.19       -1.25008           -0.5
6365          -1.08       -1.25005          -0.43
6366          -1.17       -1.25004          -0.43
6367          -1.14       -1.25003           -0.4
6368          -1.09          -1.25         -0.365
6369          -1.09       -1.24997         -0.375
6370          -0.95       -1.24993          -0.39
6371          -1.23       -1.24992         -0.455
6372          -1.17       -1.24991         -0.505
6373          -1.18        -1.2499          -0.48
6374          -1.16       -1.24989         -0.485
6375           -1.3       -1.24989          -0.58
6376          -1.34       -1.24991         -0.615
6377          -1.35       -1.24992          -0.63
6378          -1.44       -1.24995          -0.73
6379          -1.37       -1.24997         -0.665
6380          -1.36       -1.24999           -0.7
6381          -1.48       -1.25003          -0.79
6382          -1.42       -1.25005         -0.745
6383          -1.51       -1.25009         -0.815
6384          -1.42       -1.25012         -0.745
6385          -1.32       -1.25013         -0.725
6386           -1.3       -1.25014          -0.69
6387          -1.31       -1.25015          -0.71
6388          -1.28       -1.25015         -0.695
6389          -1.35       -1.25017         -0.705
6390          -1.35       -1.25018          -0.72
6391          -1.36        -1.2502         -0.755
6392          -1.36       -1.25022          -0.73
6393          -1.45       -1.25025         -0.755
6394          -1.62       -1.25031         -0.835
6395          -1.54       -1.25035         -0.795
6396          -1.68       -1.25042          -0.86
6397          -1.57       -1.25047          -0.86
6398          -1.51       -1.25051          -0.83
6399          -1.45       -1.25054         -0.785
6400          -1.54       -1.25059          -0.82
6401          -1.48       -1.25062         -0.805
6402           -1.5       -1.25066          -0.83
6403          -1.49        -1.2507          -0.81
6404          -1.51       -1.25074         -0.835
6405          -1.51       -1.25078         -0.825
6406          -1.43       -1.25081          -0.77
6407          -1.48       -1.25084          -0.81
6408          -1.49       -1.25088          -0.83
6409           -1.6       -1.25094         -0.865
6410          -1.47       -1.25097          -0.77
6411          -1.35       -1.25099          -0.75
6412          -1.37         -1.251          -0.79
6413          -1.45       -1.25104          -0.76
6414          -1.37       -1.25105         -0.715
6415          -1.36       -1.25107         -0.725
6416          -1.24       -1.25107         -0.665
6417           -1.3       -1.25108          -0.73
6418          -1.26       -1.25108         -0.695
6419           -1.2       -1.25107          -0.63
6420          -1.39       -1.25109         -0.755
6421          -1.36       -1.25111         -0.735
6422          -1.35       -1.25112          -0.68
6423          -1.28       -1.25113         -0.675
6424          -1.09        -1.2511          -0.55
6425          -1.16       -1.25109         -0.595
6426          -1.21       -1.25108           -0.6
6427          -1.26       -1.25108          -0.61
6428          -1.33        -1.2511          -0.62
6429          -1.26        -1.2511          -0.56
6430          -1.21       -1.25109         -0.535
6431          -1.12       -1.25107          -0.42
6432           -1.2       -1.25106          -0.35
6433          -1.32       -1.25107         -0.395
6434          -1.25       -1.25107          -0.41
6435           -1.2       -1.25107           -0.4
6436          -1.28       -1.25107         -0.385
6437          -1.25       -1.25107          -0.39
6438          -1.24       -1.25107         -0.345
6439          -1.28       -1.25107          -0.35
6440          -1.39       -1.25109          -0.45
6441          -1.31        -1.2511         -0.445
6442           -1.3       -1.25111         -0.465
6443          -1.34       -1.25113          -0.52
6444          -1.25       -1.25112         -0.505
6445          -1.15       -1.25111          -0.43
6446          -1.19        -1.2511         -0.415
6447          -1.07       -1.25107         -0.415
6448          -1.19       -1.25106         -0.465
6449          -1.07       -1.25103         -0.425
6450          -1.19       -1.25102         -0.485
6451          -1.19       -1.25102          -0.43
6452          -1.15         -1.251         -0.425
6453          -1.13       -1.25098         -0.395
6454          -1.09       -1.25096          -0.41
6455          -1.04       -1.25092         -0.355
6456          -1.12        -1.2509         -0.295
6457          -1.18       -1.25089          -0.41
6458          -1.18       -1.25088          -0.43
6459          -1.08       -1.25085          -0.33
6460          -0.98       -1.25081          -0.27
6461          -1.06       -1.25078          -0.37
6462          -1.09       -1.25076          -0.26
6463          -1.12       -1.25074         -0.285
6464          -1.14       -1.25072          -0.34
6465          -1.19       -1.25071         -0.395
6466          -1.22       -1.25071          -0.41
6467          -1.22        -1.2507         -0.405
6468          -1.29       -1.25071          -0.35
6469           -1.3       -1.25072         -0.415
6470          -1.26       -1.25072          -0.31
6471          -1.27       -1.25072          -0.36
6472          -1.33       -1.25073         -0.375
6473          -1.37       -1.25075         -0.365
6474          -1.39       -1.25077          -0.32
6475          -1.36       -1.25079         -0.345
6476          -1.32        -1.2508          -0.38
6477          -1.29       -1.25081         -0.395
6478          -1.36       -1.25082          -0.46
6479          -1.29       -1.25083          -0.46
6480           -1.2       -1.25082         -0.455
6481          -1.17       -1.25081          -0.36
6482          -1.24       -1.25081          -0.39
6483          -1.34       -1.25082          -0.33
6484          -1.35       -1.25084          -0.35
6485          -1.28       -1.25084          -0.31
6486          -1.15       -1.25082          -0.26
6487          -1.27       -1.25083          -0.26
6488          -1.26       -1.25083         -0.215
6489           -1.2       -1.25082          -0.25
6490          -1.37       -1.25084         -0.405
6491          -1.33       -1.25085          -0.43
6492          -1.34       -1.25087         -0.355
6493          -1.29       -1.25087         -0.375
6494          -1.21       -1.25087         -0.295
6495          -1.29       -1.25087          -0.38
6496          -1.33       -1.25088         -0.375
6497          -1.36        -1.2509          -0.48
6498           -1.3       -1.25091          -0.48
6499           -1.3       -1.25092         -0.465
6500          -1.24       -1.25091         -0.435
6501          -1.31       -1.25092          -0.44
6502           -1.3       -1.25093         -0.365
6503          -1.15       -1.25091          -0.39
6504          -1.11       -1.25089           -0.4
6505          -1.13       -1.25087         -0.385
6506          -1.12       -1.25085          -0.36
6507          -1.13       -1.25084          -0.37
6508          -1.19       -1.25083           -0.4
6509          -1.23       -1.25082         -0.445
6510          -1.19       -1.25081         -0.395
6511          -1.23       -1.25081         -0.425
6512          -1.13       -1.25079           -0.4
6513          -1.03       -1.25076          -0.35
6514           -1.1       -1.25074          -0.41
6515          -1.24       -1.25073          -0.49
6516          -1.27       -1.25074          -0.49
6517          -1.25       -1.25074           -0.5
6518          -1.28       -1.25074         -0.545
6519          -1.15       -1.25073         -0.495
6520          -1.11        -1.2507          -0.49
6521           -1.2        -1.2507           -0.5
6522          -1.21       -1.25069         -0.525
6523          -1.09       -1.25067          -0.55
6524          -1.14       -1.25065         -0.565
6525          -1.18       -1.25064         -0.555
6526          -1.25       -1.25064         -0.585
6527          -1.14       -1.25062         -0.555
6528          -1.11        -1.2506          -0.51
6529          -1.09       -1.25057         -0.605
6530          -1.19       -1.25056          -0.67
6531          -1.27       -1.25057         -0.715
6532          -1.35       -1.25058          -0.74
6533          -1.38        -1.2506          -0.76
6534          -1.41       -1.25063         -0.795
6535          -1.44       -1.25066         -0.785
6536          -1.35       -1.25067          -0.76
6537          -1.42        -1.2507         -0.765
6538          -1.45       -1.25073          -0.77
6539          -1.56       -1.25078          -0.81
6540          -1.51       -1.25081         -0.775
6541           -1.5       -1.25085          -0.78
6542          -1.52       -1.25089         -0.765
6543          -1.27        -1.2509          -0.68
6544          -1.21       -1.25089          -0.59
6545          -1.23       -1.25089         -0.565
6546          -1.19       -1.25088          -0.54
6547          -1.27       -1.25088          -0.48
6548          -1.25       -1.25088          -0.44
6549          -1.17       -1.25087          -0.34
6550          -1.15       -1.25085           -0.4
6551          -1.14       -1.25084         -0.385
6552          -1.05       -1.25081         -0.295
6553             -1       -1.25077         -0.245
6554          -1.01       -1.25073         -0.245
6555          -0.94       -1.25068          -0.29
6556          -0.99       -1.25064          -0.44
6557          -1.07       -1.25062          -0.47
6558          -1.15        -1.2506          -0.56
6559          -1.22        -1.2506          -0.58
6560          -1.22       -1.25059          -0.52
6561          -1.05       -1.25056           -0.4
6562          -1.16       -1.25055          -0.39
6563          -1.23       -1.25054         -0.375
6564          -1.04       -1.25051         -0.285
6565          -1.15        -1.2505         -0.325
6566          -1.21       -1.25049         -0.415
6567          -1.18       -1.25048          -0.39
6568          -1.15       -1.25046         -0.335
6569           -1.2       -1.25046         -0.355
6570          -1.09       -1.25043          -0.34
6571           -1.1       -1.25041          -0.33
6572          -1.04       -1.25038          -0.29
6573          -1.06       -1.25035          -0.25
6574          -1.06       -1.25032         -0.325
6575          -1.17       -1.25031         -0.315
6576          -1.16       -1.25029           -0.2
6577          -1.16       -1.25028          -0.18
6578           -1.1       -1.25026         -0.135
6579          -1.13       -1.25024          -0.12
6580          -1.19       -1.25023         -0.055
6581          -1.26       -1.25023         -0.195
6582          -1.06        -1.2502         -0.155
6583          -1.18       -1.25019          -0.11
6584          -1.18       -1.25018         -0.145
6585           -1.2       -1.25017         -0.115
6586          -1.09       -1.25015          -0.09
6587          -1.13       -1.25013          -0.11
6588          -1.05        -1.2501              0
6589          -0.96       -1.25006           0.03
6590          -0.93       -1.25001           0.08
6591          -0.95       -1.24996          0.025
6592          -0.96       -1.24992           0.04
6593          -1.05       -1.24989           0.03
6594          -1.08       -1.24986         -0.025
6595           -1.1       -1.24984           0.05
6596          -1.22       -1.24983          0.065
6597          -1.16       -1.24982          0.065
6598          -1.13        -1.2498          0.065
6599          -1.21        -1.2498           0.07
6600          -1.15       -1.24978          0.115
6601          -1.13       -1.24976          0.165
6602          -1.12       -1.24974            0.2
6603          -1.21       -1.24974           0.13
6604          -1.22       -1.24973           0.12
6605          -1.25       -1.24973          0.145
6606          -1.16       -1.24972          0.125
6607          -1.23       -1.24972          0.235
6608          -1.24       -1.24972          0.145
6609          -1.22       -1.24971          0.235
6610          -1.28       -1.24972           0.25
6611          -1.28       -1.24972          0.275
6612          -1.35       -1.24974          0.305
6613           -1.3       -1.24974          0.255
6614          -1.34       -1.24976           0.25
6615          -1.25       -1.24976          0.275
6616          -1.37       -1.24977          0.275
6617          -1.43        -1.2498           0.32
6618          -1.39       -1.24982           0.35
6619          -1.37       -1.24984           0.34
6620          -1.26       -1.24984           0.35
6621          -1.28       -1.24985          0.395
6622          -1.34       -1.24986           0.41
6623          -1.37       -1.24988           0.42
6624          -1.26       -1.24988          0.385
6625          -1.27       -1.24988          0.405
6626          -1.31       -1.24989          0.395
6627          -1.29        -1.2499          0.405
6628          -1.37       -1.24992           0.41
6629          -1.27       -1.24992           0.39
6630          -1.25       -1.24992          0.385
6631          -1.28       -1.24992          0.405
6632          -1.33       -1.24994           0.42
6633          -1.33       -1.24995            0.4
6634          -1.21       -1.24994          0.385
6635          -1.19       -1.24993           0.27
6636          -1.03        -1.2499          0.255
6637           -1.1       -1.24988           0.26
6638           -1.1       -1.24986           0.27
6639          -1.18       -1.24984           0.34
6640          -0.96        -1.2498           0.28
6641          -1.18       -1.24979           0.31
6642          -1.18       -1.24978          0.355
6643          -1.18       -1.24977           0.42
6644          -1.39       -1.24979           0.44
6645          -1.31        -1.2498           0.37
6646          -1.32       -1.24981           0.38
6647          -1.35       -1.24983          0.315
6648          -1.25       -1.24983          0.355
6649          -1.26       -1.24983           0.29
6650          -1.17       -1.24982           0.31
6651          -1.16        -1.2498          0.325
6652          -1.09       -1.24978           0.26
6653          -1.14       -1.24976          0.325
6654           -1.2       -1.24975          0.435
6655          -1.22       -1.24975          0.405
6656          -1.26       -1.24975           0.45
6657          -1.27       -1.24975           0.41
6658          -1.23       -1.24975           0.42
6659          -1.24       -1.24975           0.39
6660          -1.29       -1.24976           0.45
6661          -1.27       -1.24976          0.375
6662          -1.21       -1.24975          0.345
6663          -1.11       -1.24973          0.385
6664           -1.1       -1.24971          0.405
6665           -1.1       -1.24969           0.33
6666          -1.22       -1.24968           0.31
6667          -1.19       -1.24967          0.245
6668          -1.15       -1.24966          0.255
6669           -1.1       -1.24964          0.335
6670          -1.17       -1.24962           0.45
6671          -1.35       -1.24964          0.505
6672          -1.41       -1.24966           0.52
6673          -1.47        -1.2497           0.57
6674          -1.25        -1.2497          0.455
6675          -1.32       -1.24971          0.495
6676          -1.34       -1.24972           0.53
6677          -1.26       -1.24972           0.56
6678          -1.43       -1.24975          0.585
6679          -1.41       -1.24977          0.615
6680          -1.37       -1.24979           0.63
6681          -1.27       -1.24979          0.555
6682          -1.14       -1.24978           0.51
6683          -1.28       -1.24978           0.57
6684          -1.07       -1.24975           0.55
6685          -1.16       -1.24974           0.54
6686          -1.04       -1.24971          0.495
6687          -1.05       -1.24968          0.505
6688          -1.13       -1.24966          0.505
6689          -1.14       -1.24965           0.54
6690          -1.25       -1.24965           0.57
6691          -1.23       -1.24964           0.59
6692          -1.35       -1.24966          0.655
6693           -1.3       -1.24967          0.635
6694          -1.26       -1.24967           0.64
6695          -1.28       -1.24967          0.625
6696          -1.31       -1.24968          0.675
6697          -1.25       -1.24968           0.68
6698          -1.21       -1.24967          0.625
6699          -1.18       -1.24966          0.605
6700          -1.26       -1.24967           0.66
6701          -1.26       -1.24967           0.67
6702          -1.17       -1.24966          0.635
6703          -1.29       -1.24966           0.68
6704          -1.36       -1.24968          0.735
6705          -1.42        -1.2497            0.7
6706          -1.47       -1.24974          0.715
6707          -1.49       -1.24977          0.725
6708          -1.43        -1.2498          0.715
6709          -1.42       -1.24982           0.68
6710           -1.4       -1.24985          0.705
6711          -1.44       -1.24987           0.77
6712          -1.42        -1.2499           0.75
6713          -1.46       -1.24993          0.805
6714           -1.5       -1.24997          0.815
6715          -1.49          -1.25           0.78
6716          -1.53       -1.25005           0.83
6717          -1.66       -1.25011          0.825
6718          -1.66       -1.25017           0.81
6719          -1.65       -1.25023          0.845
6720          -1.51       -1.25027          0.785
6721          -1.59       -1.25032          0.795
6722          -1.39       -1.25034           0.68
6723          -1.24       -1.25034           0.65
6724          -1.25       -1.25034            0.6
6725          -1.34       -1.25035          0.645
6726          -1.36       -1.25037           0.62
6727          -1.38       -1.25038          0.705
6728           -1.4       -1.25041            0.7
6729          -1.42       -1.25043           0.66
6730          -1.38       -1.25045          0.715
6731          -1.43       -1.25048           0.69
6732          -1.28       -1.25048          0.645
6733          -1.43       -1.25051           0.67
6734          -1.37       -1.25053           0.71
6735          -1.41       -1.25055           0.72
6736          -1.42       -1.25058           0.71
6737          -1.53       -1.25062          0.785
6738          -1.59       -1.25067           0.82
6739          -1.35       -1.25068          0.705
6740          -1.33       -1.25069          0.665
6741          -1.37       -1.25071          0.675
6742          -1.32       -1.25072          0.635
6743           -1.2       -1.25071          0.625
6744          -1.15        -1.2507           0.63
6745           -1.2       -1.25069           0.55
6746           -1.2       -1.25068           0.55
6747          -1.21       -1.25068           0.56
6748          -1.05       -1.25065          0.555
6749          -1.14       -1.25063           0.57
6750          -1.16       -1.25062          0.515
6751          -1.11        -1.2506           0.52
6752          -1.03       -1.25057           0.44
6753             -1       -1.25053          0.495
6754           -1.1       -1.25051            0.5
6755          -1.17       -1.25049           0.53
6756          -1.12       -1.25048           0.51
6757          -1.22       -1.25047          0.595
6758          -1.36       -1.25049          0.645
6759          -1.34        -1.2505          0.685
6760          -1.43       -1.25053          0.705
6761          -1.26       -1.25053            0.7
6762          -1.36       -1.25054           0.67
6763          -1.37       -1.25056          0.675
6764          -1.28       -1.25057           0.68
6765          -1.23       -1.25056          0.675
6766          -1.28       -1.25057          0.685
6767          -1.24       -1.25057            0.7
6768          -1.18       -1.25056          0.665
6769          -1.34       -1.25057          0.715
6770          -1.22       -1.25056           0.72
6771          -1.25       -1.25056          0.655
6772          -1.18       -1.25055           0.67
6773          -1.11       -1.25053          0.595
6774          -1.06        -1.2505          0.475
6775          -1.05       -1.25048           0.49
6776          -1.17       -1.25046           0.47
6777          -1.12       -1.25044          0.475
6778          -1.22       -1.25044           0.47
6779           -1.2       -1.25043           0.53
6780          -1.16       -1.25042           0.56
6781          -1.18       -1.25041          0.575
6782           -1.2        -1.2504           0.55
6783          -1.12       -1.25038          0.445
6784          -1.17       -1.25037           0.41
6785          -1.12       -1.25035          0.475
6786          -1.12       -1.25033           0.47
6787          -1.11       -1.25031          0.485
6788          -1.17        -1.2503           0.51
6789          -1.23        -1.2503           0.52
6790          -1.15       -1.25028          0.515
6791           -1.2       -1.25027           0.52
6792          -1.22       -1.25027          0.615
6793          -1.27       -1.25027          0.615
6794          -1.27       -1.25028          0.605
6795          -1.28       -1.25028           0.62
6796          -1.31       -1.25029           0.59
6797           -1.2       -1.25028          0.555
6798          -1.18       -1.25027          0.565
6799          -1.22       -1.25027          0.535
6800           -1.2       -1.25026           0.54
6801          -1.22       -1.25025          0.595
6802          -1.29       -1.25026           0.61
6803          -1.22       -1.25026           0.54
6804          -1.32       -1.25027          0.515
6805           -1.3       -1.25027          0.555
6806          -1.29       -1.25028           0.58
6807          -1.31       -1.25029            0.6
6808          -1.26       -1.25029          0.625
6809          -1.28       -1.25029            0.6
6810          -1.39       -1.25031          0.635
6811          -1.32       -1.25032          0.605
6812          -1.29       -1.25033          0.625
6813           -1.2       -1.25032           0.59
6814          -1.19       -1.25031          0.505
6815          -1.25       -1.25031           0.57
6816          -1.26       -1.25032           0.65
6817          -1.36       -1.25033          0.605
6818          -1.36       -1.25035           0.62
6819           -1.3       -1.25035            0.6
6820           -1.3       -1.25036           0.63
6821          -1.38       -1.25038           0.64
6822          -1.27       -1.25038          0.635
6823          -1.35        -1.2504          0.655
6824          -1.21       -1.25039          0.595
6825          -1.22       -1.25039          0.625
6826          -1.25       -1.25039          0.545
6827          -1.24       -1.25039           0.51
6828          -1.12       -1.25037          0.465
6829          -1.14       -1.25035           0.47
6830          -1.16       -1.25034          0.585
6831          -1.29       -1.25034           0.65
6832          -1.38       -1.25036           0.67
6833          -1.24       -1.25036           0.66
6834          -1.08       -1.25034           0.53
6835          -1.16       -1.25032           0.52
6836          -1.25       -1.25032           0.61
6837           -1.3       -1.25033           0.57
6838          -1.14       -1.25031          0.515
6839          -1.27       -1.25032          0.565
6840          -1.24       -1.25032          0.545
6841          -1.16        -1.2503          0.465
6842          -1.25        -1.2503          0.575
6843          -1.16       -1.25029          0.575
6844          -1.24       -1.25029            0.6
6845          -1.35        -1.2503           0.58
6846          -1.39       -1.25032           0.66
6847          -1.43       -1.25035          0.675
6848           -1.5       -1.25039          0.715
6849          -1.39       -1.25041          0.645
6850          -1.46       -1.25044          0.695
6851          -1.39       -1.25046           0.66
6852          -1.39       -1.25048          0.695
6853          -1.38        -1.2505          0.715
6854          -1.44       -1.25052            0.7
6855          -1.28       -1.25053           0.63
6856          -1.34       -1.25054          0.675
6857          -1.39       -1.25056          0.675
6858           -1.4       -1.25058           0.69
6859          -1.41       -1.25061           0.71
6860          -1.21        -1.2506          0.665
6861          -1.21       -1.25059           0.61
6862          -1.21       -1.25059          0.605
6863          -1.28       -1.25059           0.66
6864          -1.27        -1.2506           0.62
6865          -1.16       -1.25058          0.605
6866          -1.16       -1.25057          0.555
6867          -1.29       -1.25058          0.585
6868          -1.21       -1.25057           0.53
6869          -1.21       -1.25056          0.485
6870          -1.26       -1.25056           0.53
6871          -1.22       -1.25056           0.56
6872          -1.24       -1.25056          0.515
6873          -1.25       -1.25056           0.54
6874          -1.24       -1.25056           0.54
6875          -1.35       -1.25057          0.575
6876          -1.19       -1.25056          0.575
6877          -1.12       -1.25054           0.51
6878          -1.18       -1.25053          0.585
6879          -1.25       -1.25053           0.63
6880          -1.26       -1.25053          0.675
6881          -1.34       -1.25055          0.675
6882          -1.37       -1.25057          0.645
6883          -1.27       -1.25057            0.6
6884          -1.26       -1.25057          0.585
6885          -1.42       -1.25059           0.64
6886          -1.36       -1.25061           0.62
6887          -1.28       -1.25061            0.6
6888          -1.31       -1.25062          0.615
6889          -1.22       -1.25062           0.59
6890          -1.25       -1.25062          0.665
6891          -1.26       -1.25062           0.63
6892           -1.2       -1.25061           0.61
6893          -1.26       -1.25061           0.69
6894          -1.28       -1.25062          0.675
6895          -1.22       -1.25061          0.625
6896          -1.27       -1.25062          0.655
6897           -1.3       -1.25062            0.7
6898          -1.23       -1.25062           0.71
6899          -1.49       -1.25066           0.75
6900          -1.51       -1.25069           0.79
6901          -1.45       -1.25072           0.76
6902          -1.46       -1.25075           0.82
6903           -1.5       -1.25079           0.83
6904          -1.43       -1.25081          0.775
6905          -1.41       -1.25084          0.745
6906          -1.18       -1.25083           0.65
6907          -1.18       -1.25082           0.63
6908          -1.22       -1.25081          0.705
6909          -1.36       -1.25083           0.73
6910          -1.37       -1.25085          0.705
6911          -1.37       -1.25086           0.71
6912          -1.47       -1.25089          0.685
6913          -1.42       -1.25092          0.655
6914          -1.46       -1.25095          0.725
6915          -1.29       -1.25095           0.68
6916          -1.24       -1.25095           0.63
6917           -1.1       -1.25093          0.525
6918          -1.22       -1.25093            0.6
6919           -1.3       -1.25093          0.595
6920          -1.38       -1.25095          0.635
6921          -1.41       -1.25098           0.59
6922           -1.3       -1.25098          0.515
6923          -1.26       -1.25098          0.505
6924          -1.38         -1.251          0.655
6925          -1.24         -1.251          0.625
6926          -1.29       -1.25101          0.615
6927          -1.37       -1.25102          0.595
6928           -1.3       -1.25103           0.63
6929          -1.34       -1.25104           0.64
6930          -1.36       -1.25106          0.705
6931          -1.38       -1.25108           0.75
6932          -1.39        -1.2511           0.73
6933          -1.36       -1.25111           0.67
6934          -1.23       -1.25111          0.615
6935          -1.28       -1.25111           0.68
6936          -1.25       -1.25111           0.63
6937          -1.19       -1.25111          0.585
6938          -1.31       -1.25111          0.605
6939          -1.27       -1.25112          0.645
6940          -1.26       -1.25112           0.68
6941          -1.09       -1.25109          0.595
6942          -1.22       -1.25109          0.645
6943          -1.31        -1.2511            0.7
6944          -1.37       -1.25112            0.7
6945          -1.31       -1.25112          0.655
6946          -1.19       -1.25112          0.615
6947          -1.08       -1.25109          0.585
6948          -1.09       -1.25107           0.49
6949           -1.2       -1.25106           0.49
6950          -1.29       -1.25107          0.485
6951          -1.19       -1.25106          0.475
6952          -1.04       -1.25103          0.435
6953          -1.14       -1.25101           0.39
6954          -1.09       -1.25099           0.34
6955          -1.09       -1.25096          0.355
6956          -1.16       -1.25095          0.355
6957          -1.15       -1.25094          0.365
6958           -1.1       -1.25092          0.265
6959          -1.16        -1.2509           0.27
6960          -1.19       -1.25089           0.19
6961          -1.18       -1.25088          0.185
6962          -1.16       -1.25087           0.13
6963          -1.21       -1.25086          0.125
6964          -1.09       -1.25084           0.13
6965          -1.12       -1.25082          0.145
6966          -1.01       -1.25079           0.09
6967          -1.18       -1.25078          0.065
6968          -1.14       -1.25076          -0.02
6969          -1.11       -1.25074           0.02
6970          -1.33       -1.25075           0.01
6971          -1.33       -1.25076           0.05
6972           -1.3       -1.25077           0.01
6973           -1.2       -1.25076         -0.015
6974          -1.16       -1.25075         -0.005
6975           -1.1       -1.25073           0.03
6976          -1.17       -1.25072           0.02
6977          -1.17       -1.25071          0.055
6978          -1.12       -1.25069          0.025
6979          -1.13       -1.25067           0.01
6980          -1.07       -1.25064          0.005
6981          -1.02       -1.25061           -0.1
6982          -1.09       -1.25059         -0.035
6983          -1.12       -1.25057         -0.035
6984          -0.98       -1.25053          -0.03
6985          -1.05        -1.2505         -0.055
6986          -1.13       -1.25049         -0.025
6987          -1.09       -1.25046           0.02
6988          -1.17       -1.25045         -0.055
6989          -1.23       -1.25045         -0.115
6990           -1.2       -1.25044          -0.08
6991          -1.07       -1.25041          -0.13
6992          -1.16        -1.2504           -0.1
6993          -1.33       -1.25041          -0.16
6994          -1.31       -1.25042          -0.11
6995          -1.39       -1.25044         -0.155
6996           -1.2       -1.25043          -0.13
6997          -1.15       -1.25042         -0.145
6998           -1.2       -1.25041          -0.11
6999          -1.08       -1.25039          -0.15
7000          -1.18       -1.25038         -0.145
7001          -1.18       -1.25037         -0.185
7002          -1.13       -1.25035         -0.215
7003          -1.22       -1.25035          -0.21
7004          -1.14       -1.25033         -0.215
7005           -1.1       -1.25031          -0.26
7006          -1.14       -1.25029         -0.265
7007          -1.03       -1.25026         -0.255
7008          -1.11       -1.25024         -0.225
7009          -1.03       -1.25021         -0.265
7010          -1.18        -1.2502          -0.34
7011          -1.11       -1.25018          -0.29
7012          -1.03       -1.25015          -0.28
7013          -1.07       -1.25012           -0.2
7014          -1.06        -1.2501         -0.265
7015          -1.12       -1.25008          -0.32
7016          -1.12       -1.25006         -0.405
7017           -1.2       -1.25005          -0.38
7018          -1.16       -1.25004          -0.31
7019          -1.12       -1.25002          -0.35
7020          -1.15       -1.25001         -0.315
7021          -1.15       -1.24999         -0.405
7022          -1.24       -1.24999         -0.345
7023          -1.17       -1.24998         -0.395
7024          -1.18       -1.24997         -0.355
7025          -1.17       -1.24996          -0.36
7026           -1.1       -1.24994          -0.24
7027          -1.12       -1.24992         -0.265
7028           -1.2       -1.24991          -0.34
7029          -1.18        -1.2499         -0.355
7030          -1.16       -1.24989          -0.26
7031          -1.02       -1.24986          -0.26
7032          -1.06       -1.24983          -0.17
7033          -1.12       -1.24981         -0.105
7034          -1.04       -1.24978          -0.01
7035          -1.11       -1.24976          -0.05
7036           -1.1       -1.24974         -0.075
7037          -1.13       -1.24972         -0.055
7038          -1.08        -1.2497          -0.05
7039          -1.14       -1.24968          -0.06
7040          -1.19       -1.24967         -0.085
7041           -1.1       -1.24965           -0.1
7042          -1.09       -1.24963         -0.085
7043          -1.16       -1.24962          -0.09
7044          -1.11        -1.2496          -0.05
7045          -1.23        -1.2496          -0.03
7046          -1.15       -1.24958          -0.05
7047          -1.05       -1.24955         -0.015
7048          -1.11       -1.24953          0.005
7049          -1.17       -1.24952          -0.02
7050          -1.16       -1.24951         -0.065
7051          -1.27       -1.24951         -0.055
7052          -1.34       -1.24953         -0.075
7053          -1.28       -1.24953         -0.055
7054          -1.19       -1.24952           -0.1
7055          -1.29       -1.24953          -0.11
7056          -1.25       -1.24953          -0.12
7057          -1.18       -1.24952          -0.08
7058          -1.19       -1.24951         -0.055
7059          -1.08       -1.24948          -0.17
7060          -1.14       -1.24947          -0.13
7061          -1.19       -1.24946          -0.19
7062          -1.17       -1.24945          -0.15
7063          -1.25       -1.24945         -0.215
7064          -1.28       -1.24945           -0.3
7065          -1.16       -1.24944          -0.28
7066          -1.09       -1.24942         -0.425
7067          -1.09        -1.2494         -0.345
7068          -1.03       -1.24936         -0.255
7069          -1.07       -1.24934         -0.335
7070          -1.16       -1.24933         -0.355
7071          -1.13       -1.24931         -0.345
7072          -1.17        -1.2493          -0.42
7073          -1.31       -1.24931          -0.43
7074          -1.42       -1.24933         -0.405
7075          -1.27       -1.24933          -0.29
7076          -1.21       -1.24933          -0.26
7077          -1.14       -1.24931           -0.3
7078          -1.19        -1.2493         -0.295
7079           -1.2        -1.2493         -0.325
7080          -1.29        -1.2493          -0.39
7081          -1.24        -1.2493          -0.46
7082           -1.2        -1.2493          -0.44
7083          -1.28        -1.2493          -0.49
7084          -1.39       -1.24932          -0.54
7085          -1.38       -1.24934          -0.58
7086          -1.33       -1.24935         -0.565
7087          -1.31       -1.24936         -0.625
7088          -1.41       -1.24938         -0.575
7089          -1.42        -1.2494          -0.57
7090          -1.35       -1.24942          -0.57
7091          -1.36       -1.24943         -0.615
7092          -1.29       -1.24944          -0.62
7093          -1.35       -1.24945          -0.64
7094          -1.36       -1.24947         -0.635
7095          -1.38       -1.24949          -0.65
7096          -1.38       -1.24951         -0.615
7097          -1.35       -1.24952          -0.57
7098          -1.36       -1.24954          -0.57
7099          -1.24       -1.24954         -0.555
7100          -1.17       -1.24952         -0.515
7101          -1.21       -1.24952         -0.495
7102          -1.14        -1.2495          -0.52
7103          -1.39       -1.24952          -0.56
7104          -1.44       -1.24955         -0.595
7105          -1.52       -1.24959         -0.665
7106          -1.59       -1.24964          -0.66
7107          -1.48       -1.24967          -0.67
7108          -1.44       -1.24969          -0.61
7109           -1.4       -1.24972         -0.595
7110          -1.36       -1.24973         -0.605
7111          -1.38       -1.24975         -0.615
7112          -1.37       -1.24977         -0.595
7113           -1.4       -1.24979         -0.595
7114          -1.51       -1.24982         -0.615
7115          -1.41       -1.24985          -0.59
7116          -1.41       -1.24987          -0.61
7117           -1.3       -1.24988         -0.565
7118          -1.21       -1.24987         -0.575
7119          -1.36       -1.24989         -0.595
7120          -1.26       -1.24989          -0.57
7121          -1.28       -1.24989         -0.625
7122          -1.14       -1.24988         -0.565
7123          -1.19       -1.24987          -0.59
7124          -1.27       -1.24987         -0.645
7125          -1.43        -1.2499         -0.735
7126          -1.43       -1.24992          -0.72
7127           -1.4       -1.24994         -0.655
7128          -1.37       -1.24996          -0.68
7129           -1.3       -1.24997         -0.595
7130          -1.35       -1.24998           -0.6
7131          -1.41          -1.25         -0.655
7132          -1.37       -1.25002          -0.61
7133          -1.31       -1.25003          -0.56
7134          -1.37       -1.25004           -0.6
7135          -1.32       -1.25005         -0.605
7136          -1.38       -1.25007         -0.585
7137          -1.43        -1.2501         -0.655
7138          -1.34       -1.25011          -0.63
7139          -1.32       -1.25012           -0.6
7140          -1.32       -1.25013         -0.615
7141          -1.24       -1.25013         -0.585
7142          -1.44       -1.25016          -0.65
7143          -1.47       -1.25019         -0.665
7144          -1.49       -1.25022         -0.685
7145          -1.48       -1.25025         -0.705
7146          -1.47       -1.25028          -0.69
7147          -1.22       -1.25028         -0.645
7148          -1.29       -1.25028         -0.665
7149          -1.31       -1.25029          -0.64
7150          -1.13       -1.25028          -0.54
7151          -1.16       -1.25026         -0.575
7152          -1.44       -1.25029          -0.66
7153          -1.39       -1.25031          -0.66
7154          -1.47       -1.25034         -0.735
7155          -1.48       -1.25037           -0.8
7156          -1.32       -1.25038         -0.755
7157          -1.35        -1.2504          -0.72
7158          -1.41       -1.25042           -0.7
7159          -1.51       -1.25045          -0.75
7160          -1.44       -1.25048         -0.765
7161          -1.41        -1.2505         -0.745
7162           -1.4       -1.25052         -0.735
7163          -1.29       -1.25053          -0.73
7164          -1.37       -1.25055          -0.75
7165          -1.67        -1.2506         -0.845
7166          -1.49       -1.25064          -0.77
7167           -1.5       -1.25067          -0.73
7168          -1.57       -1.25072          -0.74
7169          -1.53       -1.25076         -0.725
7170          -1.34       -1.25077          -0.68
7171          -1.43       -1.25079          -0.69
7172          -1.38       -1.25081         -0.705
7173          -1.27       -1.25081          -0.64
7174          -1.22       -1.25081         -0.615
7175          -1.27       -1.25081          -0.64
7176          -1.44       -1.25084          -0.65
7177          -1.38       -1.25086          -0.68
7178          -1.32       -1.25087          -0.73
7179          -1.34       -1.25088          -0.73
7180          -1.38        -1.2509         -0.745
7181          -1.28        -1.2509         -0.685
7182          -1.12       -1.25088           -0.6
7183          -1.14       -1.25087          -0.64
7184          -1.26       -1.25087          -0.61
7185          -1.26       -1.25087          -0.64
7186          -1.28       -1.25087          -0.65
7187          -1.34       -1.25089          -0.66
7188          -1.36        -1.2509          -0.67
7189          -1.41       -1.25092         -0.685
7190          -1.22       -1.25092         -0.645
7191          -1.17       -1.25091         -0.655
7192          -1.19        -1.2509         -0.585
7193          -1.31       -1.25091          -0.65
7194          -1.36       -1.25092         -0.645
7195          -1.32       -1.25093         -0.605
7196          -1.36       -1.25095         -0.595
7197          -1.36       -1.25096          -0.59
7198          -1.34       -1.25098         -0.605
7199          -1.29       -1.25098         -0.665
7200          -1.28       -1.25098         -0.675
7201          -1.28       -1.25099         -0.645
7202          -1.36         -1.251          -0.58
7203          -1.27       -1.25101          -0.55
7204          -1.18         -1.251         -0.565
7205          -1.17       -1.25099         -0.565
7206          -1.31       -1.25099          -0.61
7207          -1.25       -1.25099          -0.61
7208          -1.27         -1.251         -0.615
7209          -1.43       -1.25102           -0.7
7210          -1.37       -1.25104         -0.675
7211          -1.36       -1.25105          -0.64
7212          -1.35       -1.25107         -0.625
7213          -1.46        -1.2511         -0.715
7214           -1.4       -1.25112         -0.705
7215          -1.53       -1.25115           -0.7
7216          -1.34       -1.25117         -0.605
7217          -1.43       -1.25119         -0.645
7218          -1.45       -1.25122           -0.7
7219          -1.44       -1.25125          -0.72
7220          -1.51       -1.25128          -0.75
7221          -1.48       -1.25131          -0.76
7222          -1.29       -1.25132           -0.7
7223          -1.38       -1.25134          -0.68
7224          -1.36       -1.25135          -0.65
7225          -1.49       -1.25138         -0.695
7226           -1.4        -1.2514         -0.685
7227           -1.4       -1.25143         -0.735
7228          -1.23       -1.25142         -0.675
7229          -1.33       -1.25143         -0.745
7230          -1.32       -1.25144         -0.685
7231           -1.4       -1.25146         -0.705
7232           -1.3       -1.25147         -0.705
7233          -1.27       -1.25147          -0.62
7234          -1.18       -1.25146          -0.58
7235          -1.16       -1.25145         -0.505
7236          -1.28       -1.25145         -0.615
7237           -1.2       -1.25145         -0.575
7238          -1.21       -1.25144           -0.6
7239          -1.29       -1.25145          -0.64
7240          -1.29       -1.25145          -0.61
7241          -1.34       -1.25146          -0.63
7242          -1.36       -1.25148         -0.595
7243          -1.32       -1.25149         -0.585
7244          -1.26       -1.25149         -0.515
7245          -1.37       -1.25151          -0.58
7246          -1.37       -1.25152          -0.68
7247          -1.32       -1.25153         -0.605
7248          -1.32       -1.25154          -0.56
7249          -1.22       -1.25154          -0.54
7250          -1.05       -1.25151          -0.49
7251          -1.11       -1.25149          -0.47
7252          -1.09       -1.25147         -0.415
7253          -1.12       -1.25145         -0.375
7254          -1.14       -1.25143         -0.405
7255           -1.2       -1.25143         -0.435
7256          -1.21       -1.25142           -0.4
7257          -1.27       -1.25142         -0.375
7258          -1.17       -1.25141         -0.395
7259          -1.07       -1.25139          -0.34
7260          -1.14       -1.25137          -0.36
7261           -1.3       -1.25138         -0.445
7262           -1.3       -1.25139         -0.425
7263          -1.12       -1.25137         -0.375
7264          -1.12       -1.25135          -0.27
7265          -1.08       -1.25133         -0.315
7266           -1.1        -1.2513         -0.405
7267          -1.23        -1.2513         -0.495
7268           -1.2       -1.25129          -0.43
7269           -1.2       -1.25129          -0.45
7270          -1.06       -1.25126         -0.375
7271          -1.13       -1.25124         -0.465
7272           -1.1       -1.25122         -0.435
7273          -1.13       -1.25121         -0.525
7274           -1.3       -1.25121         -0.645
7275          -1.35       -1.25123          -0.67
7276          -1.37       -1.25124          -0.67
7277           -1.3       -1.25125         -0.605
7278          -1.29       -1.25126          -0.55
7279          -1.28       -1.25126         -0.625
7280           -1.2       -1.25125         -0.615
7281          -1.15       -1.25124          -0.61
7282          -1.17       -1.25123         -0.655
7283          -1.18       -1.25122         -0.675
7284           -1.1        -1.2512         -0.585
7285          -1.28        -1.2512           -0.6
7286          -1.07       -1.25118          -0.56
7287          -1.09       -1.25115          -0.55
7288          -1.01       -1.25112          -0.42
7289          -1.02       -1.25109          -0.47
7290          -1.12       -1.25107         -0.515
7291          -1.17       -1.25106         -0.605
7292          -1.12       -1.25104          -0.59
7293          -1.27       -1.25104         -0.675
7294          -1.31       -1.25105          -0.65
7295          -1.18       -1.25104          -0.63
7296          -1.21       -1.25104           -0.6
7297          -1.28       -1.25104          -0.59
7298          -1.28       -1.25105          -0.65
7299          -1.25       -1.25105         -0.595
7300          -1.39       -1.25106         -0.625
7301          -1.16       -1.25105           -0.6
7302          -1.18       -1.25104          -0.59
7303          -1.25       -1.25104         -0.645
7304          -1.23       -1.25104          -0.62
7305          -1.35       -1.25105          -0.67
7306          -1.33       -1.25106          -0.72
7307          -1.24       -1.25106          -0.66
7308          -1.25       -1.25106          -0.61
7309          -1.44       -1.25109         -0.715
7310          -1.33        -1.2511          -0.66
7311          -1.33       -1.25111         -0.615
7312          -1.34       -1.25112         -0.585
7313          -1.38       -1.25114         -0.605
7314          -1.34       -1.25115           -0.6
7315          -1.25       -1.25115         -0.625
7316          -1.26       -1.25115         -0.585
7317          -1.11       -1.25113          -0.52
7318          -1.13       -1.25112          -0.49
7319          -1.34       -1.25113          -0.58
7320          -1.24       -1.25113          -0.58
7321          -1.37       -1.25114          -0.62
7322          -1.26       -1.25114         -0.595
7323          -1.43       -1.25117           -0.6
7324          -1.47        -1.2512          -0.66
7325          -1.41       -1.25122         -0.685
7326           -1.3       -1.25123          -0.67
7327          -1.24       -1.25123         -0.655
7328          -1.26       -1.25123          -0.63
7329          -1.37       -1.25124         -0.665
7330           -1.3       -1.25125         -0.675
7331          -1.27       -1.25125         -0.615
7332          -1.27       -1.25125         -0.635
7333          -1.35       -1.25127         -0.695
7334          -1.38       -1.25129         -0.675
7335          -1.19       -1.25128          -0.56
7336           -1.2       -1.25127          -0.51
7337          -1.19       -1.25126          -0.54
7338           -1.1       -1.25124           -0.5
7339          -1.19       -1.25123         -0.545
7340          -1.28       -1.25124         -0.635
7341          -1.11       -1.25122         -0.555
7342          -1.14        -1.2512         -0.575
7343          -1.23        -1.2512          -0.56
7344          -1.25        -1.2512         -0.585
7345          -1.24        -1.2512          -0.56
7346          -1.29        -1.2512         -0.565
7347          -1.25        -1.2512         -0.605
7348          -1.21        -1.2512          -0.53
7349          -1.24        -1.2512          -0.56
7350           -1.2       -1.25119          -0.47
7351           -1.3        -1.2512          -0.54
7352          -1.27        -1.2512         -0.555
7353          -1.28        -1.2512         -0.545
7354          -1.18       -1.25119         -0.485
7355          -1.19       -1.25118         -0.495
7356          -1.21       -1.25118          -0.44
7357           -1.3       -1.25119         -0.445
7358          -1.16       -1.25117         -0.505
7359          -1.04       -1.25114         -0.475
7360          -1.12       -1.25113          -0.51
7361          -1.22       -1.25112         -0.545
7362          -1.28       -1.25113         -0.465
7363          -1.22       -1.25112         -0.395
7364          -1.11        -1.2511          -0.45
7365          -1.17       -1.25109          -0.48
7366          -1.11       -1.25107         -0.495
7367          -1.27       -1.25107          -0.54
7368          -1.28       -1.25108          -0.62
7369          -1.22       -1.25107         -0.615
7370          -1.22       -1.25107         -0.515
7371           -1.3       -1.25108          -0.59
7372          -1.43        -1.2511          -0.68
7373          -1.47       -1.25113          -0.73
7374          -1.42       -1.25115         -0.735
7375          -1.43       -1.25118          -0.73
7376          -1.44        -1.2512          -0.72
7377           -1.3       -1.25121          -0.67
7378          -1.28       -1.25121          -0.68
7379          -1.28       -1.25122         -0.705
7380          -1.25       -1.25122         -0.715
7381          -1.37       -1.25123         -0.725
7382          -1.33       -1.25124           -0.7
7383          -1.34       -1.25126          -0.67
7384          -1.22       -1.25125         -0.585
7385          -1.35       -1.25127         -0.595
7386          -1.25       -1.25127         -0.595
7387          -1.24       -1.25126          -0.56
7388           -1.5        -1.2513         -0.645
7389           -1.4       -1.25132         -0.645
7390          -1.42       -1.25134         -0.725
7391          -1.31       -1.25135         -0.695
7392           -1.4       -1.25137           -0.7
7393          -1.24       -1.25137          -0.67
7394          -1.33       -1.25138         -0.655
7395          -1.22       -1.25137         -0.615
7396          -1.34       -1.25139          -0.63
7397          -1.29       -1.25139           -0.7
7398          -1.21       -1.25139          -0.67
7399          -1.32       -1.25139         -0.645
7400          -1.51       -1.25143         -0.765
7401          -1.52       -1.25147         -0.795
7402          -1.36       -1.25148         -0.745
7403          -1.29       -1.25149           -0.7
7404           -1.4       -1.25151          -0.76
7405          -1.42       -1.25153          -0.78
7406          -1.39       -1.25155         -0.815
7407          -1.36       -1.25156         -0.775
7408          -1.39       -1.25158         -0.765
7409          -1.53       -1.25162         -0.825
7410          -1.41       -1.25164          -0.81
7411          -1.35       -1.25165          -0.78
7412          -1.41       -1.25167         -0.755
7413          -1.38       -1.25169         -0.765
7414          -1.26       -1.25169         -0.675
7415          -1.27       -1.25169           -0.7
7416          -1.45       -1.25172          -0.74
7417          -1.28       -1.25173          -0.64
7418          -1.22       -1.25172         -0.665
7419          -1.28       -1.25173         -0.665
7420          -1.15       -1.25171         -0.625
7421          -1.22       -1.25171         -0.625
7422           -1.3       -1.25171          -0.67
7423          -1.33       -1.25172         -0.675
7424          -1.42       -1.25175         -0.705
7425          -1.39       -1.25177         -0.685
7426          -1.32       -1.25177          -0.71
7427          -1.38       -1.25179          -0.76
7428          -1.47       -1.25182         -0.785
7429          -1.32       -1.25183          -0.69
7430          -1.29       -1.25184         -0.635
7431          -1.34       -1.25185          -0.64
7432          -1.38       -1.25186         -0.615
7433          -1.33       -1.25188          -0.55
7434          -1.26       -1.25188          -0.54
7435          -1.14       -1.25186          -0.52
7436          -1.23       -1.25186          -0.58
7437          -1.28       -1.25186         -0.505
7438          -1.14       -1.25185         -0.435
7439          -1.23       -1.25184          -0.39
7440          -1.24       -1.25184          -0.42
7441          -1.15       -1.25183         -0.445
7442          -1.25       -1.25183         -0.475
7443          -1.21       -1.25182           -0.5
7444          -1.17       -1.25181         -0.425
7445          -1.15        -1.2518         -0.475
7446          -1.11       -1.25178         -0.425
7447          -1.24       -1.25178           -0.5
7448          -1.28       -1.25178         -0.515
7449          -1.18       -1.25177         -0.545
7450          -1.22       -1.25177          -0.48
7451          -1.27       -1.25177          -0.43
7452          -1.41       -1.25179          -0.48
7453          -1.33        -1.2518          -0.48
7454          -1.33       -1.25181          -0.51
7455          -1.24       -1.25181         -0.435
7456          -1.22       -1.25181          -0.44
7457           -1.2        -1.2518         -0.385
7458          -1.21       -1.25179          -0.43
7459          -1.22       -1.25179         -0.415
7460          -1.13       -1.25177          -0.48
7461          -1.24       -1.25177          -0.53
7462          -1.17       -1.25176         -0.455
7463          -1.15       -1.25175         -0.545
7464          -1.26       -1.25175         -0.575
7465          -1.42       -1.25177          -0.59
7466          -1.25       -1.25177          -0.56
7467          -1.24       -1.25177         -0.575
7468          -1.45        -1.2518          -0.61
7469          -1.42       -1.25182         -0.635
7470          -1.44       -1.25184         -0.585
7471          -1.28       -1.25185         -0.545
7472          -1.39       -1.25187          -0.59
7473          -1.45       -1.25189          -0.64
7474          -1.33        -1.2519         -0.515
7475          -1.18       -1.25189         -0.515
7476           -1.3        -1.2519         -0.475
7477          -1.31       -1.25191         -0.455
7478          -1.21        -1.2519         -0.435
7479          -1.15       -1.25189         -0.395
7480          -1.12       -1.25187          -0.47
7481          -1.16       -1.25186         -0.385
7482          -1.16       -1.25185         -0.395
7483          -1.14       -1.25183          -0.41
7484          -1.13       -1.25181         -0.485
7485          -1.14        -1.2518         -0.425
7486          -1.06       -1.25177         -0.425
7487          -1.15       -1.25176         -0.375
7488          -1.05       -1.25173         -0.255
7489          -1.14       -1.25172          -0.24
7490          -0.96       -1.25168         -0.215
7491          -1.04       -1.25165          -0.33
7492          -0.98       -1.25161         -0.305
7493          -0.99       -1.25158         -0.375
7494          -1.13       -1.25156         -0.495
7495          -1.23       -1.25156           -0.6
7496          -1.15       -1.25155          -0.55
7497          -1.17       -1.25154          -0.55
7498          -1.22       -1.25153          -0.55
7499          -1.16       -1.25152         -0.505
7500          -1.26       -1.25152          -0.49
7501           -1.2       -1.25151         -0.465
7502           -1.2       -1.25151          -0.48
7503          -1.34       -1.25152         -0.535
7504          -1.22       -1.25151           -0.5
7505          -1.18       -1.25151         -0.495
7506          -1.15       -1.25149          -0.48
7507           -1.3        -1.2515          -0.51
7508          -1.32       -1.25151          -0.54
7509          -1.39       -1.25153         -0.685
7510          -1.34       -1.25154         -0.685
7511          -1.42       -1.25156         -0.735
7512          -1.52        -1.2516         -0.755
7513          -1.57       -1.25164          -0.76
7514          -1.53       -1.25168         -0.735
7515          -1.49       -1.25171         -0.705
7516          -1.45       -1.25173          -0.66
7517          -1.38       -1.25175          -0.66
7518          -1.42       -1.25177          -0.65
7519           -1.4       -1.25179          -0.63
7520          -1.32        -1.2518          -0.53
7521          -1.36       -1.25182          -0.55
7522          -1.38       -1.25183         -0.535
7523          -1.19       -1.25182         -0.465
7524          -1.13       -1.25181          -0.52
7525          -1.21        -1.2518         -0.525
7526          -1.27       -1.25181          -0.57
7527          -1.39       -1.25182         -0.635
7528          -1.32       -1.25183          -0.62
7529          -1.31       -1.25184         -0.605
7530          -1.29       -1.25185          -0.62
7531          -1.21       -1.25184          -0.53
7532          -1.15       -1.25183          -0.49
7533          -1.21       -1.25182         -0.525
7534          -1.25       -1.25182          -0.59
7535          -1.17       -1.25181          -0.58
7536           -1.1       -1.25179         -0.485
7537          -1.13       -1.25177          -0.45
7538          -1.18       -1.25176         -0.465
7539          -1.21       -1.25176          -0.47
7540           -1.2       -1.25175          -0.49
7541          -1.14       -1.25174         -0.465
7542           -1.2       -1.25173          -0.43
7543          -1.27       -1.25173         -0.455
7544          -1.25       -1.25173          -0.52
7545           -1.3       -1.25174         -0.565
7546          -1.31       -1.25175         -0.615
7547          -1.26       -1.25175         -0.595
7548          -1.29       -1.25175         -0.635
7549          -1.33       -1.25176           -0.6
7550          -1.31       -1.25177           -0.6
7551          -1.42       -1.25179         -0.585
7552          -1.46       -1.25182         -0.585
7553          -1.43       -1.25184          -0.62
7554          -1.44       -1.25187         -0.605
7555          -1.39       -1.25189         -0.575
7556          -1.36        -1.2519         -0.595
7557          -1.38       -1.25192         -0.555
7558          -1.39       -1.25194          -0.61
7559          -1.43       -1.25196          -0.56
7560          -1.36       -1.25197          -0.57
7561          -1.35       -1.25199         -0.585
7562          -1.25       -1.25199         -0.495
7563          -1.25       -1.25199          -0.45
7564          -1.37         -1.252         -0.445
7565          -1.22         -1.252         -0.395
7566          -1.22       -1.25199          -0.37
7567          -1.26         -1.252         -0.465
7568           -1.3         -1.252          -0.46
7569          -1.22         -1.252          -0.42
7570          -1.18       -1.25199         -0.385
7571          -1.31         -1.252         -0.425
7572          -1.18       -1.25199          -0.47
7573          -1.35         -1.252          -0.57
7574          -1.26         -1.252         -0.555
7575          -1.22         -1.252         -0.565
7576          -1.22       -1.25199          -0.54
7577          -1.17       -1.25198          -0.55
7578          -1.17       -1.25197         -0.485
7579          -1.13       -1.25195         -0.505
7580           -1.1       -1.25193          -0.49
7581          -1.08       -1.25191         -0.485
7582          -1.14        -1.2519          -0.51
7583          -1.08       -1.25187          -0.52
7584           -1.2       -1.25187          -0.45
7585          -1.13       -1.25185          -0.31
7586          -1.15       -1.25184         -0.245
7587          -1.09       -1.25182          -0.23
7588          -1.07       -1.25179          -0.21
7589          -1.01       -1.25176          -0.13
7590          -0.97       -1.25172          -0.11
7591          -1.04        -1.2517           -0.2
7592           -1.2       -1.25169         -0.185
7593          -1.24       -1.25169         -0.245
7594          -1.19       -1.25168           -0.2
7595          -0.99       -1.25164          -0.16
7596          -1.03       -1.25162          -0.08
7597           -1.1        -1.2516         -0.195
7598          -1.19       -1.25159         -0.215
7599          -1.18       -1.25158         -0.265
7600           -1.1       -1.25156          -0.33
7601          -1.06       -1.25153          -0.35
7602          -1.31       -1.25154          -0.41
7603           -1.2       -1.25153          -0.44
7604          -1.26       -1.25153          -0.47
7605          -1.31       -1.25154         -0.485
7606          -1.22       -1.25154         -0.495
7607          -1.22       -1.25153         -0.545
7608           -1.2       -1.25153          -0.57
7609          -1.27       -1.25153         -0.585
7610          -1.37       -1.25155          -0.59
7611          -1.37       -1.25156         -0.595
7612          -1.35       -1.25157         -0.635
7613          -1.34       -1.25159          -0.64
7614          -1.39        -1.2516         -0.635
7615          -1.38       -1.25162          -0.64
7616          -1.44       -1.25165          -0.59
7617          -1.35       -1.25166         -0.595
7618          -1.25       -1.25166         -0.565
7619          -1.17       -1.25165          -0.49
7620          -1.16       -1.25163         -0.455
7621          -1.11       -1.25162          -0.43
7622          -1.13        -1.2516          -0.46
7623          -1.17       -1.25159         -0.505
7624          -1.07       -1.25157         -0.505
7625          -1.01       -1.25153          -0.41
7626          -1.07       -1.25151         -0.475
7627          -1.07       -1.25149          -0.49
7628          -1.18       -1.25148          -0.59
7629          -1.25       -1.25148         -0.655
7630          -1.34       -1.25149          -0.67
7631          -1.41       -1.25151          -0.71
7632           -1.4       -1.25153         -0.675
7633          -1.41       -1.25155           -0.7
7634          -1.43       -1.25157         -0.695
7635          -1.45        -1.2516         -0.705
7636          -1.45       -1.25162          -0.68
7637          -1.45       -1.25165         -0.645
7638           -1.4       -1.25167          -0.66
7639          -1.36       -1.25168          -0.65
7640          -1.25       -1.25168         -0.575
7641          -1.18       -1.25167         -0.575
7642          -1.21       -1.25167          -0.62
7643          -1.38       -1.25169          -0.73
7644          -1.51       -1.25172         -0.805
7645          -1.29       -1.25173          -0.67
7646          -1.26       -1.25173         -0.675
7647          -1.29       -1.25173          -0.72
7648          -1.32       -1.25174         -0.725
7649          -1.28       -1.25174         -0.685
7650          -1.24       -1.25174          -0.68
7651          -1.31       -1.25175         -0.675
7652          -1.24       -1.25175         -0.605
7653          -1.23       -1.25175         -0.625
7654          -1.25       -1.25175         -0.635
7655          -1.38       -1.25176          -0.64
7656          -1.38       -1.25178         -0.665
7657          -1.38        -1.2518         -0.695
7658          -1.41       -1.25182          -0.73
7659          -1.41       -1.25184         -0.715
7660          -1.38       -1.25185          -0.71
7661          -1.37       -1.25187          -0.71
7662          -1.41       -1.25189          -0.72
7663          -1.36        -1.2519         -0.685
7664          -1.41       -1.25192         -0.645
7665          -1.44       -1.25195         -0.655
7666          -1.39       -1.25197           -0.6
7667          -1.34       -1.25198          -0.61
7668          -1.36       -1.25199          -0.57
7669          -1.27       -1.25199          -0.61
7670           -1.3         -1.252          -0.66
7671           -1.4       -1.25202          -0.73
7672          -1.34       -1.25203          -0.72
7673          -1.32       -1.25204           -0.7
7674          -1.45       -1.25207          -0.77
7675          -1.45       -1.25209         -0.775
7676          -1.48       -1.25212         -0.775
7677          -1.28       -1.25213         -0.725
7678          -1.22       -1.25212          -0.66
7679           -1.2       -1.25211          -0.65
7680          -1.35       -1.25213          -0.72
7681          -1.39       -1.25215         -0.735
7682          -1.37       -1.25216          -0.67
7683          -1.39       -1.25218          -0.62
7684          -1.38        -1.2522          -0.54
7685          -1.29        -1.2522         -0.555
7686          -1.11       -1.25218         -0.495
7687          -1.15       -1.25217          -0.41
7688          -1.26       -1.25217          -0.43
7689          -1.35       -1.25218         -0.435
7690          -1.31       -1.25219         -0.425
7691          -1.31        -1.2522         -0.425
7692          -1.41       -1.25222          -0.53
7693           -1.4       -1.25224         -0.535
7694           -1.3       -1.25224          -0.46
7695          -1.31       -1.25225          -0.56
7696          -1.33       -1.25226          -0.61
7697          -1.34       -1.25227          -0.57
7698           -1.3       -1.25228         -0.605
7699          -1.38       -1.25229         -0.635
7700          -1.47       -1.25232          -0.72
7701          -1.44       -1.25235         -0.725
7702          -1.37       -1.25236          -0.71
7703          -1.51        -1.2524          -0.74
7704          -1.53       -1.25243         -0.745
7705          -1.52       -1.25247          -0.74
7706          -1.39       -1.25248         -0.735
7707          -1.35        -1.2525          -0.68
7708           -1.4       -1.25252         -0.725
7709          -1.44       -1.25254         -0.725
7710          -1.41       -1.25256          -0.73
7711           -1.4       -1.25258         -0.725
7712          -1.32       -1.25259          -0.69
7713          -1.33        -1.2526          -0.69
7714          -1.46       -1.25263         -0.735
7715          -1.38       -1.25264          -0.72
7716          -1.32       -1.25265           -0.7
7717          -1.47       -1.25268         -0.785
7718          -1.59       -1.25272          -0.84
7719          -1.46       -1.25275         -0.795
7720          -1.59       -1.25279          -0.87
7721          -1.61       -1.25284         -0.875
7722           -1.5       -1.25287         -0.835
7723          -1.44        -1.2529         -0.795
7724           -1.3        -1.2529          -0.74
7725          -1.41       -1.25292         -0.775
7726          -1.41       -1.25294           -0.8
7727          -1.29       -1.25295         -0.735
7728          -1.38       -1.25296          -0.78
7729          -1.33       -1.25297          -0.77
7730          -1.22       -1.25297           -0.7
7731          -1.23       -1.25297         -0.705
7732          -1.23       -1.25296         -0.665
7733          -1.25       -1.25296          -0.69
7734          -1.25       -1.25296         -0.705
7735          -1.16       -1.25295         -0.635
7736          -1.24       -1.25295         -0.625
7737          -1.42       -1.25297          -0.69
7738          -1.45         -1.253          -0.76
7739          -1.51       -1.25303          -0.74
7740          -1.47       -1.25306          -0.74
7741          -1.54       -1.25309          -0.76
7742          -1.35       -1.25311         -0.765
7743          -1.42       -1.25313          -0.78
7744          -1.47       -1.25316          -0.79
7745          -1.37       -1.25317          -0.71
7746          -1.36       -1.25319          -0.69
7747          -1.39        -1.2532         -0.725
7748           -1.3       -1.25321          -0.65
7749           -1.2        -1.2532         -0.615
7750          -1.23        -1.2532          -0.63
7751          -1.26        -1.2532          -0.69
7752           -1.3       -1.25321          -0.67
7753          -1.32       -1.25322         -0.695
7754          -1.29       -1.25322         -0.665
7755          -1.21       -1.25321         -0.615
7756           -1.3       -1.25322          -0.68
7757           -1.5       -1.25325          -0.82
7758           -1.5       -1.25328          -0.81
7759          -1.44       -1.25331           -0.8
7760          -1.39       -1.25333         -0.755
7761          -1.37       -1.25334         -0.735
7762          -1.23       -1.25334         -0.675
7763          -1.17       -1.25333         -0.635
7764          -1.44       -1.25335         -0.745
7765          -1.33       -1.25336          -0.68
7766          -1.28       -1.25336         -0.625
7767          -1.29       -1.25337          -0.63
7768          -1.28       -1.25337         -0.615
7769          -1.25       -1.25337         -0.595
7770          -1.21       -1.25337         -0.605
7771          -1.09       -1.25335         -0.515
7772          -1.16       -1.25333          -0.48
7773          -1.15       -1.25332          -0.48
7774          -1.11        -1.2533           -0.5
7775          -1.02       -1.25327          -0.45
7776          -0.96       -1.25323           -0.4
7777          -0.97        -1.2532          -0.39
7778          -1.07       -1.25317         -0.495
7779          -1.03       -1.25315          -0.54
7780           -1.1       -1.25313          -0.58
7781          -1.05        -1.2531         -0.575
7782          -1.06       -1.25307         -0.595
7783          -1.21       -1.25307         -0.665
7784          -1.24       -1.25307         -0.665
7785          -1.27       -1.25307         -0.705
7786          -1.24       -1.25307         -0.665
7787          -1.26       -1.25307          -0.61
7788          -1.17       -1.25306          -0.61
7789          -1.33       -1.25307          -0.65
7790          -1.31       -1.25308         -0.655
7791          -1.33       -1.25309          -0.68
7792          -1.18       -1.25308         -0.575
7793           -1.3       -1.25308          -0.66
7794          -1.34       -1.25309          -0.64
7795          -1.36       -1.25311           -0.6
7796          -1.36       -1.25312          -0.62
7797          -1.44       -1.25314         -0.715
7798          -1.41       -1.25316          -0.69
7799          -1.39       -1.25318          -0.72
7800          -1.37        -1.2532           -0.7
7801          -1.27        -1.2532          -0.71
7802          -1.31       -1.25321         -0.665
7803          -1.24        -1.2532         -0.635
7804          -1.29       -1.25321         -0.655
7805          -1.37       -1.25322         -0.665
7806          -1.31       -1.25323         -0.655
7807          -1.44       -1.25326          -0.73
7808          -1.39       -1.25327          -0.75
7809          -1.47        -1.2533          -0.77
7810          -1.36       -1.25331          -0.66
7811          -1.26       -1.25332         -0.655
7812          -1.22       -1.25331         -0.675
7813          -1.17        -1.2533         -0.625
7814           -1.1       -1.25328         -0.535
7815           -1.1       -1.25326         -0.475
7816          -1.15       -1.25325         -0.525
7817          -1.17       -1.25324         -0.545
7818           -1.2       -1.25323         -0.575
7819          -1.36       -1.25324         -0.625
7820          -1.26       -1.25325         -0.595
7821          -1.36       -1.25326          -0.58
7822           -1.4       -1.25328         -0.565
7823          -1.33       -1.25329          -0.53
7824          -1.25       -1.25329         -0.485
7825          -1.33        -1.2533         -0.485
7826          -1.45       -1.25332         -0.535
7827          -1.38       -1.25334         -0.555
7828          -1.33       -1.25335          -0.53
7829          -1.28       -1.25335         -0.565
7830          -1.35       -1.25336         -0.595
7831           -1.3       -1.25337         -0.595
7832          -1.31       -1.25338          -0.65
7833          -1.24       -1.25338         -0.655
7834          -1.16       -1.25336          -0.57
7835          -1.25       -1.25336         -0.525
7836          -1.23       -1.25336           -0.5
7837          -1.31       -1.25337         -0.505
7838          -1.33       -1.25338          -0.58
7839          -1.29       -1.25338         -0.555
7840          -1.46       -1.25341         -0.575
7841          -1.37       -1.25342         -0.595
7842          -1.42       -1.25344         -0.615
7843           -1.4       -1.25346          -0.64
7844          -1.38       -1.25348         -0.685
7845          -1.22       -1.25347          -0.59
7846          -1.15       -1.25346         -0.595
7847          -1.31       -1.25347         -0.615
7848          -1.32       -1.25348          -0.62
7849          -1.31       -1.25348         -0.565
7850          -1.37        -1.2535          -0.56
7851          -1.34       -1.25351          -0.56
7852          -1.35       -1.25352          -0.56
7853          -1.49       -1.25355          -0.57
7854          -1.45       -1.25358          -0.57
7855          -1.37       -1.25359         -0.525
7856           -1.3        -1.2536          -0.52
7857          -1.31       -1.25361         -0.505
7858          -1.26       -1.25361          -0.46
7859          -1.28       -1.25361          -0.52
7860          -1.25       -1.25361          -0.51
7861          -1.21        -1.2536         -0.495
7862          -1.07       -1.25358         -0.475
7863          -1.18       -1.25357           -0.5
7864          -1.25       -1.25357          -0.52
7865          -1.11       -1.25355          -0.47
7866          -1.21       -1.25355         -0.465
7867          -1.37       -1.25356          -0.45
7868          -1.26       -1.25356         -0.415
7869          -1.32       -1.25357         -0.435
7870          -1.22       -1.25357          -0.43
7871          -1.33       -1.25358          -0.51
7872          -1.24       -1.25357           -0.5
7873          -1.31       -1.25358          -0.42
7874          -1.25       -1.25358         -0.435
7875          -1.33       -1.25359          -0.33
7876          -1.27       -1.25359          -0.27
7877          -1.21       -1.25359           -0.4
7878          -1.17       -1.25358         -0.385
7879          -1.02       -1.25355          -0.33
7880          -1.18       -1.25354          -0.35
7881          -1.05       -1.25351          -0.24
7882          -0.98       -1.25348         -0.225
7883          -1.07       -1.25345          -0.24
7884          -1.19       -1.25345          -0.32
7885          -1.28       -1.25345         -0.315
7886          -1.17       -1.25344         -0.385
7887          -1.18       -1.25343         -0.365
7888          -1.09       -1.25341         -0.345
7889          -1.24       -1.25341         -0.385
7890          -1.24       -1.25341          -0.38
7891          -1.18        -1.2534          -0.32
7892          -1.05       -1.25337         -0.295
7893          -0.99       -1.25334          -0.28
7894          -1.15       -1.25332         -0.335
7895          -1.15       -1.25331          -0.45
7896          -1.15        -1.2533         -0.395
7897           -1.1       -1.25328          -0.42
7898          -1.16       -1.25327         -0.365
7899          -1.11       -1.25325         -0.355
7900          -1.12       -1.25323         -0.345
7901          -1.02        -1.2532          -0.33
7902          -1.13       -1.25319          -0.36
7903          -1.27       -1.25319         -0.385
7904          -1.18       -1.25318          -0.41
7905          -1.19       -1.25317         -0.495
7906          -1.29       -1.25318          -0.46
7907          -1.17       -1.25317          -0.47
7908          -1.33       -1.25317          -0.56
7909          -1.26       -1.25318          -0.55
7910          -1.18       -1.25317         -0.545
7911          -1.03       -1.25314           -0.5
7912          -1.25       -1.25314          -0.57
7913          -1.08       -1.25312         -0.515
7914          -1.05       -1.25309          -0.39
7915          -1.07       -1.25307         -0.415
7916          -1.14       -1.25305         -0.345
7917          -1.25       -1.25305          -0.44
7918          -1.14       -1.25304          -0.37
7919          -1.22       -1.25303          -0.42
7920          -1.27       -1.25304         -0.455
7921          -1.19       -1.25303         -0.465
7922          -1.18       -1.25302          -0.54
7923          -1.28       -1.25302          -0.61
7924          -1.34       -1.25303         -0.655
7925          -1.21       -1.25303          -0.55
7926          -1.17       -1.25302          -0.52
7927          -1.29       -1.25302         -0.555
7928          -1.25       -1.25302          -0.63
7929          -1.23       -1.25302         -0.605
7930          -1.26       -1.25302           -0.6
7931          -1.26       -1.25302          -0.66
7932          -1.35       -1.25303           -0.7
7933          -1.42       -1.25305          -0.73
7934          -1.45       -1.25308         -0.755
7935          -1.38       -1.25309          -0.72
7936          -1.31        -1.2531         -0.755
7937          -1.47       -1.25313          -0.83
7938          -1.42       -1.25315          -0.76
7939          -1.41       -1.25317         -0.795
7940          -1.48        -1.2532          -0.81
7941          -1.47       -1.25323         -0.765
7942          -1.32       -1.25323         -0.665
7943          -1.34       -1.25325          -0.63
7944          -1.46       -1.25327         -0.685
7945          -1.38       -1.25329         -0.665
7946          -1.49       -1.25332         -0.695
7947          -1.51       -1.25335         -0.715
7948          -1.55       -1.25339          -0.72
7949           -1.5       -1.25342          -0.72
7950           -1.5       -1.25345         -0.735
7951          -1.44       -1.25347          -0.71
7952          -1.28       -1.25348         -0.585
7953          -1.18       -1.25347         -0.535
7954          -1.21       -1.25346         -0.545
7955          -1.19       -1.25345         -0.505
7956          -1.19       -1.25344         -0.465
7957          -1.32       -1.25345          -0.52
7958          -1.36       -1.25347         -0.535
7959           -1.4       -1.25348           -0.6
7960          -1.38        -1.2535          -0.58
7961          -1.44       -1.25352           -0.6
7962          -1.44       -1.25355           -0.6
7963          -1.36       -1.25356         -0.605
7964           -1.4       -1.25358          -0.63
7965          -1.31       -1.25359          -0.59
7966          -1.36        -1.2536          -0.61
7967          -1.46       -1.25363         -0.595
7968          -1.37       -1.25364           -0.6
7969          -1.41       -1.25366         -0.655
7970          -1.38       -1.25368         -0.675
7971          -1.35       -1.25369          -0.65
7972          -1.23       -1.25368          -0.57
7973           -1.3       -1.25369          -0.59
7974          -1.31        -1.2537         -0.585
7975          -1.26        -1.2537          -0.55
7976          -1.27        -1.2537         -0.595
7977          -1.29       -1.25371          -0.56
7978          -1.33       -1.25371         -0.595
7979          -1.35       -1.25373          -0.61
7980          -1.33       -1.25374          -0.61
7981          -1.17       -1.25373          -0.57
7982          -1.11       -1.25371         -0.545
7983          -1.11       -1.25369          -0.56
7984          -1.07       -1.25367          -0.54
7985          -1.08       -1.25365         -0.475
7986          -1.11       -1.25363          -0.45
7987          -1.16       -1.25362          -0.45
7988          -1.24       -1.25361          -0.45
7989          -1.14        -1.2536          -0.43
7990          -1.25        -1.2536         -0.395
7991          -1.17       -1.25359          -0.28
7992          -1.11       -1.25357         -0.265
7993          -0.99       -1.25354         -0.285
7994          -0.99        -1.2535         -0.285
7995          -0.95       -1.25347         -0.275
7996          -0.95       -1.25343         -0.245
7997          -1.06        -1.2534           -0.3
7998           -1.2        -1.2534          -0.38
7999          -1.26        -1.2534          -0.32
8000          -1.32       -1.25341         -0.365
8001          -1.24       -1.25341          -0.31
8002          -1.24        -1.2534         -0.225
8003           -1.2        -1.2534          -0.29
8004          -1.13       -1.25338          -0.34
8005          -1.27       -1.25338          -0.37
8006           -1.3       -1.25339         -0.395
8007          -1.27       -1.25339         -0.485
8008          -1.34        -1.2534          -0.42
8009          -1.22        -1.2534          -0.42
8010          -1.22       -1.25339          -0.44
8011           -1.2       -1.25339         -0.515
8012          -1.25       -1.25339         -0.585
8013          -1.36        -1.2534          -0.69
8014          -1.49       -1.25343         -0.725
8015          -1.39       -1.25345          -0.72
8016          -1.39       -1.25346          -0.74
8017          -1.46       -1.25349         -0.755
8018          -1.36        -1.2535          -0.71
8019          -1.36       -1.25352         -0.705
8020          -1.39       -1.25353         -0.725
8021          -1.45       -1.25356          -0.75
8022          -1.57        -1.2536          -0.84
8023          -1.47       -1.25362         -0.785
8024          -1.36       -1.25364          -0.74
8025          -1.36       -1.25365          -0.74
8026          -1.23       -1.25365         -0.655
8027          -1.22       -1.25364         -0.655
8028          -1.29       -1.25365         -0.635
8029          -1.19       -1.25364          -0.58
8030          -1.07       -1.25362          -0.49
8031           -1.1        -1.2536          -0.48
8032          -1.07       -1.25358          -0.52
8033          -1.17       -1.25356         -0.505
8034          -1.33       -1.25357          -0.59
8035          -1.41       -1.25359          -0.61
8036          -1.42       -1.25361         -0.635
8037          -1.47       -1.25364          -0.65
8038          -1.33       -1.25365         -0.655
8039          -1.41       -1.25367         -0.715
8040          -1.35       -1.25368          -0.67
8041           -1.4        -1.2537          -0.64
8042          -1.36       -1.25371         -0.605
8043          -1.25       -1.25371          -0.55
8044          -1.26       -1.25371          -0.53
8045          -1.36       -1.25373         -0.595
8046          -1.22       -1.25372         -0.565
8047          -1.45       -1.25375         -0.605
8048          -1.39       -1.25376         -0.585
8049          -1.37       -1.25378         -0.585
8050          -1.16       -1.25377          -0.54
8051          -1.19       -1.25376         -0.535
8052          -1.18       -1.25375          -0.58
8053          -1.17       -1.25374         -0.565
8054          -1.16       -1.25373          -0.57
8055          -1.05        -1.2537         -0.465
8056          -1.12       -1.25369          -0.36
8057           -1.2       -1.25368          -0.36
8058          -1.12       -1.25366           -0.4
8059          -1.02       -1.25363          -0.27
8060          -1.06       -1.25361           -0.2
8061          -1.04       -1.25358         -0.215
8062          -1.13       -1.25357          -0.22
8063          -1.14       -1.25355          -0.32
8064          -1.08       -1.25353         -0.335
8065           -1.1       -1.25351         -0.405
8066          -1.06       -1.25349         -0.365
8067          -1.01       -1.25346         -0.365
8068          -1.03       -1.25343         -0.445
8069          -1.08       -1.25341          -0.56
8070          -1.12       -1.25339         -0.565
8071          -1.24       -1.25339          -0.64
8072          -1.42       -1.25341         -0.655
8073          -1.44       -1.25344         -0.725
8074          -1.41       -1.25346          -0.75
8075          -1.43       -1.25348         -0.805
8076          -1.42        -1.2535         -0.795
8077          -1.36       -1.25351          -0.77
8078          -1.24       -1.25351           -0.7
8079          -1.42       -1.25353         -0.775
8080          -1.49       -1.25356         -0.835
8081          -1.49       -1.25359          -0.78
8082          -1.41       -1.25361         -0.735
8083          -1.32       -1.25362         -0.645
8084           -1.3       -1.25362         -0.645
8085          -1.29       -1.25363         -0.645
8086          -1.31       -1.25363         -0.705
8087          -1.34       -1.25364          -0.67
8088          -1.21       -1.25364         -0.635
8089          -1.32       -1.25365          -0.65
8090          -1.33       -1.25366         -0.665
8091          -1.43       -1.25368         -0.665
8092          -1.34       -1.25369         -0.675
8093          -1.18       -1.25368         -0.615
8094          -1.32       -1.25369         -0.675
8095          -1.15       -1.25367         -0.575
8096          -1.19       -1.25367          -0.54
8097          -1.24       -1.25367          -0.66
8098          -1.17       -1.25365          -0.68
8099          -1.23       -1.25365         -0.675
8100          -1.21       -1.25365         -0.645
8101          -1.34       -1.25366          -0.69
8102          -1.34       -1.25367         -0.695
8103          -1.41       -1.25369          -0.73
8104          -1.48       -1.25371          -0.73
8105          -1.45       -1.25374         -0.725
8106          -1.53       -1.25377          -0.74
8107          -1.43        -1.2538         -0.745
8108          -1.37       -1.25381         -0.705
8109          -1.35       -1.25382         -0.705
8110          -1.38       -1.25384         -0.675
8111          -1.42       -1.25386         -0.685
8112           -1.4       -1.25388         -0.645
8113          -1.24       -1.25387         -0.595
8114          -1.27       -1.25388          -0.61
8115          -1.32       -1.25388          -0.59
8116          -1.18       -1.25387         -0.515
8117          -1.22       -1.25387          -0.55
8118          -1.23       -1.25387          -0.51
8119           -1.4       -1.25389          -0.55
8120          -1.31       -1.25389          -0.55
8121          -1.28        -1.2539          -0.55
8122          -1.33        -1.2539          -0.61
8123          -1.24        -1.2539          -0.53
8124          -1.24        -1.2539          -0.53
8125          -1.34       -1.25391          -0.55
8126          -1.32       -1.25392           -0.6
8127          -1.36       -1.25393         -0.605
8128          -1.34       -1.25394           -0.6
8129          -1.33       -1.25395         -0.635
8130          -1.25       -1.25395          -0.64
8131          -1.24       -1.25395         -0.675
8132          -1.36       -1.25396         -0.725
8133          -1.48       -1.25399          -0.78
8134          -1.33         -1.254          -0.72
8135          -1.35       -1.25401         -0.715
8136          -1.31       -1.25402          -0.66
8137          -1.26       -1.25402         -0.615
8138          -1.31       -1.25403          -0.66
8139          -1.22       -1.25402         -0.665
8140          -1.25       -1.25402          -0.64
8141           -1.2       -1.25402          -0.61
8142          -1.31       -1.25402          -0.66
8143          -1.21       -1.25402          -0.67
8144          -1.39       -1.25403         -0.665
8145          -1.41       -1.25405         -0.715
8146          -1.32       -1.25406         -0.705
8147          -1.33       -1.25407         -0.695
8148          -1.38       -1.25409          -0.69
8149          -1.35        -1.2541         -0.685
8150          -1.33       -1.25411          -0.68
8151          -1.42       -1.25413          -0.71
8152          -1.39       -1.25414         -0.725
8153          -1.45       -1.25417         -0.795
8154          -1.36       -1.25418          -0.72
8155           -1.4        -1.2542         -0.715
8156          -1.38       -1.25421          -0.69
8157          -1.18       -1.25421         -0.605
8158          -1.23        -1.2542          -0.58
8159          -1.24        -1.2542          -0.56
8160          -1.32       -1.25421          -0.57
8161          -1.32       -1.25422         -0.505
8162          -1.27       -1.25422         -0.475
8163          -1.19       -1.25421          -0.43
8164          -1.18        -1.2542          -0.39
8165          -1.19       -1.25419         -0.455
8166          -1.29        -1.2542         -0.515
8167          -1.24        -1.2542         -0.535
8168          -1.25        -1.2542         -0.555
8169          -1.36       -1.25421          -0.62
8170          -1.45       -1.25423         -0.685
8171          -1.27       -1.25424         -0.625
8172          -1.32       -1.25424         -0.695
8173          -1.36       -1.25426         -0.655
8174          -1.29       -1.25426          -0.58
8175          -1.24       -1.25426          -0.56
8176          -1.28       -1.25426          -0.61
8177          -1.25       -1.25426          -0.63
8178          -1.19       -1.25425         -0.555
8179          -1.41       -1.25427         -0.645
8180          -1.32       -1.25428          -0.55
8181          -1.42        -1.2543          -0.58
8182          -1.28        -1.2543         -0.625
8183          -1.26        -1.2543           -0.6
8184          -1.27       -1.25431          -0.57
8185           -1.3       -1.25431         -0.605
8186          -1.27       -1.25431          -0.56
8187          -1.23       -1.25431         -0.565
8188          -1.28       -1.25431         -0.575
8189          -1.24       -1.25431         -0.625
8190          -1.27       -1.25431         -0.655
8191          -1.23       -1.25431           -0.6
8192          -1.23       -1.25431         -0.545
8193           -1.2        -1.2543          -0.55
8194          -1.29       -1.25431          -0.61
8195          -1.24        -1.2543          -0.63
8196          -1.28       -1.25431          -0.63
8197          -1.35       -1.25432         -0.625
8198          -1.29       -1.25432         -0.575
8199          -1.28       -1.25433         -0.585
8200          -1.25       -1.25433          -0.58
8201          -1.27       -1.25433         -0.575
8202          -1.06        -1.2543         -0.485
8203          -1.08       -1.25428         -0.425
8204          -1.03       -1.25426          -0.32
8205          -1.15       -1.25424          -0.38
8206          -1.31       -1.25425          -0.41
8207          -1.18       -1.25424          -0.41
8208          -1.19       -1.25423           -0.4
8209          -1.25       -1.25423          -0.48
8210           -1.2       -1.25423         -0.485
8211           -1.2       -1.25422         -0.505
8212          -1.25       -1.25422         -0.445
8213          -1.31       -1.25423          -0.48
8214          -1.29       -1.25423         -0.525
8215          -1.39       -1.25425         -0.565
8216          -1.23       -1.25424         -0.445
8217          -1.27       -1.25425         -0.435
8218           -1.4       -1.25426         -0.505
8219          -1.32       -1.25427         -0.495
8220          -1.26       -1.25427         -0.375
8221          -1.32       -1.25428         -0.405
8222          -1.39        -1.2543          -0.47
8223           -1.3        -1.2543          -0.43
8224          -1.32       -1.25431          -0.49
8225          -1.42       -1.25433         -0.555
8226          -1.35       -1.25434          -0.51
8227          -1.25       -1.25434         -0.375
8228          -1.15       -1.25433          -0.32
8229          -1.12       -1.25431         -0.275
8230           -1.2       -1.25431         -0.335
8231          -1.29       -1.25431          -0.45
8232           -1.2        -1.2543         -0.505
8233          -1.32       -1.25431           -0.5
8234          -1.41       -1.25433         -0.575
8235          -1.44       -1.25435         -0.575
8236          -1.37       -1.25437          -0.53
8237          -1.33       -1.25438         -0.405
8238          -1.27       -1.25438          -0.47
8239          -1.25       -1.25438          -0.46
8240           -1.4        -1.2544          -0.53
8241          -1.28        -1.2544          -0.55
8242          -1.35       -1.25441           -0.6
8243          -1.32       -1.25442         -0.645
8244          -1.36       -1.25443          -0.58
8245          -1.49       -1.25446         -0.625
8246          -1.37       -1.25447         -0.615
8247          -1.39       -1.25449         -0.655
8248          -1.29       -1.25449          -0.63
8249           -1.4       -1.25451          -0.65
8250          -1.33       -1.25452         -0.615
8251          -1.19       -1.25451         -0.625
8252          -1.31       -1.25452          -0.66
8253          -1.21       -1.25451           -0.6
8254          -1.21       -1.25451         -0.585
8255          -1.24       -1.25451         -0.555
8256          -1.27       -1.25451          -0.58
8257          -1.36       -1.25452         -0.635
8258          -1.38       -1.25454         -0.595
8259          -1.25       -1.25454         -0.525
8260          -1.17       -1.25453          -0.45
8261          -1.15       -1.25451          -0.43
8262          -1.25       -1.25451         -0.395
8263          -1.27       -1.25451          -0.36
8264          -1.28       -1.25452         -0.395
8265           -1.4       -1.25454         -0.395
8266          -1.39       -1.25455          -0.44
8267          -1.15       -1.25454         -0.405
8268          -1.24       -1.25454         -0.405
8269           -1.2       -1.25453          -0.38
8270          -1.22       -1.25453          -0.41
8271          -1.09       -1.25451          -0.38
8272          -1.11       -1.25449          -0.43
8273           -1.1       -1.25447         -0.435
8274          -1.08       -1.25445         -0.565
8275          -1.11       -1.25443         -0.615
8276          -1.34       -1.25444          -0.74
8277           -1.5       -1.25447          -0.77
8278          -1.47        -1.2545         -0.775
8279          -1.31        -1.2545         -0.715
8280          -1.22        -1.2545         -0.645
8281          -1.18       -1.25449         -0.565
8282          -1.18       -1.25448         -0.585
8283           -1.3       -1.25449          -0.63
8284          -1.35        -1.2545         -0.735
8285           -1.4       -1.25452          -0.79
8286          -1.36       -1.25453         -0.765
8287          -1.52       -1.25456          -0.82
8288          -1.48       -1.25459         -0.795
8289          -1.52       -1.25462         -0.835
8290          -1.55       -1.25466         -0.835
8291          -1.45       -1.25468          -0.79
8292           -1.4        -1.2547         -0.765
8293          -1.46       -1.25472          -0.81
8294          -1.49       -1.25475          -0.82
8295          -1.36       -1.25476          -0.75
8296          -1.51       -1.25479         -0.805
8297          -1.39       -1.25481         -0.765
8298          -1.38       -1.25483         -0.755
8299          -1.52       -1.25486         -0.815
8300          -1.53       -1.25489         -0.835
8301          -1.46       -1.25492          -0.77
8302           -1.4       -1.25493         -0.725
8303          -1.43       -1.25495         -0.735
8304          -1.36       -1.25497          -0.68
8305          -1.38       -1.25498          -0.67
8306          -1.36       -1.25499         -0.675
8307          -1.38       -1.25501          -0.73
8308          -1.38       -1.25502          -0.73
8309          -1.29       -1.25503         -0.725
8310          -1.44       -1.25505          -0.76
8311          -1.42       -1.25507         -0.765
8312          -1.46        -1.2551         -0.795
8313          -1.46       -1.25512         -0.795
8314          -1.47       -1.25515          -0.78
8315          -1.47       -1.25517          -0.78
8316           -1.3       -1.25518          -0.71
8317          -1.29       -1.25518         -0.685
8318          -1.22       -1.25518         -0.695
8319          -1.34       -1.25519         -0.715
8320          -1.51       -1.25522          -0.78
8321          -1.51       -1.25525          -0.79
8322          -1.57       -1.25529         -0.805
8323          -1.47       -1.25531          -0.79
8324          -1.34       -1.25532         -0.715
8325          -1.43       -1.25534          -0.78
8326          -1.43       -1.25536         -0.745
8327          -1.46       -1.25539         -0.745
8328          -1.49       -1.25542         -0.805
8329          -1.53       -1.25545         -0.815
8330           -1.5       -1.25548          -0.83
8331          -1.52       -1.25551         -0.825
8332          -1.34       -1.25552         -0.775
8333          -1.51       -1.25555         -0.805
8334          -1.44       -1.25557          -0.76
8335          -1.44        -1.2556         -0.775
8336          -1.46       -1.25562          -0.81
8337          -1.48       -1.25565         -0.745
8338          -1.52       -1.25568          -0.78
8339          -1.55       -1.25571         -0.785
8340          -1.52       -1.25575          -0.77
8341          -1.32       -1.25575         -0.695
8342          -1.38       -1.25577          -0.75
8343          -1.55        -1.2558         -0.805
8344          -1.55       -1.25584         -0.775
8345           -1.4       -1.25586         -0.745
8346          -1.46       -1.25588          -0.74
8347           -1.5       -1.25591         -0.795
8348          -1.49       -1.25594          -0.81
8349          -1.55       -1.25597          -0.86
8350          -1.43       -1.25599         -0.785
8351          -1.42       -1.25601         -0.785
8352          -1.48       -1.25604         -0.815
8353          -1.43       -1.25606          -0.77
8354          -1.46       -1.25609          -0.77
8355          -1.48       -1.25611          -0.76
8356          -1.39       -1.25613         -0.735
8357          -1.37       -1.25614          -0.77
8358          -1.46       -1.25617          -0.76
8359           -1.5        -1.2562          -0.77
8360          -1.44       -1.25622          -0.79
8361          -1.47       -1.25624         -0.805
8362          -1.54       -1.25628           -0.8
8363          -1.44        -1.2563         -0.795
8364          -1.43       -1.25632           -0.8
8365          -1.35       -1.25633          -0.74
8366          -1.26       -1.25633          -0.72
8367          -1.25       -1.25633          -0.71
8368          -1.17       -1.25632         -0.655
8369           -1.2       -1.25631         -0.675
8370          -1.31       -1.25632         -0.745
8371          -1.36       -1.25633          -0.74
8372          -1.25       -1.25633         -0.675
8373          -1.32       -1.25634         -0.705
8374          -1.19       -1.25633          -0.68
8375          -1.35       -1.25634          -0.69
8376          -1.32       -1.25635          -0.69
8377          -1.41       -1.25637         -0.725
8378          -1.43       -1.25639          -0.78
8379          -1.44       -1.25641         -0.765
8380          -1.27       -1.25641           -0.6
8381          -1.15        -1.2564         -0.595
8382          -1.19       -1.25639          -0.54
8383          -1.22       -1.25639         -0.605
8384          -1.24       -1.25639          -0.64
8385          -1.24       -1.25638          -0.64
8386           -1.3       -1.25639           -0.7
8387          -1.34        -1.2564         -0.675
8388          -1.31       -1.25641         -0.625
8389           -1.3       -1.25641         -0.605
8390          -1.28       -1.25641          -0.57
8391          -1.24       -1.25641          -0.58
8392          -1.15        -1.2564          -0.56
8393          -1.22        -1.2564          -0.63
8394          -1.24       -1.25639          -0.63
8395          -1.25       -1.25639          -0.66
8396          -1.46       -1.25642         -0.765
8397          -1.36       -1.25643         -0.715
8398          -1.32       -1.25644         -0.645
8399          -1.34       -1.25645          -0.67
8400           -1.4       -1.25646         -0.705
8401          -1.35       -1.25647          -0.74
8402           -1.3       -1.25648         -0.725
8403          -1.32       -1.25649         -0.725
8404          -1.42       -1.25651         -0.785
8405          -1.49       -1.25653         -0.825
8406          -1.39       -1.25655           -0.8
8407           -1.2       -1.25654          -0.68
8408          -1.11       -1.25653         -0.545
8409          -1.17       -1.25652          -0.58
8410          -1.28       -1.25652         -0.605
8411          -1.16       -1.25651         -0.575
8412          -1.24       -1.25651          -0.53
8413          -1.17        -1.2565         -0.485
8414          -1.22       -1.25649          -0.53
8415          -1.16       -1.25648          -0.56
8416          -1.16       -1.25647          -0.56
8417          -1.22       -1.25646         -0.515
8418          -1.21       -1.25646         -0.545
8419          -1.34       -1.25647         -0.665
8420          -1.35       -1.25648         -0.685
8421          -1.37       -1.25649         -0.655
8422           -1.3        -1.2565         -0.675
8423          -1.32       -1.25651          -0.66
8424          -1.13       -1.25649          -0.55
8425          -1.22       -1.25649         -0.535
8426          -1.31       -1.25649         -0.575
8427          -1.35        -1.2565          -0.58
8428          -1.29       -1.25651         -0.575
8429          -1.23        -1.2565         -0.505
8430          -1.22        -1.2565          -0.57
8431           -1.3        -1.2565          -0.61
8432          -1.25        -1.2565         -0.575
8433          -1.17       -1.25649         -0.525
8434          -1.22       -1.25649         -0.535
8435          -1.36        -1.2565          -0.58
8436          -1.23        -1.2565           -0.6
8437           -1.3        -1.2565          -0.63
8438           -1.3       -1.25651         -0.645
8439          -1.45       -1.25653          -0.71
8440          -1.26       -1.25653         -0.625
8441          -1.44       -1.25655          -0.72
8442           -1.4       -1.25657          -0.68
8443          -1.49        -1.2566          -0.72
8444           -1.4       -1.25662         -0.775
8445          -1.41       -1.25663         -0.785
8446          -1.45       -1.25666         -0.775
8447          -1.44       -1.25668          -0.75
8448          -1.46        -1.2567          -0.74
8449          -1.26        -1.2567         -0.675
8450          -1.16       -1.25669         -0.655
8451           -1.4       -1.25671          -0.69
8452           -1.4       -1.25673         -0.635
8453          -1.33       -1.25673         -0.625
8454          -1.31       -1.25674         -0.605
8455           -1.3       -1.25675          -0.64
8456          -1.27       -1.25675           -0.7
8457          -1.34       -1.25676         -0.675
8458          -1.25       -1.25676          -0.67
8459           -1.5       -1.25678          -0.71
8460          -1.43       -1.25681         -0.745
8461           -1.5       -1.25683         -0.765
8462          -1.44       -1.25686          -0.74
8463          -1.54       -1.25689         -0.805
8464          -1.48       -1.25692          -0.76
8465          -1.43       -1.25694         -0.745
8466          -1.45       -1.25696         -0.735
8467           -1.5       -1.25699         -0.755
8468          -1.42       -1.25701         -0.705
8469          -1.34       -1.25702         -0.725
8470           -1.2       -1.25701         -0.685
8471          -1.25       -1.25701         -0.675
8472          -1.19         -1.257          -0.63
8473          -1.26         -1.257          -0.61
8474          -1.22         -1.257         -0.605
8475          -1.26         -1.257         -0.605
8476          -1.23       -1.25699          -0.61
8477           -1.3         -1.257          -0.68
8478          -1.26         -1.257         -0.625
8479          -1.24         -1.257          -0.65
8480           -1.2       -1.25699         -0.615
8481          -1.29       -1.25699         -0.645
8482          -1.32         -1.257         -0.705
8483          -1.38       -1.25702         -0.685
8484          -1.34       -1.25703         -0.715
8485          -1.31       -1.25703         -0.745
8486          -1.36       -1.25704         -0.755
8487          -1.43       -1.25707          -0.76
8488          -1.45       -1.25709          -0.77
8489          -1.44       -1.25711         -0.795
8490          -1.42       -1.25713         -0.815
8491          -1.51       -1.25716          -0.84
8492          -1.49       -1.25719           -0.8
8493          -1.62       -1.25723         -0.835
8494          -1.53       -1.25726          -0.82
8495          -1.54       -1.25729         -0.805
8496          -1.36       -1.25731         -0.745
8497           -1.4       -1.25732          -0.74
8498          -1.29       -1.25733          -0.71
8499          -1.48       -1.25735         -0.765
8500          -1.57       -1.25739          -0.81
8501          -1.51       -1.25742          -0.84
8502           -1.5       -1.25745          -0.83
8503          -1.48       -1.25747         -0.825
8504          -1.46        -1.2575         -0.825
8505          -1.39       -1.25751         -0.795
8506          -1.29       -1.25752          -0.72
8507          -1.13        -1.2575          -0.66
8508          -1.32       -1.25751          -0.65
8509          -1.28       -1.25751          -0.67
8510          -1.23       -1.25751          -0.57
8511          -1.17        -1.2575          -0.51
8512          -1.17       -1.25749          -0.51
8513          -1.22       -1.25748         -0.535
8514          -1.16       -1.25747         -0.485
8515          -1.29       -1.25748         -0.525
8516          -1.26       -1.25748          -0.54
8517          -1.34       -1.25749          -0.56
8518          -1.25       -1.25749          -0.48
8519          -1.19       -1.25748          -0.47
8520          -1.17       -1.25747          -0.44
8521          -1.15       -1.25745          -0.36
8522          -1.18       -1.25745          -0.39
8523          -1.06       -1.25742         -0.395
8524          -1.14       -1.25741         -0.305
8525          -1.22        -1.2574         -0.335
8526          -1.16       -1.25739         -0.285
8527          -1.09       -1.25737         -0.335
8528          -1.17       -1.25736         -0.355
8529          -1.15       -1.25735         -0.315
8530          -1.13       -1.25734         -0.365
8531          -1.11       -1.25732          -0.38
8532           -1.2       -1.25731         -0.415
8533          -1.21       -1.25731         -0.455
8534           -1.1       -1.25729         -0.385
8535          -1.01       -1.25726          -0.34
8536          -1.03       -1.25723         -0.355
8537          -1.03       -1.25721          -0.34
8538          -1.12       -1.25719           -0.4
8539          -1.12       -1.25717         -0.415
8540          -1.05       -1.25715          -0.42
8541          -1.11       -1.25713         -0.345
8542          -1.06       -1.25711          -0.32
8543          -1.15        -1.2571         -0.335
8544          -1.17       -1.25709         -0.295
8545          -0.97       -1.25705         -0.225
8546          -1.12       -1.25704         -0.235
8547          -1.15       -1.25702         -0.275
8548          -1.02         -1.257         -0.275
8549          -1.05       -1.25697         -0.315
8550          -1.19       -1.25696         -0.415
8551          -1.08       -1.25694          -0.34
8552          -1.22       -1.25694         -0.385
8553           -1.1       -1.25692         -0.245
8554             -1       -1.25689          -0.27
8555          -0.91       -1.25685          -0.32
8556          -1.08       -1.25683          -0.29
8557          -1.07       -1.25681          -0.26
8558          -1.17        -1.2568          -0.27
8559          -1.15       -1.25679          -0.27
8560          -1.07       -1.25676          -0.29
8561          -1.09       -1.25674          -0.23
8562          -1.09       -1.25672         -0.185
8563          -1.15       -1.25671         -0.285
8564          -1.23       -1.25671          -0.25
8565          -1.32       -1.25672         -0.185
8566          -1.33       -1.25672         -0.255
8567          -1.19       -1.25672         -0.185
8568          -1.18       -1.25671         -0.205
8569          -1.21        -1.2567         -0.095
8570          -1.27        -1.2567          -0.02
8571          -1.25        -1.2567         -0.085
8572          -1.29       -1.25671          -0.14
8573          -1.19        -1.2567          -0.14
8574          -1.16       -1.25669          -0.06
8575          -1.19       -1.25668         -0.065
8576          -1.18       -1.25667          -0.08
8577          -1.28       -1.25667         -0.025
8578          -1.13       -1.25666          0.035
8579          -1.09       -1.25664           0.03
8580           -1.1       -1.25662          -0.01
8581           -1.1        -1.2566          0.005
8582          -1.07       -1.25658          0.095
8583          -1.15       -1.25657           0.16
8584          -1.18       -1.25656          0.175
8585          -1.18       -1.25655           0.13
8586          -1.12       -1.25654          0.095
8587          -1.16       -1.25652          0.115
8588          -1.06        -1.2565          0.175
8589          -1.13       -1.25649          0.135
8590          -1.18       -1.25648           0.12
8591          -1.13       -1.25646           0.16
8592          -1.04       -1.25644          0.225
8593           -1.1       -1.25642          0.205
8594          -1.16       -1.25641          0.235
8595          -1.06       -1.25639           0.12
8596          -1.12       -1.25637          0.175
8597          -1.06       -1.25635            0.2
8598          -1.22       -1.25634          0.265
8599          -1.04       -1.25632          0.265
8600          -1.08        -1.2563           0.34
8601          -1.02       -1.25627           0.31
8602          -1.08       -1.25625          0.265
8603          -1.16       -1.25624          0.285
8604          -0.96        -1.2562           0.32
8605          -1.06       -1.25618          0.365
8606          -1.03       -1.25615           0.35
8607          -1.03       -1.25613           0.32
8608          -1.06       -1.25611          0.255
8609          -1.02       -1.25608           0.26
8610          -1.01       -1.25605           0.25
8611          -0.94       -1.25601          0.265
8612          -1.16         -1.256          0.285
8613          -1.16       -1.25599          0.245
8614          -1.02       -1.25596          0.165
8615          -1.05       -1.25594          0.225
8616          -0.96        -1.2559          0.145
8617          -0.83       -1.25586          0.075
8618          -1.03       -1.25583          0.035
8619          -1.04        -1.2558          0.105
8620          -1.03       -1.25578          0.075
8621          -1.05       -1.25575           0.01
8622          -1.16       -1.25574            0.1
8623          -1.06       -1.25572           0.12
8624          -1.05        -1.2557           0.22
8625          -0.94       -1.25566          0.195
8626          -0.91       -1.25562           0.19
8627             -1       -1.25559          0.195
8628          -1.07       -1.25557           0.21
8629          -1.12       -1.25555          0.115
8630          -1.12       -1.25554           0.07
8631           -1.1       -1.25552          0.165
8632          -1.16       -1.25551           0.21
8633          -1.07       -1.25549           0.21
8634          -1.05       -1.25546           0.13
8635          -1.03       -1.25544          0.175
8636          -1.16       -1.25543           0.17
8637          -1.08       -1.25541           0.21
8638          -1.21        -1.2554          0.315
8639          -1.21       -1.25539           0.45
8640          -1.31        -1.2554          0.445
8641          -1.25        -1.2554          0.455
8642           -1.2       -1.25539           0.51
8643          -1.28        -1.2554          0.595
8644          -1.31        -1.2554           0.62
8645          -1.35       -1.25541          0.615
8646          -1.33       -1.25542          0.625
8647          -1.25       -1.25542           0.59
8648          -1.21       -1.25542           0.54
8649          -1.23       -1.25541           0.65
8650          -1.36       -1.25543          0.715
8651          -1.29       -1.25543          0.685
8652          -1.31       -1.25544           0.71
8653          -1.24       -1.25543           0.65
8654          -1.17       -1.25542           0.65
8655          -1.19       -1.25542          0.595
8656          -1.21       -1.25541          0.605
8657          -1.33       -1.25542           0.72
8658          -1.32       -1.25543          0.695
8659          -1.31       -1.25543          0.735
8660          -1.34       -1.25544          0.725
8661          -1.49       -1.25547          0.795
8662          -1.45       -1.25549          0.775
8663          -1.39       -1.25551          0.725
8664           -1.5       -1.25554           0.78
8665          -1.46       -1.25556          0.765
8666          -1.56        -1.2556           0.82
8667          -1.52       -1.25563          0.765
8668          -1.43       -1.25565          0.745
8669          -1.45       -1.25567          0.665
8670          -1.38       -1.25568           0.69
8671          -1.52       -1.25571           0.73
8672          -1.33       -1.25572          0.675
8673          -1.34       -1.25573          0.715
8674          -1.35       -1.25574          0.725
8675          -1.12       -1.25573           0.58
8676          -1.14       -1.25571           0.59
8677          -1.28       -1.25572          0.645
8678          -1.26       -1.25572          0.655
8679           -1.3       -1.25572           0.68
8680          -1.17       -1.25571            0.6
8681           -1.3       -1.25572           0.68
8682          -1.27       -1.25572           0.62
8683          -1.33       -1.25573           0.66
8684          -1.38       -1.25574          0.675
8685          -1.32       -1.25575          0.705
8686          -1.26       -1.25575           0.72
8687          -1.32       -1.25576           0.75
8688          -1.33       -1.25577          0.735
8689          -1.41       -1.25578          0.775
8690          -1.44        -1.2558          0.745
8691          -1.41       -1.25582          0.745
8692           -1.2       -1.25582          0.675
8693          -1.33       -1.25582           0.69
8694          -1.29       -1.25583          0.655
8695          -1.37       -1.25584          0.715
8696          -1.41       -1.25586          0.725
8697          -1.45       -1.25588          0.755
8698          -1.47       -1.25591          0.765
8699           -1.3       -1.25591          0.695
8700          -1.25       -1.25591           0.73
8701          -1.44       -1.25593           0.78
8702          -1.43       -1.25595           0.77
8703          -1.52       -1.25598           0.75
8704          -1.57       -1.25602          0.755
8705           -1.5       -1.25605           0.73
8706          -1.53       -1.25608           0.72
8707          -1.37       -1.25609           0.67
8708          -1.25       -1.25609          0.615
8709           -1.2       -1.25608           0.59
8710          -1.21       -1.25608          0.575
8711          -1.21       -1.25607          0.595
8712          -1.39       -1.25609          0.615
8713          -1.48       -1.25611          0.705
8714          -1.51       -1.25614          0.665
8715          -1.47       -1.25617           0.71
8716          -1.34       -1.25618           0.67
8717          -1.22       -1.25617            0.6
8718           -1.2       -1.25617           0.56
8719          -1.22       -1.25616           0.59
8720          -1.29       -1.25617          0.605
8721          -1.42       -1.25619          0.495
8722          -1.35        -1.2562           0.48
8723          -1.22       -1.25619           0.46
8724          -1.15       -1.25618          0.445
8725          -1.23       -1.25618          0.515
8726          -1.13       -1.25616          0.495
8727          -1.16       -1.25615          0.475
8728          -1.07       -1.25613          0.455
8729          -1.09       -1.25611           0.43
8730          -1.09       -1.25609           0.35
8731           -1.1       -1.25607           0.44
8732          -0.97       -1.25604          0.415
8733          -1.15       -1.25603          0.395
8734          -1.24       -1.25603          0.435
8735          -1.32       -1.25603           0.45
8736          -1.33       -1.25604           0.37
8737          -1.26       -1.25604            0.3
8738          -1.21       -1.25604          0.285
8739          -1.23       -1.25604           0.35
8740          -1.17       -1.25603          0.385
8741          -1.26       -1.25603          0.425
8742          -1.24       -1.25602          0.425
8743          -1.16       -1.25601          0.485
8744          -1.13         -1.256           0.43
8745          -1.06       -1.25598          0.495
8746          -1.11       -1.25596           0.54
8747          -1.12       -1.25594          0.505
8748          -1.17       -1.25593            0.5
8749           -1.1       -1.25592           0.51
8750          -1.13        -1.2559          0.485
8751          -1.17       -1.25589          0.555
8752          -1.08       -1.25587          0.565
8753          -1.05       -1.25585          0.465
8754          -1.22       -1.25584          0.455
8755          -1.15       -1.25583          0.365
8756          -1.15       -1.25582           0.38
8757          -1.09        -1.2558          0.405
8758           -1.1       -1.25578           0.37
8759          -1.15       -1.25577          0.325
8760          -1.23       -1.25577          0.415
8761          -1.09       -1.25575          0.365
8762          -1.08       -1.25573          0.325
8763          -1.04       -1.25571           0.35
8764          -1.14       -1.25569          0.415
8765          -1.02       -1.25567          0.295
8766          -1.04       -1.25564           0.29
8767          -1.13       -1.25563          0.275
8768          -1.08       -1.25561           0.32
8769          -1.19        -1.2556          0.305
8770          -1.25        -1.2556            0.3
8771          -1.29        -1.2556           0.36
8772          -1.32       -1.25561          0.325
8773          -1.25       -1.25561           0.35
8774           -1.1       -1.25559          0.295
8775          -1.14       -1.25558           0.28
8776          -1.06       -1.25556           0.31
8777          -1.11       -1.25554          0.375
8778           -1.1       -1.25552           0.36
8779          -0.95       -1.25549           0.34
8780          -0.98       -1.25545           0.28
8781          -0.98       -1.25542           0.41
8782          -1.06        -1.2554          0.475
8783          -1.15       -1.25539          0.495
8784          -1.24       -1.25539          0.545
8785          -1.23       -1.25538          0.525
8786          -1.11       -1.25537           0.42
8787          -1.07       -1.25535          0.415
8788          -1.14       -1.25533          0.365
8789          -1.18       -1.25533           0.23
8790           -1.1       -1.25531          0.215
8791          -1.09       -1.25529          0.135
8792          -1.18       -1.25528          0.105
8793          -1.25       -1.25528           0.25
8794          -1.21       -1.25527          0.315
8795          -1.24       -1.25527           0.36
8796          -1.31       -1.25528            0.4
8797          -1.29       -1.25528           0.44
8798          -1.21       -1.25528          0.485
8799          -1.29       -1.25528          0.475
8800          -1.35       -1.25529           0.54
8801          -1.45       -1.25531           0.59
8802          -1.45       -1.25534          0.615
8803          -1.39       -1.25535          0.585
8804          -1.17       -1.25534          0.505
8805          -1.14       -1.25533          0.435
8806          -1.15       -1.25532           0.39
8807          -1.26       -1.25532          0.405
8808          -1.16       -1.25531           0.33
8809          -1.25       -1.25531          0.335
8810           -1.3       -1.25531           0.34
8811          -1.15        -1.2553          0.275
8812          -1.15       -1.25529           0.22
8813          -1.05       -1.25526          0.165
8814          -1.06       -1.25524           0.12
8815          -1.18       -1.25523           0.07
8816          -1.09       -1.25521           0.01
8817           -1.1        -1.2552           0.03
8818          -1.03       -1.25517          0.055
8819           -1.1       -1.25515           0.01
8820          -1.06       -1.25513           0.03
8821          -1.08       -1.25511         -0.025
8822          -1.17        -1.2551          -0.07
8823          -1.13       -1.25509         -0.005
8824          -0.99       -1.25506         -0.085
8825          -0.96       -1.25502          -0.16
8826          -1.06         -1.255         -0.225
8827          -1.02       -1.25498          -0.17
8828          -1.07       -1.25496          -0.26
8829          -1.08       -1.25494         -0.315
8830          -1.12       -1.25492          -0.26
8831          -1.14       -1.25491           -0.2
8832          -0.91       -1.25487         -0.135
8833          -0.93       -1.25483         -0.085
8834          -0.93       -1.25479          -0.08
8835           -1.1       -1.25478         -0.035
8836          -1.07       -1.25476           0.01
8837          -0.95       -1.25472         -0.065
8838          -0.99       -1.25469          -0.01
8839          -1.04       -1.25467          -0.06
8840          -1.08       -1.25465          -0.06
8841          -1.08       -1.25463           0.02
8842          -1.04        -1.2546          -0.02
8843          -1.01       -1.25458         -0.005
8844             -1       -1.25455          -0.03
8845          -1.08       -1.25453          -0.13
8846          -1.03        -1.2545         -0.105
8847           -1.1       -1.25448          -0.12
8848           -1.2       -1.25448          -0.15
8849          -1.15       -1.25447          -0.12
8850          -1.14       -1.25445          -0.06
8851          -1.11       -1.25444          -0.05
8852          -1.19       -1.25443          -0.13
8853          -1.24       -1.25443          -0.05
8854          -1.15       -1.25442         -0.055
8855           -1.2       -1.25441          0.005
8856          -1.12        -1.2544          0.045
8857          -1.09       -1.25438           0.04
8858          -1.21       -1.25437           0.03
8859          -1.15       -1.25436           0.09
8860          -1.14       -1.25435          0.135
8861          -1.07       -1.25433           0.17
8862          -1.24       -1.25432          0.155
8863          -1.16       -1.25431            0.2
8864          -1.16        -1.2543           0.28
8865          -1.34       -1.25431           0.37
8866          -1.03       -1.25429          0.315
8867          -1.11       -1.25427          0.315
8868          -1.04       -1.25425           0.32
8869          -1.05       -1.25422           0.34
8870          -1.17       -1.25421           0.36
8871          -1.19       -1.25421           0.45
8872          -1.19        -1.2542           0.46
8873          -1.22        -1.2542           0.44
8874          -1.17       -1.25419          0.395
8875          -1.08       -1.25417           0.42
8876          -1.05       -1.25414          0.435
8877           -1.1       -1.25413          0.405
8878          -1.17       -1.25412           0.34
8879           -1.2       -1.25411           0.45
8880          -1.27       -1.25411           0.52
8881          -1.31       -1.25412          0.535
8882          -1.22       -1.25412           0.53
8883          -1.24       -1.25411           0.51
8884          -1.25       -1.25411          0.525
8885          -1.28       -1.25412           0.52
8886           -1.3       -1.25412          0.535
8887          -1.42       -1.25414           0.62
8888          -1.35       -1.25415          0.595
8889           -1.4       -1.25417          0.605
8890          -1.39       -1.25418           0.58
8891          -1.38        -1.2542           0.56
8892          -1.49       -1.25422          0.495
8893          -1.48       -1.25425            0.5
8894          -1.41       -1.25427          0.415
8895           -1.3       -1.25427          0.365
8896          -1.29       -1.25428          0.305
8897          -1.26       -1.25428          0.225
8898          -1.13       -1.25426          0.305
8899           -1.2       -1.25426           0.33
8900          -1.18       -1.25425          0.355
8901          -1.13       -1.25423          0.335
8902          -1.14       -1.25422           0.35
8903          -1.12       -1.25421          0.315
8904          -1.28       -1.25421          0.345
8905           -1.4       -1.25423           0.35
8906          -1.22       -1.25422          0.255
8907          -1.39       -1.25424          0.345
8908          -1.35       -1.25425           0.33
8909          -1.28       -1.25425           0.35
8910          -1.22       -1.25425           0.33
8911          -1.07       -1.25423          0.205
8912          -1.21       -1.25422           0.14
8913          -1.13       -1.25421           0.16
8914          -1.14       -1.25419           0.18
8915           -1.1       -1.25418          0.195
8916          -1.12       -1.25416           0.23
8917          -1.12       -1.25415          0.195
8918          -1.09       -1.25413          0.255
8919          -1.17       -1.25412          0.235
8920          -1.15       -1.25411           0.14
8921          -1.14       -1.25409          0.235
8922           -1.1       -1.25408           0.22
8923          -1.23       -1.25407           0.26
8924          -1.17       -1.25406          0.245
8925          -1.18       -1.25406           0.23
8926          -1.09       -1.25404           0.13
8927          -1.11       -1.25402          0.055
8928          -1.18       -1.25401          0.065
8929          -1.02       -1.25399          0.045
8930          -1.06       -1.25397          0.025
8931          -1.19       -1.25396          0.085
8932          -1.15       -1.25395          0.125
8933          -1.21       -1.25394          0.225
8934          -1.11       -1.25393           0.19
8935          -1.18       -1.25392          0.175
8936          -1.26       -1.25392          0.195
8937          -1.28       -1.25392           0.23
8938          -1.28       -1.25392           0.31
8939           -1.3       -1.25393          0.305
8940           -1.3       -1.25393           0.27
8941          -1.26       -1.25394          0.195
8942          -1.28       -1.25394          0.215
8943          -1.32       -1.25395           0.29
8944          -1.07       -1.25393           0.19
8945          -1.05        -1.2539          0.185
8946          -1.04       -1.25388          0.195
8947           -0.9       -1.25384          0.055
8948          -0.95        -1.2538          0.005
8949          -1.03       -1.25378         -0.025
8950          -1.12       -1.25376         -0.015
8951          -1.16       -1.25375           0.01
8952          -1.18       -1.25375              0
8953          -1.21       -1.25374           0.02
8954          -1.05       -1.25372          -0.03
8955          -1.07        -1.2537           0.02
8956          -1.12       -1.25368          0.025
8957          -1.18       -1.25367           0.15
8958          -1.12       -1.25366          0.075
8959          -1.06       -1.25364           0.08
8960          -1.09       -1.25362          0.075
8961          -1.05        -1.2536          0.075
8962          -1.14       -1.25358           0.01
8963          -1.18       -1.25358          0.015
8964          -1.11       -1.25356         -0.025
8965             -1       -1.25353          0.015
8966          -0.92        -1.2535         -0.035
8967          -0.92       -1.25346         -0.045
8968             -1       -1.25343          -0.07
8969          -1.16       -1.25342         -0.045
8970          -1.11        -1.2534          -0.09
8971           -1.2        -1.2534         -0.155
8972          -1.11       -1.25338          -0.21
8973          -1.09       -1.25336          -0.21
8974          -1.18       -1.25335          -0.19
8975          -1.24       -1.25335         -0.265
8976          -1.09       -1.25334          -0.32
8977          -1.11       -1.25332         -0.285
8978          -1.04        -1.2533         -0.315
8979          -1.05       -1.25327         -0.265
8980          -1.05       -1.25325          -0.19
8981          -1.11       -1.25323          -0.27
8982          -1.17       -1.25322          -0.35
8983          -1.27       -1.25323         -0.365
8984          -1.31       -1.25323         -0.385
8985          -1.23       -1.25323         -0.335
8986          -1.35       -1.25324          -0.42
8987          -1.34       -1.25325         -0.405
8988          -1.35       -1.25326         -0.415
8989           -1.2       -1.25326         -0.365
8990          -1.22       -1.25325           -0.4
8991           -1.2       -1.25325          -0.44
8992          -1.27       -1.25325           -0.5
8993          -1.36       -1.25326          -0.46
8994          -1.31       -1.25327          -0.44
8995           -1.4       -1.25328          -0.45
8996          -1.38        -1.2533         -0.455
8997          -1.18       -1.25329          -0.48
8998          -1.11       -1.25327         -0.445
8999          -1.17       -1.25326         -0.435
