time                          relative_error                
0.000000000000000e+00         0.000000000000000e+00         
1.250000000000000e-02         1.814658183279509e-04         
2.500000000000000e-02         3.628224917787265e-04         
3.750000000000001e-02         5.438884141206166e-04         
5.000000000000000e-02         7.244841581211315e-04         
6.250000000000000e-02         9.044336001784852e-04         
7.500000000000001e-02         1.083564998801507e-03         
8.750000000000001e-02         1.261712012869380e-03         
1.000000000000000e-01         1.438714647066817e-03         
1.125000000000000e-01         1.614420113615034e-03         
1.250000000000000e-01         1.788683601351415e-03         
1.375000000000000e-01         1.961368945276072e-03         
1.500000000000000e-01         2.132349191810674e-03         
1.625000000000000e-01         2.301507057150125e-03         
1.750000000000000e-01         2.468735278138303e-03         
1.875000000000000e-01         2.633936857048749e-03         
2.000000000000000e-01         2.797025203418642e-03         
2.125000000000000e-01         2.957924177649535e-03         
2.250000000000000e-01         3.116568042414808e-03         
2.375000000000000e-01         3.272901329009926e-03         
2.500000000000000e-01         3.426878626592704e-03         
2.625000000000000e-01         3.578464302858158e-03         
2.750000000000000e-01         3.727632165016377e-03         
2.875000000000000e-01         3.874365070072229e-03         
3.000000000000000e-01         4.018654493319486e-03         
3.125000000000000e-01         4.160500063711747e-03         
3.250000000000000e-01         4.299909074384583e-03         
3.375000000000000e-01         4.436895976079857e-03         
3.500000000000000e-01         4.571481860636610e-03         
3.625000000000000e-01         4.703693941049983e-03         
3.750000000000000e-01         4.833565033901062e-03         
3.875000000000000e-01         4.961133049250380e-03         
4.000000000000000e-01         5.086440492382361e-03         
4.125000000000000e-01         5.209533981092326e-03         
4.250000000000000e-01         5.330463781551192e-03         
4.375000000000000e-01         5.449283365164702e-03         
4.500000000000000e-01         5.566048988268695e-03         
4.625000000000000e-01         5.680819295986934e-03         
4.750000000000000e-01         5.793654951106026e-03         
4.875000000000000e-01         5.904618288415805e-03         
5.000000000000000e-01         6.013772994601591e-03         
5.125000000000001e-01         6.121183813473043e-03         
5.250000000000000e-01         6.226916276053773e-03         
5.375000000000000e-01         6.331036454848845e-03         
5.500000000000000e-01         6.433610741436209e-03         
5.625000000000000e-01         6.534705646395484e-03         
5.750000000000001e-01         6.634387620494647e-03         
5.875000000000000e-01         6.732722895982601e-03         
6.000000000000001e-01         6.829777346795961e-03         
6.125000000000000e-01         6.925616366468297e-03         
6.250000000000000e-01         7.020304762527626e-03         
6.375000000000001e-01         7.113906666183390e-03         
6.500000000000000e-01         7.206485456128409e-03         
6.625000000000001e-01         7.298103695320662e-03         
6.750000000000000e-01         7.388823079651358e-03         
6.875000000000000e-01         7.478704397457296e-03         
7.000000000000001e-01         7.567807498889121e-03         
7.125000000000000e-01         7.656191274203496e-03         
7.250000000000001e-01         7.743913640105961e-03         
7.375000000000000e-01         7.831031533328042e-03         
7.500000000000000e-01         7.917600910682852e-03         
7.625000000000001e-01         8.003676754896690e-03         
7.750000000000000e-01         8.089313085573077e-03         
7.875000000000001e-01         8.174562974695590e-03         
8.000000000000000e-01         8.259478566128348e-03         
8.125000000000000e-01         8.344111098621685e-03         
8.250000000000001e-01         8.428510931873566e-03         
8.375000000000000e-01         8.512727575244272e-03         
8.500000000000001e-01         8.596809718757072e-03         
8.625000000000000e-01         8.680805266059742e-03         
8.750000000000000e-01         8.764761369051886e-03         
8.875000000000001e-01         8.848724463919820e-03         
9.000000000000000e-01         8.932740308345847e-03         
9.125000000000001e-01         9.016854019689418e-03         
9.250000000000000e-01         9.101110113960935e-03         
9.375000000000000e-01         9.185552545431540e-03         
9.500000000000001e-01         9.270224746744595e-03         
9.625000000000000e-01         9.355169669413159e-03         
9.750000000000001e-01         9.440429824601991e-03         
9.875000000000000e-01         9.526047324115111e-03         
1.000000000000000e+00         9.612063921515241e-03         
1.012500000000000e+00         9.698521053323146e-03         
1.025000000000000e+00         9.785459880249358e-03         
1.037500000000000e+00         9.872921328425922e-03         
1.050000000000000e+00         9.960946130612745e-03         
1.062500000000000e+00         1.004957486736223e-02         
1.075000000000000e+00         1.013884800813389e-02         
1.087500000000000e+00         1.022880595235836e-02         
1.100000000000000e+00         1.031948907045122e-02         
1.112500000000000e+00         1.041093774479243e-02         
1.125000000000000e+00         1.050319241067989e-02         
1.137500000000000e+00         1.059629359728076e-02         
1.150000000000000e+00         1.069028196860171e-02         
1.162500000000000e+00         1.078519836450497e-02         
1.175000000000000e+00         1.088108384179773e-02         
1.187500000000000e+00         1.097797971543324e-02         
1.200000000000000e+00         1.107592759985138e-02         
1.212500000000000e+00         1.117496945050016e-02         
1.225000000000000e+00         1.127514760557690e-02         
1.237500000000000e+00         1.137650482802958e-02         
1.250000000000000e+00         1.147908434786098e-02         
1.262500000000000e+00         1.158292990477805e-02         
1.275000000000000e+00         1.168808579123572e-02         
1.287500000000000e+00         1.179459689591786e-02         
1.300000000000000e+00         1.190250874770445e-02         
1.312500000000000e+00         1.201186756017115e-02         
1.325000000000000e+00         1.212272027667457e-02         
1.337500000000000e+00         1.223511461606695e-02         
1.350000000000000e+00         1.234909911909496e-02         
1.362500000000000e+00         1.246472319553081e-02         
1.375000000000000e+00         1.258203717208614e-02         
1.387500000000000e+00         1.270109234116012e-02         
1.400000000000000e+00         1.282194101047160e-02         
1.412500000000000e+00         1.294463655362726e-02         
1.425000000000000e+00         1.306923346167232e-02         
1.437500000000000e+00         1.319578739567695e-02         
1.450000000000000e+00         1.332435524040552e-02         
1.462500000000000e+00         1.345499515911342e-02         
1.475000000000000e+00         1.358776664952359e-02         
1.487500000000000e+00         1.372273060101959e-02         
1.500000000000000e+00         1.385994935310435e-02         
1.512500000000000e+00         1.399948675515935e-02         
1.525000000000000e+00         1.414140822754470e-02         
1.537500000000000e+00         1.428578082407131e-02         
1.550000000000000e+00         1.443267329587491e-02         
1.562500000000000e+00         1.458215615671822e-02         
1.575000000000000e+00         1.473430174973724e-02         
1.587500000000000e+00         1.488918431564811e-02         
1.600000000000000e+00         1.504688006241728e-02         
1.612500000000000e+00         1.520746723639168e-02         
1.625000000000000e+00         1.537102619488023e-02         
1.637500000000000e+00         1.553763948015721e-02         
1.650000000000000e+00         1.570739189485588e-02         
1.662500000000000e+00         1.588037057869917e-02         
1.675000000000000e+00         1.605666508650072e-02         
1.687500000000000e+00         1.623636746735287e-02         
1.700000000000000e+00         1.641957234489076e-02         
1.712500000000000e+00         1.660637699850795e-02         
1.725000000000000e+00         1.679688144536089e-02         
1.737500000000000e+00         1.699118852297941e-02         
1.750000000000000e+00         1.718940397225826e-02         
1.762500000000000e+00         1.739163652057276e-02         
1.775000000000000e+00         1.759799796471300e-02         
1.787500000000000e+00         1.780860325328658e-02         
1.800000000000000e+00         1.802357056818205e-02         
1.812500000000000e+00         1.824302140462658e-02         
1.825000000000000e+00         1.846708064930159e-02         
1.837500000000000e+00         1.869587665590337e-02         
1.850000000000000e+00         1.892954131744932e-02         
1.862500000000000e+00         1.916821013453679e-02         
1.875000000000000e+00         1.941202227865040e-02         
1.887500000000000e+00         1.966112064949876e-02         
1.900000000000000e+00         1.991565192522423e-02         
1.912500000000000e+00         2.017576660418525e-02         
1.925000000000000e+00         2.044161903684127e-02         
1.937500000000000e+00         2.071336744609215e-02         
1.950000000000000e+00         2.099117393421799e-02         
1.962500000000000e+00         2.127520447434166e-02         
1.975000000000000e+00         2.156562888408567e-02         
1.987500000000000e+00         2.186262077882548e-02         
2.000000000000000e+00         2.216635750163208e-02         
2.012500000000000e+00         2.247702002666779e-02         
2.025000000000000e+00         2.279479283243196e-02         
2.037500000000000e+00         2.311986374085350e-02         
2.050000000000000e+00         2.345242371778403e-02         
2.062500000000000e+00         2.379266662997582e-02         
2.075000000000000e+00         2.414078895310027e-02         
2.087500000000000e+00         2.449698942480755e-02         
2.100000000000000e+00         2.486146863621731e-02         
2.112500000000000e+00         2.523442855457972e-02         
2.125000000000000e+00         2.561607196915410e-02         
2.137500000000000e+00         2.600660185160966e-02         
2.150000000000000e+00         2.640622062147736e-02         
2.162500000000000e+00         2.681512930637226e-02         
2.175000000000000e+00         2.723352658586208e-02         
2.187500000000000e+00         2.766160770700309e-02         
2.200000000000000e+00         2.809956325870502e-02         
2.212500000000000e+00         2.854757779124033e-02         
2.225000000000000e+00         2.900582826640677e-02         
2.237500000000000e+00         2.947448232311105e-02         
2.250000000000000e+00         2.995369634250842e-02         
2.262500000000000e+00         3.044361329634451e-02         
2.275000000000000e+00         3.094436036186315e-02         
2.287500000000000e+00         3.145604628663366e-02         
2.300000000000000e+00         3.197875848698607e-02         
2.312500000000000e+00         3.251255986451739e-02         
2.325000000000000e+00         3.305748532645358e-02         
2.337500000000000e+00         3.361353799764104e-02         
2.350000000000000e+00         3.418068511473463e-02         
2.362500000000000e+00         3.475885359689453e-02         
2.375000000000000e+00         3.534792529217449e-02         
2.387500000000000e+00         3.594773190494159e-02         
2.400000000000000e+00         3.655804961730419e-02         
2.412500000000000e+00         3.717859342680310e-02         
2.425000000000000e+00         3.780901123371157e-02         
2.437500000000000e+00         3.844887772433197e-02         
2.450000000000000e+00         3.909768811175052e-02         
2.462500000000000e+00         3.975485181265587e-02         
2.475000000000000e+00         4.041968615797010e-02         
2.487500000000000e+00         4.109141025600091e-02         
2.500000000000000e+00         4.176913914926297e-02         
2.512500000000000e+00         4.245187842950142e-02         
2.525000000000000e+00         4.313851949905560e-02         
2.537500000000000e+00         4.382783568951713e-02         
2.550000000000000e+00         4.451847946941086e-02         
2.562500000000000e+00         4.520898098984093e-02         
2.575000000000000e+00         4.589774822889758e-02         
2.587500000000000e+00         4.658306900014074e-02         
2.600000000000000e+00         4.726311508554219e-02         
2.612500000000000e+00         4.793594873675393e-02         
2.625000000000000e+00         4.859953175851859e-02         
2.637500000000000e+00         4.925173734284599e-02         
2.650000000000000e+00         4.989036476123304e-02         
2.662500000000000e+00         5.051315694454768e-02         
2.675000000000000e+00         5.111782088715006e-02         
2.687500000000000e+00         5.170205070560250e-02         
2.700000000000000e+00         5.226355306653406e-02         
2.712500000000000e+00         5.280007457795699e-02         
2.725000000000000e+00         5.330943061986624e-02         
2.737500000000000e+00         5.378953498069586e-02         
2.750000000000000e+00         5.423842957390498e-02         
2.762500000000000e+00         5.465431344145821e-02         
2.775000000000000e+00         5.503557021509284e-02         
2.787500000000000e+00         5.538079320743326e-02         
2.800000000000000e+00         5.568880734630102e-02         
2.812500000000000e+00         5.595868724732924e-02         
2.825000000000000e+00         5.618977083954179e-02         
2.837500000000000e+00         5.638166811017668e-02         
2.850000000000000e+00         5.653426471043500e-02         
2.862500000000000e+00         5.664772035267168e-02         
2.875000000000000e+00         5.672246212045801e-02         
2.887500000000000e+00         5.675917299446936e-02         
2.900000000000000e+00         5.675877605880768e-02         
2.912500000000000e+00         5.672241498546524e-02         
2.925000000000000e+00         5.665143149305230e-02         
2.937500000000000e+00         5.654734053630389e-02         
2.950000000000000e+00         5.641180400489507e-02         
2.962500000000000e+00         5.624660369598865e-02         
2.975000000000000e+00         5.605361427919910e-02         
2.987500000000000e+00         5.583477690130258e-02         
3.000000000000000e+00         5.559207398801198e-02         
3.012500000000000e+00         5.532750569856926e-02         
3.025000000000000e+00         5.504306838259887e-02         
3.037500000000000e+00         5.474073528359581e-02         
3.050000000000000e+00         5.442243963447596e-02         
3.062500000000000e+00         5.409006020149143e-02         
3.075000000000000e+00         5.374540925589829e-02         
3.087500000000000e+00         5.339022288936862e-02         
3.100000000000000e+00         5.302615353952884e-02         
3.112500000000000e+00         5.265476455567311e-02         
3.125000000000000e+00         5.227752661057078e-02         
3.137500000000000e+00         5.189581575088183e-02         
3.150000000000000e+00         5.151091287434616e-02         
3.162500000000000e+00         5.112400442490442e-02         
3.175000000000000e+00         5.073618410555314e-02         
3.187500000000000e+00         5.034845542151322e-02         
3.200000000000000e+00         4.996173488182661e-02         
3.212500000000000e+00         4.957685570465366e-02         
3.225000000000000e+00         4.919457188936807e-02         
3.237500000000000e+00         4.881556253630746e-02         
3.250000000000000e+00         4.844043631218077e-02         
3.262500000000000e+00         4.806973597525002e-02         
3.275000000000000e+00         4.770394288926137e-02         
3.287500000000000e+00         4.734348146851739e-02         
3.300000000000000e+00         4.698872350843034e-02         
3.312500000000000e+00         4.663999236635958e-02         
3.325000000000000e+00         4.629756696657763e-02         
3.337500000000000e+00         4.596168561091763e-02         
3.350000000000000e+00         4.563254958313177e-02         
3.362500000000000e+00         4.531032654035692e-02         
3.375000000000000e+00         4.499515368947266e-02         
3.387500000000000e+00         4.468714074964683e-02         
3.400000000000000e+00         4.438637270513535e-02         
3.412500000000000e+00         4.409291235452906e-02         
3.425000000000000e+00         4.380680266421908e-02         
3.437500000000000e+00         4.352806893498622e-02         
3.450000000000000e+00         4.325672079136441e-02         
3.462500000000000e+00         4.299275400387977e-02         
3.475000000000000e+00         4.273615215446015e-02         
3.487500000000000e+00         4.248688815531190e-02         
3.500000000000000e+00         4.224492563140652e-02         
3.512500000000000e+00         4.201022017645351e-02         
3.525000000000000e+00         4.178272049187555e-02         
3.537500000000000e+00         4.156236941788808e-02         
3.550000000000000e+00         4.134910486532257e-02         
3.562500000000000e+00         4.114286065635446e-02         
3.575000000000000e+00         4.094356728179524e-02         
3.587500000000000e+00         4.075115258211619e-02         
3.600000000000000e+00         4.056554235887832e-02         
3.612500000000000e+00         4.038666092276919e-02         
3.625000000000000e+00         4.021443158398203e-02         
3.637500000000000e+00         4.004877709023697e-02         
3.650000000000000e+00         3.988962001732532e-02         
3.662500000000000e+00         3.973688311666029e-02         
3.675000000000000e+00         3.959048962395333e-02         
3.687500000000000e+00         3.945036353278438e-02         
3.700000000000000e+00         3.931642983651319e-02         
3.712500000000000e+00         3.918861474168119e-02         
3.725000000000000e+00         3.906684585577661e-02         
3.737500000000000e+00         3.895105235197727e-02         
3.750000000000000e+00         3.884116511325386e-02         
3.762500000000000e+00         3.873711685799904e-02         
3.775000000000000e+00         3.863884224914787e-02         
3.787500000000000e+00         3.854627798857727e-02         
3.800000000000000e+00         3.845936289840122e-02         
3.812500000000000e+00         3.837803799063196e-02         
3.825000000000000e+00         3.830224652653559e-02         
3.837500000000000e+00         3.823193406688660e-02         
3.850000000000000e+00         3.816704851420883e-02         
3.862500000000000e+00         3.810754014799057e-02         
3.875000000000000e+00         3.805336165376201e-02         
3.887500000000000e+00         3.800446814684014e-02         
3.900000000000000e+00         3.796081719146797e-02         
3.912500000000000e+00         3.792236881600341e-02         
3.925000000000000e+00         3.788908552475159e-02         
3.937500000000000e+00         3.786093230697236e-02         
3.950000000000000e+00         3.783787664354580e-02         
3.962500000000000e+00         3.781988851173154e-02         
3.975000000000000e+00         3.780694038841285e-02         
3.987500000000000e+00         3.779900725217696e-02         
4.000000000000000e+00         3.779606658455323e-02         
4.012500000000000e+00         3.779809837069268e-02         
4.025000000000000e+00         3.780508509975063e-02         
4.037500000000001e+00         3.781701176520287e-02         
4.050000000000000e+00         3.783386586530701e-02         
4.062500000000000e+00         3.785563740389723e-02         
4.075000000000000e+00         3.788231889168345e-02         
4.087500000000000e+00         3.791390534820972e-02         
4.100000000000001e+00         3.795039430460781e-02         
4.112500000000000e+00         3.799178580727341e-02         
4.125000000000000e+00         3.803808242257855e-02         
4.137500000000000e+00         3.808928924271634e-02         
4.150000000000000e+00         3.814541389277806e-02         
4.162500000000001e+00         3.820646653913722e-02         
4.175000000000000e+00         3.827245989922059e-02         
4.187500000000000e+00         3.834340925272967e-02         
4.200000000000000e+00         3.841933245437527e-02         
4.212500000000000e+00         3.850024994817667e-02         
4.225000000000001e+00         3.858618478337605e-02         
4.237500000000000e+00         3.867716263200814e-02         
4.250000000000000e+00         3.877321180816526e-02         
4.262500000000000e+00         3.887436328898915e-02         
4.275000000000000e+00         3.898065073741876e-02         
4.287500000000001e+00         3.909211052671626e-02         
4.300000000000000e+00         3.920878176679338e-02         
4.312500000000000e+00         3.933070633234974e-02         
4.325000000000000e+00         3.945792889283580e-02         
4.337500000000000e+00         3.959049694424558e-02         
4.350000000000001e+00         3.972846084273869e-02         
4.362500000000000e+00         3.987187384009001e-02         
4.375000000000000e+00         4.002079212095393e-02         
4.387500000000000e+00         4.017527484192879e-02         
4.400000000000000e+00         4.033538417240055e-02         
4.412500000000001e+00         4.050118533713307e-02         
4.425000000000000e+00         4.067274666057064e-02         
4.437500000000000e+00         4.085013961280559e-02         
4.450000000000000e+00         4.103343885715782e-02         
4.462500000000000e+00         4.122272229929697e-02         
4.475000000000001e+00         4.141807113783550e-02         
4.487500000000000e+00         4.161956991629797e-02         
4.500000000000000e+00         4.182730657636716e-02         
4.512500000000000e+00         4.204137251228388e-02         
4.525000000000000e+00         4.226186262626610e-02         
4.537500000000001e+00         4.248887538479062e-02         
4.550000000000000e+00         4.272251287555993e-02         
4.562500000000000e+00         4.296288086495282e-02         
4.575000000000000e+00         4.321008885573336e-02         
4.587500000000000e+00         4.346425014475948e-02         
4.600000000000001e+00         4.372548188040639e-02         
4.612500000000000e+00         4.399390511937787e-02         
4.625000000000000e+00         4.426964488254660e-02         
4.637500000000000e+00         4.455283020941538e-02         
4.650000000000000e+00         4.484359421074642e-02         
4.662500000000001e+00         4.514207411885466e-02         
4.675000000000000e+00         4.544841133499876e-02         
4.687500000000000e+00         4.576275147324579e-02         
4.700000000000000e+00         4.608524440011025e-02         
4.712500000000000e+00         4.641604426919394e-02         
4.725000000000001e+00         4.675530954996746e-02         
4.737500000000000e+00         4.710320304974325e-02         
4.750000000000000e+00         4.745989192778438e-02         
4.762500000000000e+00         4.782554770038534e-02         
4.775000000000000e+00         4.820034623563828e-02         
4.787500000000001e+00         4.858446773646126e-02         
4.800000000000001e+00         4.897809671032408e-02         
4.812500000000000e+00         4.938142192394376e-02         
4.825000000000000e+00         4.979463634104918e-02         
4.837500000000000e+00         5.021793704112747e-02         
4.850000000000001e+00         5.065152511685345e-02         
4.862500000000001e+00         5.109560554768741e-02         
4.875000000000000e+00         5.155038704687747e-02         
4.887500000000000e+00         5.201608187884500e-02         
4.900000000000000e+00         5.249290564364890e-02         
4.912500000000001e+00         5.298107702491591e-02         
4.925000000000001e+00         5.348081749730157e-02         
4.937500000000000e+00         5.399235098919154e-02         
4.950000000000000e+00         5.451590349597938e-02         
4.962500000000000e+00         5.505170263885750e-02         
4.975000000000001e+00         5.559997716363264e-02         
4.987500000000001e+00         5.616095637363001e-02         
5.000000000000000e+00         5.673486949027853e-02         
5.012500000000000e+00         5.732194493447931e-02         
5.025000000000000e+00         5.792240952134570e-02         
5.037500000000001e+00         5.853648756037894e-02         
5.050000000000001e+00         5.916439985260626e-02         
5.062500000000000e+00         5.980636257566743e-02         
5.075000000000000e+00         6.046258604729842e-02         
5.087500000000000e+00         6.113327335713609e-02         
5.100000000000001e+00         6.181861885626987e-02         
5.112500000000001e+00         6.251880649351042e-02         
5.125000000000000e+00         6.323400798694503e-02         
5.137500000000000e+00         6.396438081903247e-02         
5.150000000000000e+00         6.471006604327748e-02         
5.162500000000001e+00         6.547118589045701e-02         
5.175000000000001e+00         6.624784116245856e-02         
5.187500000000000e+00         6.704010840211565e-02         
5.200000000000000e+00         6.784803682798732e-02         
5.212500000000000e+00         6.867164502392757e-02         
5.225000000000001e+00         6.951091737454301e-02         
5.237500000000001e+00         7.036580023934946e-02         
5.250000000000000e+00         7.123619786065229e-02         
5.262500000000000e+00         7.212196800298808e-02         
5.275000000000000e+00         7.302291732546240e-02         
5.287500000000001e+00         7.393879649257074e-02         
5.300000000000001e+00         7.486929503420769e-02         
5.312500000000000e+00         7.581403597162409e-02         
5.325000000000000e+00         7.677257023317899e-02         
5.337500000000000e+00         7.774437089190672e-02         
5.350000000000001e+00         7.872882726625011e-02         
5.362500000000001e+00         7.972523893581809e-02         
5.375000000000000e+00         8.073280973569971e-02         
5.387500000000000e+00         8.175064180566723e-02         
5.400000000000000e+00         8.277772978441407e-02         
5.412500000000001e+00         8.381295525361272e-02         
5.425000000000001e+00         8.485508155180774e-02         
5.437500000000000e+00         8.590274909359016e-02         
5.450000000000000e+00         8.695447134469220e-02         
5.462500000000000e+00         8.800863161800979e-02         
5.475000000000001e+00         8.906348086839332e-02         
5.487500000000001e+00         9.011713667452501e-02         
5.500000000000000e+00         9.116758360340890e-02         
5.512500000000000e+00         9.221267515588327e-02         
5.525000000000000e+00         9.325013748906789e-02         
5.537500000000001e+00         9.427757510268277e-02         
5.550000000000001e+00         9.529247865967221e-02         
5.562500000000000e+00         9.629223508662001e-02         
5.575000000000000e+00         9.727414006536200e-02         
5.587500000000000e+00         9.823541298357218e-02         
5.600000000000001e+00         9.917321435896810e-02         
5.612500000000001e+00         1.000846656896443e-01         
5.625000000000000e+00         1.009668716130523e-01         
5.637500000000000e+00         1.018169441800168e-01         
5.650000000000000e+00         1.026320289703588e-01         
5.662500000000001e+00         1.034093326961980e-01         
5.675000000000001e+00         1.041461518614059e-01         
5.687500000000000e+00         1.048399019749303e-01         
5.700000000000000e+00         1.054881467559061e-01         
5.712500000000000e+00         1.060886267236638e-01         
5.725000000000001e+00         1.066392865395299e-01         
5.737500000000001e+00         1.071383004626900e-01         
5.750000000000000e+00         1.075840953012545e-01         
5.762500000000000e+00         1.079753702828417e-01         
5.775000000000000e+00         1.083111133358309e-01         
5.787500000000001e+00         1.085906133609003e-01         
5.800000000000001e+00         1.088134681791724e-01         
5.812500000000000e+00         1.089795879636462e-01         
5.825000000000000e+00         1.090891940891323e-01         
5.837500000000000e+00         1.091428134666069e-01         
5.850000000000001e+00         1.091412685546625e-01         
5.862500000000001e+00         1.090856633577302e-01         
5.875000000000000e+00         1.089773658228907e-01         
5.887500000000000e+00         1.088179871303037e-01         
5.900000000000000e+00         1.086093584337353e-01         
5.912500000000001e+00         1.083535056459118e-01         
5.925000000000001e+00         1.080526228783788e-01         
5.937500000000000e+00         1.077090451383740e-01         
5.950000000000000e+00         1.073252208581667e-01         
5.962500000000000e+00         1.069036847884387e-01         
5.975000000000001e+00         1.064470317301544e-01         
5.987500000000001e+00         1.059578915128351e-01         
6.000000000000000e+00         1.054389055550106e-01         
6.012500000000000e+00         1.048927052684582e-01         
6.025000000000000e+00         1.043218924948078e-01         
6.037500000000001e+00         1.037290220938174e-01         
6.050000000000001e+00         1.031165867391526e-01         
6.062500000000000e+00         1.024870039213079e-01         
6.075000000000000e+00         1.018426051092292e-01         
6.087500000000000e+00         1.011856269826352e-01         
6.100000000000001e+00         1.005182046159370e-01         
6.112500000000001e+00         9.984236647160238e-02         
6.125000000000000e+00         9.916003104516866e-02         
6.137500000000000e+00         9.847300499504998e-02         
6.150000000000000e+00         9.778298258690338e-02         
6.162500000000001e+00         9.709154628365119e-02         
6.175000000000001e+00         9.640016831739417e-02         
6.187500000000000e+00         9.571021308750291e-02         
6.200000000000000e+00         9.502294023935355e-02         
6.212500000000000e+00         9.433950828977697e-02         
6.225000000000001e+00         9.366097867772254e-02         
6.237500000000001e+00         9.298832013139051e-02         
6.250000000000000e+00         9.232241325578566e-02         
6.262500000000000e+00         9.166405525694220e-02         
6.275000000000000e+00         9.101396473077973e-02         
6.287500000000001e+00         9.037278645547225e-02         
6.300000000000001e+00         8.974109613627303e-02         
6.312500000000000e+00         8.911940506086677e-02         
6.325000000000000e+00         8.850816463150329e-02         
6.337500000000000e+00         8.790777074742089e-02         
6.350000000000001e+00         8.731856801743282e-02         
6.362500000000001e+00         8.674085378804865e-02         
6.375000000000000e+00         8.617488197723601e-02         
6.387500000000000e+00         8.562086670793508e-02         
6.400000000000000e+00         8.507898573878565e-02         
6.412500000000001e+00         8.454938369230681e-02         
6.425000000000001e+00         8.403217508302536e-02         
6.437500000000000e+00         8.352744714985043e-02         
6.450000000000000e+00         8.303526249842004e-02         
6.462500000000000e+00         8.255566156020484e-02         
6.475000000000001e+00         8.208866487596109e-02         
6.487500000000001e+00         8.163427521166015e-02         
6.500000000000000e+00         8.119247951537312e-02         
6.512500000000000e+00         8.076325072375931e-02         
6.525000000000000e+00         8.034654942685029e-02         
6.537500000000001e+00         7.994232539974368e-02         
6.550000000000001e+00         7.955051900966807e-02         
6.562500000000000e+00         7.917106250663969e-02         
6.575000000000000e+00         7.880388120565976e-02         
6.587500000000000e+00         7.844889456808242e-02         
6.600000000000001e+00         7.810601718942757e-02         
6.612500000000001e+00         7.777515970056799e-02         
6.625000000000000e+00         7.745622958882989e-02         
6.637500000000000e+00         7.714913194519059e-02         
6.650000000000000e+00         7.685377014337304e-02         
6.662500000000001e+00         7.657004645628271e-02         
6.675000000000001e+00         7.629786261487126e-02         
6.687500000000000e+00         7.603712031417370e-02         
6.700000000000000e+00         7.578772167093492e-02         
6.712500000000000e+00         7.554956963693278e-02         
6.725000000000001e+00         7.532256837179779e-02         
6.737500000000001e+00         7.510662357885949e-02         
6.750000000000000e+00         7.490164280727535e-02         
6.762500000000000e+00         7.470753572345119e-02         
6.775000000000000e+00         7.452421435452855e-02         
6.787500000000001e+00         7.435159330649546e-02         
6.800000000000001e+00         7.418958995926983e-02         
6.812500000000000e+00         7.403812464092047e-02         
6.825000000000000e+00         7.389712078300653e-02         
6.837500000000000e+00         7.376650505885639e-02         
6.850000000000001e+00         7.364620750645362e-02         
6.862500000000001e+00         7.353616163745659e-02         
6.875000000000000e+00         7.343630453374515e-02         
6.887500000000000e+00         7.334657693277112e-02         
6.900000000000000e+00         7.326692330287167e-02         
6.912500000000001e+00         7.319729190960890e-02         
6.925000000000001e+00         7.313763487409523e-02         
6.937500000000000e+00         7.308790822418199e-02         
6.950000000000000e+00         7.304807193930445e-02         
6.962500000000000e+00         7.301808998969922e-02         
6.975000000000001e+00         7.299793037064564e-02         
6.987500000000001e+00         7.298756513231183e-02         
7.000000000000000e+00         7.298697040573021e-02         
7.012500000000000e+00         7.299612642536869e-02         
7.025000000000000e+00         7.301501754871516e-02         
7.037500000000001e+00         7.304363227323959e-02         
7.050000000000001e+00         7.308196325105948e-02         
7.062500000000000e+00         7.313000730158256e-02         
7.075000000000000e+00         7.318776542237082e-02         
7.087500000000000e+00         7.325524279842331e-02         
7.100000000000001e+00         7.333244881004333e-02         
7.112500000000001e+00         7.341939703942084e-02         
7.125000000000000e+00         7.351610527602515e-02         
7.137500000000000e+00         7.362259552087304e-02         
7.150000000000000e+00         7.373889398970519e-02         
7.162500000000001e+00         7.386503111507201e-02         
7.175000000000001e+00         7.400104154730074e-02         
7.187500000000000e+00         7.414696415428215e-02         
7.200000000000000e+00         7.430284201999102e-02         
7.212500000000000e+00         7.446872244161254e-02         
7.225000000000001e+00         7.464465692512862e-02         
7.237500000000001e+00         7.483070117917308e-02         
7.250000000000000e+00         7.502691510693935e-02         
7.262500000000000e+00         7.523336279588755e-02         
7.275000000000000e+00         7.545011250495871e-02         
7.287500000000001e+00         7.567723664897083e-02         
7.300000000000001e+00         7.591481177982685e-02         
7.312500000000000e+00         7.616291856412723e-02         
7.325000000000000e+00         7.642164175672971e-02         
7.337500000000000e+00         7.669107016975954e-02         
7.350000000000001e+00         7.697129663651237e-02         
7.362500000000001e+00         7.726241796965062e-02         
7.375000000000000e+00         7.756453491302842e-02         
7.387500000000000e+00         7.787775208642303e-02         
7.400000000000000e+00         7.820217792238547e-02         
7.412500000000001e+00         7.853792459435499e-02         
7.425000000000001e+00         7.888510793510385e-02         
7.437500000000000e+00         7.924384734450925e-02         
7.450000000000000e+00         7.961426568555008e-02         
7.462500000000000e+00         7.999648916735497e-02         
7.475000000000001e+00         8.039064721401516e-02         
7.487500000000001e+00         8.079687231778621e-02         
7.500000000000000e+00         8.121529987518766e-02         
7.512500000000000e+00         8.164606800439418e-02         
7.525000000000000e+00         8.208931734219803e-02         
7.537500000000001e+00         8.254519081868010e-02         
7.550000000000001e+00         8.301383340760360e-02         
7.562500000000000e+00         8.349539185038959e-02         
7.575000000000000e+00         8.399001435139135e-02         
7.587500000000000e+00         8.449785024202050e-02         
7.600000000000001e+00         8.501904961111266e-02         
7.612500000000001e+00         8.555376289875183e-02         
7.625000000000000e+00         8.610214045058891e-02         
7.637500000000000e+00         8.666433202951426e-02         
7.650000000000000e+00         8.724048628134135e-02         
7.662500000000001e+00         8.783075015098642e-02         
7.675000000000001e+00         8.843526824541632e-02         
7.687500000000000e+00         8.905418213945587e-02         
7.700000000000000e+00         8.968762962035208e-02         
7.712500000000000e+00         9.033574386679895e-02         
7.725000000000001e+00         9.099865255796455e-02         
7.737500000000001e+00         9.167647690788103e-02         
7.750000000000000e+00         9.236933062041830e-02         
7.762500000000000e+00         9.307731875993860e-02         
7.775000000000000e+00         9.380053653262756e-02         
7.787500000000001e+00         9.453906797343732e-02         
7.800000000000001e+00         9.529298453356660e-02         
7.812500000000000e+00         9.606234356343406e-02         
7.825000000000000e+00         9.684718668620834e-02         
7.837500000000000e+00         9.764753805713769e-02         
7.850000000000001e+00         9.846340250418893e-02         
7.862500000000001e+00         9.929476354588526e-02         
7.875000000000000e+00         1.001415812827314e-01         
7.887500000000000e+00         1.010037901592414e-01         
7.900000000000000e+00         1.018812965943999e-01         
7.912500000000001e+00         1.027739764793486e-01         
7.925000000000001e+00         1.036816725422805e-01         
7.937500000000000e+00         1.046041915819261e-01         
7.950000000000000e+00         1.055413015726725e-01         
7.962500000000000e+00         1.064927286462890e-01         
7.975000000000001e+00         1.074581539574493e-01         
7.987500000000001e+00         1.084372104427887e-01         
8.000000000000000e+00         1.094294794861217e-01         
8.012500000000001e+00         1.104344875056663e-01         
8.025000000000000e+00         1.114517024827344e-01         
8.037500000000000e+00         1.124805304553107e-01         
8.050000000000001e+00         1.135203120042751e-01         
8.062500000000000e+00         1.145703187647193e-01         
8.075000000000001e+00         1.156297499998050e-01         
8.087500000000000e+00         1.166977292799054e-01         
8.100000000000000e+00         1.177733013152849e-01         
8.112500000000001e+00         1.188554289962048e-01         
8.125000000000000e+00         1.199429907000282e-01         
8.137500000000001e+00         1.210347779304732e-01         
8.150000000000000e+00         1.221294933594813e-01         
8.162500000000000e+00         1.232257493470488e-01         
8.175000000000001e+00         1.243220670185954e-01         
8.187500000000000e+00         1.254168759827683e-01         
8.200000000000001e+00         1.265085147747463e-01         
8.212500000000000e+00         1.275952321108378e-01         
8.225000000000000e+00         1.286751890391506e-01         
8.237500000000001e+00         1.297464620680620e-01         
8.250000000000000e+00         1.308070473488551e-01         
8.262500000000001e+00         1.318548659809249e-01         
8.275000000000000e+00         1.328877704972088e-01         
8.287500000000000e+00         1.339035525737614e-01         
8.300000000000001e+00         1.348999519906239e-01         
8.312500000000000e+00         1.358746668513250e-01         
8.325000000000001e+00         1.368253650456550e-01         
8.337500000000000e+00         1.377496969150287e-01         
8.350000000000000e+00         1.386453090522166e-01         
8.362500000000001e+00         1.395098591380848e-01         
8.375000000000000e+00         1.403410316879090e-01         
8.387500000000001e+00         1.411365545497371e-01         
8.400000000000000e+00         1.418942159681421e-01         
8.412500000000000e+00         1.426118819995941e-01         
8.425000000000001e+00         1.432875140417389e-01         
8.437500000000000e+00         1.439191862192263e-01         
8.450000000000001e+00         1.445051023544318e-01         
8.462500000000000e+00         1.450436122434296e-01         
8.475000000000000e+00         1.455332269566602e-01         
8.487500000000001e+00         1.459726328904141e-01         
8.500000000000000e+00         1.463607043097760e-01         
8.512500000000001e+00         1.466965141459575e-01         
8.525000000000000e+00         1.469793428405667e-01         
8.537500000000000e+00         1.472086850656039e-01         
8.550000000000001e+00         1.473842541897128e-01         
8.562500000000000e+00         1.475059844072074e-01         
8.575000000000001e+00         1.475740304950261e-01         
8.587500000000000e+00         1.475887652124331e-01         
8.600000000000000e+00         1.475507744072468e-01         
8.612500000000001e+00         1.474608499389763e-01         
8.625000000000000e+00         1.473199805719424e-01         
8.637500000000001e+00         1.471293410289098e-01         
8.650000000000000e+00         1.468902794268847e-01         
8.662500000000000e+00         1.466043033407530e-01         
8.675000000000001e+00         1.462730647569223e-01         
8.687500000000000e+00         1.458983441879422e-01         
8.700000000000001e+00         1.454820342204318e-01         
8.712500000000000e+00         1.450261227630087e-01         
8.725000000000000e+00         1.445326762490037e-01         
8.737500000000001e+00         1.440038230314492e-01         
8.750000000000000e+00         1.434417371861743e-01         
8.762500000000001e+00         1.428486229138795e-01         
8.775000000000000e+00         1.422266997049016e-01         
8.787500000000000e+00         1.415781884020446e-01         
8.800000000000001e+00         1.409052982683003e-01         
8.812500000000000e+00         1.402102151383742e-01         
8.825000000000001e+00         1.394950907063575e-01         
8.837500000000000e+00         1.387620329772424e-01         
8.850000000000000e+00         1.380130978876696e-01         
8.862500000000001e+00         1.372502820816169e-01         
8.875000000000000e+00         1.364755168098533e-01         
8.887500000000001e+00         1.356906629079167e-01         
8.900000000000000e+00         1.348975067961005e-01         
8.912500000000000e+00         1.340977574362918e-01         
8.925000000000001e+00         1.332930441743455e-01         
8.937500000000000e+00         1.324849153927233e-01         
8.950000000000001e+00         1.316748378961672e-01         
8.962500000000000e+00         1.308641969529050e-01         
8.975000000000000e+00         1.300542969150631e-01         
8.987500000000001e+00         1.292463623443021e-01         
9.000000000000000e+00         1.284415395719621e-01         
9.012500000000001e+00         1.276408986269884e-01         
9.025000000000000e+00         1.268454354693779e-01         
9.037500000000000e+00         1.260560744716887e-01         
9.050000000000001e+00         1.252736710961288e-01         
9.062500000000000e+00         1.244990147197497e-01         
9.075000000000001e+00         1.237328315652247e-01         
9.087500000000000e+00         1.229757876994973e-01         
9.100000000000000e+00         1.222284920671865e-01         
9.112500000000001e+00         1.214914995299715e-01         
9.125000000000000e+00         1.207653138872397e-01         
9.137500000000001e+00         1.200503908570203e-01         
9.150000000000000e+00         1.193471409996607e-01         
9.162500000000000e+00         1.186559325698093e-01         
9.175000000000001e+00         1.179770942850632e-01         
9.187500000000000e+00         1.173109180021403e-01         
9.200000000000001e+00         1.166576612936375e-01         
9.212500000000000e+00         1.160175499203738e-01         
9.225000000000000e+00         1.153907801960062e-01         
9.237500000000001e+00         1.147775212420538e-01         
9.250000000000000e+00         1.141779171327137e-01         
9.262500000000001e+00         1.135920889298975e-01         
9.275000000000000e+00         1.130201366097979e-01         
9.287500000000000e+00         1.124621408830192e-01         
9.300000000000001e+00         1.119181649108854e-01         
9.312500000000000e+00         1.113882559210235e-01         
9.325000000000001e+00         1.108724467256642e-01         
9.337500000000000e+00         1.103707571463818e-01         
9.350000000000000e+00         1.098831953491945e-01         
9.362500000000001e+00         1.094097590940543e-01         
9.375000000000000e+00         1.089504369028444e-01         
9.387500000000001e+00         1.085052091500072e-01         
9.400000000000000e+00         1.080740490799141e-01         
9.412500000000000e+00         1.076569237550343e-01         
9.425000000000001e+00         1.072537949388837e-01         
9.437500000000000e+00         1.068646199176258e-01         
9.450000000000001e+00         1.064893522640954e-01         
9.462500000000000e+00         1.061279425478695e-01         
9.475000000000000e+00         1.057803389948867e-01         
9.487500000000001e+00         1.054464880999606e-01         
9.500000000000000e+00         1.051263351953932e-01         
9.512500000000001e+00         1.048198249787388e-01         
9.525000000000000e+00         1.045269020026215e-01         
9.537500000000000e+00         1.042475111293645e-01         
9.550000000000001e+00         1.039815979530377e-01         
9.562500000000000e+00         1.037291091913924e-01         
9.575000000000001e+00         1.034899930500175e-01         
9.587500000000000e+00         1.032641995609078e-01         
9.600000000000001e+00         1.030516808975249e-01         
9.612500000000001e+00         1.028523916682872e-01         
9.625000000000000e+00         1.026662891903333e-01         
9.637500000000001e+00         1.024933337452704e-01         
9.650000000000000e+00         1.023334888185302e-01         
9.662500000000001e+00         1.021867213238473e-01         
9.675000000000001e+00         1.020530018142848e-01         
9.687500000000000e+00         1.019323046811432e-01         
9.700000000000001e+00         1.018246083420056e-01         
9.712500000000000e+00         1.017298954190948e-01         
9.725000000000001e+00         1.016481529090481e-01         
9.737500000000001e+00         1.015793723451417e-01         
9.750000000000000e+00         1.015235499529416e-01         
9.762500000000001e+00         1.014806868002921e-01         
9.775000000000000e+00         1.014507889425043e-01         
9.787500000000001e+00         1.014338675635516e-01         
9.800000000000001e+00         1.014299391140353e-01         
9.812500000000000e+00         1.014390254466393e-01         
9.825000000000001e+00         1.014611539497542e-01         
9.837500000000000e+00         1.014963576799095e-01         
9.850000000000001e+00         1.015446754936270e-01         
9.862500000000001e+00         1.016061521792666e-01         
9.875000000000000e+00         1.016808385894201e-01         
9.887500000000001e+00         1.017687917743677e-01         
9.900000000000000e+00         1.018700751170985e-01         
9.912500000000001e+00         1.019847584703740e-01         
9.925000000000001e+00         1.021129182962816e-01         
9.937500000000000e+00         1.022546378087259e-01         
9.950000000000001e+00         1.024100071192683e-01         
9.962500000000000e+00         1.025791233867248e-01         
9.975000000000001e+00         1.027620909709112e-01         
9.987500000000001e+00         1.029590215909093e-01         
1.000000000000000e+01         1.031700344882229e-01         
1.001250000000000e+01         1.033952565951716e-01         
1.002500000000000e+01         1.036348227088663e-01         
1.003750000000000e+01         1.038888756710951e-01         
1.005000000000000e+01         1.041575665544393e-01         
1.006250000000000e+01         1.044410548549308e-01         
1.007500000000000e+01         1.047395086915468e-01         
1.008750000000000e+01         1.050531050128275e-01         
1.010000000000000e+01         1.053820298108970e-01         
1.011250000000000e+01         1.057264783431440e-01         
1.012500000000000e+01         1.060866553618138e-01         
1.013750000000000e+01         1.064627753517445e-01         
1.015000000000000e+01         1.068550627764604e-01         
1.016250000000000e+01         1.072637523328201e-01         
1.017500000000000e+01         1.076890892143943e-01         
1.018750000000000e+01         1.081313293837182e-01         
1.020000000000000e+01         1.085907398535399e-01         
1.021250000000000e+01         1.090675989771529e-01         
1.022500000000000e+01         1.095621967478581e-01         
1.023750000000000e+01         1.100748351075631e-01         
1.025000000000000e+01         1.106058282644740e-01         
1.026250000000000e+01         1.111555030197794e-01         
1.027500000000000e+01         1.117241991031594e-01         
1.028750000000000e+01         1.123122695168848e-01         
1.030000000000000e+01         1.129200808881752e-01         
1.031250000000000e+01         1.135480138294053e-01         
1.032500000000000e+01         1.141964633056213e-01         
1.033750000000000e+01         1.148658390087210e-01         
1.035000000000000e+01         1.155565657374951e-01         
1.036250000000000e+01         1.162690837825829e-01         
1.037500000000000e+01         1.170038493151969e-01         
1.038750000000000e+01         1.177613347782762e-01         
1.040000000000000e+01         1.185420292784932e-01         
1.041250000000000e+01         1.193464389772732e-01         
1.042500000000000e+01         1.201750874786875e-01         
1.043750000000000e+01         1.210285162117497e-01         
1.045000000000000e+01         1.219072848042647e-01         
1.046250000000000e+01         1.228119714449494e-01         
1.047500000000000e+01         1.237431732300709e-01         
1.048750000000000e+01         1.247015064903076e-01         
1.050000000000000e+01         1.256876070929264e-01         
1.051250000000000e+01         1.267021307136990e-01         
1.052500000000000e+01         1.277457530722081e-01         
1.053750000000000e+01         1.288191701233490e-01         
1.055000000000000e+01         1.299230981968638e-01         
1.056250000000000e+01         1.310582740756895e-01         
1.057500000000000e+01         1.322254550026905e-01         
1.058750000000000e+01         1.334254186040289e-01         
1.060000000000000e+01         1.346589627159242e-01         
1.061250000000000e+01         1.359269050999113e-01         
1.062500000000000e+01         1.372300830298600e-01         
1.063750000000000e+01         1.385693527319854e-01         
1.065000000000000e+01         1.399455886568114e-01         
1.066250000000000e+01         1.413596825595613e-01         
1.067500000000000e+01         1.428125423626816e-01         
1.068750000000000e+01         1.443050907711884e-01         
1.070000000000000e+01         1.458382636081819e-01         
1.071250000000000e+01         1.474130078342421e-01         
1.072500000000000e+01         1.490302792104514e-01         
1.073750000000000e+01         1.506910395604675e-01         
1.075000000000000e+01         1.523962535824195e-01         
1.076250000000000e+01         1.541468851563857e-01         
1.077500000000000e+01         1.559438930878516e-01         
1.078750000000000e+01         1.577882262218754e-01         
1.080000000000000e+01         1.596808178567045e-01         
1.081250000000000e+01         1.616225793793902e-01         
1.082500000000000e+01         1.636143930395527e-01         
1.083750000000000e+01         1.656571037710358e-01         
1.085000000000000e+01         1.677515099648317e-01         
1.086250000000000e+01         1.698983530905783e-01         
1.087500000000000e+01         1.720983060583842e-01         
1.088750000000000e+01         1.743519602079862e-01         
1.090000000000000e+01         1.766598108087054e-01         
1.091250000000000e+01         1.790222409518188e-01         
1.092500000000000e+01         1.814395037173421e-01         
1.093750000000000e+01         1.839117025005442e-01         
1.095000000000000e+01         1.864387693906130e-01         
1.096250000000000e+01         1.890204415056853e-01         
1.097500000000000e+01         1.916562352060877e-01         
1.098750000000000e+01         1.943454181323458e-01         
1.100000000000000e+01         1.970869790477129e-01         
1.101250000000000e+01         1.998795955081521e-01         
1.102500000000000e+01         2.027215994375302e-01         
1.103750000000000e+01         2.056109407538438e-01         
1.105000000000000e+01         2.085451492752148e-01         
1.106250000000000e+01         2.115212952335997e-01         
1.107500000000000e+01         2.145359488407073e-01         
1.108750000000000e+01         2.175851394851058e-01         
1.110000000000000e+01         2.206643152917022e-01         
1.111250000000000e+01         2.237683039433449e-01         
1.112500000000000e+01         2.268912758465773e-01         
1.113750000000000e+01         2.300267109149729e-01         
1.115000000000000e+01         2.331673704373811e-01         
1.116250000000000e+01         2.363052756856427e-01         
1.117500000000000e+01         2.394316950849881e-01         
1.118750000000000e+01         2.425371419057777e-01         
1.120000000000000e+01         2.456113845200872e-01         
1.121250000000000e+01         2.486434712815120e-01         
1.122500000000000e+01         2.516217720107064e-01         
1.123750000000000e+01         2.545340378821235e-01         
1.125000000000000e+01         2.573674811908281e-01         
1.126250000000000e+01         2.601088760181275e-01         
1.127500000000000e+01         2.627446802045538e-01         
1.128750000000000e+01         2.652611782818395e-01         
1.130000000000000e+01         2.676446441280955e-01         
1.131250000000000e+01         2.698815211233599e-01         
1.132500000000000e+01         2.719586165422776e-01         
1.133750000000000e+01         2.738633058877583e-01         
1.135000000000000e+01         2.755837419166273e-01         
1.136250000000000e+01         2.771090623146324e-01         
1.137500000000000e+01         2.784295894225137e-01         
1.138750000000000e+01         2.795370151671846e-01         
1.140000000000000e+01         2.804245644649466e-01         
1.141250000000000e+01         2.810871308639691e-01         
1.142500000000000e+01         2.815213790766102e-01         
1.143750000000000e+01         2.817258102800935e-01         
1.145000000000000e+01         2.817007875656267e-01         
1.146250000000000e+01         2.814485205933965e-01         
1.147500000000000e+01         2.809730102485694e-01         
1.148750000000000e+01         2.802799557701025e-01         
1.150000000000000e+01         2.793766283251941e-01         
1.151250000000000e+01         2.782717162310933e-01         
1.152500000000000e+01         2.769751479134532e-01         
1.153750000000000e+01         2.754978991996075e-01         
1.155000000000000e+01         2.738517916727344e-01         
1.156250000000000e+01         2.720492885861854e-01         
1.157500000000000e+01         2.701032943083679e-01         
1.158750000000000e+01         2.680269625062332e-01         
1.160000000000000e+01         2.658335173566002e-01         
1.161250000000000e+01         2.635360910761865e-01         
1.162500000000000e+01         2.611475800536270e-01         
1.163750000000000e+01         2.586805209087714e-01         
1.165000000000000e+01         2.561469869409369e-01         
1.166250000000000e+01         2.535585046883239e-01         
1.167500000000000e+01         2.509259897213032e-01         
1.168750000000000e+01         2.482597003362637e-01         
1.170000000000000e+01         2.455692074981485e-01         
1.171250000000000e+01         2.428633791856936e-01         
1.172500000000000e+01         2.401503772064001e-01         
1.173750000000000e+01         2.374376645491552e-01         
1.175000000000000e+01         2.347320214115130e-01         
1.176250000000000e+01         2.320395681576170e-01         
1.177500000000000e+01         2.293657936150191e-01         
1.178750000000000e+01         2.267155872902940e-01         
1.180000000000000e+01         2.240932742629326e-01         
1.181250000000000e+01         2.215026516956394e-01         
1.182500000000000e+01         2.189470260704728e-01         
1.183750000000000e+01         2.164292504196278e-01         
1.185000000000000e+01         2.139517609644104e-01         
1.186250000000000e+01         2.115166127046643e-01         
1.187500000000000e+01         2.091255136130942e-01         
1.188750000000000e+01         2.067798571851299e-01         
1.190000000000000e+01         2.044807531759652e-01         
1.191250000000000e+01         2.022290564234684e-01         
1.192500000000000e+01         2.000253937102221e-01         
1.193750000000000e+01         1.978701886614819e-01         
1.195000000000000e+01         1.957636847098027e-01         
1.196250000000000e+01         1.937059661828988e-01         
1.197500000000000e+01         1.916969775902574e-01         
1.198750000000000e+01         1.897365411972893e-01         
1.200000000000000e+01         1.878243729844123e-01         
1.201250000000000e+01         1.859600970933490e-01         
1.202500000000000e+01         1.841432588648207e-01         
1.203750000000000e+01         1.823733365714312e-01         
1.205000000000000e+01         1.806497519473955e-01         
1.206250000000000e+01         1.789718796133327e-01         
1.207500000000000e+01         1.773390554899954e-01         
1.208750000000000e+01         1.757505842898398e-01         
1.210000000000000e+01         1.742057461700097e-01         
1.211250000000000e+01         1.727038026247859e-01         
1.212500000000000e+01         1.712440016899947e-01         
1.213750000000000e+01         1.698255825263925e-01         
1.215000000000000e+01         1.684477794437188e-01         
1.216250000000000e+01         1.671098254219983e-01         
1.217500000000000e+01         1.658109551818278e-01         
1.218750000000000e+01         1.645504078508032e-01         
1.220000000000000e+01         1.633274292689721e-01         
1.221250000000000e+01         1.621412739722088e-01         
1.222500000000000e+01         1.609912068887329e-01         
1.223750000000000e+01         1.598765047805930e-01         
1.225000000000000e+01         1.587964574588144e-01         
1.226250000000000e+01         1.577503687980648e-01         
1.227500000000000e+01         1.567375575740831e-01         
1.228750000000000e+01         1.557573581447396e-01         
1.230000000000000e+01         1.548091209934527e-01         
1.231250000000000e+01         1.538922131517307e-01         
1.232500000000000e+01         1.530060185158341e-01         
1.233750000000000e+01         1.521499380709724e-01         
1.235000000000000e+01         1.513233900349960e-01         
1.236250000000000e+01         1.505258099322589e-01         
1.237500000000000e+01         1.497566506071505e-01         
1.238750000000000e+01         1.490153821857577e-01         
1.240000000000000e+01         1.483014919931693e-01         
1.241250000000000e+01         1.476144844330907e-01         
1.242500000000000e+01         1.469538808356897e-01         
1.243750000000000e+01         1.463192192789028e-01         
1.245000000000000e+01         1.457100543878359e-01         
1.246250000000000e+01         1.451259571163507e-01         
1.247500000000000e+01         1.445665145144384e-01         
1.248750000000000e+01         1.440313294845529e-01         
1.250000000000000e+01         1.435200205296984e-01         
1.251250000000000e+01         1.430322214957065e-01         
1.252500000000000e+01         1.425675813098484e-01         
1.253750000000000e+01         1.421257637176426e-01         
1.255000000000000e+01         1.417064470194871e-01         
1.256250000000000e+01         1.413093238085170e-01         
1.257500000000000e+01         1.409341007109123e-01         
1.258750000000000e+01         1.405804981296933e-01         
1.260000000000000e+01         1.402482499929070e-01         
1.261250000000000e+01         1.399371035069611e-01         
1.262500000000000e+01         1.396468189157503e-01         
1.263750000000000e+01         1.393771692661129e-01         
1.265000000000000e+01         1.391279401800622e-01         
1.266250000000000e+01         1.388989296341566e-01         
1.267500000000000e+01         1.386899477462943e-01         
1.268750000000000e+01         1.385008165701631e-01         
1.270000000000000e+01         1.383313698975077e-01         
1.271250000000000e+01         1.381814530683362e-01         
1.272500000000000e+01         1.380509227891344e-01         
1.273750000000000e+01         1.379396469591249e-01         
1.275000000000000e+01         1.378475045045611e-01         
1.276250000000000e+01         1.377743852210292e-01         
1.277500000000000e+01         1.377201896236883e-01         
1.278750000000000e+01         1.376848288053628e-01         
1.280000000000000e+01         1.376682243023716e-01         
1.281250000000000e+01         1.376703079679637e-01         
1.282500000000000e+01         1.376910218532002e-01         
1.283750000000000e+01         1.377303180951158e-01         
1.285000000000000e+01         1.377881588119613e-01         
1.286250000000000e+01         1.378645160053263e-01         
1.287500000000000e+01         1.379593714689056e-01         
1.288750000000000e+01         1.380727167036792e-01         
1.290000000000000e+01         1.382045528392331e-01         
1.291250000000000e+01         1.383548905609486e-01         
1.292500000000000e+01         1.385237500427635e-01         
1.293750000000000e+01         1.387111608851842e-01         
1.295000000000000e+01         1.389171620582141e-01         
1.296250000000000e+01         1.391418018488366e-01         
1.297500000000000e+01         1.393851378126683e-01         
1.298750000000000e+01         1.396472367293722e-01         
1.300000000000000e+01         1.399281745613912e-01         
1.301250000000000e+01         1.402280364155326e-01         
1.302500000000000e+01         1.405469165068987e-01         
1.303750000000000e+01         1.408849181246237e-01         
1.305000000000000e+01         1.412421535988375e-01         
1.306250000000000e+01         1.416187442682279e-01         
1.307500000000000e+01         1.420148204475315e-01         
1.308750000000000e+01         1.424305213942266e-01         
1.310000000000000e+01         1.428659952736454e-01         
1.311250000000000e+01         1.433213991216586e-01         
1.312500000000000e+01         1.437968988040227e-01         
1.313750000000000e+01         1.442926689713970e-01         
1.315000000000000e+01         1.448088930089625e-01         
1.316250000000000e+01         1.453457629794888e-01         
1.317500000000000e+01         1.459034795585879e-01         
1.318750000000000e+01         1.464822519608052e-01         
1.320000000000000e+01         1.470822978550717e-01         
1.321250000000000e+01         1.477038432679245e-01         
1.322500000000000e+01         1.483471224727715e-01         
1.323750000000000e+01         1.490123778633259e-01         
1.325000000000000e+01         1.496998598091882e-01         
1.326250000000000e+01         1.504098264913818e-01         
1.327500000000000e+01         1.511425437154623e-01         
1.328750000000000e+01         1.518982846996383e-01         
1.330000000000000e+01         1.526773298351185e-01         
1.331250000000000e+01         1.534799664156787e-01         
1.332500000000000e+01         1.543064883332080e-01         
1.333750000000000e+01         1.551571957357215e-01         
1.335000000000000e+01         1.560323946440585e-01         
1.336250000000000e+01         1.569323965231886e-01         
1.337500000000000e+01         1.578575178037323e-01         
1.338750000000000e+01         1.588080793489650e-01         
1.340000000000000e+01         1.597844058622273e-01         
1.341250000000000e+01         1.607868252292818e-01         
1.342500000000000e+01         1.618156677897660e-01         
1.343750000000000e+01         1.628712655314743e-01         
1.345000000000000e+01         1.639539512007757e-01         
1.346250000000000e+01         1.650640573220078e-01         
1.347500000000000e+01         1.662019151182379e-01         
1.348750000000000e+01         1.673678533252875e-01         
1.350000000000000e+01         1.685621968904281e-01         
1.351250000000000e+01         1.697852655466545e-01         
1.352500000000000e+01         1.710373722529463e-01         
1.353750000000000e+01         1.723188214904137e-01         
1.355000000000000e+01         1.736299074037497e-01         
1.356250000000000e+01         1.749709117769351e-01         
1.357500000000000e+01         1.763421018316971e-01         
1.358750000000000e+01         1.777437278368343e-01         
1.360000000000000e+01         1.791760205161703e-01         
1.361250000000000e+01         1.806391882426363e-01         
1.362500000000000e+01         1.821334140058042e-01         
1.363750000000000e+01         1.836588521401379e-01         
1.365000000000000e+01         1.852156248013129e-01         
1.366250000000000e+01         1.868038181782134e-01         
1.367500000000000e+01         1.884234784286784e-01         
1.368750000000000e+01         1.900746073277845e-01         
1.370000000000000e+01         1.917571576184397e-01         
1.371250000000000e+01         1.934710280553972e-01         
1.372500000000000e+01         1.952160581355195e-01         
1.373750000000000e+01         1.969920225092654e-01         
1.375000000000000e+01         1.987986250710441e-01         
1.376250000000000e+01         2.006354927292866e-01         
1.377500000000000e+01         2.025021688609444e-01         
1.378750000000000e+01         2.043981064596644e-01         
1.380000000000000e+01         2.063226609921936e-01         
1.381250000000000e+01         2.082750829837172e-01         
1.382500000000000e+01         2.102545103598356e-01         
1.383750000000000e+01         2.122599605808685e-01         
1.385000000000000e+01         2.142903226131112e-01         
1.386250000000000e+01         2.163443487916026e-01         
1.387500000000000e+01         2.184206466399325e-01         
1.388750000000000e+01         2.205176707245285e-01         
1.390000000000000e+01         2.226337146337012e-01         
1.391250000000000e+01         2.247669031853855e-01         
1.392500000000000e+01         2.269151849818088e-01         
1.393750000000000e+01         2.290763254440536e-01         
1.395000000000000e+01         2.312479004743915e-01         
1.396250000000000e+01         2.334272909089553e-01         
1.397500000000000e+01         2.356116779373945e-01         
1.398750000000000e+01         2.377980396790811e-01         
1.400000000000000e+01         2.399831491166205e-01         
1.401250000000000e+01         2.421635735961763e-01         
1.402500000000000e+01         2.443356761097162e-01         
1.403750000000000e+01         2.464956185758923e-01         
1.405000000000000e+01         2.486393673330854e-01         
1.406250000000000e+01         2.507627010492851e-01         
1.407500000000000e+01         2.528612212381554e-01         
1.408750000000000e+01         2.549303655481447e-01         
1.410000000000000e+01         2.569654239611845e-01         
1.411250000000000e+01         2.589615579990053e-01         
1.412500000000000e+01         2.609138229882675e-01         
1.413750000000000e+01         2.628171933806013e-01         
1.415000000000000e+01         2.646665910609232e-01         
1.416250000000000e+01         2.664569165079207e-01         
1.417500000000000e+01         2.681830825957339e-01         
1.418750000000000e+01         2.698400507475614e-01         
1.420000000000000e+01         2.714228690723292e-01         
1.421250000000000e+01         2.729267120374660e-01         
1.422500000000000e+01         2.743469211571822e-01         
1.423750000000000e+01         2.756790461095763e-01         
1.425000000000000e+01         2.769188856407479e-01         
1.426250000000000e+01         2.780625275728443e-01         
1.427500000000000e+01         2.791063872085259e-01         
1.428750000000000e+01         2.800472434189402e-01         
1.430000000000000e+01         2.808822717175889e-01         
1.431250000000000e+01         2.816090736592687e-01         
1.432500000000000e+01         2.822257019613951e-01         
1.433750000000000e+01         2.827306808233573e-01         
1.435000000000000e+01         2.831230210159715e-01         
1.436250000000000e+01         2.834022294245150e-01         
1.437500000000000e+01         2.835683128514399e-01         
1.438750000000000e+01         2.836217760142111e-01         
1.440000000000000e+01         2.835636138050091e-01         
1.441250000000000e+01         2.833952980074366e-01         
1.442500000000000e+01         2.831187587861041e-01         
1.443750000000000e+01         2.827363613738337e-01         
1.445000000000000e+01         2.822508784745509e-01         
1.446250000000000e+01         2.816654589749680e-01         
1.447500000000000e+01         2.809835936130198e-01         
1.448750000000000e+01         2.802090782848431e-01         
1.450000000000000e+01         2.793459756849926e-01         
1.451250000000000e+01         2.783985759675319e-01         
1.452500000000000e+01         2.773713570904018e-01         
1.453750000000000e+01         2.762689454644083e-01         
1.455000000000000e+01         2.750960774741001e-01         
1.456250000000000e+01         2.738575623737177e-01         
1.457500000000000e+01         2.725582469904731e-01         
1.458750000000000e+01         2.712029825926389e-01         
1.460000000000000e+01         2.697965942040695e-01         
1.461250000000000e+01         2.683438525724196e-01         
1.462500000000000e+01         2.668494489274653e-01         
1.463750000000000e+01         2.653179726002948e-01         
1.465000000000000e+01         2.637538915149553e-01         
1.466250000000000e+01         2.621615355122465e-01         
1.467500000000000e+01         2.605450824211343e-01         
1.468750000000000e+01         2.589085467569169e-01         
1.470000000000000e+01         2.572557708965093e-01         
1.471250000000000e+01         2.555904185597388e-01         
1.472500000000000e+01         2.539159704106990e-01         
1.473750000000000e+01         2.522357215843609e-01         
1.475000000000000e+01         2.505527809400237e-01         
1.476250000000000e+01         2.488700718440130e-01         
1.477500000000000e+01         2.471903342885546e-01         
1.478750000000000e+01         2.455161281612289e-01         
1.480000000000000e+01         2.438498374891235e-01         
1.481250000000000e+01         2.421936754932073e-01         
1.482500000000000e+01         2.405496903009196e-01         
1.483750000000000e+01         2.389197711781013e-01         
1.485000000000000e+01         2.373056551547431e-01         
1.486250000000000e+01         2.357089339323142e-01         
1.487500000000000e+01         2.341310609733454e-01         
1.488750000000000e+01         2.325733586863539e-01         
1.490000000000000e+01         2.310370256308734e-01         
1.491250000000000e+01         2.295231436782759e-01         
1.492500000000000e+01         2.280326850741371e-01         
1.493750000000000e+01         2.265665193570665e-01         
1.495000000000000e+01         2.251254200972255e-01         
1.496250000000000e+01         2.237100714251971e-01         
1.497500000000000e+01         2.223210743284311e-01         
1.498750000000000e+01         2.209589526983232e-01         
1.500000000000000e+01         2.196241591160107e-01         
1.501250000000000e+01         2.183170803693414e-01         
1.502500000000000e+01         2.170380426972038e-01         
1.503750000000000e+01         2.157873167605693e-01         
1.505000000000000e+01         2.145651223422207e-01         
1.506250000000000e+01         2.133716327793516e-01         
1.507500000000000e+01         2.122069791349659e-01         
1.508750000000000e+01         2.110712541154319e-01         
1.510000000000000e+01         2.099645157426542e-01         
1.511250000000000e+01         2.088867907901288e-01         
1.512500000000000e+01         2.078380779927697e-01         
1.513750000000000e+01         2.068183510407675e-01         
1.515000000000000e+01         2.058275613679783e-01         
1.516250000000000e+01         2.048656407454233e-01         
1.517500000000000e+01         2.039325036904433e-01         
1.518750000000000e+01         2.030280497019318e-01         
1.520000000000000e+01         2.021521653318564e-01         
1.521250000000000e+01         2.013047261030142e-01         
1.522500000000000e+01         2.004855982826589e-01         
1.523750000000000e+01         1.996946405212775e-01         
1.525000000000000e+01         1.989317053654182e-01         
1.526250000000000e+01         1.981966406530957e-01         
1.527500000000000e+01         1.974892907998710e-01         
1.528750000000000e+01         1.968094979833135e-01         
1.530000000000000e+01         1.961571032331466e-01         
1.531250000000000e+01         1.955319474339643e-01         
1.532500000000000e+01         1.949338722470224e-01         
1.533750000000000e+01         1.943627209572238e-01         
1.535000000000000e+01         1.938183392510351e-01         
1.536250000000000e+01         1.933005759307306e-01         
1.537500000000000e+01         1.928092835699965e-01         
1.538750000000000e+01         1.923443191156127e-01         
1.540000000000000e+01         1.919055444396158e-01         
1.541250000000000e+01         1.914928268460365e-01         
1.542500000000000e+01         1.911060395360388e-01         
1.543750000000000e+01         1.907450620350090e-01         
1.545000000000000e+01         1.904097805848963e-01         
1.546250000000000e+01         1.901000885048646e-01         
1.547500000000000e+01         1.898158865230988e-01         
1.548750000000000e+01         1.895570830823844e-01         
1.550000000000000e+01         1.893235946219012e-01         
1.551250000000000e+01         1.891153458374635e-01         
1.552500000000000e+01         1.889322699222805e-01         
1.553750000000000e+01         1.887743087901443e-01         
1.555000000000000e+01         1.886414132827890e-01         
1.556250000000000e+01         1.885335433630340e-01         
1.557500000000000e+01         1.884506682951744e-01         
1.558750000000000e+01         1.883927668139642e-01         
1.560000000000000e+01         1.883598272834112e-01         
1.561250000000000e+01         1.883518478464870e-01         
1.562500000000000e+01         1.883688365667525e-01         
1.563750000000000e+01         1.884108115627891e-01         
1.565000000000000e+01         1.884778011362346e-01         
1.566250000000000e+01         1.885698438941213e-01         
1.567500000000000e+01         1.886869888661296e-01         
1.568750000000000e+01         1.888292956172769e-01         
1.570000000000000e+01         1.889968343564787e-01         
1.571250000000000e+01         1.891896860413386e-01         
1.572500000000000e+01         1.894079424794333e-01         
1.573750000000000e+01         1.896517064262822e-01         
1.575000000000000e+01         1.899210916801138e-01         
1.576250000000000e+01         1.902162231734444e-01         
1.577500000000000e+01         1.905372370614191e-01         
1.578750000000000e+01         1.908842808067666e-01         
1.580000000000000e+01         1.912575132611365e-01         
1.581250000000000e+01         1.916571047425004e-01         
1.582500000000000e+01         1.920832371081941e-01         
1.583750000000000e+01         1.925361038230961e-01         
1.585000000000000e+01         1.930159100223120e-01         
1.586250000000000e+01         1.935228725676463e-01         
1.587500000000000e+01         1.940572200970117e-01         
1.588750000000000e+01         1.946191930658089e-01         
1.590000000000000e+01         1.952090437791776e-01         
1.591250000000000e+01         1.958270364138721e-01         
1.592500000000000e+01         1.964734470283723e-01         
1.593750000000000e+01         1.971485635596672e-01         
1.595000000000000e+01         1.978526858049807e-01         
1.596250000000000e+01         1.985861253865130e-01         
1.597500000000000e+01         1.993492056970682e-01         
1.598750000000000e+01         2.001422618242233e-01         
1.600000000000000e+01         2.009656404504429e-01         
1.601250000000000e+01         2.018196997262977e-01         
1.602500000000000e+01         2.027048091136625e-01         
1.603750000000000e+01         2.036213491954601e-01         
1.605000000000000e+01         2.045697114482126e-01         
1.606250000000000e+01         2.055502979732876e-01         
1.607500000000000e+01         2.065635211823652e-01         
1.608750000000000e+01         2.076098034322428e-01         
1.610000000000000e+01         2.086895766036486e-01         
1.611250000000000e+01         2.098032816182751e-01         
1.612500000000000e+01         2.109513678877278e-01         
1.613750000000000e+01         2.121342926875590e-01         
1.615000000000000e+01         2.133525204489546e-01         
1.616250000000000e+01         2.146065219600499e-01         
1.617500000000000e+01         2.158967734681732e-01         
1.618750000000000e+01         2.172237556736244e-01         
1.620000000000000e+01         2.185879526048576e-01         
1.621250000000000e+01         2.199898503641443e-01         
1.622500000000000e+01         2.214299357319876e-01         
1.623750000000000e+01         2.229086946176771e-01         
1.625000000000000e+01         2.244266103424915e-01         
1.626250000000000e+01         2.259841617411104e-01         
1.627500000000000e+01         2.275818210658520e-01         
1.628750000000000e+01         2.292200516773494e-01         
1.630000000000000e+01         2.308993055043177e-01         
1.631250000000000e+01         2.326200202540307e-01         
1.632500000000000e+01         2.343826163541767e-01         
1.633750000000000e+01         2.361874936057872e-01         
1.635000000000000e+01         2.380350275260419e-01         
1.636250000000000e+01         2.399255653589252e-01         
1.637500000000000e+01         2.418594217309768e-01         
1.638750000000000e+01         2.438368739288202e-01         
1.640000000000000e+01         2.458581567747321e-01         
1.641250000000000e+01         2.479234570763679e-01         
1.642500000000000e+01         2.500329076268712e-01         
1.643750000000000e+01         2.521865807320652e-01         
1.645000000000000e+01         2.543844812423470e-01         
1.646250000000000e+01         2.566265390682868e-01         
1.647500000000000e+01         2.589126011609739e-01         
1.648750000000000e+01         2.612424229408675e-01         
1.650000000000000e+01         2.636156591624552e-01         
1.651250000000000e+01         2.660318542065204e-01         
1.652500000000000e+01         2.684904317974103e-01         
1.653750000000000e+01         2.709906841494912e-01         
1.655000000000000e+01         2.735317605551662e-01         
1.656250000000000e+01         2.761126554365432e-01         
1.657500000000000e+01         2.787321958942309e-01         
1.658750000000000e+01         2.813890287999338e-01         
1.660000000000000e+01         2.840816074947033e-01         
1.661250000000000e+01         2.868081781718918e-01         
1.662500000000000e+01         2.895667660432096e-01         
1.663750000000000e+01         2.923551614077817e-01         
1.665000000000000e+01         2.951709057677269e-01         
1.666250000000000e+01         2.980112781593806e-01         
1.667500000000000e+01         3.008732818967411e-01         
1.668750000000000e+01         3.037536319525805e-01         
1.670000000000000e+01         3.066487432325747e-01         
1.671250000000000e+01         3.095547200281007e-01         
1.672500000000000e+01         3.124673469632281e-01         
1.673750000000000e+01         3.153820817799223e-01         
1.675000000000000e+01         3.182940503314086e-01         
1.676250000000000e+01         3.211980441755914e-01         
1.677500000000000e+01         3.240885211768583e-01         
1.678750000000000e+01         3.269596095337400e-01         
1.680000000000000e+01         3.298051156499276e-01         
1.681250000000000e+01         3.326185362550351e-01         
1.682500000000000e+01         3.353930751574964e-01         
1.683750000000000e+01         3.381216649730777e-01         
1.685000000000000e+01         3.407969941173344e-01         
1.686250000000000e+01         3.434115392776051e-01         
1.687500000000000e+01         3.459576034893206e-01         
1.688750000000000e+01         3.484273598324900e-01         
1.690000000000000e+01         3.508129006382228e-01         
1.691250000000000e+01         3.531062919539084e-01         
1.692500000000000e+01         3.552996328622403e-01         
1.693750000000000e+01         3.573851190877338e-01         
1.695000000000000e+01         3.593551101599600e-01         
1.696250000000000e+01         3.612021992415241e-01         
1.697500000000000e+01         3.629192845779070e-01         
1.698750000000000e+01         3.644996413928840e-01         
1.700000000000000e+01         3.659369929450205e-01         
1.701250000000000e+01         3.672255793846830e-01         
1.702500000000000e+01         3.683602230134385e-01         
1.703750000000000e+01         3.693363885535563e-01         
1.705000000000000e+01         3.701502370876454e-01         
1.706250000000000e+01         3.707986724282877e-01         
1.707500000000000e+01         3.712793788233605e-01         
1.708750000000000e+01         3.715908490907013e-01         
1.710000000000000e+01         3.717324024995307e-01         
1.711250000000000e+01         3.717041919672578e-01         
1.712500000000000e+01         3.715072004088920e-01         
1.713750000000000e+01         3.711432263512006e-01         
1.715000000000000e+01         3.706148591935705e-01         
1.716250000000000e+01         3.699254447510761e-01         
1.717500000000000e+01         3.690790419424775e-01         
1.718750000000000e+01         3.680803716782525e-01         
1.720000000000000e+01         3.669347591548482e-01         
1.721250000000000e+01         3.656480708670824e-01         
1.722500000000000e+01         3.642266477093498e-01         
1.723750000000000e+01         3.626772355487969e-01         
1.725000000000000e+01         3.610069146228037e-01         
1.726250000000000e+01         3.592230290437012e-01         
1.727500000000000e+01         3.573331175916827e-01         
1.728750000000000e+01         3.553448468493635e-01         
1.730000000000000e+01         3.532659475856491e-01         
1.731250000000000e+01         3.511041551399007e-01         
1.732500000000000e+01         3.488671543965816e-01         
1.733750000000000e+01         3.465625297818297e-01         
1.735000000000000e+01         3.441977205619340e-01         
1.736250000000000e+01         3.417799815835459e-01         
1.737500000000000e+01         3.393163494698145e-01         
1.738750000000000e+01         3.368136141773392e-01         
1.740000000000000e+01         3.342782957270390e-01         
1.741250000000000e+01         3.317166258478242e-01         
1.742500000000000e+01         3.291345342148657e-01         
1.743750000000000e+01         3.265376389232107e-01         
1.745000000000000e+01         3.239312408110008e-01         
1.746250000000000e+01         3.213203212329755e-01         
1.747500000000000e+01         3.187095428823955e-01         
1.748750000000000e+01         3.161032532661238e-01         
1.750000000000000e+01         3.135054904516484e-01         
1.751250000000000e+01         3.109199907244649e-01         
1.752500000000000e+01         3.083501978180617e-01         
1.753750000000000e+01         3.057992734053254e-01         
1.755000000000000e+01         3.032701085683417e-01         
1.756250000000000e+01         3.007653359923853e-01         
1.757500000000000e+01         2.982873426584655e-01         
1.758750000000000e+01         2.958382828366339e-01         
1.760000000000000e+01         2.934200912087640e-01         
1.761250000000000e+01         2.910344959744133e-01         
1.762500000000000e+01         2.886830318164610e-01         
1.763750000000000e+01         2.863670526242624e-01         
1.765000000000000e+01         2.840877438911321e-01         
1.766250000000000e+01         2.818461347200076e-01         
1.767500000000000e+01         2.796431093861980e-01         
1.768750000000000e+01         2.774794184193297e-01         
1.770000000000000e+01         2.753556891780595e-01         
1.771250000000000e+01         2.732724359009083e-01         
1.772500000000000e+01         2.712300692249353e-01         
1.773750000000000e+01         2.692289051709298e-01         
1.775000000000000e+01         2.672691735996024e-01         
1.776250000000000e+01         2.653510261479451e-01         
1.777500000000000e+01         2.634745436587260e-01         
1.778750000000000e+01         2.616397431190201e-01         
1.780000000000000e+01         2.598465841259194e-01         
1.781250000000000e+01         2.580949748992202e-01         
1.782500000000000e+01         2.563847778619796e-01         
1.783750000000000e+01         2.547158148105337e-01         
1.785000000000000e+01         2.530878716958902e-01         
1.786250000000000e+01         2.515007030384196e-01         
1.787500000000000e+01         2.499540359975704e-01         
1.788750000000000e+01         2.484475741178996e-01         
1.790000000000000e+01         2.469810007721577e-01         
1.791250000000000e+01         2.455539823214841e-01         
1.792500000000000e+01         2.441661710119852e-01         
1.793750000000000e+01         2.428172076261576e-01         
1.795000000000000e+01         2.415067239067340e-01         
1.796250000000000e+01         2.402343447696413e-01         
1.797500000000000e+01         2.389996903218610e-01         
1.798750000000000e+01         2.378023776990839e-01         
1.800000000000000e+01         2.366420227371749e-01         
1.801250000000000e+01         2.355182414905896e-01         
1.802500000000000e+01         2.344306516100630e-01         
1.803750000000000e+01         2.333788735910771e-01         
1.805000000000000e+01         2.323625319038438e-01         
1.806250000000000e+01         2.313812560148113e-01         
1.807500000000000e+01         2.304346813089947e-01         
1.808750000000000e+01         2.295224499217770e-01         
1.810000000000000e+01         2.286442114882015e-01         
1.811250000000000e+01         2.277996238171899e-01         
1.812500000000000e+01         2.269883534975716e-01         
1.813750000000000e+01         2.262100764422915e-01         
1.815000000000000e+01         2.254644783766908e-01         
1.816250000000000e+01         2.247512552762957e-01         
1.817500000000000e+01         2.240701137591394e-01         
1.818750000000000e+01         2.234207714372561e-01         
1.820000000000000e+01         2.228029572316191e-01         
1.821250000000000e+01         2.222164116544714e-01         
1.822500000000000e+01         2.216608870626775e-01         
1.823750000000000e+01         2.211361478854569e-01         
1.825000000000000e+01         2.206419708295768e-01         
1.826250000000000e+01         2.201781450648580e-01         
1.827500000000000e+01         2.197444723926147e-01         
1.828750000000000e+01         2.193407673994455e-01         
1.830000000000000e+01         2.189668575986078e-01         
1.831250000000000e+01         2.186225835610298e-01         
1.832500000000000e+01         2.183077990378634e-01         
1.833750000000000e+01         2.180223710763262e-01         
1.835000000000000e+01         2.177661801304602e-01         
1.836250000000000e+01         2.175391201682993e-01         
1.837500000000000e+01         2.173410987768418e-01         
1.838750000000000e+01         2.171720372661119e-01         
1.840000000000000e+01         2.170318707735065e-01         
1.841250000000000e+01         2.169205483695404e-01         
1.842500000000000e+01         2.168380331660270e-01         
1.843750000000000e+01         2.167843024276618e-01         
1.845000000000000e+01         2.167593476879108e-01         
1.846250000000000e+01         2.167631748700548e-01         
1.847500000000000e+01         2.167958044141847e-01         
1.848750000000000e+01         2.168572714108997e-01         
1.850000000000000e+01         2.169476257424136e-01         
1.851250000000000e+01         2.170669322317412e-01         
1.852500000000000e+01         2.172152708006032e-01         
1.853750000000000e+01         2.173927366366446e-01         
1.855000000000000e+01         2.175994403705577e-01         
1.856250000000000e+01         2.178355082636456e-01         
1.857500000000000e+01         2.181010824063602e-01         
1.858750000000000e+01         2.183963209283198e-01         
1.860000000000000e+01         2.187213982202844e-01         
1.861250000000000e+01         2.190765051685611e-01         
1.862500000000000e+01         2.194618494022776e-01         
1.863750000000000e+01         2.198776555539552e-01         
1.865000000000000e+01         2.203241655337907e-01         
1.866250000000000e+01         2.208016388180342e-01         
1.867500000000000e+01         2.213103527518366e-01         
1.868750000000000e+01         2.218506028669122e-01         
1.870000000000000e+01         2.224227032143492e-01         
1.871250000000000e+01         2.230269867128636e-01         
1.872500000000000e+01         2.236638055127790e-01         
1.873750000000000e+01         2.243335313759694e-01         
1.875000000000000e+01         2.250365560719799e-01         
1.876250000000000e+01         2.257732917904928e-01         
1.877500000000000e+01         2.265441715702648e-01         
1.878750000000000e+01         2.273496497446121e-01         
1.880000000000000e+01         2.281902024034561e-01         
1.881250000000000e+01         2.290663278718837e-01         
1.882500000000000e+01         2.299785472050914e-01         
1.883750000000000e+01         2.309274046995078e-01         
1.885000000000000e+01         2.319134684197735e-01         
1.886250000000000e+01         2.329373307411672e-01         
1.887500000000000e+01         2.339996089069154e-01         
1.888750000000000e+01         2.351009455996952e-01         
1.890000000000000e+01         2.362420095264691e-01         
1.891250000000000e+01         2.374234960155986e-01         
1.892500000000000e+01         2.386461276249840e-01         
1.893750000000000e+01         2.399106547597215e-01         
1.895000000000000e+01         2.412178562975148e-01         
1.896250000000000e+01         2.425685402197573e-01         
1.897500000000000e+01         2.439635442458701e-01         
1.898750000000000e+01         2.454037364680806e-01         
1.900000000000000e+01         2.468900159833951e-01         
1.901250000000000e+01         2.484233135190239e-01         
1.902500000000000e+01         2.500045920469666e-01         
1.903750000000000e+01         2.516348473828355e-01         
1.905000000000000e+01         2.533151087633150e-01         
1.906250000000000e+01         2.550464393958483e-01         
1.907500000000000e+01         2.568299369732876e-01         
1.908750000000000e+01         2.586667341452560e-01         
1.910000000000000e+01         2.605579989368617e-01         
1.911250000000000e+01         2.625049351042029e-01         
1.912500000000000e+01         2.645087824147078e-01         
1.913750000000000e+01         2.665708168388454e-01         
1.915000000000000e+01         2.686923506380313e-01         
1.916250000000000e+01         2.708747323316627e-01         
1.917500000000000e+01         2.731193465241152e-01         
1.918750000000000e+01         2.754276135701774e-01         
1.920000000000000e+01         2.778009890548287e-01         
1.921250000000000e+01         2.802409630603651e-01         
1.922500000000000e+01         2.827490591907173e-01         
1.923750000000000e+01         2.853268333192759e-01         
1.925000000000000e+01         2.879758720226801e-01         
1.926250000000000e+01         2.906977906587511e-01         
1.927500000000000e+01         2.934942310420854e-01         
1.928750000000000e+01         2.963668586657027e-01         
1.930000000000000e+01         2.993173594115310e-01         
1.931250000000000e+01         3.023474356864596e-01         
1.932500000000000e+01         3.054588019140476e-01         
1.933750000000000e+01         3.086531793048832e-01         
1.935000000000000e+01         3.119322898209124e-01         
1.936250000000000e+01         3.152978492408473e-01         
1.937500000000000e+01         3.187515592250976e-01         
1.938750000000000e+01         3.222950982694844e-01         
1.940000000000000e+01         3.259301114274160e-01         
1.941250000000000e+01         3.296581986703617e-01         
1.942500000000000e+01         3.334809017463722e-01         
1.943750000000000e+01         3.373996893863641e-01         
1.945000000000000e+01         3.414159406980932e-01         
1.946250000000000e+01         3.455309265784781e-01         
1.947500000000000e+01         3.497457889666664e-01         
1.948750000000000e+01         3.540615177533276e-01         
1.950000000000000e+01         3.584789251569080e-01         
1.951250000000000e+01         3.629986173754993e-01         
1.952500000000000e+01         3.676209633246584e-01         
1.953750000000000e+01         3.723460602779260e-01         
1.955000000000000e+01         3.771736962391859e-01         
1.956250000000000e+01         3.821033088958724e-01         
1.957500000000000e+01         3.871339410310892e-01         
1.958750000000000e+01         3.922641923126909e-01         
1.960000000000000e+01         3.974921674305834e-01         
1.961250000000000e+01         4.028154206220309e-01         
1.962500000000000e+01         4.082308967111081e-01         
1.963750000000000e+01         4.137348688950555e-01         
1.965000000000000e+01         4.193228736394311e-01         
1.966250000000000e+01         4.249896431979685e-01         
1.967500000000000e+01         4.307290364533463e-01         
1.968750000000000e+01         4.365339689829280e-01         
1.970000000000000e+01         4.423963434884816e-01         
1.971250000000000e+01         4.483069819896591e-01         
1.972500000000000e+01         4.542555614637778e-01         
1.973750000000000e+01         4.602305549133315e-01         
1.975000000000000e+01         4.662191801486474e-01         
1.976250000000000e+01         4.722073588736488e-01         
1.977500000000000e+01         4.781796889414826e-01         
1.978750000000000e+01         4.841194328835205e-01         
1.980000000000000e+01         4.900085259853301e-01         
1.981250000000000e+01         4.958276072591442e-01         
1.982500000000000e+01         5.015560766135717e-01         
1.983750000000000e+01         5.071721813168754e-01         
1.985000000000000e+01         5.126531344606140e-01         
1.986250000000000e+01         5.179752675308983e-01         
1.987500000000000e+01         5.231142183683702e-01         
1.988750000000000e+01         5.280451547409950e-01         
1.990000000000000e+01         5.327430324776915e-01         
1.991250000000000e+01         5.371828856474423e-01         
1.992500000000000e+01         5.413401446712098e-01         
1.993750000000000e+01         5.451909765989136e-01         
1.995000000000000e+01         5.487126401670117e-01         
1.996250000000000e+01         5.518838467857780e-01         
1.997500000000000e+01         5.546851174086563e-01         
1.998750000000000e+01         5.570991244257221e-01         
2.000000000000000e+01         5.591110074012716e-01         
2.001250000000000e+01         5.607086517165205e-01         
2.002500000000000e+01         5.618829200185534e-01         
2.003750000000000e+01         5.626278278061546e-01         
2.005000000000000e+01         5.629406564421895e-01         
2.006250000000000e+01         5.628219992638200e-01         
2.007500000000000e+01         5.622757391195973e-01         
2.008750000000000e+01         5.613089584237366e-01         
2.010000000000000e+01         5.599317855003263e-01         
2.011250000000000e+01         5.581571834196188e-01         
2.012500000000000e+01         5.560006895555377e-01         
2.013750000000000e+01         5.534801156068407e-01         
2.015000000000000e+01         5.506152187593925e-01         
2.016250000000000e+01         5.474273550081863e-01         
2.017500000000000e+01         5.439391254360891e-01         
2.018750000000000e+01         5.401740255312385e-01         
2.020000000000000e+01         5.361561065141947e-01         
2.021250000000000e+01         5.319096562527538e-01         
2.022500000000000e+01         5.274589057838119e-01         
2.023750000000000e+01         5.228277658487914e-01         
2.025000000000000e+01         5.180395962779142e-01         
2.026250000000000e+01         5.131170096061329e-01         
2.027500000000000e+01         5.080817090248958e-01         
2.028750000000000e+01         5.029543597028684e-01         
2.030000000000000e+01         4.977544916597126e-01         
2.031250000000000e+01         4.925004317479810e-01         
2.032500000000000e+01         4.872092618751398e-01         
2.033750000000000e+01         4.818968003577668e-01         
2.035000000000000e+01         4.765776032155236e-01         
2.036250000000000e+01         4.712649822539778e-01         
2.037500000000000e+01         4.659710369235258e-01         
2.038750000000000e+01         4.607066971494431e-01         
2.040000000000000e+01         4.554817745816671e-01         
2.041250000000000e+01         4.503050199918778e-01         
2.042500000000000e+01         4.451841848336158e-01         
2.043750000000000e+01         4.401260852657894e-01         
2.045000000000000e+01         4.351366672116833e-01         
2.046250000000000e+01         4.302210712782262e-01         
2.047500000000000e+01         4.253836965896915e-01         
2.048750000000000e+01         4.206282627943893e-01         
2.050000000000000e+01         4.159578696815786e-01         
2.051250000000000e+01         4.113750539995776e-01         
2.052500000000000e+01         4.068818431960743e-01         
2.053750000000000e+01         4.024798059099421e-01         
2.055000000000000e+01         3.981700991325371e-01         
2.056250000000000e+01         3.939535120276749e-01         
2.057500000000000e+01         3.898305064556205e-01         
2.058750000000000e+01         3.858012542895318e-01         
2.060000000000000e+01         3.818656716448443e-01         
2.061250000000000e+01         3.780234501650227e-01         
2.062500000000000e+01         3.742740855223616e-01         
2.063750000000000e+01         3.706169033016898e-01         
2.065000000000000e+01         3.670510824390333e-01         
2.066250000000000e+01         3.635756763876150e-01         
2.067500000000000e+01         3.601896321809563e-01         
2.068750000000000e+01         3.568918075578960e-01         
2.070000000000000e+01         3.536809863078516e-01         
2.071250000000000e+01         3.505558919869649e-01         
2.072500000000000e+01         3.475152001473802e-01         
2.073750000000000e+01         3.445575492131268e-01         
2.075000000000000e+01         3.416815501270827e-01         
2.076250000000000e+01         3.388857948846163e-01         
2.077500000000000e+01         3.361688640607558e-01         
2.078750000000000e+01         3.335293334292848e-01         
2.080000000000000e+01         3.309657797641252e-01         
2.081250000000000e+01         3.284767859056874e-01         
2.082500000000000e+01         3.260609451676754e-01         
2.083750000000000e+01         3.237168651531106e-01         
2.085000000000000e+01         3.214431710420541e-01         
2.086250000000000e+01         3.192385084077135e-01         
2.087500000000000e+01         3.171015456122525e-01         
2.088750000000000e+01         3.150309758287099e-01         
2.090000000000000e+01         3.130255187308957e-01         
2.091250000000000e+01         3.110839218890223e-01         
2.092500000000000e+01         3.092049619050533e-01         
2.093750000000000e+01         3.073874453183233e-01         
2.095000000000000e+01         3.056302093088565e-01         
2.096250000000000e+01         3.039321222230109e-01         
2.097500000000000e+01         3.022920839434824e-01         
2.098750000000000e+01         3.007090261234125e-01         
2.100000000000000e+01         2.991819123022402e-01         
2.101250000000000e+01         2.977097379190528e-01         
2.102500000000000e+01         2.962915302374974e-01         
2.103750000000000e+01         2.949263481947640e-01         
2.105000000000000e+01         2.936132821857977e-01         
2.106250000000000e+01         2.923514537926412e-01         
2.107500000000000e+01         2.911400154677001e-01         
2.108750000000000e+01         2.899781501787325e-01         
2.110000000000000e+01         2.888650710224475e-01         
2.111250000000000e+01         2.878000208128294e-01         
2.112500000000000e+01         2.867822716495427e-01         
2.113750000000000e+01         2.858111244711632e-01         
2.115000000000000e+01         2.848859085973816e-01         
2.116250000000000e+01         2.840059812638215e-01         
2.117500000000000e+01         2.831707271526464e-01         
2.118750000000000e+01         2.823795579217205e-01         
2.120000000000000e+01         2.816319117347166e-01         
2.121250000000000e+01         2.809272527942346e-01         
2.122500000000000e+01         2.802650708797046e-01         
2.123750000000000e+01         2.796448808915752e-01         
2.125000000000000e+01         2.790662224030644e-01         
2.126250000000000e+01         2.785286592205279e-01         
2.127500000000000e+01         2.780317789533183e-01         
2.128750000000000e+01         2.775751925938409e-01         
2.130000000000000e+01         2.771585341083532e-01         
2.131250000000000e+01         2.767814600389247e-01         
2.132500000000000e+01         2.764436491168523e-01         
2.133750000000000e+01         2.761448018877103e-01         
2.135000000000000e+01         2.758846403481146e-01         
2.136250000000000e+01         2.756629075941959e-01         
2.137500000000000e+01         2.754793674816842e-01         
2.138750000000000e+01         2.753338042974348e-01         
2.140000000000000e+01         2.752260224421505e-01         
2.141250000000000e+01         2.751558461239934e-01         
2.142500000000000e+01         2.751231190627092e-01         
2.143750000000000e+01         2.751277042038313e-01         
2.145000000000000e+01         2.751694834424696e-01         
2.146250000000000e+01         2.752483573561366e-01         
2.147500000000000e+01         2.753642449459968e-01         
2.148750000000000e+01         2.755170833858830e-01         
2.150000000000000e+01         2.757068277783535e-01         
2.151250000000000e+01         2.759334509170078e-01         
2.152500000000000e+01         2.761969430542267e-01         
2.153750000000000e+01         2.764973116734258e-01         
2.155000000000000e+01         2.768345812648579e-01         
2.156250000000000e+01         2.772087931039256e-01         
2.157500000000000e+01         2.776200050308866e-01         
2.158750000000000e+01         2.780682912307710e-01         
2.160000000000000e+01         2.785537420122275e-01         
2.161250000000000e+01         2.790764635839468e-01         
2.162500000000000e+01         2.796365778271928e-01         
2.163750000000000e+01         2.802342220628949e-01         
2.165000000000000e+01         2.808695488116227e-01         
2.166250000000000e+01         2.815427255446611e-01         
2.167500000000000e+01         2.822539344242697e-01         
2.168750000000000e+01         2.830033720310774e-01         
2.170000000000000e+01         2.837912490764153e-01         
2.171250000000000e+01         2.846177900972356e-01         
2.172500000000000e+01         2.854832331310904e-01         
2.173750000000000e+01         2.863878293684732e-01         
2.175000000000000e+01         2.873318427796198e-01         
2.176250000000000e+01         2.883155497126662e-01         
2.177500000000000e+01         2.893392384598336e-01         
2.178750000000000e+01         2.904032087880807e-01         
2.180000000000000e+01         2.915077714304002e-01         
2.181250000000000e+01         2.926532475336728e-01         
2.182500000000000e+01         2.938399680587069e-01         
2.183750000000000e+01         2.950682731277824e-01         
2.185000000000000e+01         2.963385113146964e-01         
2.186250000000000e+01         2.976510388719679e-01         
2.187500000000000e+01         2.990062188895063e-01         
2.188750000000000e+01         3.004044203786472e-01         
2.190000000000000e+01         3.018460172750922e-01         
2.191250000000000e+01         3.033313873538533e-01         
2.192500000000000e+01         3.048609110488693e-01         
2.193750000000000e+01         3.064349701695284e-01         
2.195000000000000e+01         3.080539465058504e-01         
2.196250000000000e+01         3.097182203136104e-01         
2.197500000000000e+01         3.114281686702034e-01         
2.198750000000000e+01         3.131841636915442e-01         
2.200000000000000e+01         3.149865705998053e-01         
2.201250000000000e+01         3.168357456312998e-01         
2.202500000000000e+01         3.187320337733249e-01         
2.203750000000000e+01         3.206757663183065e-01         
2.205000000000000e+01         3.226672582231368e-01         
2.206250000000000e+01         3.247068052611869e-01         
2.207500000000000e+01         3.267946809540814e-01         
2.208750000000000e+01         3.289311332700385e-01         
2.210000000000000e+01         3.311163810753182e-01         
2.211250000000000e+01         3.333506103251795e-01         
2.212500000000000e+01         3.356339699807153e-01         
2.213750000000000e+01         3.379665676380376e-01         
2.215000000000000e+01         3.403484648565399e-01         
2.216250000000000e+01         3.427796721734377e-01         
2.217500000000000e+01         3.452601437924503e-01         
2.218750000000000e+01         3.477897719354462e-01         
2.220000000000000e+01         3.503683808471186e-01         
2.221250000000000e+01         3.529957204443260e-01         
2.222500000000000e+01         3.556714596037655e-01         
2.223750000000000e+01         3.583951790840181e-01         
2.225000000000000e+01         3.611663640809748e-01         
2.226250000000000e+01         3.639843964191120e-01         
2.227500000000000e+01         3.668485463851842e-01         
2.228750000000000e+01         3.697579642156728e-01         
2.230000000000000e+01         3.727116712548095e-01         
2.231250000000000e+01         3.757085508063012e-01         
2.232500000000000e+01         3.787473387089840e-01         
2.233750000000000e+01         3.818266136746515e-01         
2.235000000000000e+01         3.849447874352352e-01         
2.236250000000000e+01         3.881000947563779e-01         
2.237500000000000e+01         3.912905833852521e-01         
2.238750000000000e+01         3.945141040122589e-01         
2.240000000000000e+01         3.977683003388242e-01         
2.241250000000000e+01         4.010505993569998e-01         
2.242500000000000e+01         4.043582019606791e-01         
2.243750000000000e+01         4.076880740228944e-01         
2.245000000000000e+01         4.110369380886739e-01         
2.246250000000000e+01         4.144012658478998e-01         
2.247500000000000e+01         4.177772715673959e-01         
2.248750000000000e+01         4.211609066754594e-01         
2.250000000000000e+01         4.245478557049813e-01         
2.251250000000000e+01         4.279335338124485e-01         
2.252500000000000e+01         4.313130860990441e-01         
2.253750000000000e+01         4.346813889659836e-01         
2.255000000000000e+01         4.380330537384775e-01         
2.256250000000000e+01         4.413624327905927e-01         
2.257500000000000e+01         4.446636283959813e-01         
2.258750000000000e+01         4.479305045162337e-01         
2.260000000000000e+01         4.511567017188997e-01         
2.261250000000000e+01         4.543356553902544e-01         
2.262500000000000e+01         4.574606173733863e-01         
2.263750000000000e+01         4.605246811197421e-01         
2.265000000000000e+01         4.635208103919044e-01         
2.266250000000000e+01         4.664418714973325e-01         
2.267500000000000e+01         4.692806689675432e-01         
2.268750000000000e+01         4.720299845257899e-01         
2.270000000000000e+01         4.746826191098301e-01         
2.271250000000000e+01         4.772314376366461e-01         
2.272500000000000e+01         4.796694161149738e-01         
2.273750000000000e+01         4.819896906315240e-01         
2.275000000000000e+01         4.841856076606040e-01         
2.276250000000000e+01         4.862507750771099e-01         
2.277500000000000e+01         4.881791131926020e-01         
2.278750000000000e+01         4.899649050861639e-01         
2.280000000000000e+01         4.916028454686064e-01         
2.281250000000000e+01         4.930880873026748e-01         
2.282500000000000e+01         4.944162854049939e-01         
2.283750000000000e+01         4.955836362787501e-01         
2.285000000000000e+01         4.965869134700146e-01         
2.286250000000000e+01         4.974234978047783e-01         
2.287500000000000e+01         4.980914019470304e-01         
2.288750000000000e+01         4.985892888184801e-01         
2.290000000000000e+01         4.989164835350768e-01         
2.291250000000000e+01         4.990729786407862e-01         
2.292500000000000e+01         4.990594325512413e-01         
2.293750000000000e+01         4.988771612545994e-01         
2.295000000000000e+01         4.985281234497821e-01         
2.296250000000000e+01         4.980148994290263e-01         
2.297500000000000e+01         4.973406641282511e-01         
2.298750000000000e+01         4.965091548717349e-01         
2.300000000000000e+01         4.955246344240717e-01         
2.301250000000000e+01         4.943918500302706e-01         
2.302500000000000e+01         4.931159891728684e-01         
2.303750000000000e+01         4.917026328026039e-01         
2.305000000000000e+01         4.901577068068754e-01         
2.306250000000000e+01         4.884874324689665e-01         
2.307500000000000e+01         4.866982766425770e-01         
2.308750000000000e+01         4.847969023227092e-01         
2.310000000000000e+01         4.827901202379916e-01         
2.311250000000000e+01         4.806848420238513e-01         
2.312500000000000e+01         4.784880354633137e-01         
2.313750000000000e+01         4.762066822054552e-01         
2.315000000000000e+01         4.738477382931985e-01         
2.316250000000000e+01         4.714180977545491e-01         
2.317500000000000e+01         4.689245594365740e-01         
2.318750000000000e+01         4.663737971910793e-01         
2.320000000000000e+01         4.637723334562954e-01         
2.321250000000000e+01         4.611265162209791e-01         
2.322500000000000e+01         4.584424993066504e-01         
2.323750000000000e+01         4.557262258605855e-01         
2.325000000000000e+01         4.529834149166264e-01         
2.326250000000000e+01         4.502195508526847e-01         
2.327500000000000e+01         4.474398755525335e-01         
2.328750000000000e+01         4.446493830646682e-01         
2.330000000000000e+01         4.418528165419498e-01         
2.331250000000000e+01         4.390546672417895e-01         
2.332500000000000e+01         4.362591753671022e-01         
2.333750000000000e+01         4.334703325323602e-01         
2.335000000000000e+01         4.306918856462671e-01         
2.336250000000000e+01         4.279273420120983e-01         
2.337500000000000e+01         4.251799754580841e-01         
2.338750000000000e+01         4.224528333228277e-01         
2.340000000000000e+01         4.197487441341866e-01         
2.341250000000000e+01         4.170703258338673e-01         
2.342500000000000e+01         4.144199944139542e-01         
2.343750000000000e+01         4.117999728453303e-01         
2.345000000000000e+01         4.092123001913013e-01         
2.346250000000000e+01         4.066588408125321e-01         
2.347500000000000e+01         4.041412935814733e-01         
2.348750000000000e+01         4.016612010358032e-01         
2.350000000000000e+01         3.992199584108335e-01         
2.351250000000000e+01         3.968188225004893e-01         
2.352500000000000e+01         3.944589203051980e-01         
2.353750000000000e+01         3.921412574329081e-01         
2.355000000000000e+01         3.898667262265391e-01         
2.356250000000000e+01         3.876361135974389e-01         
2.357500000000000e+01         3.854501085499393e-01         
2.358750000000000e+01         3.833093093869516e-01         
2.360000000000000e+01         3.812142305907251e-01         
2.361250000000000e+01         3.791653093764928e-01         
2.362500000000000e+01         3.771629119197953e-01         
2.363750000000000e+01         3.752073392608308e-01         
2.365000000000000e+01         3.732988328913509e-01         
2.366250000000000e+01         3.714375800313426e-01         
2.367500000000000e+01         3.696237186041756e-01         
2.368750000000000e+01         3.678573419199734e-01         
2.370000000000000e+01         3.661385030778420e-01         
2.371250000000000e+01         3.644672190981725e-01         
2.372500000000000e+01         3.628434747966819e-01         
2.373750000000000e+01         3.612672264120876e-01         
2.375000000000000e+01         3.597384049994301e-01         
2.376250000000000e+01         3.582569196010371e-01         
2.377500000000000e+01         3.568226602070255e-01         
2.378750000000000e+01         3.554355005170241e-01         
2.380000000000000e+01         3.540953005145596e-01         
2.381250000000000e+01         3.528019088652312e-01         
2.382500000000000e+01         3.515551651494396e-01         
2.383750000000000e+01         3.503549019400632e-01         
2.385000000000000e+01         3.492009467350759e-01         
2.386250000000000e+01         3.480931237546576e-01         
2.387500000000000e+01         3.470312556119543e-01         
2.388750000000000e+01         3.460151648661932e-01         
2.390000000000000e+01         3.450446754664388e-01         
2.391250000000000e+01         3.441196140938533e-01         
2.392500000000000e+01         3.432398114099108e-01         
2.393750000000000e+01         3.424051032176079e-01         
2.395000000000000e+01         3.416153315423224e-01         
2.396250000000000e+01         3.408703456385948e-01         
2.397500000000000e+01         3.401700029287404e-01         
2.398750000000000e+01         3.395141698788490e-01         
2.400000000000000e+01         3.389027228174052e-01         
2.401250000000000e+01         3.383355487014237e-01         
2.402500000000000e+01         3.378125458347127e-01         
2.403750000000000e+01         3.373336245425789e-01         
2.405000000000000e+01         3.368987078070146e-01         
2.406250000000000e+01         3.365077318661527e-01         
2.407500000000000e+01         3.361606467815355e-01         
2.408750000000000e+01         3.358574169765006e-01         
2.410000000000000e+01         3.355980217487835e-01         
2.411250000000000e+01         3.353824557602223e-01         
2.412500000000000e+01         3.352107295062607e-01         
2.413750000000000e+01         3.350828697677650e-01         
2.415000000000000e+01         3.349989200474883e-01         
2.416250000000000e+01         3.349589409933720e-01         
2.417500000000000e+01         3.349630108106989e-01         
2.418750000000000e+01         3.350112256649813e-01         
2.420000000000000e+01         3.351037000773269e-01         
2.421250000000000e+01         3.352405673138881e-01         
2.422500000000000e+01         3.354219797708799e-01         
2.423750000000000e+01         3.356481093565272e-01         
2.425000000000000e+01         3.359191478711896e-01         
2.426250000000000e+01         3.362353073867934e-01         
2.427500000000000e+01         3.365968206265970e-01         
2.428750000000000e+01         3.370039413462013e-01         
2.430000000000000e+01         3.374569447166112e-01         
2.431250000000000e+01         3.379561277100511e-01         
2.432500000000000e+01         3.385018094891221e-01         
2.433750000000000e+01         3.390943317997866e-01         
2.435000000000000e+01         3.397340593685531e-01         
2.436250000000000e+01         3.404213803041090e-01         
2.437500000000000e+01         3.411567065035432e-01         
2.438750000000000e+01         3.419404740631631e-01         
2.440000000000000e+01         3.427731436937866e-01         
2.441250000000000e+01         3.436552011402355e-01         
2.442500000000000e+01         3.445871576046208e-01         
2.443750000000000e+01         3.455695501728341e-01         
2.445000000000000e+01         3.466029422434908e-01         
2.446250000000000e+01         3.476879239583781e-01         
2.447500000000000e+01         3.488251126332552e-01         
2.448750000000000e+01         3.500151531876209e-01         
2.450000000000000e+01         3.512587185718236e-01         
2.451250000000000e+01         3.525565101896111e-01         
2.452500000000000e+01         3.539092583139212e-01         
2.453750000000000e+01         3.553177224933955e-01         
2.455000000000000e+01         3.567826919467176e-01         
2.456250000000000e+01         3.583049859415052e-01         
2.457500000000000e+01         3.598854541540278e-01         
2.458750000000000e+01         3.615249770055541e-01         
2.460000000000000e+01         3.632244659706005e-01         
2.461250000000000e+01         3.649848638517555e-01         
2.462500000000000e+01         3.668071450151328e-01         
2.463750000000000e+01         3.686923155797742e-01         
2.465000000000000e+01         3.706414135535545e-01         
2.466250000000000e+01         3.726555089072844e-01         
2.467500000000000e+01         3.747357035777413e-01         
2.468750000000000e+01         3.768831313893431e-01         
2.470000000000000e+01         3.790989578830161e-01         
2.471250000000000e+01         3.813843800395594e-01         
2.472500000000000e+01         3.837406258834415e-01         
2.473750000000000e+01         3.861689539514206e-01         
2.475000000000000e+01         3.886706526087784e-01         
2.476250000000000e+01         3.912470391940969e-01         
2.477500000000000e+01         3.938994589715668e-01         
2.478750000000000e+01         3.966292838676516e-01         
2.480000000000000e+01         3.994379109665814e-01         
2.481250000000000e+01         4.023267607366007e-01         
2.482500000000000e+01         4.052972749561448e-01         
2.483750000000000e+01         4.083509143061033e-01         
2.485000000000000e+01         4.114891555911115e-01         
2.486250000000000e+01         4.147134885493289e-01         
2.487500000000000e+01         4.180254122064225e-01         
2.488750000000000e+01         4.214264307254794e-01         
2.490000000000000e+01         4.249180487003277e-01         
2.491250000000000e+01         4.285017658352245e-01         
2.492500000000000e+01         4.321790709491100e-01         
2.493750000000000e+01         4.359514352376485e-01         
2.495000000000000e+01         4.398203047211067e-01         
2.496250000000000e+01         4.437870918007380e-01         
2.497500000000000e+01         4.478531658409537e-01         
2.498750000000000e+01         4.520198426890246e-01         
2.500000000000000e+01         4.562883730386870e-01         
2.501250000000000e+01         4.606599295387670e-01         
2.502500000000000e+01         4.651355925430293e-01         
2.503750000000000e+01         4.697163343931107e-01         
2.505000000000000e+01         4.744030021226804e-01         
2.506250000000000e+01         4.791962984683930e-01         
2.507500000000000e+01         4.840967610718641e-01         
2.508750000000000e+01         4.891047397573263e-01         
2.510000000000000e+01         4.942203717722402e-01         
2.511250000000000e+01         4.994435548833680e-01         
2.512500000000000e+01         5.047739182295000e-01         
2.513750000000000e+01         5.102107908445510e-01         
2.515000000000000e+01         5.157531677821287e-01         
2.516250000000000e+01         5.213996737956905e-01         
2.517500000000000e+01         5.271485245579347e-01         
2.518750000000000e+01         5.329974854402483e-01         
2.520000000000000e+01         5.389438279188451e-01         
2.521250000000000e+01         5.449842837297348e-01         
2.522500000000000e+01         5.511149969610691e-01         
2.523750000000000e+01         5.573314743495115e-01         
2.525000000000000e+01         5.636285341382070e-01         
2.526250000000000e+01         5.700002539580227e-01         
2.527500000000000e+01         5.764399183115638e-01         
2.528750000000000e+01         5.829399663706788e-01         
2.530000000000000e+01         5.894919409420002e-01         
2.531250000000000e+01         5.960864396100376e-01         
2.532500000000000e+01         6.027130692306613e-01         
2.533750000000000e+01         6.093604051159768e-01         
2.535000000000000e+01         6.160159564193085e-01         
2.536250000000000e+01         6.226661393897251e-01         
2.537500000000000e+01         6.292962603111208e-01         
2.538750000000000e+01         6.358905100612798e-01         
2.540000000000000e+01         6.424319723102351e-01         
2.541250000000000e+01         6.489026474119364e-01         
2.542500000000000e+01         6.552834940147998e-01         
2.543750000000000e+01         6.615544903114714e-01         
2.545000000000000e+01         6.676947166524575e-01         
2.546250000000000e+01         6.736824609504736e-01         
2.547500000000000e+01         6.794953478936681e-01         
2.548750000000000e+01         6.851104924616874e-01         
2.550000000000000e+01         6.905046776005724e-01         
2.551250000000000e+01         6.956545551690535e-01         
2.552500000000000e+01         7.005368684373567e-01         
2.553750000000000e+01         7.051286935261323e-01         
2.555000000000000e+01         7.094076962528835e-01         
2.556250000000000e+01         7.133523999498423e-01         
2.557500000000000e+01         7.169424589807257e-01         
2.558750000000000e+01         7.201589319677929e-01         
2.560000000000000e+01         7.229845481991821e-01         
2.561250000000000e+01         7.254039603691205e-01         
2.562500000000000e+01         7.274039767510927e-01         
2.563750000000000e+01         7.289737661439306e-01         
2.565000000000000e+01         7.301050294734794e-01         
2.566250000000000e+01         7.307921327689566e-01         
2.567500000000000e+01         7.310321973338588e-01         
2.568750000000000e+01         7.308251442474692e-01         
2.570000000000000e+01         7.301736917993699e-01         
2.571250000000000e+01         7.290833059990881e-01         
2.572500000000000e+01         7.275621058332229e-01         
2.573750000000000e+01         7.256207263815152e-01         
2.575000000000000e+01         7.232721441766300e-01         
2.576250000000000e+01         7.205314702384873e-01         
2.577500000000000e+01         7.174157169885800e-01         
2.578750000000000e+01         7.139435457281399e-01         
2.580000000000000e+01         7.101350015422568e-01         
2.581250000000000e+01         7.060112423844844e-01         
2.582500000000000e+01         7.015942687341074e-01         
2.583750000000000e+01         6.969066596437753e-01         
2.585000000000000e+01         6.919713202593264e-01         
2.586250000000000e+01         6.868112450498736e-01         
2.587500000000000e+01         6.814493000872600e-01         
2.588750000000000e+01         6.759080268080114e-01         
2.590000000000000e+01         6.702094688191423e-01         
2.591250000000000e+01         6.643750225044414e-01         
2.592500000000000e+01         6.584253114740610e-01         
2.593750000000000e+01         6.523800842921044e-01         
2.595000000000000e+01         6.462581344216708e-01         
2.596250000000000e+01         6.400772409442907e-01         
2.597500000000000e+01         6.338541283356433e-01         
2.598750000000000e+01         6.276044434025566e-01         
2.600000000000000e+01         6.213427473955161e-01         
2.601250000000000e+01         6.150825212930320e-01         
2.602500000000000e+01         6.088361822955732e-01         
2.603750000000000e+01         6.026151096540765e-01         
2.605000000000000e+01         5.964296780790895e-01         
2.606250000000000e+01         5.902892971205083e-01         
2.607500000000000e+01         5.842024550653054e-01         
2.608750000000000e+01         5.781767660638168e-01         
2.610000000000000e+01         5.722190193579662e-01         
2.611250000000000e+01         5.663352296425065e-01         
2.612500000000000e+01         5.605306877394113e-01         
2.613750000000000e+01         5.548100109037417e-01         
2.615000000000000e+01         5.491771922051495e-01         
2.616250000000000e+01         5.436356485419298e-01         
2.617500000000000e+01         5.381882669442610e-01         
2.618750000000000e+01         5.328374489100993e-01         
2.620000000000000e+01         5.275851525919154e-01         
2.621250000000000e+01         5.224329327159183e-01         
2.622500000000000e+01         5.173819781684150e-01         
2.623750000000000e+01         5.124331472278696e-01         
2.625000000000000e+01         5.075870004566795e-01         
2.626250000000000e+01         5.028438312950754e-01         
2.627500000000000e+01         4.982036944215965e-01         
2.628750000000000e+01         4.936664319612836e-01         
2.630000000000000e+01         4.892316976349335e-01         
2.631250000000000e+01         4.848989789510452e-01         
2.632500000000000e+01         4.806676175473441e-01         
2.633750000000000e+01         4.765368277913565e-01         
2.635000000000000e+01         4.725057137500499e-01         
2.636250000000000e+01         4.685732846374563e-01         
2.637500000000000e+01         4.647384688468057e-01         
2.638750000000000e+01         4.610001266703002e-01         
2.640000000000000e+01         4.573570618056254e-01         
2.641250000000000e+01         4.538080317436641e-01         
2.642500000000000e+01         4.503517571270035e-01         
2.643750000000000e+01         4.469869301637213e-01         
2.645000000000000e+01         4.437122221757595e-01         
2.646250000000000e+01         4.405262903560902e-01         
2.647500000000000e+01         4.374277838037781e-01         
2.648750000000000e+01         4.344153489011904e-01         
2.650000000000000e+01         4.314876340928337e-01         
2.651250000000000e+01         4.286432941208172e-01         
2.652500000000000e+01         4.258809937676349e-01         
2.653750000000000e+01         4.231994111529145e-01         
2.655000000000000e+01         4.205972406269954e-01         
2.656250000000000e+01         4.180731953006150e-01         
2.657500000000000e+01         4.156260092466699e-01         
2.658750000000000e+01         4.132544394069498e-01         
2.660000000000000e+01         4.109572672338476e-01         
2.661250000000000e+01         4.087333000944403e-01         
2.662500000000000e+01         4.065813724618654e-01         
2.663750000000000e+01         4.045003469166917e-01         
2.665000000000000e+01         4.024891149789072e-01         
2.666250000000000e+01         4.005465977892506e-01         
2.667500000000000e+01         3.986717466568925e-01         
2.668750000000000e+01         3.968635434888650e-01         
2.670000000000000e+01         3.951210011152025e-01         
2.671250000000000e+01         3.934431635224226e-01         
2.672500000000000e+01         3.918291060067764e-01         
2.673750000000000e+01         3.902779352576012e-01         
2.675000000000000e+01         3.887887893800919e-01         
2.676250000000000e+01         3.873608378659187e-01         
2.677500000000000e+01         3.859932815192836e-01         
2.678750000000000e+01         3.846853523452534e-01         
2.680000000000000e+01         3.834363134065412e-01         
2.681250000000000e+01         3.822454586542860e-01         
2.682500000000000e+01         3.811121127378121e-01         
2.683750000000000e+01         3.800356307978706e-01         
2.685000000000000e+01         3.790153982473808e-01         
2.686250000000000e+01         3.780508305433015e-01         
2.687500000000000e+01         3.771413729528712e-01         
2.688750000000000e+01         3.762865003171401e-01         
2.690000000000000e+01         3.754857168143909e-01         
2.691250000000000e+01         3.747385557257927e-01         
2.692500000000000e+01         3.740445792053786e-01         
2.693750000000000e+01         3.734033780562144e-01         
2.695000000000000e+01         3.728145715144315e-01         
2.696250000000000e+01         3.722778070426176e-01         
2.697500000000000e+01         3.717927601338952e-01         
2.698750000000000e+01         3.713591341278785e-01         
2.700000000000000e+01         3.709766600395649e-01         
2.701250000000000e+01         3.706450964021092e-01         
2.702500000000000e+01         3.703642291243111e-01         
2.703750000000000e+01         3.701338713635690e-01         
2.705000000000000e+01         3.699538634149567e-01         
2.706250000000000e+01         3.698240726170074e-01         
2.707500000000000e+01         3.697443932747265e-01         
2.708750000000000e+01         3.697147466002835e-01         
2.710000000000000e+01         3.697350806717830e-01         
2.711250000000000e+01         3.698053704104653e-01         
2.712500000000000e+01         3.699256175766341e-01         
2.713750000000000e+01         3.700958507845671e-01         
2.715000000000000e+01         3.703161255366277e-01         
2.716250000000000e+01         3.705865242767526e-01         
2.717500000000000e+01         3.709071564634521e-01         
2.718750000000000e+01         3.712781586624279e-01         
2.720000000000000e+01         3.716996946588708e-01         
2.721250000000000e+01         3.721719555894653e-01         
2.722500000000000e+01         3.726951600940938e-01         
2.723750000000000e+01         3.732695544871831e-01         
2.725000000000000e+01         3.738954129486057e-01         
2.726250000000000e+01         3.745730377339956e-01         
2.727500000000000e+01         3.753027594042836e-01         
2.728750000000000e+01         3.760849370742216e-01         
2.730000000000000e+01         3.769199586795809e-01         
2.731250000000000e+01         3.778082412626697e-01         
2.732500000000000e+01         3.787502312757182e-01         
2.733750000000000e+01         3.797464049016186e-01         
2.735000000000000e+01         3.807972683914080e-01         
2.736250000000000e+01         3.819033584177783e-01         
2.737500000000000e+01         3.830652424437944e-01         
2.738750000000000e+01         3.842835191058723e-01         
2.740000000000000e+01         3.855588186099227e-01         
2.741250000000000e+01         3.868918031394252e-01         
2.742500000000000e+01         3.882831672740054e-01         
2.743750000000000e+01         3.897336384169116e-01         
2.745000000000000e+01         3.912439772295518e-01         
2.746250000000000e+01         3.928149780710312e-01         
2.747500000000000e+01         3.944474694403491e-01         
2.748750000000000e+01         3.961423144186121e-01         
2.750000000000000e+01         3.979004111083065e-01         
2.751250000000000e+01         3.997226930662865e-01         
2.752500000000000e+01         4.016101297267322e-01         
2.753750000000000e+01         4.035637268098841e-01         
2.755000000000000e+01         4.055845267118473e-01         
2.756250000000000e+01         4.076736088702053e-01         
2.757500000000000e+01         4.098320900995713e-01         
2.758750000000000e+01         4.120611248905206e-01         
2.760000000000000e+01         4.143619056645897e-01         
2.761250000000000e+01         4.167356629772005e-01         
2.762500000000000e+01         4.191836656594434e-01         
2.763750000000000e+01         4.217072208886540e-01         
2.765000000000000e+01         4.243076741765809e-01         
2.766250000000000e+01         4.269864092627350e-01         
2.767500000000000e+01         4.297448478991437e-01         
2.768750000000000e+01         4.325844495112588e-01         
2.770000000000000e+01         4.355067107181294e-01         
2.771250000000000e+01         4.385131646931767e-01         
2.772500000000000e+01         4.416053803449430e-01         
2.773750000000000e+01         4.447849612950506e-01         
2.775000000000000e+01         4.480535446282689e-01         
2.776250000000000e+01         4.514127993870581e-01         
2.777500000000000e+01         4.548644247801512e-01         
2.778750000000000e+01         4.584101480717830e-01         
2.780000000000000e+01         4.620517221148485e-01         
2.781250000000000e+01         4.657909224877937e-01         
2.782500000000000e+01         4.696295441912172e-01         
2.783750000000000e+01         4.735693978560617e-01         
2.785000000000000e+01         4.776123054109012e-01         
2.786250000000000e+01         4.817600951511337e-01         
2.787500000000000e+01         4.860145961479158e-01         
2.788750000000000e+01         4.903776319293867e-01         
2.790000000000000e+01         4.948510133612010e-01         
2.791250000000000e+01         4.994365306475750e-01         
2.792500000000000e+01         5.041359443680463e-01         
2.793750000000000e+01         5.089509754589648e-01         
2.795000000000000e+01         5.138832940424677e-01         
2.796250000000000e+01         5.189345069994001e-01         
2.797500000000000e+01         5.241061441765011e-01         
2.798750000000000e+01         5.293996431122346e-01         
2.800000000000000e+01         5.348163321602033e-01         
2.801250000000000e+01         5.403574118842505e-01         
2.802500000000000e+01         5.460239345954864e-01         
2.803750000000000e+01         5.518167818988621e-01         
2.805000000000000e+01         5.577366401159225e-01         
2.806250000000000e+01         5.637839734515271e-01         
2.807500000000000e+01         5.699589947760855e-01         
2.808750000000000e+01         5.762616339018798e-01         
2.810000000000000e+01         5.826915032431389e-01         
2.811250000000000e+01         5.892478607651627e-01         
2.812500000000000e+01         5.959295701494721e-01         
2.813750000000000e+01         6.027350581299714e-01         
2.815000000000000e+01         6.096622689910901e-01         
2.816250000000000e+01         6.167086162637639e-01         
2.817500000000000e+01         6.238709317100150e-01         
2.818750000000000e+01         6.311454117532589e-01         
2.820000000000000e+01         6.385275615903905e-01         
2.821250000000000e+01         6.460121373140465e-01         
2.822500000000000e+01         6.535930864806120e-01         
2.823750000000000e+01         6.612634876814882e-01         
2.825000000000000e+01         6.690154898127590e-01         
2.826250000000000e+01         6.768402518906177e-01         
2.827500000000000e+01         6.847278844262298e-01         
2.828750000000000e+01         6.926673935515546e-01         
2.830000000000000e+01         7.006466292740285e-01         
2.831250000000000e+01         7.086522394284425e-01         
2.832500000000000e+01         7.166696310823381e-01         
2.833750000000000e+01         7.246829413294140e-01         
2.835000000000000e+01         7.326750195637061e-01         
2.836250000000000e+01         7.406274234544213e-01         
2.837500000000000e+01         7.485204309242627e-01         
2.838750000000000e+01         7.563330704580968e-01         
2.840000000000000e+01         7.640431720187106e-01         
2.841250000000000e+01         7.716274407068853e-01         
2.842500000000000e+01         7.790615550591150e-01         
2.843750000000000e+01         7.863202915161474e-01         
2.845000000000000e+01         7.933776761099850e-01         
2.846250000000000e+01         8.002071638026688e-01         
2.847500000000000e+01         8.067818451703459e-01         
2.848750000000000e+01         8.130746792723255e-01         
2.850000000000000e+01         8.190587505981293e-01         
2.851250000000000e+01         8.247075469769779e-01         
2.852500000000000e+01         8.299952543046110e-01         
2.853750000000000e+01         8.348970629415212e-01         
2.855000000000000e+01         8.393894797207638e-01         
2.856250000000000e+01         8.434506387321066e-01         
2.857500000000000e+01         8.470606034812753e-01         
2.858750000000000e+01         8.502016527115460e-01         
2.860000000000000e+01         8.528585421627746e-01         
2.861250000000000e+01         8.550187348573163e-01         
2.862500000000000e+01         8.566725931515932e-01         
2.863750000000000e+01         8.578135267626721e-01         
2.865000000000000e+01         8.584380922357405e-01         
2.866250000000000e+01         8.585460408043417e-01         
2.867500000000000e+01         8.581403132370231e-01         
2.868750000000000e+01         8.572269819764342e-01         
2.870000000000000e+01         8.558151425687375e-01         
2.871250000000000e+01         8.539167579638184e-01         
2.872500000000000e+01         8.515464606597173e-01         
2.873750000000000e+01         8.487213188024608e-01         
2.875000000000000e+01         8.454605731887114e-01         
2.876250000000000e+01         8.417853526283030e-01         
2.877500000000000e+01         8.377183753039986e-01         
2.878750000000000e+01         8.332836436339649e-01         
2.880000000000000e+01         8.285061397329863e-01         
2.881250000000000e+01         8.234115279287706e-01         
2.882500000000000e+01         8.180258699750405e-01         
2.883750000000000e+01         8.123753576718793e-01         
2.885000000000000e+01         8.064860666132638e-01         
2.886250000000000e+01         8.003837337838621e-01         
2.887500000000000e+01         7.940935607669628e-01         
2.888750000000000e+01         7.876400434381824e-01         
2.890000000000000e+01         7.810468282313372e-01         
2.891250000000000e+01         7.743365943897419e-01         
2.892500000000000e+01         7.675309610662131e-01         
2.893750000000000e+01         7.606504177077799e-01         
2.895000000000000e+01         7.537142758517895e-01         
2.896250000000000e+01         7.467406402580692e-01         
2.897500000000000e+01         7.397463971945889e-01         
2.898750000000000e+01         7.327472176674131e-01         
2.900000000000000e+01         7.257575734246581e-01         
2.901250000000000e+01         7.187907636543570e-01         
2.902500000000000e+01         7.118589504245658e-01         
2.903750000000000e+01         7.049732010682711e-01         
2.905000000000000e+01         6.981435358860730e-01         
2.906250000000000e+01         6.913789797170087e-01         
2.907500000000000e+01         6.846876161060691e-01         
2.908750000000000e+01         6.780766429699998e-01         
2.910000000000000e+01         6.715524288274657e-01         
2.911250000000000e+01         6.651205688127150e-01         
2.912500000000000e+01         6.587859398316277e-01         
2.913750000000000e+01         6.525527543449771e-01         
2.915000000000000e+01         6.464246123754799e-01         
2.916250000000000e+01         6.404045514327861e-01         
2.917500000000000e+01         6.344950941352534e-01         
2.918750000000000e+01         6.286982933792111e-01         
2.920000000000000e+01         6.230157749671257e-01         
2.921250000000000e+01         6.174487776564650e-01         
2.922500000000000e+01         6.119981906320381e-01         
2.923750000000000e+01         6.066645884378549e-01         
2.925000000000000e+01         6.014482634304041e-01         
2.926250000000000e+01         5.963492558352835e-01         
2.927500000000000e+01         5.913673815039039e-01         
2.928750000000000e+01         5.865022574774487e-01         
2.930000000000000e+01         5.817533254720967e-01         
2.931250000000000e+01         5.771198734033972e-01         
2.932500000000000e+01         5.726010550691136e-01         
2.933750000000000e+01         5.681959081093623e-01         
2.935000000000000e+01         5.639033703608559e-01         
2.936250000000000e+01         5.597222947188739e-01         
2.937500000000000e+01         5.556514626165086e-01         
2.938750000000000e+01         5.516895962260486e-01         
2.940000000000000e+01         5.478353694822251e-01         
2.941250000000000e+01         5.440874180216743e-01         
2.942500000000000e+01         5.404443481274244e-01         
2.943750000000000e+01         5.369047447617121e-01         
2.945000000000000e+01         5.334671787649224e-01         
2.946250000000000e+01         5.301302132931129e-01         
2.947500000000000e+01         5.268924095613976e-01         
2.948750000000000e+01         5.237523319554915e-01         
2.950000000000000e+01         5.207085525689824e-01         
2.951250000000000e+01         5.177596552194058e-01         
2.952500000000000e+01         5.149042389919620e-01         
2.953750000000000e+01         5.121409213557439e-01         
2.955000000000000e+01         5.094683408936160e-01         
2.956250000000000e+01         5.068851596834281e-01         
2.957500000000000e+01         5.043900653650220e-01         
2.958750000000000e+01         5.019817729244942e-01         
2.960000000000000e+01         4.996590262244321e-01         
2.961250000000000e+01         4.974205993062660e-01         
2.962500000000000e+01         4.952652974885521e-01         
2.963750000000000e+01         4.931919582828203e-01         
2.965000000000000e+01         4.911994521466572e-01         
2.966250000000000e+01         4.892866830918310e-01         
2.967500000000000e+01         4.874525891636625e-01         
2.968750000000000e+01         4.856961428062444e-01         
2.970000000000000e+01         4.840163511267673e-01         
2.971250000000000e+01         4.824122560709123e-01         
2.972500000000000e+01         4.808829345200976e-01         
2.973750000000000e+01         4.794274983203343e-01         
2.975000000000000e+01         4.780450942514297e-01         
2.976250000000000e+01         4.767349039444292e-01         
2.977500000000000e+01         4.754961437543739e-01         
2.978750000000000e+01         4.743280645946909e-01         
2.980000000000000e+01         4.732299517389024e-01         
2.981250000000000e+01         4.722011245947066e-01         
2.982500000000000e+01         4.712409364549110e-01         
2.983750000000000e+01         4.703487742292358e-01         
2.985000000000000e+01         4.695240581604890e-01         
2.986250000000000e+01         4.687662415282345e-01         
2.987500000000000e+01         4.680748103426550e-01         
2.988750000000000e+01         4.674492830309764e-01         
2.990000000000000e+01         4.668892101184815e-01         
2.991250000000000e+01         4.663941739058424e-01         
2.992500000000000e+01         4.659637881442312e-01         
2.993750000000000e+01         4.655976977094003e-01         
2.995000000000000e+01         4.652955782756943e-01         
2.996250000000000e+01         4.650571359907178e-01         
2.997500000000000e+01         4.648821071511972e-01         
2.998750000000000e+01         4.647702578803518e-01         
3.000000000000000e+01         4.647213838069164e-01         
3.001250000000000e+01         4.647353097457715e-01         
3.002500000000000e+01         4.648118893799700e-01         
3.003750000000000e+01         4.649510049437700e-01         
3.005000000000000e+01         4.651525669061279e-01         
3.006250000000000e+01         4.654165136539417e-01         
3.007500000000000e+01         4.657428111741633e-01         
3.008750000000000e+01         4.661314527337509e-01         
3.010000000000000e+01         4.665824585562522e-01         
3.011250000000000e+01         4.670958754936509e-01         
3.012500000000000e+01         4.676717766919399e-01         
3.013750000000000e+01         4.683102612486909e-01         
3.015000000000000e+01         4.690114538607280e-01         
3.016250000000000e+01         4.697755044598018e-01         
3.017500000000000e+01         4.706025878339680e-01         
3.018750000000000e+01         4.714929032321665e-01         
3.020000000000000e+01         4.724466739492621e-01         
3.021250000000000e+01         4.734641468885860e-01         
3.022500000000000e+01         4.745455920987514e-01         
3.023750000000000e+01         4.756913022812727e-01         
3.025000000000000e+01         4.769015922652130e-01         
3.026250000000000e+01         4.781767984448034e-01         
3.027500000000000e+01         4.795172781756523e-01         
3.028750000000000e+01         4.809234091248178e-01         
3.030000000000000e+01         4.823955885696765e-01         
3.031250000000000e+01         4.839342326401131e-01         
3.032500000000000e+01         4.855397754981688e-01         
3.033750000000000e+01         4.872126684488501e-01         
3.035000000000000e+01         4.889533789753308e-01         
3.036250000000000e+01         4.907623896913149e-01         
3.037500000000000e+01         4.926401972027946e-01         
3.038750000000000e+01         4.945873108709157e-01         
3.040000000000000e+01         4.966042514670769e-01         
3.041250000000000e+01         4.986915497107930e-01         
3.042500000000000e+01         5.008497446802345e-01         
3.043750000000000e+01         5.030793820846854e-01         
3.045000000000000e+01         5.053810123874758e-01         
3.046250000000000e+01         5.077551887672390e-01         
3.047500000000000e+01         5.102024649046285e-01         
3.048750000000000e+01         5.127233925807995e-01         
3.050000000000000e+01         5.153185190732932e-01         
3.051250000000000e+01         5.179883843340755e-01         
3.052500000000000e+01         5.207335179337413e-01         
3.053750000000000e+01         5.235544357550963e-01         
3.055000000000000e+01         5.264516364185172e-01         
3.056250000000000e+01         5.294255974207452e-01         
3.057500000000000e+01         5.324767709680444e-01         
3.058750000000000e+01         5.356055794839454e-01         
3.060000000000000e+01         5.388124107712056e-01         
3.061250000000000e+01         5.420976128070537e-01         
3.062500000000000e+01         5.454614881503784e-01         
3.063750000000000e+01         5.489042879392559e-01         
3.065000000000000e+01         5.524262054570440e-01         
3.066250000000000e+01         5.560273692454236e-01         
3.067500000000000e+01         5.597078357430318e-01         
3.068750000000000e+01         5.634675814290266e-01         
3.070000000000000e+01         5.673064944518151e-01         
3.071250000000000e+01         5.712243657246125e-01         
3.072500000000000e+01         5.752208794712850e-01         
3.073750000000000e+01         5.792956032082676e-01         
3.075000000000000e+01         5.834479771513463e-01         
3.076250000000000e+01         5.876773030397181e-01         
3.077500000000000e+01         5.919827323740893e-01         
3.078750000000000e+01         5.963632540709751e-01         
3.080000000000000e+01         6.008176815414045e-01         
3.081250000000000e+01         6.053446392096252e-01         
3.082500000000000e+01         6.099425484957390e-01         
3.083750000000000e+01         6.146096132958471e-01         
3.085000000000000e+01         6.193438050042311e-01         
3.086250000000000e+01         6.241428471344614e-01         
3.087500000000000e+01         6.290041996101269e-01         
3.088750000000000e+01         6.339250428112149e-01         
3.090000000000000e+01         6.389022614790301e-01         
3.091250000000000e+01         6.439324286009072e-01         
3.092500000000000e+01         6.490117894158277e-01         
3.093750000000000e+01         6.541362457032429e-01         
3.095000000000000e+01         6.593013405398207e-01         
3.096250000000000e+01         6.645022437322013e-01         
3.097500000000000e+01         6.697337381578882e-01         
3.098750000000000e+01         6.749902072707070e-01         
3.100000000000000e+01         6.802656240513255e-01         
3.101250000000000e+01         6.855535417065534e-01         
3.102500000000000e+01         6.908470864428436e-01         
3.103750000000000e+01         6.961389526586833e-01         
3.105000000000000e+01         7.014214009166225e-01         
3.106250000000000e+01         7.066862590672877e-01         
3.107500000000000e+01         7.119249269039597e-01         
3.108750000000000e+01         7.171283847258170e-01         
3.110000000000000e+01         7.222872061796100e-01         
3.111250000000000e+01         7.273915757321363e-01         
3.112500000000000e+01         7.324313110982149e-01         
3.113750000000000e+01         7.373958909099565e-01         
3.115000000000000e+01         7.422744878620974e-01         
3.116250000000000e+01         7.470560075044097e-01         
3.117500000000000e+01         7.517291327755643e-01         
3.118750000000000e+01         7.562823742833416e-01         
3.120000000000000e+01         7.607041262345597e-01         
3.121250000000000e+01         7.649827278056562e-01         
3.122500000000000e+01         7.691065296233667e-01         
3.123750000000000e+01         7.730639648968707e-01         
3.125000000000000e+01         7.768436246111177e-01         
3.126250000000000e+01         7.804343360595160e-01         
3.127500000000000e+01         7.838252438668399e-01         
3.128750000000000e+01         7.870058925346597e-01         
3.130000000000000e+01         7.899663094363515e-01         
3.131250000000000e+01         7.926970871018686e-01         
3.132500000000000e+01         7.951894635679716e-01         
3.133750000000000e+01         7.974353995320141e-01         
3.135000000000000e+01         7.994276510397068e-01         
3.136250000000000e+01         8.011598364620088e-01         
3.137500000000000e+01         8.026264965747513e-01         
3.138750000000000e+01         8.038231466466726e-01         
3.140000000000000e+01         8.047463195658722e-01         
3.141250000000000e+01         8.053935991885095e-01         
3.142500000000000e+01         8.057636432727855e-01         
3.143750000000000e+01         8.058561955605421e-01         
3.145000000000000e+01         8.056720867820982e-01         
3.146250000000000e+01         8.052132245801774e-01         
3.147500000000000e+01         8.044825725689554e-01         
3.148750000000000e+01         8.034841189570234e-01         
3.150000000000000e+01         8.022228353617058e-01         
3.151250000000000e+01         8.007046266205146e-01         
3.152500000000000e+01         7.989362725583891e-01         
3.153750000000000e+01         7.969253627928204e-01         
3.155000000000000e+01         7.946802257502675e-01         
3.156250000000000e+01         7.922098531251902e-01         
3.157500000000000e+01         7.895238210375713e-01         
3.158750000000000e+01         7.866322091373851e-01         
3.160000000000000e+01         7.835455188673621e-01         
3.161250000000000e+01         7.802745920321951e-01         
3.162500000000000e+01         7.768305307367557e-01         
3.163750000000000e+01         7.732246196526364e-01         
3.165000000000000e+01         7.694682514559077e-01         
3.166250000000000e+01         7.655728561540722e-01         
3.167500000000000e+01         7.615498348911888e-01         
3.168750000000000e+01         7.574104986910752e-01         
3.170000000000000e+01         7.531660124729389e-01         
3.171250000000000e+01         7.488273445546704e-01         
3.172500000000000e+01         7.444052217488009e-01         
3.173750000000000e+01         7.399100900564610e-01         
3.175000000000000e+01         7.353520808768570e-01         
3.176250000000000e+01         7.307409825743365e-01         
3.177500000000000e+01         7.260862171823143e-01         
3.178750000000000e+01         7.213968219728558e-01         
3.180000000000000e+01         7.166814355820250e-01         
3.181250000000000e+01         7.119482883534047e-01         
3.182500000000000e+01         7.072051965444183e-01         
3.183750000000000e+01         7.024595600311920e-01         
3.185000000000000e+01         6.977183631464619e-01         
3.186250000000000e+01         6.929881782902830e-01         
3.187500000000000e+01         6.882751719639438e-01         
3.188750000000000e+01         6.835851128923531e-01         
3.190000000000000e+01         6.789233819183389e-01         
3.191250000000000e+01         6.742949833728092e-01         
3.192500000000000e+01         6.697045576468025e-01         
3.193750000000000e+01         6.651563947144210e-01         
3.195000000000000e+01         6.606544483788739e-01         
3.196250000000000e+01         6.562023510369097e-01         
3.197500000000000e+01         6.518034287793892e-01         
3.198750000000000e+01         6.474607166673098e-01         
3.200000000000000e+01         6.431769740430773e-01         
3.201250000000000e+01         6.389546997559873e-01         
3.202500000000000e+01         6.347961471986906e-01         
3.203750000000000e+01         6.307033390678048e-01         
3.205000000000000e+01         6.266780817767058e-01         
3.206250000000000e+01         6.227219794620842e-01         
3.207500000000000e+01         6.188364475378363e-01         
3.208750000000000e+01         6.150227257607381e-01         
3.210000000000000e+01         6.112818907816530e-01         
3.211250000000000e+01         6.076148681644995e-01         
3.212500000000000e+01         6.040224438622658e-01         
3.213750000000000e+01         6.005052751455658e-01         
3.215000000000000e+01         5.970639009845992e-01         
3.216250000000000e+01         5.936987518896285e-01         
3.217500000000000e+01         5.904101592189720e-01         
3.218750000000000e+01         5.871983639663929e-01         
3.220000000000000e+01         5.840635250422452e-01         
3.221250000000000e+01         5.810057270647159e-01         
3.222500000000000e+01         5.780249876788295e-01         
3.223750000000000e+01         5.751212644221252e-01         
3.225000000000000e+01         5.722944611564851e-01         
3.226250000000000e+01         5.695444340861614e-01         
3.227500000000000e+01         5.668709973821999e-01         
3.228750000000000e+01         5.642739284334132e-01         
3.230000000000000e+01         5.617529727439884e-01         
3.231250000000000e+01         5.593078484973568e-01         
3.232500000000000e+01         5.569382508056521e-01         
3.233750000000000e+01         5.546438556634831e-01         
3.235000000000000e+01         5.524243236241616e-01         
3.236250000000000e+01         5.502793032159424e-01         
3.237500000000000e+01         5.482084341150677e-01         
3.238750000000000e+01         5.462113500917727e-01         
3.240000000000000e+01         5.442876817446705e-01         
3.241250000000000e+01         5.424370590381716e-01         
3.242500000000000e+01         5.406591136569597e-01         
3.243750000000000e+01         5.389534811907328e-01         
3.245000000000000e+01         5.373198031618110e-01         
3.246250000000000e+01         5.357577289074690e-01         
3.247500000000000e+01         5.342669173282272e-01         
3.248750000000000e+01         5.328470385127017e-01         
3.250000000000000e+01         5.314977752489587e-01         
3.251250000000000e+01         5.302188244318135e-01         
3.252500000000000e+01         5.290098983748712e-01         
3.253750000000000e+01         5.278707260356390e-01         
3.255000000000000e+01         5.268010541615171e-01         
3.256250000000000e+01         5.258006483639716e-01         
3.257500000000000e+01         5.248692941278033e-01         
3.258750000000000e+01         5.240067977619366e-01         
3.260000000000000e+01         5.232129872978107e-01         
3.261250000000000e+01         5.224877133410359e-01         
3.262500000000000e+01         5.218308498816645e-01         
3.263750000000000e+01         5.212422950680732e-01         
3.265000000000000e+01         5.207219719491485e-01         
3.266250000000000e+01         5.202698291892063e-01         
3.267500000000000e+01         5.198858417597686e-01         
3.268750000000000e+01         5.195700116121114e-01         
3.270000000000000e+01         5.193223683342347e-01         
3.271250000000000e+01         5.191429697957163e-01         
3.272500000000000e+01         5.190319027836910e-01         
3.273750000000000e+01         5.189892836330207e-01         
3.275000000000000e+01         5.190152588535517e-01         
3.276250000000000e+01         5.191100057571826e-01         
3.277500000000000e+01         5.192737330873253e-01         
3.278750000000000e+01         5.195066816532092e-01         
3.280000000000000e+01         5.198091249713268e-01         
3.281250000000000e+01         5.201813699162239e-01         
3.282500000000000e+01         5.206237573827053e-01         
3.283750000000000e+01         5.211366629614240e-01         
3.285000000000000e+01         5.217204976297268e-01         
3.286250000000000e+01         5.223757084595148e-01         
3.287500000000000e+01         5.231027793438080e-01         
3.288750000000000e+01         5.239022317435894e-01         
3.290000000000000e+01         5.247746254564207e-01         
3.291250000000000e+01         5.257205594082507e-01         
3.292500000000000e+01         5.267406724697055e-01         
3.293750000000000e+01         5.278356442981097e-01         
3.295000000000000e+01         5.290061962063564e-01         
3.296250000000000e+01         5.302530920596441e-01         
3.297500000000000e+01         5.315771392010302e-01         
3.298750000000000e+01         5.329791894065793e-01         
3.300000000000000e+01         5.344601398708173e-01         
3.301250000000000e+01         5.360209342230403e-01         
3.302500000000000e+01         5.376625635748652e-01         
3.303750000000000e+01         5.393860675993000e-01         
3.305000000000000e+01         5.411925356413522e-01         
3.306250000000000e+01         5.430831078600716e-01         
3.307500000000000e+01         5.450589764016394e-01         
3.308750000000000e+01         5.471213866028748e-01         
3.310000000000000e+01         5.492716382242822e-01         
3.311250000000000e+01         5.515110867113607e-01         
3.312500000000000e+01         5.538411444826387e-01         
3.313750000000000e+01         5.562632822423917e-01         
3.315000000000000e+01         5.587790303156035e-01         
3.316250000000000e+01         5.613899800022111e-01         
3.317500000000000e+01         5.640977849470381e-01         
3.318750000000000e+01         5.669041625212601e-01         
3.320000000000000e+01         5.698108952104145e-01         
3.321250000000000e+01         5.728198320031876e-01         
3.322500000000000e+01         5.759328897743106e-01         
3.323750000000000e+01         5.791520546537540e-01         
3.325000000000000e+01         5.824793833733618e-01         
3.326250000000000e+01         5.859170045806393e-01         
3.327500000000000e+01         5.894671201080017e-01         
3.328750000000000e+01         5.931320061841135e-01         
3.330000000000000e+01         5.969140145720727e-01         
3.331250000000000e+01         6.008155736171916e-01         
3.332500000000000e+01         6.048391891847078e-01         
3.333750000000000e+01         6.089874454652526e-01         
3.335000000000000e+01         6.132630056229827e-01         
3.336250000000000e+01         6.176686122580122e-01         
3.337500000000000e+01         6.222070876512885e-01         
3.338750000000000e+01         6.268813337559224e-01         
3.340000000000000e+01         6.316943318946278e-01         
3.341250000000000e+01         6.366491421179201e-01         
3.342500000000000e+01         6.417489021722467e-01         
3.343750000000000e+01         6.469968260211191e-01         
3.345000000000000e+01         6.523962018555709e-01         
3.346250000000000e+01         6.579503895228134e-01         
3.347500000000000e+01         6.636628172937180e-01         
3.348750000000000e+01         6.695369778807034e-01         
3.350000000000000e+01         6.755764236076135e-01         
3.351250000000000e+01         6.817847606223058e-01         
3.352500000000000e+01         6.881656420305907e-01         
3.353750000000000e+01         6.947227598172796e-01         
3.355000000000000e+01         7.014598354058074e-01         
3.356250000000000e+01         7.083806086925738e-01         
3.357500000000000e+01         7.154888253756797e-01         
3.358750000000000e+01         7.227882223798082e-01         
3.360000000000000e+01         7.302825111602715e-01         
3.361250000000000e+01         7.379753586490541e-01         
3.362500000000000e+01         7.458703655846398e-01         
3.363750000000000e+01         7.539710419456271e-01         
3.365000000000000e+01         7.622807791853933e-01         
3.366250000000000e+01         7.708028189426842e-01         
3.367500000000000e+01         7.795402178800520e-01         
3.368750000000000e+01         7.884958082806508e-01         
3.370000000000000e+01         7.976721540136127e-01         
3.371250000000000e+01         8.070715014604308e-01         
3.372500000000000e+01         8.166957249812677e-01         
3.373750000000000e+01         8.265462664910206e-01         
3.375000000000000e+01         8.366240687137487e-01         
3.376250000000000e+01         8.469295016915863e-01         
3.377500000000000e+01         8.574622821435481e-01         
3.378750000000000e+01         8.682213853043766e-01         
3.380000000000000e+01         8.792049489257509e-01         
3.381250000000000e+01         8.904101691976453e-01         
3.382500000000000e+01         9.018331884494358e-01         
3.383750000000000e+01         9.134689746239053e-01         
3.385000000000000e+01         9.253111926887408e-01         
3.386250000000000e+01         9.373520683631656e-01         
3.387500000000000e+01         9.495822448000122e-01         
3.388750000000000e+01         9.619906331787240e-01         
3.390000000000000e+01         9.745642585389385e-01         
3.391250000000000e+01         9.872881026201435e-01         
3.392500000000000e+01         1.000144945971086e+00         
3.393750000000000e+01         1.013115212153744e+00         
3.395000000000000e+01         1.026176817483180e+00         
3.396250000000000e+01         1.039305030408366e+00         
3.397500000000000e+01         1.052472345333185e+00         
3.398750000000000e+01         1.065648376376883e+00         
3.400000000000000e+01         1.078799777249482e+00         
3.401250000000000e+01         1.091890194026318e+00         
3.402500000000000e+01         1.104880258098514e+00         
3.403750000000000e+01         1.117727626892454e+00         
3.405000000000000e+01         1.130387080023642e+00         
3.406250000000000e+01         1.142810678309223e+00         
3.407500000000000e+01         1.154947992434996e+00         
3.408750000000000e+01         1.166746406993907e+00         
3.410000000000000e+01         1.178151504030353e+00         
3.411250000000000e+01         1.189107528109880e+00         
3.412500000000000e+01         1.199557932290127e+00         
3.413750000000000e+01         1.209446001239315e+00         
3.415000000000000e+01         1.218715544227061e+00         
3.416250000000000e+01         1.227311646942324e+00         
3.417500000000000e+01         1.235181467271690e+00         
3.418750000000000e+01         1.242275056538322e+00         
3.420000000000000e+01         1.248546184527305e+00         
3.421250000000000e+01         1.253953144187556e+00         
3.422500000000000e+01         1.258459510465219e+00         
3.423750000000000e+01         1.262034827505524e+00         
3.425000000000000e+01         1.264655199600379e+00         
3.426250000000000e+01         1.266303763800375e+00         
3.427500000000000e+01         1.266971025981785e+00         
3.428750000000000e+01         1.266655047174410e+00         
3.430000000000000e+01         1.265361472822683e+00         
3.431250000000000e+01         1.263103403996607e+00         
3.432500000000000e+01         1.259901115971210e+00         
3.433750000000000e+01         1.255781635628282e+00         
3.435000000000000e+01         1.250778194413435e+00         
3.436250000000000e+01         1.244929577790191e+00         
3.437500000000000e+01         1.238279395055349e+00         
3.438750000000000e+01         1.230875294916054e+00         
3.440000000000000e+01         1.222768152392941e+00         
3.441250000000000e+01         1.214011251522057e+00         
3.442500000000000e+01         1.204659486179100e+00         
3.443750000000000e+01         1.194768598393511e+00         
3.445000000000000e+01         1.184394470032202e+00         
3.446250000000000e+01         1.173592479985923e+00         
3.447500000000000e+01         1.162416935231502e+00         
3.448750000000000e+01         1.150920580578565e+00         
3.450000000000000e+01         1.139154188694939e+00         
3.451250000000000e+01         1.127166229247528e+00         
3.452500000000000e+01         1.115002613750410e+00         
3.453750000000000e+01         1.102706510992131e+00         
3.455000000000000e+01         1.090318226700825e+00         
3.456250000000000e+01         1.077875140351342e+00         
3.457500000000000e+01         1.065411691663902e+00         
3.458750000000000e+01         1.052959409319133e+00         
3.460000000000000e+01         1.040546974648788e+00         
3.461250000000000e+01         1.028200313489569e+00         
3.462500000000000e+01         1.015942709946632e+00         
3.463750000000000e+01         1.003794936453211e+00         
3.465000000000000e+01         9.917753951895820e-01         
3.466250000000000e+01         9.799002666038740e-01         
3.467500000000000e+01         9.681836614352742e-01         
3.468750000000000e+01         9.566377732566611e-01         
3.470000000000000e+01         9.452730291193668e-01         
3.471250000000000e+01         9.340982363893220e-01         
3.472500000000000e+01         9.231207243094776e-01         
3.473750000000000e+01         9.123464792092987e-01         
3.475000000000000e+01         9.017802726092857e-01         
3.476250000000000e+01         8.914257817430523e-01         
3.477500000000000e+01         8.812857022447156e-01         
3.478750000000000e+01         8.713618529312699e-01         
3.480000000000000e+01         8.616552727541538e-01         
3.481250000000000e+01         8.521663101050827e-01         
3.482500000000000e+01         8.428947047452920e-01         
3.483750000000000e+01         8.338396626873310e-01         
3.485000000000000e+01         8.249999243997048e-01         
3.486250000000000e+01         8.163738267300829e-01         
3.487500000000000e+01         8.079593589553407e-01         
3.488750000000000e+01         7.997542133698021e-01         
3.490000000000000e+01         7.917558308179622e-01         
3.491250000000000e+01         7.839614415673684e-01         
3.492500000000000e+01         7.763681019024883e-01         
3.493750000000000e+01         7.689727268022958e-01         
3.495000000000000e+01         7.617721190446780e-01         
3.496250000000000e+01         7.547629950596125e-01         
3.497500000000000e+01         7.479420078316573e-01         
3.498750000000000e+01         7.413057671308853e-01         
3.500000000000000e+01         7.348508573301975e-01         
3.501250000000000e+01         7.285738530467223e-01         
3.502500000000000e+01         7.224713328253417e-01         
3.503750000000000e+01         7.165398910639248e-01         
3.505000000000000e+01         7.107761483623514e-01         
3.506250000000000e+01         7.051767604611439e-01         
3.507500000000000e+01         6.997384259202051e-01         
3.508750000000000e+01         6.944578926742645e-01         
3.510000000000000e+01         6.893319635884472e-01         
3.511250000000000e+01         6.843575011255844e-01         
3.512500000000000e+01         6.795314312259023e-01         
3.513750000000000e+01         6.748507464896648e-01         
3.515000000000000e+01         6.703125087443642e-01         
3.516250000000000e+01         6.659138510696105e-01         
3.517500000000000e+01         6.616519793454414e-01         
3.518750000000000e+01         6.575241733829305e-01         
3.520000000000000e+01         6.535277876897494e-01         
3.521250000000000e+01         6.496602519178506e-01         
3.522500000000000e+01         6.459190710353010e-01         
3.523750000000000e+01         6.423018252598272e-01         
3.525000000000000e+01         6.388061697875433e-01         
3.526250000000000e+01         6.354298343465921e-01         
3.527500000000000e+01         6.321706226022535e-01         
3.528750000000000e+01         6.290264114369460e-01         
3.530000000000000e+01         6.259951501260623e-01         
3.531250000000000e+01         6.230748594280568e-01         
3.532500000000000e+01         6.202636306051293e-01         
3.533750000000000e+01         6.175596243889832e-01         
3.535000000000000e+01         6.149610699043052e-01         
3.536250000000000e+01         6.124662635612442e-01         
3.537500000000000e+01         6.100735679266718e-01         
3.538750000000000e+01         6.077814105828575e-01         
3.540000000000000e+01         6.055882829811234e-01         
3.541250000000000e+01         6.034927392970063e-01         
3.542500000000000e+01         6.014933952926882e-01         
3.543750000000000e+01         5.995889271916105e-01         
3.545000000000000e+01         5.977780705695488e-01         
3.546250000000000e+01         5.960596192658384e-01         
3.547500000000000e+01         5.944324243178354e-01         
3.548750000000000e+01         5.928953929213263e-01         
3.550000000000000e+01         5.914474874190637e-01         
3.551250000000000e+01         5.900877243193297e-01         
3.552500000000000e+01         5.888151733460470e-01         
3.553750000000000e+01         5.876289565216630e-01         
3.555000000000000e+01         5.865282472838150e-01         
3.556250000000000e+01         5.855122696365052e-01         
3.557500000000000e+01         5.845802973363472e-01         
3.558750000000000e+01         5.837316531142634e-01         
3.560000000000000e+01         5.829657079328329e-01         
3.561250000000000e+01         5.822818802793805e-01         
3.562500000000000e+01         5.816796354947447e-01         
3.563750000000000e+01         5.811584851375714e-01         
3.565000000000000e+01         5.807179863838750e-01         
3.566250000000000e+01         5.803577414615076e-01         
3.567500000000000e+01         5.800773971191199e-01         
3.568750000000000e+01         5.798766441290938e-01         
3.570000000000000e+01         5.797552168238810e-01         
3.571250000000000e+01         5.797128926651066e-01         
3.572500000000000e+01         5.797494918447308e-01         
3.573750000000000e+01         5.798648769175065e-01         
3.575000000000000e+01         5.800589524639147e-01         
3.576250000000000e+01         5.803316647826827e-01         
3.577500000000000e+01         5.806830016119517e-01         
3.578750000000000e+01         5.811129918780712e-01         
3.580000000000000e+01         5.816217054709477e-01         
3.581250000000000e+01         5.822092530447992e-01         
3.582500000000000e+01         5.828757858430786e-01         
3.583750000000000e+01         5.836214955462626e-01         
3.585000000000000e+01         5.844466141410946e-01         
3.586250000000000e+01         5.853514138097831e-01         
3.587500000000000e+01         5.863362068375345e-01         
3.588750000000000e+01         5.874013455366973e-01         
3.590000000000000e+01         5.885472221856367e-01         
3.591250000000000e+01         5.897742689803371e-01         
3.592500000000000e+01         5.910829579965574e-01         
3.593750000000000e+01         5.924738011601796e-01         
3.595000000000000e+01         5.939473502232243e-01         
3.596250000000000e+01         5.955041967427491e-01         
3.597500000000000e+01         5.971449720596570e-01         
3.598750000000000e+01         5.988703472741496e-01         
3.600000000000000e+01         6.006810332142832e-01         
3.601250000000000e+01         6.025777803937995e-01         
3.602500000000000e+01         6.045613789550083e-01         
3.603750000000000e+01         6.066326585921805e-01         
3.605000000000000e+01         6.087924884504737e-01         
3.606250000000000e+01         6.110417769949513e-01         
3.607500000000000e+01         6.133814718438139e-01         
3.608750000000000e+01         6.158125595593535e-01         
3.610000000000000e+01         6.183360653896579e-01         
3.611250000000000e+01         6.209530529533513e-01         
3.612500000000000e+01         6.236646238590479e-01         
3.613750000000000e+01         6.264719172504275e-01         
3.615000000000000e+01         6.293761092669661e-01         
3.616250000000000e+01         6.323784124095884e-01         
3.617500000000000e+01         6.354800747994155e-01         
3.618750000000000e+01         6.386823793168438e-01         
3.620000000000000e+01         6.419866426070445e-01         
3.621250000000000e+01         6.453942139366885e-01         
3.622500000000000e+01         6.489064738855433e-01         
3.623750000000000e+01         6.525248328549910e-01         
3.625000000000000e+01         6.562507293741876e-01         
3.626250000000000e+01         6.600856281828198e-01         
3.627500000000000e+01         6.640310180677296e-01         
3.628750000000000e+01         6.680884094288601e-01         
3.630000000000000e+01         6.722593315478665e-01         
3.631250000000000e+01         6.765453295307930e-01         
3.632500000000000e+01         6.809479608938227e-01         
3.633750000000000e+01         6.854687917588230e-01         
3.635000000000000e+01         6.901093926229508e-01         
3.636250000000000e+01         6.948713336638287e-01         
3.637500000000000e+01         6.997561795392612e-01         
3.638750000000000e+01         7.047654836374680e-01         
3.640000000000000e+01         7.099007817309416e-01         
3.641250000000000e+01         7.151635849841199e-01         
3.642500000000000e+01         7.205553722618400e-01         
3.643750000000000e+01         7.260775816827050e-01         
3.645000000000000e+01         7.317316013582726e-01         
3.646250000000000e+01         7.375187592561425e-01         
3.647500000000000e+01         7.434403121221688e-01         
3.648750000000000e+01         7.494974333943638e-01         
3.650000000000000e+01         7.556912000388754e-01         
3.651250000000000e+01         7.620225782363407e-01         
3.652500000000000e+01         7.684924078456725e-01         
3.653750000000000e+01         7.751013855715407e-01         
3.655000000000000e+01         7.818500467618597e-01         
3.656250000000000e+01         7.887387457628831e-01         
3.657500000000000e+01         7.957676347616226e-01         
3.658750000000000e+01         8.029366410493266e-01         
3.660000000000000e+01         8.102454426452367e-01         
3.661250000000000e+01         8.176934422275193e-01         
3.662500000000000e+01         8.252797393282972e-01         
3.663750000000000e+01         8.330031007625203e-01         
3.665000000000000e+01         8.408619292764072e-01         
3.666250000000000e+01         8.488542304207464e-01         
3.667500000000000e+01         8.569775776779902e-01         
3.668750000000000e+01         8.652290759001252e-01         
3.670000000000000e+01         8.736053231475083e-01         
3.671250000000000e+01         8.821023710570746e-01         
3.672500000000000e+01         8.907156839128569e-01         
3.673750000000000e+01         8.994400966419542e-01         
3.675000000000000e+01         9.082697720159373e-01         
3.676250000000000e+01         9.171981574011164e-01         
3.677500000000000e+01         9.262179414706539e-01         
3.678750000000000e+01         9.353210113678585e-01         
3.680000000000000e+01         9.444984108915007e-01         
3.681250000000000e+01         9.537403003606630e-01         
3.682500000000000e+01         9.630359189069312e-01         
3.683750000000000e+01         9.723735500335980e-01         
3.685000000000000e+01         9.817404913736593e-01         
3.686250000000000e+01         9.911230296669276e-01         
3.687500000000000e+01         1.000506422059074e+00         
3.688750000000000e+01         1.009874884897529e+00         
3.690000000000000e+01         1.019211591256161e+00         
3.691250000000000e+01         1.028498678458325e+00         
3.692500000000000e+01         1.037717266879352e+00         
3.693750000000000e+01         1.046847491290683e+00         
3.695000000000000e+01         1.055868545951522e+00         
3.696250000000000e+01         1.064758744555062e+00         
3.697500000000000e+01         1.073495595990398e+00         
3.698750000000000e+01         1.082055896683076e+00         
3.700000000000000e+01         1.090415840025572e+00         
3.701250000000000e+01         1.098551143102073e+00         
3.702500000000000e+01         1.106437190551765e+00         
3.703750000000000e+01         1.114049195006440e+00         
3.705000000000000e+01         1.121362373087826e+00         
3.706250000000000e+01         1.128352135470128e+00         
3.707500000000000e+01         1.134994289016480e+00         
3.708750000000000e+01         1.141265248502600e+00         
3.710000000000000e+01         1.147142254966383e+00         
3.711250000000000e+01         1.152603597289733e+00         
3.712500000000000e+01         1.157628833251917e+00         
3.713750000000000e+01         1.162199006013046e+00         
3.715000000000000e+01         1.166296851812982e+00         
3.716250000000000e+01         1.169906994621368e+00         
3.717500000000000e+01         1.173016123560614e+00         
3.718750000000000e+01         1.175613149152241e+00         
3.720000000000000e+01         1.177689334806566e+00         
3.721250000000000e+01         1.179238400479092e+00         
3.722500000000000e+01         1.180256596038343e+00         
3.723750000000000e+01         1.180742742607737e+00         
3.725000000000000e+01         1.180698240930540e+00         
3.726250000000000e+01         1.180127046630712e+00         
3.727500000000000e+01         1.179035613069375e+00         
3.728750000000000e+01         1.177432803293220e+00         
3.730000000000000e+01         1.175329773304931e+00         
3.731250000000000e+01         1.172739829528857e+00         
3.732500000000000e+01         1.169678263874877e+00         
3.733750000000000e+01         1.166162170203181e+00         
3.735000000000000e+01         1.162210246253985e+00         
3.736250000000000e+01         1.157842585226679e+00         
3.737500000000000e+01         1.153080461177852e+00         
3.738750000000000e+01         1.147946112268187e+00         
3.740000000000000e+01         1.142462525639617e+00         
3.741250000000000e+01         1.136653227366409e+00         
3.742500000000000e+01         1.130542080517463e+00         
3.743750000000000e+01         1.124153093914664e+00         
3.745000000000000e+01         1.117510243694474e+00         
3.746250000000000e+01         1.110637309296855e+00         
3.747500000000000e+01         1.103557725034602e+00         
3.748750000000000e+01         1.096294447951036e+00         
3.750000000000000e+01         1.088869842266585e+00         
3.751250000000000e+01         1.081305580352325e+00         
3.752500000000000e+01         1.073622559856766e+00         
3.753750000000000e+01         1.065840836352389e+00         
3.755000000000000e+01         1.057979570661196e+00         
3.756250000000000e+01         1.050056989861501e+00         
3.757500000000000e+01         1.042090360867397e+00         
3.758750000000000e+01         1.034095975404331e+00         
3.760000000000000e+01         1.026089145172233e+00         
3.761250000000000e+01         1.018084205987789e+00         
3.762500000000000e+01         1.010094529723116e+00         
3.763750000000000e+01         1.002132542904356e+00         
3.765000000000000e+01         9.942097508961010e-01         
3.766250000000000e+01         9.863367666705029e-01         
3.767500000000000e+01         9.785233432411556e-01         
3.768750000000000e+01         9.707784089263346e-01         
3.770000000000000e+01         9.631101046923911e-01         
3.771250000000000e+01         9.555258229134720e-01         
3.772500000000000e+01         9.480322469658186e-01         
3.773750000000000e+01         9.406353911537964e-01         
3.775000000000000e+01         9.333406405379804e-01         
3.776250000000000e+01         9.261527903036686e-01         
3.777500000000000e+01         9.190760843703997e-01         
3.778750000000000e+01         9.121142529987230e-01         
3.780000000000000e+01         9.052705492009190e-01         
3.781250000000000e+01         8.985477838063324e-01         
3.782500000000000e+01         8.919483590708266e-01         
3.783750000000000e+01         8.854743007536291e-01         
3.785000000000000e+01         8.791272886133270e-01         
3.786250000000000e+01         8.729086852996496e-01         
3.787500000000000e+01         8.668195636378097e-01         
3.788750000000000e+01         8.608607323194790e-01         
3.790000000000000e+01         8.550327600281920e-01         
3.791250000000000e+01         8.493359980380107e-01         
3.792500000000000e+01         8.437706013332230e-01         
3.793750000000000e+01         8.383365483031617e-01         
3.795000000000000e+01         8.330336590713191e-01         
3.796250000000000e+01         8.278616125211397e-01         
3.797500000000000e+01         8.228199620828142e-01         
3.798750000000000e+01         8.179081503466283e-01         
3.800000000000000e+01         8.131255225681725e-01         
3.801250000000000e+01         8.084713391303848e-01         
3.802500000000000e+01         8.039447870259792e-01         
3.803750000000000e+01         7.995449904222622e-01         
3.805000000000000e+01         7.952710203683209e-01         
3.806250000000000e+01         7.911219037021944e-01         
3.807500000000000e+01         7.870966312133578e-01         
3.808750000000000e+01         7.831941651131034e-01         
3.810000000000000e+01         7.794134458628532e-01         
3.811250000000000e+01         7.757533984077670e-01         
3.812500000000000e+01         7.722129378602480e-01         
3.813750000000000e+01         7.687909746754661e-01         
3.815000000000000e+01         7.654864193583139e-01         
3.816250000000000e+01         7.622981867387992e-01         
3.817500000000000e+01         7.592251998504549e-01         
3.818750000000000e+01         7.562663934439706e-01         
3.820000000000000e+01         7.534207171661714e-01         
3.821250000000000e+01         7.506871384322344e-01         
3.822500000000000e+01         7.480646450171379e-01         
3.823750000000000e+01         7.455522473904028e-01         
3.825000000000000e+01         7.431489808164340e-01         
3.826250000000000e+01         7.408539072411018e-01         
3.827500000000000e+01         7.386661169836084e-01         
3.828750000000000e+01         7.365847302512603e-01         
3.830000000000000e+01         7.346088984933518e-01         
3.831250000000000e+01         7.327378056091156e-01         
3.832500000000000e+01         7.309706690234625e-01         
3.833750000000000e+01         7.293067406431678e-01         
3.835000000000000e+01         7.277453077050627e-01         
3.836250000000000e+01         7.262856935268704e-01         
3.837500000000000e+01         7.249272581704022e-01         
3.838750000000000e+01         7.236693990259835e-01         
3.840000000000001e+01         7.225115513262368e-01         
3.841250000000000e+01         7.214531885965785e-01         
3.842500000000000e+01         7.204938230491295e-01         
3.843750000000000e+01         7.196330059261326e-01         
3.845000000000000e+01         7.188703277983329e-01         
3.846250000000001e+01         7.182054188232806e-01         
3.847500000000000e+01         7.176379489679547e-01         
3.848750000000000e+01         7.171676281996644e-01         
3.850000000000000e+01         7.167942066487029e-01         
3.851250000000000e+01         7.165174747458084e-01         
3.852500000000001e+01         7.163372633370910e-01         
3.853750000000000e+01         7.162534437786803e-01         
3.855000000000000e+01         7.162659280129957e-01         
3.856250000000000e+01         7.163746686281800e-01         
3.857500000000000e+01         7.165796589018929e-01         
3.858750000000001e+01         7.168809328303304e-01         
3.860000000000000e+01         7.172785651430162e-01         
3.861250000000000e+01         7.177726713035798e-01         
3.862500000000000e+01         7.183634074964202e-01         
3.863750000000000e+01         7.190509705988546e-01         
3.865000000000001e+01         7.198355981379891e-01         
3.866250000000000e+01         7.207175682312814e-01         
3.867500000000000e+01         7.216971995093799e-01         
3.868750000000000e+01         7.227748510195194e-01         
3.870000000000000e+01         7.239509221073944e-01         
3.871250000000001e+01         7.252258522750461e-01         
3.872500000000000e+01         7.266001210119610e-01         
3.873750000000000e+01         7.280742475961315e-01         
3.875000000000000e+01         7.296487908614412e-01         
3.876250000000000e+01         7.313243489272887e-01         
3.877500000000001e+01         7.331015588858653e-01         
3.878750000000000e+01         7.349810964420562e-01         
3.880000000000000e+01         7.369636755003393e-01         
3.881250000000000e+01         7.390500476925339e-01         
3.882500000000000e+01         7.412410018396207e-01         
3.883750000000001e+01         7.435373633402151e-01         
3.885000000000000e+01         7.459399934775854e-01         
3.886250000000000e+01         7.484497886363370e-01         
3.887500000000000e+01         7.510676794191435e-01         
3.888750000000000e+01         7.537946296529799e-01         
3.890000000000001e+01         7.566316352734817e-01         
3.891250000000000e+01         7.595797230750023e-01         
3.892500000000000e+01         7.626399493129754e-01         
3.893750000000000e+01         7.658133981440022e-01         
3.895000000000000e+01         7.691011798879562e-01         
3.896250000000001e+01         7.725044290951182e-01         
3.897500000000000e+01         7.760243023999807e-01         
3.898750000000000e+01         7.796619761419934e-01         
3.900000000000000e+01         7.834186437319526e-01         
3.901250000000000e+01         7.872955127411708e-01         
3.902500000000001e+01         7.912938016889062e-01         
3.903750000000000e+01         7.954147365016745e-01         
3.905000000000000e+01         7.996595466163559e-01         
3.906250000000000e+01         8.040294606968976e-01         
3.907500000000000e+01         8.085257019326052e-01         
3.908750000000001e+01         8.131494828837629e-01         
3.910000000000000e+01         8.179019998382996e-01         
3.911250000000000e+01         8.227844266410744e-01         
3.912500000000000e+01         8.277979079549829e-01         
3.913750000000000e+01         8.329435519111713e-01         
3.915000000000001e+01         8.382224221031841e-01         
3.916250000000000e+01         8.436355288779530e-01         
3.917500000000000e+01         8.491838198745046e-01         
3.918750000000000e+01         8.548681697592392e-01         
3.920000000000000e+01         8.606893691052624e-01         
3.921250000000001e+01         8.666481123615437e-01         
3.922500000000000e+01         8.727449848569032e-01         
3.923750000000000e+01         8.789804487831430e-01         
3.925000000000000e+01         8.853548281014865e-01         
3.926250000000000e+01         8.918682923174027e-01         
3.927500000000001e+01         8.985208390699481e-01         
3.928750000000000e+01         9.053122754845585e-01         
3.930000000000000e+01         9.122421982414216e-01         
3.931250000000000e+01         9.193099723165759e-01         
3.932500000000000e+01         9.265147083593799e-01         
3.933750000000001e+01         9.338552386778691e-01         
3.935000000000000e+01         9.413300918141382e-01         
3.936250000000000e+01         9.489374657040153e-01         
3.937500000000000e+01         9.566751994306067e-01         
3.938750000000000e+01         9.645407435993103e-01         
3.940000000000001e+01         9.725311293827843e-01         
3.941250000000000e+01         9.806429363094320e-01         
3.942500000000000e+01         9.888722588970102e-01         
3.943750000000000e+01         9.972146722656812e-01         
3.945000000000000e+01         1.005665196901652e+00         
3.946250000000001e+01         1.014218262783466e+00         
3.947500000000000e+01         1.022867673129233e+00         
3.948750000000000e+01         1.031606568072964e+00         
3.950000000000000e+01         1.040427388633246e+00         
3.951250000000000e+01         1.049321841396114e+00         
3.952500000000001e+01         1.058280864396429e+00         
3.953750000000000e+01         1.067294594747564e+00         
3.955000000000000e+01         1.076352338635972e+00         
3.956250000000000e+01         1.085442544365310e+00         
3.957500000000000e+01         1.094552779201088e+00         
3.958750000000001e+01         1.103669710830320e+00         
3.960000000000000e+01         1.112779094308713e+00         
3.961250000000000e+01         1.121865765417196e+00         
3.962500000000000e+01         1.130913641387967e+00         
3.963750000000000e+01         1.139905729983132e+00         
3.965000000000001e+01         1.148824147913586e+00         
3.966250000000000e+01         1.157650149567442e+00         
3.967500000000000e+01         1.166364166972738e+00         
3.968750000000000e+01         1.174945861844196e+00         
3.970000000000000e+01         1.183374190455196e+00         
3.971250000000001e+01         1.191627481931377e+00         
3.972500000000000e+01         1.199683530378989e+00         
3.973750000000000e+01         1.207519701039522e+00         
3.975000000000000e+01         1.215113050401831e+00         
3.976250000000000e+01         1.222440459908019e+00         
3.977500000000001e+01         1.229478782562931e+00         
3.978750000000000e+01         1.236205001406656e+00         
3.980000000000000e+01         1.242596398443806e+00         
3.981250000000000e+01         1.248630732252657e+00         
3.982500000000000e+01         1.254286422135362e+00         
3.983750000000001e+01         1.259542736330421e+00         
3.985000000000000e+01         1.264379981506166e+00         
3.986250000000000e+01         1.268779690504385e+00         
3.987500000000000e+01         1.272724805120427e+00         
3.988750000000000e+01         1.276199850604294e+00         
3.990000000000001e+01         1.279191098555772e+00         
3.991250000000000e+01         1.281686714974146e+00         
3.992500000000000e+01         1.283676890412063e+00         
3.993750000000000e+01         1.285153949472739e+00         
3.995000000000000e+01         1.286112437274380e+00         
3.996250000000001e+01         1.286549180974076e+00         
3.997500000000000e+01         1.286463324981138e+00         
3.998750000000000e+01         1.285856339077799e+00         
4.000000000000000e+01         1.284731999281943e+00         
4.001250000000000e+01         1.283096341909179e+00         
4.002500000000001e+01         1.280957591896519e+00         
4.003750000000000e+01         1.278326067014997e+00         
4.005000000000000e+01         1.275214060103477e+00         
4.006250000000000e+01         1.271635701883864e+00         
4.007500000000000e+01         1.267606807255971e+00         
4.008750000000001e+01         1.263144708210591e+00         
4.010000000000000e+01         1.258268076637864e+00         
4.011250000000000e+01         1.252996740346732e+00         
4.012500000000000e+01         1.247351495555107e+00         
4.013750000000000e+01         1.241353918968636e+00         
4.015000000000001e+01         1.235026182350908e+00         
4.016250000000000e+01         1.228390872212747e+00         
4.017500000000000e+01         1.221470816928745e+00         
4.018750000000000e+01         1.214288923239823e+00         
4.020000000000000e+01         1.206868023736040e+00         
4.021250000000001e+01         1.199230736548091e+00         
4.022500000000000e+01         1.191399338119468e+00         
4.023750000000000e+01         1.183395649595239e+00         
4.025000000000000e+01         1.175240937054342e+00         
4.026250000000000e+01         1.166955825536288e+00         
4.027500000000001e+01         1.158560226573831e+00         
4.028750000000000e+01         1.150073278741441e+00         
4.030000000000000e+01         1.141513300566491e+00         
4.031250000000000e+01         1.132897755023507e+00         
4.032500000000000e+01         1.124243224740201e+00         
4.033750000000001e+01         1.115565396984067e+00         
4.035000000000000e+01         1.106879057466023e+00         
4.036250000000000e+01         1.098198091990260e+00         
4.037500000000000e+01         1.089535494991958e+00         
4.038750000000000e+01         1.080903384034045e+00         
4.040000000000001e+01         1.072313019376872e+00         
4.041250000000000e+01         1.063774827786824e+00         
4.042500000000000e+01         1.055298429809508e+00         
4.043750000000000e+01         1.046892669796619e+00         
4.045000000000000e+01         1.038565648041523e+00         
4.046250000000001e+01         1.030324754444773e+00         
4.047500000000000e+01         1.022176703195832e+00         
4.048750000000000e+01         1.014127568020096e+00         
4.050000000000000e+01         1.006182817599981e+00         
4.051250000000000e+01         9.983473508347818e-01         
4.052500000000001e+01         9.906255316557716e-01         
4.053750000000000e+01         9.830212231604682e-01         
4.055000000000000e+01         9.755378208728920e-01         
4.056250000000000e+01         9.681782849753496e-01         
4.057500000000000e+01         9.609451713913770e-01         
4.058750000000001e+01         9.538406616298338e-01         
4.060000000000000e+01         9.468665913264347e-01         
4.061250000000000e+01         9.400244774417423e-01         
4.062500000000000e+01         9.333155440942916e-01         
4.063750000000000e+01         9.267407470238570e-01         
4.065000000000001e+01         9.203007966937997e-01         
4.066250000000000e+01         9.139961800528392e-01         
4.067500000000000e+01         9.078271809857763e-01         
4.068750000000000e+01         9.017938994902474e-01         
4.070000000000000e+01         8.958962696221172e-01         
4.071250000000001e+01         8.901340762566754e-01         
4.072500000000000e+01         8.845069707157373e-01         
4.073750000000000e+01         8.790144853128320e-01         
4.075000000000000e+01         8.736560468699794e-01         
4.076250000000000e+01         8.684309892597506e-01         
4.077500000000001e+01         8.633385650263952e-01         
4.078750000000000e+01         8.583779561389722e-01         
4.080000000000000e+01         8.535482839283850e-01         
4.081250000000000e+01         8.488486182589677e-01         
4.082500000000000e+01         8.442779859833820e-01         
4.083750000000001e+01         8.398353787280606e-01         
4.085000000000000e+01         8.355197600542754e-01         
4.086250000000000e+01         8.313300720379353e-01         
4.087500000000000e+01         8.272652413092548e-01         
4.088750000000000e+01         8.233241845911150e-01         
4.090000000000001e+01         8.195058137731165e-01         
4.091250000000000e+01         8.158090405560003e-01         
4.092500000000000e+01         8.122327806993084e-01         
4.093750000000000e+01         8.087759579030975e-01         
4.095000000000000e+01         8.054375073525742e-01         
4.096250000000001e+01         8.022163789528671e-01         
4.097500000000000e+01         7.991115402792006e-01         
4.098750000000000e+01         7.961219792662385e-01         
4.100000000000000e+01         7.932467066587299e-01         
4.101250000000000e+01         7.904847582440251e-01         
4.102500000000001e+01         7.878351968857832e-01         
4.103750000000000e+01         7.852971143766668e-01         
4.105000000000000e+01         7.828696331267387e-01         
4.106250000000000e+01         7.805519077029963e-01         
4.107500000000000e+01         7.783431262344280e-01         
4.108750000000001e+01         7.762425116959615e-01         
4.110000000000000e+01         7.742493230836567e-01         
4.111250000000000e+01         7.723628564927082e-01         
4.112500000000000e+01         7.705824461088858e-01         
4.113750000000000e+01         7.689074651233551e-01         
4.115000000000001e+01         7.673373265800797e-01         
4.116250000000000e+01         7.658714841643205e-01         
4.117500000000000e+01         7.645094329401960e-01         
4.118750000000000e+01         7.632507100446485e-01         
4.120000000000000e+01         7.620948953446778e-01         
4.121250000000001e+01         7.610416120642182e-01         
4.122500000000000e+01         7.600905273865646e-01         
4.123750000000000e+01         7.592413530379086e-01         
4.125000000000000e+01         7.584938458571091e-01         
4.126250000000000e+01         7.578478083565336e-01         
4.127500000000001e+01         7.573030892784492e-01         
4.128750000000000e+01         7.568595841512081e-01         
4.130000000000000e+01         7.565172358491503e-01         
4.131250000000000e+01         7.562760351599709e-01         
4.132500000000000e+01         7.561360213630378e-01         
4.133750000000001e+01         7.560972828219570e-01         
4.135000000000000e+01         7.561599575945276e-01         
4.136250000000000e+01         7.563242340630266e-01         
4.137500000000000e+01         7.565903515876479e-01         
4.138750000000000e+01         7.569586011857652e-01         
4.140000000000001e+01         7.574293262395677e-01         
4.141250000000000e+01         7.580029232345186e-01         
4.142500000000000e+01         7.586798425309613e-01         
4.143750000000000e+01         7.594605891711222e-01         
4.145000000000000e+01         7.603457237236656e-01         
4.146250000000001e+01         7.613358631678629e-01         
4.147500000000000e+01         7.624316818193845e-01         
4.148750000000000e+01         7.636339122996301e-01         
4.150000000000000e+01         7.649433465504363e-01         
4.151250000000000e+01         7.663608368959608e-01         
4.152500000000001e+01         7.678872971534243e-01         
4.153750000000000e+01         7.695237037943586e-01         
4.155000000000000e+01         7.712710971579102e-01         
4.156250000000000e+01         7.731305827176557e-01         
4.157500000000000e+01         7.751033324033298e-01         
4.158750000000001e+01         7.771905859787159e-01         
4.160000000000000e+01         7.793936524768815e-01         
4.161250000000000e+01         7.817139116938037e-01         
4.162500000000000e+01         7.841528157412408e-01         
4.163750000000000e+01         7.867118906596420e-01         
4.165000000000001e+01         7.893927380915793e-01         
4.166250000000000e+01         7.921970370160913e-01         
4.167500000000000e+01         7.951265455439972e-01         
4.168750000000000e+01         7.981831027739991e-01         
4.170000000000000e+01         8.013686307091076e-01         
4.171250000000001e+01         8.046851362324677e-01         
4.172500000000000e+01         8.081347131413783e-01         
4.173750000000000e+01         8.117195442377035e-01         
4.175000000000000e+01         8.154419034724106e-01         
4.176250000000000e+01         8.193041581413674e-01         
4.177500000000001e+01         8.233087711287428e-01         
4.178750000000000e+01         8.274583031937108e-01         
4.180000000000000e+01         8.317554152951157e-01         
4.181250000000000e+01         8.362028709478165e-01         
4.182500000000000e+01         8.408035386033156e-01         
4.183750000000001e+01         8.455603940458370e-01         
4.185000000000000e+01         8.504765227937262e-01         
4.186250000000000e+01         8.555551224942199e-01         
4.187500000000000e+01         8.607995052978674e-01         
4.188750000000000e+01         8.662131001967289e-01         
4.190000000000001e+01         8.717994553080688e-01         
4.191250000000000e+01         8.775622400826709e-01         
4.192500000000000e+01         8.835052474137753e-01         
4.193750000000000e+01         8.896323956193319e-01         
4.195000000000000e+01         8.959477302664616e-01         
4.196250000000001e+01         9.024554258026666e-01         
4.197500000000000e+01         9.091597869537181e-01         
4.198750000000000e+01         9.160652498426093e-01         
4.200000000000000e+01         9.231763827781183e-01         
4.201250000000000e+01         9.304978866547976e-01         
4.202500000000001e+01         9.380345948986576e-01         
4.203750000000000e+01         9.457914728846641e-01         
4.205000000000000e+01         9.537736167426759e-01         
4.206250000000000e+01         9.619862514582812e-01         
4.207500000000000e+01         9.704347281634564e-01         
4.208750000000001e+01         9.791245204992483e-01         
4.210000000000000e+01         9.880612199185665e-01         
4.211250000000000e+01         9.972505297817037e-01         
4.212500000000000e+01         1.006698258079749e+00         
4.213750000000000e+01         1.016410308602459e+00         
4.215000000000001e+01         1.026392670346087e+00         
4.216250000000000e+01         1.036651404934045e+00         
4.217500000000000e+01         1.047192631798471e+00         
4.218750000000000e+01         1.058022510843547e+00         
4.220000000000000e+01         1.069147222282472e+00         
4.221250000000001e+01         1.080572943308212e+00         
4.222500000000000e+01         1.092305821224514e+00         
4.223750000000000e+01         1.104351942627787e+00         
4.225000000000000e+01         1.116717298192306e+00         
4.226250000000000e+01         1.129407742571855e+00         
4.227500000000001e+01         1.142428948889655e+00         
4.228750000000000e+01         1.155786357246903e+00         
4.230000000000000e+01         1.169485116638603e+00         
4.231250000000000e+01         1.183530019624611e+00         
4.232500000000000e+01         1.197925429066249e+00         
4.233750000000001e+01         1.212675196204466e+00         
4.235000000000000e+01         1.227782569328699e+00         
4.236250000000000e+01         1.243250092267192e+00         
4.237500000000000e+01         1.259079491923736e+00         
4.238750000000000e+01         1.275271554097251e+00         
4.240000000000001e+01         1.291825986852378e+00         
4.241250000000000e+01         1.308741270769262e+00         
4.242500000000000e+01         1.326014495493898e+00         
4.243750000000000e+01         1.343641182144730e+00         
4.245000000000000e+01         1.361615091316656e+00         
4.246250000000001e+01         1.379928016666837e+00         
4.247500000000000e+01         1.398569564381459e+00         
4.248750000000000e+01         1.417526919216220e+00         
4.250000000000000e+01         1.436784598288910e+00         
4.251250000000000e+01         1.456324194389487e+00         
4.252500000000001e+01         1.476124111268907e+00         
4.253750000000000e+01         1.496159294181692e+00         
4.255000000000000e+01         1.516400959887507e+00         
4.256250000000000e+01         1.536816331362905e+00         
4.257500000000000e+01         1.557368383623726e+00         
4.258750000000001e+01         1.578015608288327e+00         
4.260000000000000e+01         1.598711805791083e+00         
4.261250000000000e+01         1.619405915431760e+00         
4.262500000000000e+01         1.640041894656322e+00         
4.263750000000000e+01         1.660558660023462e+00         
4.265000000000001e+01         1.680890103114643e+00         
4.266250000000000e+01         1.700965195077690e+00         
4.267500000000000e+01         1.720708193419010e+00         
4.268750000000000e+01         1.740038963942913e+00         
4.270000000000000e+01         1.758873429242735e+00         
4.271250000000001e+01         1.777124152762367e+00         
4.272500000000000e+01         1.794701064088324e+00         
4.273750000000000e+01         1.811512326771678e+00         
4.275000000000000e+01         1.827465344662038e+00         
4.276250000000000e+01         1.842467896593020e+00         
4.277500000000001e+01         1.856429382522869e+00         
4.278750000000000e+01         1.869262157240391e+00         
4.280000000000000e+01         1.880882920921755e+00         
4.281250000000000e+01         1.891214129669087e+00         
4.282500000000000e+01         1.900185384208667e+00         
4.283750000000001e+01         1.907734751693904e+00         
4.285000000000000e+01         1.913809974491687e+00         
4.286250000000000e+01         1.918369521245225e+00         
4.287500000000000e+01         1.921383439536355e+00         
4.288750000000000e+01         1.922833976032750e+00         
4.290000000000001e+01         1.922715938790163e+00         
4.291250000000000e+01         1.921036786864350e+00         
4.292500000000000e+01         1.917816443880526e+00         
4.293750000000000e+01         1.913086843917403e+00         
4.295000000000000e+01         1.906891229173858e+00         
4.296250000000001e+01         1.899283228647900e+00         
4.297500000000000e+01         1.890325754855620e+00         
4.298750000000000e+01         1.880089761030874e+00         
4.300000000000000e+01         1.868652904076269e+00         
4.301250000000000e+01         1.856098158807105e+00         
4.302500000000001e+01         1.842512426968383e+00         
4.303750000000000e+01         1.827985180492020e+00         
4.305000000000000e+01         1.812607172979378e+00         
4.306250000000000e+01         1.796469246969884e+00         
4.307500000000000e+01         1.779661257703520e+00         
4.308750000000001e+01         1.762271127268327e+00         
4.310000000000000e+01         1.744384036621059e+00         
4.311250000000000e+01         1.726081757263907e+00         
4.312500000000000e+01         1.707442119533718e+00         
4.313750000000000e+01         1.688538610598778e+00         
4.315000000000001e+01         1.669440092373724e+00         
4.316250000000000e+01         1.650210627598529e+00         
4.317500000000000e+01         1.630909401189316e+00         
4.318750000000000e+01         1.611590723533594e+00         
4.320000000000000e+01         1.592304102535807e+00         
4.321250000000001e+01         1.573094371791332e+00         
4.322500000000000e+01         1.554001863150897e+00         
4.323750000000000e+01         1.535062613026714e+00         
4.325000000000000e+01         1.516308592993388e+00         
4.326250000000000e+01         1.497767956475402e+00         
4.327500000000001e+01         1.479465294535395e+00         
4.328750000000000e+01         1.461421894937755e+00         
4.330000000000000e+01         1.443655999736937e+00         
4.331250000000000e+01         1.426183057609401e+00         
4.332500000000000e+01         1.409015968005599e+00         
4.333750000000001e+01         1.392165314943800e+00         
4.335000000000000e+01         1.375639588901568e+00         
4.336250000000000e+01         1.359445395793818e+00         
4.337500000000000e+01         1.343587652464527e+00         
4.338750000000000e+01         1.328069768473636e+00         
4.340000000000001e+01         1.312893814242525e+00         
4.341250000000000e+01         1.298060675838239e+00         
4.342500000000000e+01         1.283570196841150e+00         
4.343750000000000e+01         1.269421307858933e+00         
4.345000000000000e+01         1.255612144330843e+00         
4.346250000000001e+01         1.242140153317794e+00         
4.347500000000000e+01         1.229002189999550e+00         
4.348750000000000e+01         1.216194604608533e+00         
4.350000000000000e+01         1.203713320521945e+00         
4.351250000000000e+01         1.191553904215721e+00         
4.352500000000001e+01         1.179711627757291e+00         
4.353750000000000e+01         1.168181524481692e+00         
4.355000000000000e+01         1.156958438460080e+00         
4.356250000000000e+01         1.146037068331303e+00         
4.357500000000000e+01         1.135412006028509e+00         
4.358750000000001e+01         1.125077770893881e+00         
4.360000000000000e+01         1.115028839636320e+00         
4.361250000000000e+01         1.105259672550300e+00         
4.362500000000000e+01         1.095764736378674e+00         
4.363750000000000e+01         1.086538524169009e+00         
4.365000000000001e+01         1.077575572441606e+00         
4.366250000000000e+01         1.068870475958184e+00         
4.367500000000000e+01         1.060417900352985e+00         
4.368750000000000e+01         1.052212592863034e+00         
4.370000000000000e+01         1.044249391371159e+00         
4.371250000000001e+01         1.036523231954224e+00         
4.372500000000000e+01         1.029029155109733e+00         
4.373750000000000e+01         1.021762310816198e+00         
4.375000000000000e+01         1.014717962566861e+00         
4.376250000000000e+01         1.007891490501566e+00         
4.377500000000001e+01         1.001278393748603e+00         
4.378750000000000e+01         9.948742920763679e-01         
4.380000000000000e+01         9.886749269438941e-01         
4.381250000000000e+01         9.826761620298018e-01         
4.382500000000000e+01         9.768739833102724e-01         
4.383750000000001e+01         9.712644987490312e-01         
4.385000000000000e+01         9.658439376551832e-01         
4.386250000000000e+01         9.606086497584239e-01         
4.387500000000000e+01         9.555551040456568e-01         
4.388750000000000e+01         9.506798873977147e-01         
4.390000000000001e+01         9.459797030606814e-01         
4.391250000000000e+01         9.414513689819866e-01         
4.392500000000000e+01         9.370918160379778e-01         
4.393750000000000e+01         9.328980861764815e-01         
4.395000000000000e+01         9.288673304948142e-01         
4.396250000000001e+01         9.249968072713766e-01         
4.397500000000000e+01         9.212838799664714e-01         
4.398750000000000e+01         9.177260152060646e-01         
4.400000000000000e+01         9.143207807604175e-01         
4.401250000000000e+01         9.110658435277901e-01         
4.402500000000001e+01         9.079589675321575e-01         
4.403750000000000e+01         9.049980119424568e-01         
4.405000000000000e+01         9.021809291198397e-01         
4.406250000000000e+01         8.995057626984271e-01         
4.407500000000000e+01         8.969706457040774e-01         
4.408750000000001e+01         8.945737987150310e-01         
4.410000000000000e+01         8.923135280674599e-01         
4.411250000000000e+01         8.901882241084602e-01         
4.412500000000000e+01         8.881963594983970e-01         
4.413750000000000e+01         8.863364875640479e-01         
4.415000000000001e+01         8.846072407036030e-01         
4.416250000000000e+01         8.830073288441339e-01         
4.417500000000000e+01         8.815355379518548e-01         
4.418750000000000e+01         8.801907285952041e-01         
4.420000000000000e+01         8.789718345604430e-01         
4.421250000000001e+01         8.778778615193188e-01         
4.422500000000000e+01         8.769078857480451e-01         
4.423750000000000e+01         8.760610528967011e-01         
4.425000000000000e+01         8.753365768079638e-01         
4.426250000000000e+01         8.747337383839047e-01         
4.427500000000001e+01         8.742518844994582e-01         
4.428750000000000e+01         8.738904269610025e-01         
4.430000000000000e+01         8.736488415083592e-01         
4.431250000000000e+01         8.735266668584080e-01         
4.432500000000000e+01         8.735235037883395e-01         
4.433750000000001e+01         8.736390142564799e-01         
4.435000000000000e+01         8.738729205584713e-01         
4.436250000000000e+01         8.742250045164488e-01         
4.437500000000000e+01         8.746951066987455e-01         
4.438750000000000e+01         8.752831256674731e-01         
4.440000000000001e+01         8.759890172511994e-01         
4.441250000000000e+01         8.768127938397808e-01         
4.442500000000000e+01         8.777545236982112e-01         
4.443750000000000e+01         8.788143302961915e-01         
4.445000000000000e+01         8.799923916498902e-01         
4.446250000000001e+01         8.812889396721891e-01         
4.447500000000000e+01         8.827042595274219e-01         
4.448750000000000e+01         8.842386889864061e-01         
4.450000000000000e+01         8.858926177772666e-01         
4.451250000000000e+01         8.876664869272429e-01         
4.452500000000001e+01         8.895607880903832e-01         
4.453750000000000e+01         8.915760628556251e-01         
4.455000000000000e+01         8.937129020294332e-01         
4.456250000000000e+01         8.959719448867033e-01         
4.457500000000000e+01         8.983538783832364e-01         
4.458750000000001e+01         9.008594363225758e-01         
4.460000000000000e+01         9.034893984694854e-01         
4.461250000000000e+01         9.062445896017952e-01         
4.462500000000000e+01         9.091258784917106e-01         
4.463750000000000e+01         9.121341768070401e-01         
4.465000000000001e+01         9.152704379221167e-01         
4.466250000000000e+01         9.185356556273643e-01         
4.467500000000000e+01         9.219308627257508e-01         
4.468750000000000e+01         9.254571295033744e-01         
4.470000000000000e+01         9.291155620606477e-01         
4.471250000000001e+01         9.329073004894058e-01         
4.472500000000000e+01         9.368335168803054e-01         
4.473750000000000e+01         9.408954131437522e-01         
4.475000000000000e+01         9.450942186262917e-01         
4.476250000000000e+01         9.494311875033112e-01         
4.477500000000001e+01         9.539075959273705e-01         
4.478750000000000e+01         9.585247389101905e-01         
4.480000000000000e+01         9.632839269148433e-01         
4.481250000000000e+01         9.681864821329810e-01         
4.482500000000000e+01         9.732337344205628e-01         
4.483750000000001e+01         9.784270168635802e-01         
4.485000000000000e+01         9.837676609437046e-01         
4.486250000000000e+01         9.892569912719573e-01         
4.487500000000000e+01         9.948963198564834e-01         
4.488750000000000e+01         1.000686939868931e+00         
4.490000000000001e+01         1.006630118871662e+00         
4.491250000000000e+01         1.012727091466492e+00         
4.492500000000000e+01         1.018979051323506e+00         
4.493750000000000e+01         1.025387142546753e+00         
4.495000000000000e+01         1.031952450332048e+00         
4.496250000000001e+01         1.038675990870150e+00         
4.497500000000000e+01         1.045558700447531e+00         
4.498750000000000e+01         1.052601423695444e+00         
4.500000000000000e+01         1.059804900937119e+00         
4.501250000000000e+01         1.067169754582536e+00         
4.502500000000001e+01         1.074696474519686e+00         
4.503750000000000e+01         1.082385402452074e+00         
4.505000000000000e+01         1.090236715132845e+00         
4.506250000000000e+01         1.098250406447939e+00         
4.507500000000000e+01         1.106426268303274e+00         
4.508750000000001e+01         1.114763870274542e+00         
4.510000000000000e+01         1.123262537983364e+00         
4.511250000000000e+01         1.131921330169469e+00         
4.512500000000000e+01         1.140739014436697e+00         
4.513750000000000e+01         1.149714041660060e+00         
4.515000000000001e+01         1.158844519052651e+00         
4.516250000000000e+01         1.168128181905237e+00         
4.517500000000000e+01         1.177562364027266e+00         
4.518750000000000e+01         1.187143966937307e+00         
4.520000000000000e+01         1.196869427872603e+00         
4.521250000000001e+01         1.206734686712470e+00         
4.522500000000000e+01         1.216735151938804e+00         
4.523750000000000e+01         1.226865665788566e+00         
4.525000000000000e+01         1.237120468788968e+00         
4.526250000000000e+01         1.247493163905112e+00         
4.527500000000001e+01         1.257976680573000e+00         
4.528750000000000e+01         1.268563238937227e+00         
4.530000000000000e+01         1.279244314662851e+00         
4.531250000000000e+01         1.290010604743568e+00         
4.532500000000000e+01         1.300851994784012e+00         
4.533750000000001e+01         1.311757528290870e+00         
4.535000000000000e+01         1.322715378565317e+00         
4.536250000000000e+01         1.333712823846759e+00         
4.537500000000000e+01         1.344736226412859e+00         
4.538750000000000e+01         1.355771016392758e+00         
4.540000000000001e+01         1.366801681095958e+00         
4.541250000000000e+01         1.377811760696998e+00         
4.542500000000000e+01         1.388783851143209e+00         
4.543750000000000e+01         1.399699615165936e+00         
4.545000000000000e+01         1.410539802272991e+00         
4.546250000000001e+01         1.421284278577332e+00         
4.547500000000000e+01         1.431912067272104e+00         
4.548750000000000e+01         1.442401400492041e+00         
4.550000000000000e+01         1.452729783202894e+00         
4.551250000000000e+01         1.462874069633330e+00         
4.552500000000001e+01         1.472810552604381e+00         
4.553750000000000e+01         1.482515065921941e+00         
4.555000000000000e+01         1.491963099776902e+00         
4.556250000000000e+01         1.501129928848158e+00         
4.557500000000000e+01         1.509990752529909e+00         
4.558750000000001e+01         1.518520846409974e+00         
4.560000000000000e+01         1.526695723818730e+00         
4.561250000000000e+01         1.534491305955424e+00         
4.562500000000000e+01         1.541884098790132e+00         
4.563750000000000e+01         1.548851374646705e+00         
4.565000000000001e+01         1.555371356104719e+00         
4.566250000000000e+01         1.561423399630105e+00         
4.567500000000000e+01         1.566988176164667e+00         
4.568750000000000e+01         1.572047845785781e+00         
4.570000000000000e+01         1.576586223497837e+00         
4.571250000000001e+01         1.580588933243100e+00         
4.572500000000000e+01         1.584043547326704e+00         
4.573750000000000e+01         1.586939708638731e+00         
4.575000000000000e+01         1.589269233324189e+00         
4.576250000000000e+01         1.591026191893275e+00         
4.577500000000001e+01         1.592206967170263e+00         
4.578750000000000e+01         1.592810287937921e+00         
4.580000000000000e+01         1.592837237630490e+00         
4.581250000000000e+01         1.592291237945465e+00         
4.582500000000000e+01         1.591178007765138e+00         
4.583750000000001e+01         1.589505498285297e+00         
4.585000000000000e+01         1.587283805723477e+00         
4.586250000000000e+01         1.584525063407643e+00         
4.587500000000000e+01         1.581243315414664e+00         
4.588750000000000e+01         1.577454374226637e+00         
4.590000000000001e+01         1.573175665094881e+00         
4.591250000000000e+01         1.568426059942850e+00         
4.592500000000000e+01         1.563225703700599e+00         
4.593750000000000e+01         1.557595835947355e+00         
4.595000000000000e+01         1.551558610651812e+00         
4.596250000000001e+01         1.545136916649741e+00         
4.597500000000000e+01         1.538354201295356e+00         
4.598750000000000e+01         1.531234299477944e+00         
4.600000000000000e+01         1.523801269919414e+00         
4.601250000000000e+01         1.516079240373426e+00         
4.602500000000001e+01         1.508092263043032e+00         
4.603750000000000e+01         1.499864181231419e+00         
4.605000000000000e+01         1.491418507947347e+00         
4.606250000000000e+01         1.482778316910812e+00         
4.607500000000000e+01         1.473966146150515e+00         
4.608750000000001e+01         1.465003914156913e+00         
4.610000000000000e+01         1.455912848355803e+00         
4.611250000000000e+01         1.446713425498188e+00         
4.612500000000000e+01         1.437425323423678e+00         
4.613750000000000e+01         1.428067383544738e+00         
4.615000000000001e+01         1.418657583317362e+00         
4.616250000000000e+01         1.409213017907264e+00         
4.617500000000000e+01         1.399749890226891e+00         
4.618750000000000e+01         1.390283508505396e+00         
4.620000000000000e+01         1.380828290557027e+00         
4.621250000000001e+01         1.371397773931780e+00         
4.622500000000000e+01         1.362004631161663e+00         
4.623750000000000e+01         1.352660689354646e+00         
4.625000000000000e+01         1.343376953433968e+00         
4.626250000000000e+01         1.334163632370329e+00         
4.627500000000001e+01         1.325030167807573e+00         
4.628750000000000e+01         1.315985264536629e+00         
4.630000000000000e+01         1.307036922326551e+00         
4.631250000000000e+01         1.298192468674920e+00         
4.632500000000000e+01         1.289458592090766e+00         
4.633750000000001e+01         1.280841375572422e+00         
4.635000000000000e+01         1.272346329988256e+00         
4.636250000000000e+01         1.263978427110975e+00         
4.637500000000000e+01         1.255742132095678e+00         
4.638750000000000e+01         1.247641435227201e+00         
4.640000000000001e+01         1.239679882795106e+00         
4.641250000000000e+01         1.231860606983373e+00         
4.642500000000000e+01         1.224186354687633e+00         
4.643750000000000e+01         1.216659515195756e+00         
4.645000000000000e+01         1.209282146687042e+00         
4.646250000000001e+01         1.202056001522894e+00         
4.647500000000000e+01         1.194982550316247e+00         
4.648750000000000e+01         1.188063004779825e+00         
4.650000000000000e+01         1.181298339363785e+00         
4.651250000000000e+01         1.174689311701897e+00         
4.652500000000001e+01         1.168236481892877e+00         
4.653750000000000e+01         1.161940230648910e+00         
4.655000000000000e+01         1.155800776348132e+00         
4.656250000000000e+01         1.149818191031227e+00         
4.657500000000000e+01         1.143992415384620e+00         
4.658750000000001e+01         1.138323272754759e+00         
4.660000000000000e+01         1.132810482238647e+00         
4.661250000000000e+01         1.127453670896470e+00         
4.662500000000000e+01         1.122252385132031e+00         
4.663750000000000e+01         1.117206101286139e+00         
4.665000000000001e+01         1.112314235487597e+00         
4.666250000000000e+01         1.107576152805060e+00         
4.667500000000000e+01         1.102991175742096e+00         
4.668750000000000e+01         1.098558592116166e+00         
4.670000000000000e+01         1.094277662360812e+00         
4.671250000000001e+01         1.090147626288771e+00         
4.672500000000000e+01         1.086167709351940e+00         
4.673750000000000e+01         1.082337128432609e+00         
4.675000000000000e+01         1.078655097198560e+00         
4.676250000000000e+01         1.075120831052987e+00         
4.677500000000001e+01         1.071733551708571e+00         
4.678750000000000e+01         1.068492491413326e+00         
4.680000000000000e+01         1.065396896854393e+00         
4.681250000000000e+01         1.062446032764264e+00         
4.682500000000000e+01         1.059639185252599e+00         
4.683750000000001e+01         1.056975664885263e+00         
4.685000000000000e+01         1.054454809530920e+00         
4.686250000000000e+01         1.052075986994215e+00         
4.687500000000000e+01         1.049838597453313e+00         
4.688750000000000e+01         1.047742075718441e+00         
4.690000000000001e+01         1.045785893326934e+00         
4.691250000000000e+01         1.043969560489250e+00         
4.692500000000000e+01         1.042292627899407e+00         
4.693750000000000e+01         1.040754688422415e+00         
4.695000000000000e+01         1.039355378670307e+00         
4.696250000000001e+01         1.038094380477602e+00         
4.697500000000000e+01         1.036971422286242e+00         
4.698750000000000e+01         1.035986280449263e+00         
4.700000000000000e+01         1.035138780461811e+00         
4.701250000000000e+01         1.034428798127432e+00         
4.702500000000001e+01         1.033856260666927e+00         
4.703750000000000e+01         1.033421147776519e+00         
4.705000000000000e+01         1.033123492641468e+00         
4.706250000000000e+01         1.032963382910786e+00         
4.707500000000000e+01         1.032940961638176e+00         
4.708750000000001e+01         1.033056428193828e+00         
4.710000000000000e+01         1.033310039151287e+00         
4.711250000000000e+01         1.033702109153094e+00         
4.712500000000000e+01         1.034233011758544e+00         
4.713750000000000e+01         1.034903180276424e+00         
4.715000000000001e+01         1.035713108585218e+00         
4.716250000000000e+01         1.036663351942849e+00         
4.717500000000000e+01         1.037754527787618e+00         
4.718750000000000e+01         1.038987316531608e+00         
4.720000000000000e+01         1.040362462347409e+00         
4.721250000000001e+01         1.041880773948590e+00         
4.722500000000000e+01         1.043543125363952e+00         
4.723750000000000e+01         1.045350456705132e+00         
4.725000000000000e+01         1.047303774926671e+00         
4.726250000000000e+01         1.049404154577218e+00         
4.727500000000001e+01         1.051652738539982e+00         
4.728750000000000e+01         1.054050738760094e+00         
4.730000000000000e+01         1.056599436955895e+00         
4.731250000000000e+01         1.059300185310616e+00         
4.732500000000000e+01         1.062154407140292e+00         
4.733750000000001e+01         1.065163597532956e+00         
4.735000000000000e+01         1.068329323953560e+00         
4.736250000000000e+01         1.071653226808137e+00         
4.737500000000000e+01         1.075137019959873e+00         
4.738750000000000e+01         1.078782491188888e+00         
4.740000000000001e+01         1.082591502586323e+00         
4.741250000000000e+01         1.086565990872401e+00         
4.742500000000000e+01         1.090707967626738e+00         
4.743750000000000e+01         1.095019519417916e+00         
4.745000000000000e+01         1.099502807817929e+00         
4.746250000000001e+01         1.104160069285355e+00         
4.747500000000000e+01         1.108993614899602e+00         
4.748750000000000e+01         1.114005829926463e+00         
4.750000000000000e+01         1.119199173193338e+00         
4.751250000000000e+01         1.124576176250122e+00         
4.752500000000001e+01         1.130139442289356e+00         
4.753750000000000e+01         1.135891644796634e+00         
4.755000000000000e+01         1.141835525899250e+00         
4.756250000000000e+01         1.147973894378062e+00         
4.757500000000000e+01         1.154309623304068e+00         
4.758750000000001e+01         1.160845647257503e+00         
4.760000000000000e+01         1.167584959083354e+00         
4.761250000000000e+01         1.174530606132741e+00         
4.762500000000000e+01         1.181685685935104e+00         
4.763750000000000e+01         1.189053341241005e+00         
4.765000000000001e+01         1.196636754370066e+00         
4.766250000000000e+01         1.204439140792719e+00         
4.767500000000000e+01         1.212463741868330e+00         
4.768750000000000e+01         1.220713816655645e+00         
4.770000000000000e+01         1.229192632704566e+00         
4.771250000000001e+01         1.237903455730836e+00         
4.772500000000000e+01         1.246849538067414e+00         
4.773750000000000e+01         1.256034105778326e+00         
4.775000000000000e+01         1.265460344311967e+00         
4.776250000000000e+01         1.275131382562418e+00         
4.777500000000001e+01         1.285050275198077e+00         
4.778750000000000e+01         1.295219983107807e+00         
4.780000000000000e+01         1.305643351805799e+00         
4.781250000000000e+01         1.316323087626984e+00         
4.782500000000000e+01         1.327261731536452e+00         
4.783750000000001e+01         1.338461630367837e+00         
4.785000000000000e+01         1.349924905298281e+00         
4.786250000000000e+01         1.361653417361443e+00         
4.787500000000000e+01         1.373648729794804e+00         
4.788750000000000e+01         1.385912067015308e+00         
4.790000000000001e+01         1.398444270016397e+00         
4.791250000000000e+01         1.411245747982866e+00         
4.792500000000000e+01         1.424316425926498e+00         
4.793750000000000e+01         1.437655688156659e+00         
4.795000000000000e+01         1.451262317417702e+00         
4.796250000000001e+01         1.465134429548224e+00         
4.797500000000000e+01         1.479269403549596e+00         
4.798750000000000e+01         1.493663806992045e+00         
4.800000000000000e+01         1.508313316738023e+00         
4.801250000000000e+01         1.523212635027194e+00         
4.802500000000001e+01         1.538355401044281e+00         
4.803750000000000e+01         1.553734098184711e+00         
4.805000000000000e+01         1.569339957342892e+00         
4.806250000000000e+01         1.585162856676220e+00         
4.807500000000000e+01         1.601191218446970e+00         
4.808750000000001e+01         1.617411903712632e+00         
4.810000000000000e+01         1.633810105826825e+00         
4.811250000000000e+01         1.650369243924370e+00         
4.812500000000000e+01         1.667070857797349e+00         
4.813750000000000e+01         1.683894505820930e+00         
4.815000000000001e+01         1.700817667854859e+00         
4.816250000000000e+01         1.717815655326412e+00         
4.817500000000000e+01         1.734861530984255e+00         
4.818750000000000e+01         1.751926041094226e+00         
4.820000000000000e+01         1.768977563116181e+00         
4.821250000000001e+01         1.785982072142279e+00         
4.822500000000000e+01         1.802903129578860e+00         
4.823750000000000e+01         1.819701897696181e+00         
4.825000000000000e+01         1.836337183736544e+00         
4.826250000000000e+01         1.852765517239658e+00         
4.827500000000001e+01         1.868941264094072e+00         
4.828750000000000e+01         1.884816780535550e+00         
4.830000000000000e+01         1.900342609867296e+00         
4.831250000000000e+01         1.915467724060089e+00         
4.832500000000000e+01         1.930139811591326e+00         
4.833750000000001e+01         1.944305611899547e+00         
4.835000000000000e+01         1.957911295672297e+00         
4.836250000000000e+01         1.970902888867168e+00         
4.837500000000000e+01         1.983226736920469e+00         
4.838750000000000e+01         1.994830004067094e+00         
4.840000000000001e+01         2.005661201134825e+00         
4.841250000000000e+01         2.015670733654831e+00         
4.842500000000000e+01         2.024811460720914e+00         
4.843750000000000e+01         2.033039253816623e+00         
4.845000000000000e+01         2.040313543890009e+00         
4.846250000000001e+01         2.046597844367390e+00         
4.847500000000000e+01         2.051860237622045e+00         
4.848750000000000e+01         2.056073812697866e+00         
4.850000000000000e+01         2.059217042853545e+00         
4.851250000000000e+01         2.061274092735961e+00         
4.852500000000001e+01         2.062235046679487e+00         
4.853750000000000e+01         2.062096051699411e+00         
4.855000000000000e+01         2.060859371116428e+00         
4.856250000000000e+01         2.058533347308060e+00         
4.857500000000000e+01         2.055132274712116e+00         
4.858750000000001e+01         2.050676186781824e+00         
4.860000000000000e+01         2.045190562990835e+00         
4.861250000000000e+01         2.038705964100660e+00         
4.862500000000000e+01         2.031257605643717e+00         
4.863750000000000e+01         2.022884880877888e+00         
4.865000000000001e+01         2.013630845297508e+00         
4.866250000000000e+01         2.003541675133087e+00         
4.867500000000000e+01         1.992666112157525e+00         
4.868750000000000e+01         1.981054906583432e+00         
4.870000000000000e+01         1.968760268944513e+00         
4.871250000000001e+01         1.955835340679397e+00         
4.872500000000000e+01         1.942333691756492e+00         
4.873750000000000e+01         1.928308852176092e+00         
4.875000000000000e+01         1.913813882636204e+00         
4.876250000000000e+01         1.898900988119025e+00         
4.877500000000001e+01         1.883621176704204e+00         
4.878750000000000e+01         1.868023964585498e+00         
4.880000000000000e+01         1.852157127092568e+00         
4.881250000000000e+01         1.836066494518190e+00         
4.882500000000000e+01         1.819795790730872e+00         
4.883750000000001e+01         1.803386511914404e+00         
4.885000000000000e+01         1.786877842308296e+00         
4.886250000000000e+01         1.770306603514251e+00         
4.887500000000000e+01         1.753707233765219e+00         
4.888750000000000e+01         1.737111793503962e+00         
4.890000000000001e+01         1.720549993669731e+00         
4.891250000000000e+01         1.704049243220522e+00         
4.892500000000000e+01         1.687634712609265e+00         
4.893750000000000e+01         1.671329410165080e+00         
4.895000000000000e+01         1.655154268591538e+00         
4.896250000000001e+01         1.639128239070653e+00         
4.897500000000000e+01         1.623268390741100e+00         
4.898750000000000e+01         1.607590013596614e+00         
4.900000000000000e+01         1.592106723116679e+00         
4.901250000000000e+01         1.576830565192653e+00         
4.902500000000001e+01         1.561772120146446e+00         
4.903750000000000e+01         1.546940604850886e+00         
4.905000000000000e+01         1.532343972153734e+00         
4.906250000000000e+01         1.517989006977497e+00         
4.907500000000000e+01         1.503881418617505e+00         
4.908750000000001e+01         1.490025928891253e+00         
4.910000000000000e+01         1.476426355903522e+00         
4.911250000000000e+01         1.463085693287287e+00         
4.912500000000000e+01         1.450006184859517e+00         
4.913750000000000e+01         1.437189394696776e+00         
4.915000000000001e+01         1.424636272689086e+00         
4.916250000000000e+01         1.412347215672703e+00         
4.917500000000000e+01         1.400322124276217e+00         
4.918750000000000e+01         1.388560455639099e+00         
4.920000000000000e+01         1.377061272180452e+00         
4.921250000000001e+01         1.365823286608129e+00         
4.922500000000000e+01         1.354844903365961e+00         
4.923750000000000e+01         1.344124256720852e+00         
4.925000000000000e+01         1.333659245691633e+00         
4.926250000000000e+01         1.323447566019661e+00         
4.927500000000001e+01         1.313486739376827e+00         
4.928750000000000e+01         1.303774140000967e+00         
4.930000000000000e+01         1.294307018941546e+00         
4.931250000000000e+01         1.285082526090925e+00         
4.932500000000000e+01         1.276097730167858e+00         
4.933750000000001e+01         1.267349636811296e+00         
4.935000000000000e+01         1.258835204933684e+00         
4.936250000000000e+01         1.250551361473838e+00         
4.937500000000000e+01         1.242495014680990e+00         
4.938750000000000e+01         1.234663066052627e+00         
4.940000000000001e+01         1.227052421040665e+00         
4.941250000000000e+01         1.219659998632370e+00         
4.942500000000000e+01         1.212482739904673e+00         
4.943750000000000e+01         1.205517615643473e+00         
4.945000000000000e+01         1.198761633112308e+00         
4.946250000000001e+01         1.192211842048496e+00         
4.947500000000000e+01         1.185865339958661e+00         
4.948750000000000e+01         1.179719276779741e+00         
4.950000000000000e+01         1.173770858966481e+00         
4.951250000000000e+01         1.168017353061072e+00         
4.952500000000001e+01         1.162456088796392e+00         
4.953750000000000e+01         1.157084461779666e+00         
4.955000000000000e+01         1.151899935799572e+00         
4.956250000000000e+01         1.146900044796228e+00         
4.957500000000000e+01         1.142082394529849e+00         
4.958750000000001e+01         1.137444663981094e+00         
4.960000000000000e+01         1.132984606512981e+00         
4.961250000000000e+01         1.128700050821732e+00         
4.962500000000000e+01         1.124588901701588e+00         
4.963750000000000e+01         1.120649140646181e+00         
4.965000000000001e+01         1.116878826307332e+00         
4.966250000000000e+01         1.113276094829981e+00         
4.967500000000000e+01         1.109839160080526e+00         
4.968750000000000e+01         1.106566313784143e+00         
4.970000000000000e+01         1.103455925585262e+00         
4.971250000000001e+01         1.100506443044199e+00         
4.972500000000000e+01         1.097716391581599e+00         
4.973750000000000e+01         1.095084374381442e+00         
4.975000000000000e+01         1.092609072262303e+00         
4.976250000000000e+01         1.090289243525653e+00         
4.977500000000001e+01         1.088123723789316e+00         
4.978750000000000e+01         1.086111425813294e+00         
4.980000000000000e+01         1.084251339324658e+00         
4.981250000000000e+01         1.082542530847553e+00         
4.982500000000000e+01         1.080984143543780e+00         
4.983750000000001e+01         1.079575397069032e+00         
4.985000000000000e+01         1.078315587449307e+00         
4.986250000000000e+01         1.077204086981716e+00         
4.987500000000000e+01         1.076240344163480e+00         
4.988750000000000e+01         1.075423883652612e+00         
4.990000000000001e+01         1.074754306263494e+00         
4.991250000000000e+01         1.074231289000269e+00         
4.992500000000000e+01         1.073854585130748e+00         
4.993750000000000e+01         1.073624024303321e+00         
4.995000000000000e+01         1.073539512709140e+00         
4.996250000000001e+01         1.073601033291692e+00         
4.997500000000000e+01         1.073808646005711e+00         
4.998750000000000e+01         1.074162488127219e+00         
5.000000000000000e+01         1.074662774616372e+00         
