time                          relative_error                
0.000000000000000e+00         0.000000000000000e+00         
6.250000000000000e-03         2.242595116497039e-12         
1.250000000000000e-02         4.484619813639444e-12         
1.875000000000000e-02         6.725509755386905e-12         
2.500000000000000e-02         8.964687471697898e-12         
3.125000000000000e-02         1.120160801205922e-11         
3.750000000000001e-02         1.343570458837815e-11         
4.375000000000000e-02         1.566641077069110e-11         
5.000000000000000e-02         1.789318734371689e-11         
5.625000000000000e-02         2.011549768481549e-11         
6.250000000000000e-02         2.233277627142538e-11         
6.875000000000001e-02         2.454453992204801e-11         
7.500000000000001e-02         2.675023422559866e-11         
8.125000000000000e-02         2.894935162501013e-11         
8.750000000000001e-02         3.114142805866259e-11         
9.375000000000000e-02         3.332586919805557e-11         
1.000000000000000e-01         3.550235952183159e-11         
1.062500000000000e-01         3.767022500585904e-11         
1.125000000000000e-01         3.982920317931325e-11         
1.187500000000000e-01         4.197876121681742e-11         
1.250000000000000e-01         4.411849407054663e-11         
1.312500000000000e-01         4.624804578899572e-11         
1.375000000000000e-01         4.836686563056571e-11         
1.437500000000000e-01         5.047467164433819e-11         
1.500000000000000e-01         5.257105849315682e-11         
1.562500000000000e-01         5.465579092424044e-11         
1.625000000000000e-01         5.672822515021705e-11         
1.687500000000000e-01         5.878841747534750e-11         
1.750000000000000e-01         6.083588470403526e-11         
1.812500000000000e-01         6.287036646874612e-11         
1.875000000000000e-01         6.489157524308346e-11         
1.937500000000000e-01         6.689915046745532e-11         
2.000000000000000e-01         6.889302015487899e-11         
2.062500000000000e-01         7.087290974516717e-11         
2.125000000000000e-01         7.283862876186036e-11         
2.187500000000000e-01         7.478977749868782e-11         
2.250000000000000e-01         7.672644276410691e-11         
2.312500000000000e-01         7.864836248450921e-11         
2.375000000000000e-01         8.055550907875726e-11         
2.437500000000000e-01         8.244752314362769e-11         
2.500000000000000e-01         8.432447432516260e-11         
2.562500000000000e-01         8.618624990962250e-11         
2.625000000000000e-01         8.803260587543749e-11         
2.687500000000000e-01         8.986369220154168e-11         
2.750000000000000e-01         9.167927526435544e-11         
2.812500000000000e-01         9.347944003438217e-11         
2.875000000000000e-01         9.526391836310592e-11         
2.937500000000000e-01         9.703319710510875e-11         
3.000000000000000e-01         9.878678893338410e-11         
3.062500000000000e-01         1.005246524171571e-10         
3.125000000000000e-01         1.022473336270543e-10         
3.187500000000000e-01         1.039545230337958e-10         
3.250000000000000e-01         1.056461438911542e-10         
3.312500000000000e-01         1.073226404627244e-10         
3.375000000000000e-01         1.089836476670022e-10         
3.437500000000000e-01         1.106294895849680e-10         
3.500000000000000e-01         1.122601750198509e-10         
3.562500000000000e-01         1.138757088920350e-10         
3.625000000000000e-01         1.154763811151158e-10         
3.687500000000000e-01         1.170622314654968e-10         
3.750000000000000e-01         1.186333913429605e-10         
3.812500000000000e-01         1.201900179443214e-10         
3.875000000000000e-01         1.217321672401128e-10         
3.937500000000000e-01         1.232598750967039e-10         
4.000000000000000e-01         1.247735087541196e-10         
4.062500000000000e-01         1.262729244217979e-10         
4.125000000000000e-01         1.277588415291466e-10         
4.187500000000000e-01         1.292307047299564e-10         
4.250000000000000e-01         1.306891714135243e-10         
4.312500000000000e-01         1.321345379201812e-10         
4.375000000000000e-01         1.335662433989071e-10         
4.437500000000000e-01         1.349852369420674e-10         
4.500000000000000e-01         1.363914872778687e-10         
4.562500000000000e-01         1.377848373196740e-10         
4.625000000000000e-01         1.391659339426892e-10         
4.687500000000000e-01         1.405345457782900e-10         
4.750000000000000e-01         1.418911235399426e-10         
4.812500000000000e-01         1.432359040868950e-10         
4.875000000000000e-01         1.445692177600715e-10         
4.937500000000000e-01         1.458907259762035e-10         
5.000000000000000e-01         1.472010602400601e-10         
5.062500000000000e-01         1.485004487360974e-10         
5.125000000000001e-01         1.497889355670890e-10         
5.187500000000000e-01         1.510669653960736e-10         
5.250000000000000e-01         1.523341983999989e-10         
5.312500000000000e-01         1.535912905995738e-10         
5.375000000000000e-01         1.548385139364520e-10         
5.437500000000001e-01         1.560760610492106e-10         
5.500000000000000e-01         1.573037555316941e-10         
5.562500000000000e-01         1.585221256898778e-10         
5.625000000000000e-01         1.597313318333731e-10         
5.687500000000000e-01         1.609315356980961e-10         
5.750000000000001e-01         1.621229267793923e-10         
5.812500000000000e-01         1.633057989474933e-10         
5.875000000000000e-01         1.644801431191051e-10         
5.937500000000000e-01         1.656466053482183e-10         
6.000000000000001e-01         1.668052336898931e-10         
6.062500000000001e-01         1.679556698671954e-10         
6.125000000000000e-01         1.690987661093312e-10         
6.187500000000000e-01         1.702345341524180e-10         
6.250000000000000e-01         1.713632447673309e-10         
6.312500000000001e-01         1.724849853765193e-10         
6.375000000000001e-01         1.735998116146832e-10         
6.437500000000000e-01         1.747082978058645e-10         
6.500000000000000e-01         1.758103907868029e-10         
6.562500000000000e-01         1.769060705006667e-10         
6.625000000000001e-01         1.779963247461066e-10         
6.687500000000001e-01         1.790802568022556e-10         
6.750000000000000e-01         1.801587556359214e-10         
6.812500000000000e-01         1.812320312082170e-10         
6.875000000000000e-01         1.823001056650362e-10         
6.937500000000001e-01         1.833630855075688e-10         
7.000000000000001e-01         1.844214395056138e-10         
7.062500000000000e-01         1.854750650096774e-10         
7.125000000000000e-01         1.865238612669537e-10         
7.187500000000000e-01         1.875688105798126e-10         
7.250000000000001e-01         1.886096085671376e-10         
7.312500000000001e-01         1.896462928329363e-10         
7.375000000000000e-01         1.906792721503386e-10         
7.437500000000000e-01         1.917087463087445e-10         
7.500000000000000e-01         1.927347367496273e-10         
7.562500000000001e-01         1.937575958682032e-10         
7.625000000000001e-01         1.947773140226993e-10         
7.687500000000000e-01         1.957940517985750e-10         
7.750000000000000e-01         1.968083013094960e-10         
7.812500000000000e-01         1.978196812594418e-10         
7.875000000000001e-01         1.988289912394364e-10         
7.937500000000001e-01         1.998358157168454e-10         
8.000000000000000e-01         2.008407638264985e-10         
8.062500000000000e-01         2.018435920562463e-10         
8.125000000000000e-01         2.028448517513654e-10         
8.187500000000001e-01         2.038444413943872e-10         
8.250000000000001e-01         2.048426889915036e-10         
8.312500000000000e-01         2.058394784148753e-10         
8.375000000000000e-01         2.068350225533604e-10         
8.437500000000000e-01         2.078297460709456e-10         
8.500000000000001e-01         2.088238343116768e-10         
8.562500000000001e-01         2.098165951346149e-10         
8.625000000000000e-01         2.108092555931374e-10         
8.687500000000000e-01         2.118013147746720e-10         
8.750000000000000e-01         2.127933009589891e-10         
8.812500000000001e-01         2.137851574669852e-10         
8.875000000000001e-01         2.147768676291236e-10         
8.937500000000000e-01         2.157689578112100e-10         
9.000000000000000e-01         2.167610624111384e-10         
9.062500000000000e-01         2.177538696053196e-10         
9.125000000000001e-01         2.187472969884555e-10         
9.187500000000001e-01         2.197412460271899e-10         
9.250000000000000e-01         2.207361427293939e-10         
9.312500000000000e-01         2.217319607741539e-10         
9.375000000000000e-01         2.227289745090885e-10         
9.437500000000001e-01         2.237270344532938e-10         
9.500000000000001e-01         2.247269070917717e-10         
9.562500000000000e-01         2.257278067010463e-10         
9.625000000000000e-01         2.267309026353477e-10         
9.687500000000000e-01         2.277355745536754e-10         
9.750000000000001e-01         2.287422775479186e-10         
9.812500000000001e-01         2.297508844596632e-10         
9.875000000000000e-01         2.307617872584939e-10         
9.937500000000000e-01         2.317748664631289e-10         
1.000000000000000e+00         2.327904497342471e-10         
1.006250000000000e+00         2.338087908554422e-10         
1.012500000000000e+00         2.348293555808768e-10         
1.018750000000000e+00         2.358532900810362e-10         
1.025000000000000e+00         2.368799919893816e-10         
1.031250000000000e+00         2.379095728985264e-10         
1.037500000000000e+00         2.389426400838680e-10         
1.043750000000000e+00         2.399789457673243e-10         
1.050000000000000e+00         2.410185591144662e-10         
1.056250000000000e+00         2.420619632095084e-10         
1.062500000000000e+00         2.431087452189306e-10         
1.068750000000000e+00         2.441597454239486e-10         
1.075000000000000e+00         2.452144973951458e-10         
1.081250000000000e+00         2.462732148798610e-10         
1.087500000000000e+00         2.473364825577830e-10         
1.093750000000000e+00         2.484038128610291e-10         
1.100000000000000e+00         2.494756800728836e-10         
1.106250000000000e+00         2.505520717677828e-10         
1.112500000000000e+00         2.516333892482885e-10         
1.118750000000000e+00         2.527192812511232e-10         
1.125000000000000e+00         2.538101609559336e-10         
1.131250000000000e+00         2.549062466104880e-10         
1.137500000000000e+00         2.560073311311642e-10         
1.143750000000000e+00         2.571139763394660e-10         
1.150000000000000e+00         2.582261538756136e-10         
1.156250000000000e+00         2.593435145206666e-10         
1.162500000000000e+00         2.604668660923877e-10         
1.168750000000000e+00         2.615960091257942e-10         
1.175000000000000e+00         2.627309959837365e-10         
1.181250000000000e+00         2.638722551179151e-10         
1.187500000000000e+00         2.650195519321890e-10         
1.193750000000000e+00         2.661731489267282e-10         
1.200000000000000e+00         2.673334209191183e-10         
1.206250000000000e+00         2.684999942242837e-10         
1.212500000000000e+00         2.696735565786525e-10         
1.218750000000000e+00         2.708539338229330e-10         
1.225000000000000e+00         2.720411684232792e-10         
1.231250000000000e+00         2.732357328271574e-10         
1.237500000000000e+00         2.744373560140311e-10         
1.243750000000000e+00         2.756463987495758e-10         
1.250000000000000e+00         2.768629426745349e-10         
1.256250000000000e+00         2.780872890249992e-10         
1.262500000000000e+00         2.793192578534425e-10         
1.268750000000000e+00         2.805591713030772e-10         
1.275000000000000e+00         2.818072213459975e-10         
1.281250000000000e+00         2.830632334393565e-10         
1.287500000000000e+00         2.843278405454571e-10         
1.293750000000000e+00         2.856008872042366e-10         
1.300000000000000e+00         2.868823235403396e-10         
1.306250000000000e+00         2.881727261465631e-10         
1.312500000000000e+00         2.894718184192117e-10         
1.318750000000000e+00         2.907801382268682e-10         
1.325000000000000e+00         2.920976708000136e-10         
1.331250000000000e+00         2.934242791107809e-10         
1.337500000000000e+00         2.947605802899988e-10         
1.343750000000000e+00         2.961063839286929e-10         
1.350000000000000e+00         2.974619952963826e-10         
1.356250000000000e+00         2.988276191640377e-10         
1.362500000000000e+00         3.002031726761353e-10         
1.368750000000000e+00         3.015889524196348e-10         
1.375000000000000e+00         3.029851295476215e-10         
1.381250000000000e+00         3.043919548345194e-10         
1.387500000000000e+00         3.058093573973019e-10         
1.393750000000000e+00         3.072375885505007e-10         
1.400000000000000e+00         3.086769949933228e-10         
1.406250000000000e+00         3.101272897106881e-10         
1.412500000000000e+00         3.115891707651813e-10         
1.418750000000000e+00         3.130625787646833e-10         
1.425000000000000e+00         3.145473957068372e-10         
1.431250000000000e+00         3.160443036499728e-10         
1.437500000000000e+00         3.175530537823528e-10         
1.443750000000000e+00         3.190740169037934e-10         
1.450000000000000e+00         3.206074918009270e-10         
1.456250000000000e+00         3.221532004935288e-10         
1.462500000000000e+00         3.237118608284704e-10         
1.468750000000000e+00         3.252833410073151e-10         
1.475000000000000e+00         3.268679162869496e-10         
1.481250000000000e+00         3.284658086335783e-10         
1.487500000000000e+00         3.300770109496491e-10         
1.493750000000000e+00         3.317019112306923e-10         
1.500000000000000e+00         3.333405816524924e-10         
1.506250000000000e+00         3.349933882735833e-10         
1.512500000000000e+00         3.366603217155739e-10         
1.518750000000000e+00         3.383416684263522e-10         
1.525000000000000e+00         3.400376750791689e-10         
1.531250000000000e+00         3.417482612534372e-10         
1.537500000000000e+00         3.434742072442540e-10         
1.543750000000000e+00         3.452152776665081e-10         
1.550000000000000e+00         3.469716223619212e-10         
1.556250000000000e+00         3.487437895376500e-10         
1.562500000000000e+00         3.505316056608997e-10         
1.568750000000000e+00         3.523357667158030e-10         
1.575000000000000e+00         3.541562549622395e-10         
1.581250000000000e+00         3.559928585441559e-10         
1.587500000000000e+00         3.578465555680966e-10         
1.593750000000000e+00         3.597171141355237e-10         
1.600000000000000e+00         3.616049601165013e-10         
1.606250000000000e+00         3.635102763404267e-10         
1.612500000000000e+00         3.654332376102370e-10         
1.618750000000000e+00         3.673740175380492e-10         
1.625000000000000e+00         3.693330951281627e-10         
1.631250000000000e+00         3.713106416128792e-10         
1.637500000000000e+00         3.733067456472452e-10         
1.643750000000000e+00         3.753219181210320e-10         
1.650000000000000e+00         3.773562736383489e-10         
1.656250000000000e+00         3.794098431436616e-10         
1.662500000000000e+00         3.814833858452488e-10         
1.668750000000000e+00         3.835768779736609e-10         
1.675000000000000e+00         3.856903734457838e-10         
1.681250000000000e+00         3.878248401638627e-10         
1.687500000000000e+00         3.899797956880152e-10         
1.693750000000000e+00         3.921558774159729e-10         
1.700000000000000e+00         3.943535999771938e-10         
1.706250000000000e+00         3.965726537800815e-10         
1.712500000000000e+00         3.988139067696778e-10         
1.718750000000000e+00         4.010772982015432e-10         
1.725000000000000e+00         4.033633295558641e-10         
1.731250000000000e+00         4.056724386619117e-10         
1.737500000000000e+00         4.080045530223864e-10         
1.743750000000000e+00         4.103601801186467e-10         
1.750000000000000e+00         4.127396416225798e-10         
1.756250000000000e+00         4.151432379393083e-10         
1.762500000000000e+00         4.175716103739730e-10         
1.768750000000000e+00         4.200242193787229e-10         
1.775000000000000e+00         4.225026222643952e-10         
1.781250000000000e+00         4.250061767071618e-10         
1.787500000000000e+00         4.275356156598513e-10         
1.793750000000000e+00         4.300912691863374e-10         
1.800000000000000e+00         4.326733749622573e-10         
1.806250000000000e+00         4.352823874129607e-10         
1.812500000000000e+00         4.379188883040950e-10         
1.818750000000000e+00         4.405832112422250e-10         
1.825000000000000e+00         4.432752965296979e-10         
1.831250000000000e+00         4.459959763523269e-10         
1.837500000000000e+00         4.487454800137525e-10         
1.843750000000000e+00         4.515241241508948e-10         
1.850000000000000e+00         4.543323261440238e-10         
1.856250000000000e+00         4.571708801044879e-10         
1.862500000000000e+00         4.600394097313048e-10         
1.868750000000000e+00         4.629392940654592e-10         
1.875000000000000e+00         4.658699712839404e-10         
1.881250000000000e+00         4.688325597597193e-10         
1.887500000000000e+00         4.718270880261799e-10         
1.893750000000000e+00         4.748541233821576e-10         
1.900000000000000e+00         4.779142195549549e-10         
1.906250000000000e+00         4.810079891142683e-10         
1.912500000000000e+00         4.841352514136316e-10         
1.918750000000000e+00         4.872974251502051e-10         
1.925000000000000e+00         4.904940935817438e-10         
1.931250000000000e+00         4.937260063042633e-10         
1.937500000000000e+00         4.969937552516807e-10         
1.943750000000000e+00         5.002977473237211e-10         
1.950000000000000e+00         5.036384102413181e-10         
1.956250000000000e+00         5.070164024754921e-10         
1.962500000000000e+00         5.104325189629170e-10         
1.968750000000000e+00         5.138859720601898e-10         
1.975000000000000e+00         5.173789801808885e-10         
1.981250000000000e+00         5.209107377416433e-10         
1.987500000000000e+00         5.244823041574599e-10         
1.993750000000000e+00         5.280941647954373e-10         
2.000000000000000e+00         5.317471678928670e-10         
2.006250000000000e+00         5.354411985945142e-10         
2.012500000000000e+00         5.391776305570589e-10         
2.018750000000000e+00         5.429559636449847e-10         
2.025000000000000e+00         5.467771573232446e-10         
2.031250000000000e+00         5.506423485681563e-10         
2.037500000000000e+00         5.545514415396468e-10         
2.043750000000000e+00         5.585052647009466e-10         
2.050000000000000e+00         5.625046266531009e-10         
2.056250000000000e+00         5.665491637435995e-10         
2.062500000000000e+00         5.706403183128460e-10         
2.068750000000000e+00         5.747789397129811e-10         
2.075000000000000e+00         5.789646900672448e-10         
2.081250000000000e+00         5.831985601179292e-10         
2.087500000000000e+00         5.874810348486568e-10         
2.093750000000000e+00         5.918127866623092e-10         
2.100000000000000e+00         5.961946374537667e-10         
2.106250000000000e+00         6.006270968933424e-10         
2.112500000000000e+00         6.051103637063526e-10         
2.118750000000000e+00         6.096451654900524e-10         
2.125000000000000e+00         6.142322142867760e-10         
2.131250000000000e+00         6.188725644937243e-10         
2.137500000000000e+00         6.235659283150910e-10         
2.143750000000000e+00         6.283138777522990e-10         
2.150000000000000e+00         6.331155693044013e-10         
2.156250000000000e+00         6.379729784739145e-10         
2.162500000000000e+00         6.428860695803501e-10         
2.168750000000000e+00         6.478557341215214e-10         
2.175000000000000e+00         6.528822223344043e-10         
2.181250000000000e+00         6.579657488145205e-10         
2.187500000000000e+00         6.631079060160099e-10         
2.193750000000000e+00         6.683084325082114e-10         
2.200000000000000e+00         6.735679009473410e-10         
2.206250000000000e+00         6.788875975433353e-10         
2.212500000000000e+00         6.842666187972369e-10         
2.218750000000000e+00         6.897065544116945e-10         
2.225000000000000e+00         6.952079946755214e-10         
2.231250000000000e+00         7.007707786398689e-10         
2.237500000000000e+00         7.063956812223158e-10         
2.243750000000000e+00         7.120830628517281e-10         
2.250000000000000e+00         7.178332364914980e-10         
2.256250000000000e+00         7.236468120736086e-10         
2.262500000000000e+00         7.295243990786545e-10         
2.268750000000000e+00         7.354655966380382e-10         
2.275000000000000e+00         7.414707848944980e-10         
2.281250000000000e+00         7.475413687122207e-10         
2.287500000000000e+00         7.536763808028488e-10         
2.293750000000000e+00         7.598765280976204e-10         
2.300000000000000e+00         7.661423009662133e-10         
2.306250000000000e+00         7.724728550351485e-10         
2.312500000000000e+00         7.788691471819146e-10         
2.318750000000000e+00         7.853313207292060e-10         
2.325000000000000e+00         7.918588713244749e-10         
2.331250000000000e+00         7.984517342406494e-10         
2.337500000000000e+00         8.051099501764891e-10         
2.343750000000000e+00         8.118335685080914e-10         
2.350000000000000e+00         8.186219925363232e-10         
2.356250000000000e+00         8.254757070267245e-10         
2.362500000000000e+00         8.323934124748722e-10         
2.368750000000000e+00         8.393746553352282e-10         
2.375000000000000e+00         8.464202108946324e-10         
2.381250000000000e+00         8.535281884295414e-10         
2.387500000000000e+00         8.606981465505900e-10         
2.393750000000000e+00         8.679301656751051e-10         
2.400000000000000e+00         8.752224008469798e-10         
2.406250000000000e+00         8.825741244928023e-10         
2.412500000000000e+00         8.899847510440121e-10         
2.418750000000000e+00         8.974531895227892e-10         
2.425000000000000e+00         9.049776597881717e-10         
2.431250000000000e+00         9.125572920293153e-10         
2.437500000000000e+00         9.201897193137533e-10         
2.443750000000000e+00         9.278742487755374e-10         
2.450000000000000e+00         9.356087173269575e-10         
2.456250000000000e+00         9.433917263065857e-10         
2.462500000000000e+00         9.512206105758811e-10         
2.468750000000000e+00         9.590930378355578e-10         
2.475000000000000e+00         9.670081814894135e-10         
2.481250000000000e+00         9.749619405789727e-10         
2.487500000000000e+00         9.829524127419507e-10         
2.493750000000000e+00         9.909770959372155e-10         
2.500000000000000e+00         9.990320555288755e-10         
2.506250000000000e+00         1.007115305187412e-09         
2.512500000000000e+00         1.015223592502145e-09         
2.518750000000000e+00         1.023352467523689e-09         
2.525000000000000e+00         1.031498990604756e-09         
2.531250000000000e+00         1.039659174878483e-09         
2.537500000000000e+00         1.047829131024545e-09         
2.543750000000000e+00         1.056004802101362e-09         
2.550000000000000e+00         1.064182173259161e-09         
2.556250000000000e+00         1.072355820855712e-09         
2.562500000000000e+00         1.080521136448865e-09         
2.568750000000000e+00         1.088674414360535e-09         
2.575000000000000e+00         1.096809580455615e-09         
2.581250000000000e+00         1.104921431405665e-09         
2.587500000000000e+00         1.113005296876214e-09         
2.593750000000000e+00         1.121054119459897e-09         
2.600000000000000e+00         1.129063666970890e-09         
2.606250000000000e+00         1.137027940569010e-09         
2.612500000000000e+00         1.144939774753917e-09         
2.618750000000000e+00         1.152793833102330e-09         
2.625000000000000e+00         1.160583210579652e-09         
2.631250000000000e+00         1.168302748567195e-09         
2.637500000000000e+00         1.175944763502135e-09         
2.643750000000000e+00         1.183503314536773e-09         
2.650000000000000e+00         1.190970891579518e-09         
2.656250000000000e+00         1.198340647187944e-09         
2.662500000000000e+00         1.205606638542612e-09         
2.668750000000000e+00         1.212762167018220e-09         
2.675000000000000e+00         1.219799160208482e-09         
2.681250000000000e+00         1.226711947492353e-09         
2.687500000000000e+00         1.233492068470795e-09         
2.693750000000000e+00         1.240134196840181e-09         
2.700000000000000e+00         1.246631148321104e-09         
2.706250000000000e+00         1.252976822847003e-09         
2.712500000000000e+00         1.259163289214919e-09         
2.718750000000000e+00         1.265184610896896e-09         
2.725000000000000e+00         1.271035847113411e-09         
2.731250000000000e+00         1.276709111622052e-09         
2.737500000000000e+00         1.282199298932428e-09         
2.743750000000000e+00         1.287501131915531e-09         
2.750000000000000e+00         1.292607636206511e-09         
2.756250000000000e+00         1.297515053756524e-09         
2.762500000000000e+00         1.302218605774959e-09         
2.768750000000000e+00         1.306712636720675e-09         
2.775000000000000e+00         1.310993273172482e-09         
2.781250000000000e+00         1.315056588763707e-09         
2.787500000000000e+00         1.318898983677123e-09         
2.793750000000000e+00         1.322517140608981e-09         
2.800000000000000e+00         1.325908720205623e-09         
2.806250000000000e+00         1.329070351257376e-09         
2.812500000000000e+00         1.331999592610087e-09         
2.818750000000000e+00         1.334696647238989e-09         
2.825000000000000e+00         1.337158519728332e-09         
2.831250000000000e+00         1.339384858749417e-09         
2.837500000000000e+00         1.341375647096377e-09         
2.843750000000000e+00         1.343129543926854e-09         
2.850000000000000e+00         1.344648302206730e-09         
2.856250000000000e+00         1.345932499203795e-09         
2.862500000000000e+00         1.346982443156094e-09         
2.868750000000000e+00         1.347800347367378e-09         
2.875000000000000e+00         1.348388200506135e-09         
2.881250000000000e+00         1.348747915903939e-09         
2.887500000000000e+00         1.348882303407325e-09         
2.893750000000000e+00         1.348795137510007e-09         
2.900000000000000e+00         1.348488606442486e-09         
2.906250000000000e+00         1.347966443765073e-09         
2.912500000000000e+00         1.347233275925200e-09         
2.918750000000000e+00         1.346293733311974e-09         
2.925000000000000e+00         1.345151084402378e-09         
2.931250000000000e+00         1.343811053281026e-09         
2.937500000000000e+00         1.342277120193606e-09         
2.943750000000000e+00         1.340555972203708e-09         
2.950000000000000e+00         1.338652405952325e-09         
2.956250000000000e+00         1.336572238747562e-09         
2.962500000000000e+00         1.334320151472697e-09         
2.968750000000000e+00         1.331902084771064e-09         
2.975000000000000e+00         1.329324999482321e-09         
2.981250000000000e+00         1.326593401584491e-09         
2.987500000000000e+00         1.323713932234470e-09         
2.993750000000000e+00         1.320692772332408e-09         
3.000000000000000e+00         1.317534636796640e-09         
3.006250000000000e+00         1.314246915498232e-09         
3.012500000000000e+00         1.310835800674558e-09         
3.018750000000000e+00         1.307306160848707e-09         
3.025000000000000e+00         1.303664446645761e-09         
3.031250000000000e+00         1.299916666120023e-09         
3.037500000000000e+00         1.296068514859245e-09         
3.043750000000000e+00         1.292125841774457e-09         
3.050000000000000e+00         1.288094691421762e-09         
3.056250000000000e+00         1.283979648275268e-09         
3.062500000000000e+00         1.279786532016198e-09         
3.068750000000000e+00         1.275521860372401e-09         
3.075000000000000e+00         1.271189380676368e-09         
3.081250000000000e+00         1.266794866123212e-09         
3.087500000000000e+00         1.262343809298318e-09         
3.093750000000000e+00         1.257839662367894e-09         
3.100000000000000e+00         1.253288428767864e-09         
3.106250000000000e+00         1.248694899462105e-09         
3.112500000000000e+00         1.244062684810783e-09         
3.118750000000000e+00         1.239396352865696e-09         
3.125000000000000e+00         1.234699741172232e-09         
3.131250000000000e+00         1.229978096509368e-09         
3.137500000000000e+00         1.225234156766869e-09         
3.143750000000000e+00         1.220472183917898e-09         
3.150000000000000e+00         1.215695399862506e-09         
3.156250000000000e+00         1.210907079901462e-09         
3.162500000000000e+00         1.206111327862168e-09         
3.168750000000000e+00         1.201311227666870e-09         
3.175000000000000e+00         1.196509393929836e-09         
3.181250000000000e+00         1.191709196457532e-09         
3.187500000000000e+00         1.186912551076684e-09         
3.193750000000000e+00         1.182122824043672e-09         
3.200000000000000e+00         1.177342501954835e-09         
3.206250000000000e+00         1.172574366920090e-09         
3.212500000000000e+00         1.167819905983075e-09         
3.218750000000000e+00         1.163081281836868e-09         
3.225000000000000e+00         1.158361753932937e-09         
3.231250000000000e+00         1.153661840692544e-09         
3.237500000000000e+00         1.148984143034630e-09         
3.243750000000000e+00         1.144330887849189e-09         
3.250000000000000e+00         1.139702238964382e-09         
3.256250000000000e+00         1.135101175516121e-09         
3.262500000000000e+00         1.130528979895681e-09         
3.268750000000000e+00         1.125986250062368e-09         
3.275000000000000e+00         1.121474881281941e-09         
3.281250000000000e+00         1.116995786516212e-09         
3.287500000000000e+00         1.112550225508269e-09         
3.293750000000000e+00         1.108139494835809e-09         
3.300000000000000e+00         1.103764584676601e-09         
3.306250000000000e+00         1.099425870122339e-09         
3.312500000000000e+00         1.095124134490114e-09         
3.318750000000000e+00         1.090861173870537e-09         
3.325000000000000e+00         1.086637034331659e-09         
3.331250000000000e+00         1.082452041125893e-09         
3.337500000000000e+00         1.078307555983916e-09         
3.343750000000000e+00         1.074203444747272e-09         
3.350000000000000e+00         1.070140583962852e-09         
3.356250000000000e+00         1.066119921184735e-09         
3.362500000000000e+00         1.062140965855178e-09         
3.368750000000000e+00         1.058204760681131e-09         
3.375000000000000e+00         1.054311003298867e-09         
3.381250000000000e+00         1.050460633739358e-09         
3.387500000000000e+00         1.046653643899928e-09         
3.393750000000000e+00         1.042890385945728e-09         
3.400000000000000e+00         1.039170702836151e-09         
3.406250000000000e+00         1.035494788039584e-09         
3.412500000000000e+00         1.031862979516155e-09         
3.418750000000000e+00         1.028275965959167e-09         
3.425000000000000e+00         1.024732671510821e-09         
3.431250000000000e+00         1.021234167349788e-09         
3.437500000000000e+00         1.017779252176141e-09         
3.443750000000000e+00         1.014369175327475e-09         
3.450000000000000e+00         1.011003437454544e-09         
3.456250000000000e+00         1.007682308424298e-09         
3.462500000000000e+00         1.004405086064359e-09         
3.468750000000000e+00         1.001171586693777e-09         
3.475000000000000e+00         9.979831446637049e-10         
3.481250000000000e+00         9.948381448454115e-10         
3.487500000000000e+00         9.917372627855418e-10         
3.493750000000000e+00         9.886801878294412e-10         
3.500000000000000e+00         9.856665850671068e-10         
3.506250000000000e+00         9.826964358039390e-10         
3.512500000000000e+00         9.797698774164410e-10         
3.518750000000000e+00         9.768869937848364e-10         
3.525000000000000e+00         9.740465710805737e-10         
3.531250000000000e+00         9.712480558476106e-10         
3.537500000000000e+00         9.684930784515958e-10         
3.543750000000000e+00         9.657811414109549e-10         
3.550000000000000e+00         9.631106639088850e-10         
3.556250000000000e+00         9.604823571189528e-10         
3.562500000000000e+00         9.578957444377357e-10         
3.568750000000000e+00         9.553508838328493e-10         
3.575000000000000e+00         9.528473454454173e-10         
3.581250000000000e+00         9.503847439791747e-10         
3.587500000000000e+00         9.479634447801497e-10         
3.593750000000000e+00         9.455827534349829e-10         
3.600000000000000e+00         9.432423347050525e-10         
3.606250000000000e+00         9.409422289304202e-10         
3.612500000000000e+00         9.386821592729041e-10         
3.618750000000000e+00         9.364624251271584e-10         
3.625000000000000e+00         9.342810674005192e-10         
3.631250000000000e+00         9.321397277572382e-10         
3.637500000000000e+00         9.300379065264274e-10         
3.643750000000000e+00         9.279742636460846e-10         
3.650000000000000e+00         9.259492976335834e-10         
3.656250000000000e+00         9.239626287020650e-10         
3.662500000000000e+00         9.220139662973743e-10         
3.668750000000000e+00         9.201032939638733e-10         
3.675000000000000e+00         9.182303761525691e-10         
3.681250000000000e+00         9.163948977160014e-10         
3.687500000000000e+00         9.145964566737043e-10         
3.693750000000000e+00         9.128349745494369e-10         
3.700000000000000e+00         9.111103828807525e-10         
3.706250000000000e+00         9.094222645667030e-10         
3.712500000000000e+00         9.077710345632722e-10         
3.718750000000000e+00         9.061546068050218e-10         
3.725000000000000e+00         9.045746491638328e-10         
3.731250000000000e+00         9.030309765648485e-10         
3.737500000000000e+00         9.015219741641253e-10         
3.743750000000000e+00         9.000485219421213e-10         
3.750000000000000e+00         8.986098190527904e-10         
3.756250000000000e+00         8.972059357004438e-10         
3.762500000000000e+00         8.958367595623192e-10         
3.768750000000000e+00         8.945020694798349e-10         
3.775000000000000e+00         8.932014766313077e-10         
3.781250000000000e+00         8.919349027879974e-10         
3.787500000000000e+00         8.907020494839217e-10         
3.793750000000000e+00         8.895030491859887e-10         
3.800000000000000e+00         8.883373819492079e-10         
3.806250000000000e+00         8.872054758824321e-10         
3.812500000000000e+00         8.861058010838650e-10         
3.818750000000000e+00         8.850394877098979e-10         
3.825000000000000e+00         8.840060799172481e-10         
3.831250000000000e+00         8.830055805220252e-10         
3.837500000000000e+00         8.820371092471567e-10         
3.843750000000000e+00         8.811004833694247e-10         
3.850000000000000e+00         8.801968793732695e-10         
3.856250000000000e+00         8.793248634917640e-10         
3.862500000000000e+00         8.784847624208202e-10         
3.868750000000000e+00         8.776763084674388e-10         
3.875000000000000e+00         8.768993263225266e-10         
3.881250000000000e+00         8.761538648286876e-10         
3.887500000000000e+00         8.754396032668372e-10         
3.893750000000000e+00         8.747565920021778e-10         
3.900000000000000e+00         8.741045018472788e-10         
3.906250000000000e+00         8.734834115568694e-10         
3.912500000000000e+00         8.728931204796706e-10         
3.918750000000000e+00         8.723333650054067e-10         
3.925000000000000e+00         8.718048533848399e-10         
3.931250000000000e+00         8.713061963260622e-10         
3.937500000000000e+00         8.708374538475306e-10         
3.943750000000000e+00         8.703998979681640e-10         
3.950000000000000e+00         8.699919820997935e-10         
3.956250000000000e+00         8.696142019620940e-10         
3.962500000000000e+00         8.692664335884561e-10         
3.968750000000000e+00         8.689484992108641e-10         
3.975000000000000e+00         8.686603309644389e-10         
3.981250000000000e+00         8.684020161363530e-10         
3.987500000000000e+00         8.681733263154112e-10         
3.993750000000000e+00         8.679741539321915e-10         
4.000000000000000e+00         8.678045087526130e-10         
4.006250000000001e+00         8.676648737899767e-10         
4.012500000000000e+00         8.675536165552637e-10         
4.018750000000000e+00         8.674721736151084e-10         
4.025000000000000e+00         8.674205008851127e-10         
4.031250000000000e+00         8.673971816497205e-10         
4.037500000000001e+00         8.674039617774335e-10         
4.043750000000000e+00         8.674394110306278e-10         
4.050000000000000e+00         8.675034904535000e-10         
4.056250000000000e+00         8.675976511073782e-10         
4.062500000000000e+00         8.677203331943546e-10         
4.068750000000001e+00         8.678721310706120e-10         
4.075000000000000e+00         8.680528788243185e-10         
4.081250000000000e+00         8.682626259919408e-10         
4.087500000000000e+00         8.685013049187618e-10         
4.093750000000000e+00         8.687690299524091e-10         
4.100000000000001e+00         8.690661367955395e-10         
4.106250000000000e+00         8.693911869616592e-10         
4.112500000000000e+00         8.697457475954062e-10         
4.118750000000000e+00         8.701296859703915e-10         
4.125000000000000e+00         8.705416253425828e-10         
4.131250000000001e+00         8.709834870685943e-10         
4.137500000000000e+00         8.714537743141756e-10         
4.143750000000000e+00         8.719526860150570e-10         
4.150000000000000e+00         8.724815371175955e-10         
4.156250000000000e+00         8.730389144626316e-10         
4.162500000000001e+00         8.736254919521949e-10         
4.168750000000000e+00         8.742410265116974e-10         
4.175000000000000e+00         8.748857135471178e-10         
4.181250000000000e+00         8.755596213042051e-10         
4.187500000000000e+00         8.762626876426142e-10         
4.193750000000001e+00         8.769956088425307e-10         
4.200000000000000e+00         8.777568770566852e-10         
4.206250000000000e+00         8.785479339467007e-10         
4.212500000000000e+00         8.793689478539378e-10         
4.218750000000000e+00         8.802184189401293e-10         
4.225000000000001e+00         8.810985736349777e-10         
4.231250000000000e+00         8.820077306718424e-10         
4.237500000000000e+00         8.829461102340084e-10         
4.243750000000000e+00         8.839152895513008e-10         
4.250000000000000e+00         8.849133471147622e-10         
4.256250000000001e+00         8.859422909483519e-10         
4.262500000000000e+00         8.870008392988132e-10         
4.268750000000000e+00         8.880890554220197e-10         
4.275000000000000e+00         8.892083674712929e-10         
4.281250000000000e+00         8.903575027507604e-10         
4.287500000000001e+00         8.915376245247863e-10         
4.293750000000000e+00         8.927473332259585e-10         
4.300000000000000e+00         8.939879896489699e-10         
4.306250000000000e+00         8.952600769609727e-10         
4.312500000000000e+00         8.965619554470317e-10         
4.318750000000001e+00         8.978958689537920e-10         
4.325000000000000e+00         8.992599078404847e-10         
4.331250000000000e+00         9.006557973978869e-10         
4.337500000000000e+00         9.020835003698187e-10         
4.343750000000000e+00         9.035417889480800e-10         
4.350000000000001e+00         9.050328815887265e-10         
4.356250000000000e+00         9.065551106834920e-10         
4.362500000000000e+00         9.081089300390976e-10         
4.368750000000000e+00         9.096957718876554e-10         
4.375000000000000e+00         9.113144902146902e-10         
4.381250000000001e+00         9.129661218842698e-10         
4.387500000000000e+00         9.146493935481902e-10         
4.393750000000000e+00         9.163661471959945e-10         
4.400000000000000e+00         9.181157975744227e-10         
4.406250000000000e+00         9.198985672053857e-10         
4.412500000000001e+00         9.217152615400976e-10         
4.418750000000000e+00         9.235645225122505e-10         
4.425000000000000e+00         9.254480818747889e-10         
4.431250000000000e+00         9.273658766092441e-10         
4.437500000000000e+00         9.293169636380060e-10         
4.443750000000001e+00         9.313034834541987e-10         
4.450000000000000e+00         9.333240686208777e-10         
4.456250000000000e+00         9.353788157254003e-10         
4.462500000000000e+00         9.374697129463123e-10         
4.468750000000000e+00         9.395952720673508e-10         
4.475000000000001e+00         9.417564378956165e-10         
4.481250000000000e+00         9.439531313905081e-10         
4.487500000000000e+00         9.461858148064227e-10         
4.493750000000000e+00         9.484547899726383e-10         
4.500000000000000e+00         9.507602505018124e-10         
4.506250000000001e+00         9.531027935199391e-10         
4.512500000000000e+00         9.554814243737109e-10         
4.518750000000000e+00         9.578977374737698e-10         
4.525000000000000e+00         9.603520665378052e-10         
4.531250000000000e+00         9.628433053543463e-10         
4.537500000000001e+00         9.653734033037958e-10         
4.543750000000000e+00         9.679414678852741e-10         
4.550000000000000e+00         9.705477652868197e-10         
4.556250000000000e+00         9.731938419594037e-10         
4.562500000000000e+00         9.758788375240236e-10         
4.568750000000001e+00         9.786031648800026e-10         
4.575000000000000e+00         9.813674740808240e-10         
4.581250000000000e+00         9.841721621460678e-10         
4.587500000000000e+00         9.870172106886820e-10         
4.593750000000000e+00         9.899030751422608e-10         
4.600000000000001e+00         9.928305714654373e-10         
4.606250000000000e+00         9.957986626138660e-10         
4.612500000000000e+00         9.988092053513208e-10         
4.618750000000000e+00         1.001862472299717e-09         
4.625000000000000e+00         1.004957089691732e-09         
4.631250000000001e+00         1.008095762804428e-09         
4.637500000000000e+00         1.011277328129701e-09         
4.643750000000000e+00         1.014502131174162e-09         
4.650000000000000e+00         1.017771683808398e-09         
4.656250000000000e+00         1.021085538617103e-09         
4.662500000000001e+00         1.024443985939723e-09         
4.668750000000000e+00         1.027847805875282e-09         
4.675000000000000e+00         1.031297173677990e-09         
4.681250000000000e+00         1.034792711070768e-09         
4.687500000000000e+00         1.038334572829694e-09         
4.693750000000001e+00         1.041923886230701e-09         
4.700000000000000e+00         1.045559480825110e-09         
4.706250000000000e+00         1.049243257339969e-09         
4.712500000000000e+00         1.052975893233038e-09         
4.718750000000000e+00         1.056755966391432e-09         
4.725000000000001e+00         1.060586221268229e-09         
4.731250000000000e+00         1.064465465145216e-09         
4.737500000000000e+00         1.068394312758647e-09         
4.743750000000000e+00         1.072374597755729e-09         
4.750000000000000e+00         1.076405269424811e-09         
4.756250000000001e+00         1.080487378281395e-09         
4.762500000000000e+00         1.084621368365571e-09         
4.768750000000000e+00         1.088807335924470e-09         
4.775000000000000e+00         1.093047177723010e-09         
4.781250000000000e+00         1.097339942469199e-09         
4.787500000000001e+00         1.101687207615464e-09         
4.793750000000000e+00         1.106087856663043e-09         
4.800000000000001e+00         1.110544426788326e-09         
4.806250000000000e+00         1.115055966124589e-09         
4.812500000000000e+00         1.119623152338038e-09         
4.818750000000001e+00         1.124247837825948e-09         
4.825000000000000e+00         1.128928610109355e-09         
4.831250000000001e+00         1.133668147341335e-09         
4.837500000000000e+00         1.138465327850958e-09         
4.843750000000000e+00         1.143320831343500e-09         
4.850000000000001e+00         1.148236697035626e-09         
4.856250000000000e+00         1.153212036884118e-09         
4.862500000000001e+00         1.158248335820052e-09         
4.868750000000000e+00         1.163344729024161e-09         
4.875000000000000e+00         1.168503371375915e-09         
4.881250000000001e+00         1.173724666565605e-09         
4.887500000000000e+00         1.179007836260113e-09         
4.893750000000001e+00         1.184355540546062e-09         
4.900000000000000e+00         1.189766210411157e-09         
4.906250000000000e+00         1.195242277979973e-09         
4.912500000000001e+00         1.200784044559599e-09         
4.918750000000000e+00         1.206390663171655e-09         
4.925000000000001e+00         1.212064961663105e-09         
4.931250000000000e+00         1.217805812424325e-09         
4.937500000000000e+00         1.223613868858613e-09         
4.943750000000001e+00         1.229491529793213e-09         
4.950000000000000e+00         1.235437542379420e-09         
4.956250000000001e+00         1.241453373305528e-09         
4.962500000000000e+00         1.247539540969658e-09         
4.968750000000000e+00         1.253696558786160e-09         
4.975000000000001e+00         1.259925255406862e-09         
4.981250000000000e+00         1.266226067438589e-09         
4.987500000000001e+00         1.272600285932839e-09         
4.993750000000000e+00         1.279046991632002e-09         
5.000000000000000e+00         1.285568368534599e-09         
5.006250000000001e+00         1.292165011821413e-09         
5.012500000000000e+00         1.298836003588879e-09         
5.018750000000001e+00         1.305584070098530e-09         
5.025000000000000e+00         1.312408131053471e-09         
5.031250000000000e+00         1.319308831304519e-09         
5.037500000000001e+00         1.326288767417167e-09         
5.043750000000000e+00         1.333346331922974e-09         
5.050000000000001e+00         1.340483141826536e-09         
5.056250000000000e+00         1.347699398333300e-09         
5.062500000000000e+00         1.354995935170336e-09         
5.068750000000001e+00         1.362373353813936e-09         
5.075000000000000e+00         1.369832179711997e-09         
5.081250000000001e+00         1.377373372419958e-09         
5.087500000000000e+00         1.384995834798774e-09         
5.093750000000000e+00         1.392701824451071e-09         
5.100000000000001e+00         1.400492004597573e-09         
5.106250000000000e+00         1.408364884000225e-09         
5.112500000000001e+00         1.416323475686810e-09         
5.118750000000000e+00         1.424366411387561e-09         
5.125000000000000e+00         1.432493941814457e-09         
5.131250000000001e+00         1.440708528483184e-09         
5.137500000000000e+00         1.449008520780732e-09         
5.143750000000001e+00         1.457395021561850e-09         
5.150000000000000e+00         1.465868451401124e-09         
5.156250000000000e+00         1.474428958368724e-09         
5.162500000000001e+00         1.483076819962584e-09         
5.168750000000000e+00         1.491812500533662e-09         
5.175000000000001e+00         1.500636451807155e-09         
5.181250000000000e+00         1.509547359963950e-09         
5.187500000000000e+00         1.518547019389493e-09         
5.193750000000001e+00         1.527635497905480e-09         
5.200000000000000e+00         1.536811120106887e-09         
5.206250000000001e+00         1.546076225729456e-09         
5.212500000000000e+00         1.555429169921320e-09         
5.218750000000000e+00         1.564869528067111e-09         
5.225000000000001e+00         1.574399140478606e-09         
5.231250000000000e+00         1.584015918557492e-09         
5.237500000000001e+00         1.593720132424907e-09         
5.243750000000000e+00         1.603511608161297e-09         
5.250000000000000e+00         1.613389160978184e-09         
5.256250000000001e+00         1.623354533269630e-09         
5.262500000000000e+00         1.633404748341530e-09         
5.268750000000001e+00         1.643540937990860e-09         
5.275000000000000e+00         1.653760240894809e-09         
5.281250000000000e+00         1.664063928405137e-09         
5.287500000000001e+00         1.674450886379762e-09         
5.293750000000000e+00         1.684918579327663e-09         
5.300000000000001e+00         1.695468417570873e-09         
5.306250000000000e+00         1.706097044299888e-09         
5.312500000000000e+00         1.716803640518562e-09         
5.318750000000001e+00         1.727588387349382e-09         
5.325000000000000e+00         1.738447321343591e-09         
5.331250000000001e+00         1.749381820182689e-09         
5.337500000000000e+00         1.760387782254847e-09         
5.343750000000000e+00         1.771463273674637e-09         
5.350000000000001e+00         1.782608790687084e-09         
5.356250000000000e+00         1.793819889423057e-09         
5.362500000000001e+00         1.805095785224877e-09         
5.368750000000000e+00         1.816432194082389e-09         
5.375000000000000e+00         1.827828520241638e-09         
5.381250000000001e+00         1.839282093298896e-09         
5.387500000000000e+00         1.850788214133795e-09         
5.393750000000001e+00         1.862346460294510e-09         
5.400000000000000e+00         1.873951005083773e-09         
5.406250000000000e+00         1.885600726568978e-09         
5.412500000000001e+00         1.897292179758338e-09         
5.418750000000000e+00         1.909019493293125e-09         
5.425000000000001e+00         1.920781936564822e-09         
5.431250000000000e+00         1.932573072563937e-09         
5.437500000000000e+00         1.944388956210945e-09         
5.443750000000001e+00         1.956227256568849e-09         
5.450000000000000e+00         1.968081347406563e-09         
5.456250000000001e+00         1.979947120733492e-09         
5.462500000000000e+00         1.991820048278549e-09         
5.468750000000000e+00         2.003694588456107e-09         
5.475000000000001e+00         2.015565938224999e-09         
5.481250000000000e+00         2.027428123939833e-09         
5.487500000000001e+00         2.039276709901723e-09         
5.493750000000000e+00         2.051103334103586e-09         
5.500000000000000e+00         2.062904193185019e-09         
5.506250000000001e+00         2.074673118588294e-09         
5.512500000000000e+00         2.086401583045598e-09         
5.518750000000001e+00         2.098086037362086e-09         
5.525000000000000e+00         2.109717409172985e-09         
5.531250000000000e+00         2.121288770008144e-09         
5.537500000000001e+00         2.132795269384009e-09         
5.543750000000000e+00         2.144227540769000e-09         
5.550000000000001e+00         2.155579057141630e-09         
5.556250000000000e+00         2.166842326637848e-09         
5.562500000000000e+00         2.178009526965609e-09         
5.568750000000001e+00         2.189072961918101e-09         
5.575000000000000e+00         2.200025016538209e-09         
5.581250000000001e+00         2.210858175476694e-09         
5.587500000000000e+00         2.221562256275306e-09         
5.593750000000000e+00         2.232131718809081e-09         
5.600000000000001e+00         2.242558233778602e-09         
5.606250000000000e+00         2.252830876449533e-09         
5.612500000000001e+00         2.262945265039223e-09         
5.618750000000000e+00         2.272890477644240e-09         
5.625000000000000e+00         2.282658282894050e-09         
5.631250000000001e+00         2.292243117279887e-09         
5.637500000000000e+00         2.301634214455437e-09         
5.643750000000001e+00         2.310824473513881e-09         
5.650000000000000e+00         2.319805975281902e-09         
5.656250000000000e+00         2.328570950018602e-09         
5.662500000000001e+00         2.337111343611507e-09         
5.668750000000000e+00         2.345419735402904e-09         
5.675000000000001e+00         2.353489874723396e-09         
5.681250000000000e+00         2.361311532043220e-09         
5.687500000000000e+00         2.368880647909179e-09         
5.693750000000001e+00         2.376190506414868e-09         
5.700000000000000e+00         2.383231557346483e-09         
5.706250000000001e+00         2.390001385047685e-09         
5.712500000000000e+00         2.396491718027160e-09         
5.718750000000000e+00         2.402696101050334e-09         
5.725000000000001e+00         2.408612462037826e-09         
5.731250000000000e+00         2.414233441841118e-09         
5.737500000000001e+00         2.419554608814996e-09         
5.743750000000000e+00         2.424572398997864e-09         
5.750000000000000e+00         2.429282811084256e-09         
5.756250000000001e+00         2.433681689440625e-09         
5.762500000000000e+00         2.437766974434723e-09         
5.768750000000001e+00         2.441536793706558e-09         
5.775000000000000e+00         2.444985980792813e-09         
5.781250000000000e+00         2.448115767485620e-09         
5.787500000000001e+00         2.450924519582564e-09         
5.793750000000000e+00         2.453409017098235e-09         
5.800000000000001e+00         2.455572289533045e-09         
5.806250000000000e+00         2.457411609332304e-09         
5.812500000000000e+00         2.458927632015635e-09         
5.818750000000001e+00         2.460123802991932e-09         
5.825000000000000e+00         2.460998338888312e-09         
5.831250000000001e+00         2.461555810832432e-09         
5.837500000000000e+00         2.461796343947694e-09         
5.843750000000000e+00         2.461722318082282e-09         
5.850000000000001e+00         2.461339299408855e-09         
5.856250000000000e+00         2.460648097604086e-09         
5.862500000000001e+00         2.459654569218917e-09         
5.868750000000000e+00         2.458359715703346e-09         
5.875000000000000e+00         2.456771050219730e-09         
5.881250000000001e+00         2.454892779598847e-09         
5.887500000000000e+00         2.452727988371161e-09         
5.893750000000001e+00         2.450285474675904e-09         
5.900000000000000e+00         2.447567157943811e-09         
5.906250000000000e+00         2.444581690936048e-09         
5.912500000000001e+00         2.441335335305015e-09         
5.918750000000000e+00         2.437831806376019e-09         
5.925000000000001e+00         2.434080808348751e-09         
5.931250000000000e+00         2.430087422923205e-09         
5.937500000000000e+00         2.425857597195466e-09         
5.943750000000001e+00         2.421401349249566e-09         
5.950000000000000e+00         2.416723638948261e-09         
5.956250000000001e+00         2.411831833240773e-09         
5.962500000000000e+00         2.406733942177991e-09         
5.968750000000000e+00         2.401437294540199e-09         
5.975000000000001e+00         2.395948964614898e-09         
5.981250000000000e+00         2.390276826425272e-09         
5.987500000000001e+00         2.384429291241081e-09         
5.993750000000000e+00         2.378411065825037e-09         
6.000000000000000e+00         2.372232302278372e-09         
6.006250000000001e+00         2.365900215841969e-09         
6.012500000000000e+00         2.359420402764404e-09         
6.018750000000001e+00         2.352802741089361e-09         
6.025000000000000e+00         2.346052712522220e-09         
6.031250000000000e+00         2.339177410491525e-09         
6.037500000000001e+00         2.332186021127735e-09         
6.043750000000000e+00         2.325083461759080e-09         
6.050000000000001e+00         2.317877429060841e-09         
6.056250000000000e+00         2.310574747134683e-09         
6.062500000000000e+00         2.303181857815055e-09         
6.068750000000001e+00         2.295705606098884e-09         
6.075000000000000e+00         2.288152422443130e-09         
6.081250000000001e+00         2.280529052153528e-09         
6.087500000000000e+00         2.272839583316128e-09         
6.093750000000000e+00         2.265092186098997e-09         
6.100000000000001e+00         2.257292792434688e-09         
6.106250000000000e+00         2.249444365476050e-09         
6.112500000000001e+00         2.241556237012661e-09         
6.118750000000000e+00         2.233630984831577e-09         
6.125000000000000e+00         2.225673740538533e-09         
6.131250000000001e+00         2.217692055671719e-09         
6.137500000000000e+00         2.209688392610588e-09         
6.143750000000001e+00         2.201668138241547e-09         
6.150000000000000e+00         2.193636165952415e-09         
6.156250000000000e+00         2.185596590208779e-09         
6.162500000000001e+00         2.177553917030780e-09         
6.168750000000000e+00         2.169511877625828e-09         
6.175000000000001e+00         2.161475580873825e-09         
6.181250000000000e+00         2.153446056987637e-09         
6.187500000000000e+00         2.145429638958354e-09         
6.193750000000001e+00         2.137429590933695e-09         
6.200000000000000e+00         2.129446994054356e-09         
6.206250000000001e+00         2.121487918635530e-09         
6.212500000000000e+00         2.113553674846117e-09         
6.218750000000000e+00         2.105646910300390e-09         
6.225000000000001e+00         2.097772582118159e-09         
6.231250000000000e+00         2.089931184211176e-09         
6.237500000000001e+00         2.082125756626309e-09         
6.243750000000000e+00         2.074359134844181e-09         
6.250000000000000e+00         2.066632669018958e-09         
6.256250000000001e+00         2.058950902690939e-09         
6.262500000000000e+00         2.051313649847316e-09         
6.268750000000001e+00         2.043724237144326e-09         
6.275000000000000e+00         2.036182509872096e-09         
6.281250000000000e+00         2.028692242768426e-09         
6.287500000000001e+00         2.021255048537073e-09         
6.293750000000000e+00         2.013870717179728e-09         
6.300000000000001e+00         2.006543091094043e-09         
6.306250000000000e+00         1.999271924079249e-09         
6.312500000000000e+00         1.992058164442521e-09         
6.318750000000001e+00         1.984905181151857e-09         
6.325000000000000e+00         1.977811662555241e-09         
6.331250000000001e+00         1.970781095631492e-09         
6.337500000000000e+00         1.963812539031164e-09         
6.343750000000000e+00         1.956906835129195e-09         
6.350000000000001e+00         1.950066980555291e-09         
6.356250000000000e+00         1.943291718105312e-09         
6.362500000000001e+00         1.936583279615146e-09         
6.368750000000000e+00         1.929940354161496e-09         
6.375000000000000e+00         1.923365036056859e-09         
6.381250000000001e+00         1.916858523853581e-09         
6.387500000000000e+00         1.910419048971198e-09         
6.393750000000001e+00         1.904049767871818e-09         
6.400000000000000e+00         1.897748440170037e-09         
6.406250000000000e+00         1.891517474887052e-09         
6.412500000000001e+00         1.885357255930210e-09         
6.418750000000000e+00         1.879265879566191e-09         
6.425000000000001e+00         1.873246234729965e-09         
6.431250000000000e+00         1.867296954296554e-09         
6.437500000000000e+00         1.861418039198855e-09         
6.443750000000001e+00         1.855611212910406e-09         
6.450000000000000e+00         1.849875354946761e-09         
6.456250000000001e+00         1.844210621665060e-09         
6.462500000000000e+00         1.838617369702234e-09         
6.468750000000000e+00         1.833095504822209e-09         
6.475000000000001e+00         1.827645012529479e-09         
6.481250000000000e+00         1.822265961264512e-09         
6.487500000000001e+00         1.816958902965574e-09         
6.493750000000000e+00         1.811722094677142e-09         
6.500000000000000e+00         1.806557075189348e-09         
6.506250000000001e+00         1.801463823921401e-09         
6.512500000000000e+00         1.796440291065066e-09         
6.518750000000001e+00         1.791488955585257e-09         
6.525000000000000e+00         1.786607729990354e-09         
6.531250000000000e+00         1.781796582476743e-09         
6.537500000000001e+00         1.777057131171657e-09         
6.543750000000000e+00         1.772387292449943e-09         
6.550000000000001e+00         1.767787576780638e-09         
6.556250000000000e+00         1.763257690942328e-09         
6.562500000000000e+00         1.758797446811541e-09         
6.568750000000001e+00         1.754406687854338e-09         
6.575000000000000e+00         1.750085072740508e-09         
6.581250000000001e+00         1.745833025200166e-09         
6.587500000000000e+00         1.741648551600462e-09         
6.593750000000000e+00         1.737533057490865e-09         
6.600000000000001e+00         1.733486302050279e-09         
6.606250000000000e+00         1.729506333442177e-09         
6.612500000000001e+00         1.725595261867149e-09         
6.618750000000000e+00         1.721750972423460e-09         
6.625000000000000e+00         1.717973174651487e-09         
6.631250000000001e+00         1.714263448413223e-09         
6.637500000000000e+00         1.710619479236531e-09         
6.643750000000001e+00         1.707042077963671e-09         
6.650000000000000e+00         1.703530555997188e-09         
6.656250000000000e+00         1.700084693440567e-09         
6.662500000000001e+00         1.696704308108136e-09         
6.668750000000000e+00         1.693389167575978e-09         
6.675000000000001e+00         1.690139114366072e-09         
6.681250000000000e+00         1.686952744195713e-09         
6.687500000000000e+00         1.683831157993756e-09         
6.693750000000001e+00         1.680774091941368e-09         
6.700000000000000e+00         1.677779527000750e-09         
6.706250000000001e+00         1.674849778653461e-09         
6.712500000000000e+00         1.671982357078051e-09         
6.718750000000000e+00         1.669177317301467e-09         
6.725000000000001e+00         1.666436073856189e-09         
6.731250000000000e+00         1.663756374947075e-09         
6.737500000000001e+00         1.661138993736116e-09         
6.743750000000000e+00         1.658583265881610e-09         
6.750000000000000e+00         1.656088835111997e-09         
6.756250000000001e+00         1.653656013828094e-09         
6.762500000000000e+00         1.651283949671141e-09         
6.768750000000001e+00         1.648973284045737e-09         
6.775000000000000e+00         1.646721997170140e-09         
6.781250000000000e+00         1.644531295917659e-09         
6.787500000000001e+00         1.642401309539758e-09         
6.793750000000000e+00         1.640329916614118e-09         
6.800000000000001e+00         1.638319047180521e-09         
6.806250000000000e+00         1.636367018780979e-09         
6.812500000000000e+00         1.634473480688020e-09         
6.818750000000001e+00         1.632639891154193e-09         
6.825000000000000e+00         1.630863814167049e-09         
6.831250000000001e+00         1.629147185156617e-09         
6.837500000000000e+00         1.627488188207244e-09         
6.843750000000000e+00         1.625886616494963e-09         
6.850000000000001e+00         1.624343881495882e-09         
6.856250000000000e+00         1.622858206594679e-09         
6.862500000000001e+00         1.621430543249166e-09         
6.868750000000000e+00         1.620058903217584e-09         
6.875000000000000e+00         1.618744841035590e-09         
6.881250000000001e+00         1.617488099145848e-09         
6.887500000000000e+00         1.616287074385078e-09         
6.893750000000001e+00         1.615143553572214e-09         
6.900000000000000e+00         1.614055373617636e-09         
6.906250000000000e+00         1.613023945799264e-09         
6.912500000000001e+00         1.612049056989565e-09         
6.918750000000000e+00         1.611128896094333e-09         
6.925000000000001e+00         1.610265811648412e-09         
6.931250000000000e+00         1.609457530485467e-09         
6.937500000000000e+00         1.608704359192693e-09         
6.943750000000001e+00         1.608007692986561e-09         
6.950000000000000e+00         1.607365613684504e-09         
6.956250000000001e+00         1.606778858185175e-09         
6.962500000000000e+00         1.606247053490835e-09         
6.968750000000000e+00         1.605770111291883e-09         
6.975000000000001e+00         1.605348151636136e-09         
6.981250000000000e+00         1.604980813260474e-09         
6.987500000000001e+00         1.604668272027719e-09         
6.993750000000000e+00         1.604410275649448e-09         
7.000000000000000e+00         1.604206918032484e-09         
7.006250000000001e+00         1.604057888803732e-09         
7.012500000000000e+00         1.603963262755363e-09         
7.018750000000001e+00         1.603924069747711e-09         
7.025000000000000e+00         1.603937204662886e-09         
7.031250000000000e+00         1.604005432017172e-09         
7.037500000000001e+00         1.604129015600642e-09         
7.043750000000000e+00         1.604304663924849e-09         
7.050000000000001e+00         1.604536522539282e-09         
7.056250000000000e+00         1.604821522767299e-09         
7.062500000000000e+00         1.605159761291812e-09         
7.068750000000001e+00         1.605553969921875e-09         
7.075000000000000e+00         1.606000236980456e-09         
7.081250000000001e+00         1.606502816862115e-09         
7.087500000000000e+00         1.607058355263320e-09         
7.093750000000000e+00         1.607666810355820e-09         
7.100000000000001e+00         1.608331788829891e-09         
7.106250000000000e+00         1.609049669887186e-09         
7.112500000000001e+00         1.609821865732139e-09         
7.118750000000000e+00         1.610648299824544e-09         
7.125000000000000e+00         1.611529014882638e-09         
7.131250000000001e+00         1.612464011299698e-09         
7.137500000000000e+00         1.613453276992402e-09         
7.143750000000001e+00         1.614497241314958e-09         
7.150000000000000e+00         1.615595480111163e-09         
7.156250000000000e+00         1.616748481270377e-09         
7.162500000000001e+00         1.617956030047266e-09         
7.168750000000000e+00         1.619218318254613e-09         
7.175000000000001e+00         1.620535438526605e-09         
7.181250000000000e+00         1.621907302714606e-09         
7.187500000000000e+00         1.623334310294006e-09         
7.193750000000001e+00         1.624816430843894e-09         
7.200000000000000e+00         1.626353647043619e-09         
7.206250000000001e+00         1.627946448877410e-09         
7.212500000000000e+00         1.629594555469126e-09         
7.218750000000000e+00         1.631298303449132e-09         
7.225000000000001e+00         1.633057781387157e-09         
7.231250000000000e+00         1.634872898557230e-09         
7.237500000000001e+00         1.636745366382082e-09         
7.243750000000000e+00         1.638671775869785e-09         
7.250000000000000e+00         1.640655539811959e-09         
7.256250000000001e+00         1.642696758711801e-09         
7.262500000000000e+00         1.644792563402410e-09         
7.268750000000001e+00         1.646947211548023e-09         
7.275000000000000e+00         1.649157802410779e-09         
7.281250000000000e+00         1.651424657102145e-09         
7.287500000000001e+00         1.653750798014150e-09         
7.293750000000000e+00         1.656133365625041e-09         
7.300000000000001e+00         1.658573923455702e-09         
7.306250000000000e+00         1.661072304434129e-09         
7.312500000000000e+00         1.663628798760103e-09         
7.318750000000001e+00         1.666243836467828e-09         
7.325000000000000e+00         1.668917278699605e-09         
7.331250000000001e+00         1.671649713994507e-09         
7.337500000000000e+00         1.674441156520758e-09         
7.343750000000000e+00         1.677291833085623e-09         
7.350000000000001e+00         1.680202072010301e-09         
7.356250000000000e+00         1.683172101249691e-09         
7.362500000000001e+00         1.686202324360072e-09         
7.368750000000000e+00         1.689292603697665e-09         
7.375000000000000e+00         1.692443514262715e-09         
7.381250000000001e+00         1.695655292119060e-09         
7.387500000000000e+00         1.698928125854937e-09         
7.393750000000001e+00         1.702262337639219e-09         
7.400000000000000e+00         1.705658177962113e-09         
7.406250000000000e+00         1.709116145425685e-09         
7.412500000000001e+00         1.712636205852456e-09         
7.418750000000000e+00         1.716218757115065e-09         
7.425000000000001e+00         1.719865330413049e-09         
7.431250000000000e+00         1.723572848176058e-09         
7.437500000000000e+00         1.727344886381000e-09         
7.443750000000001e+00         1.731181773820118e-09         
7.450000000000000e+00         1.735080747665417e-09         
7.456250000000001e+00         1.739046079746416e-09         
7.462500000000000e+00         1.743075211095834e-09         
7.468750000000000e+00         1.747168507049254e-09         
7.475000000000001e+00         1.751329098147438e-09         
7.481250000000000e+00         1.755554346466470e-09         
7.487500000000001e+00         1.759845939934237e-09         
7.493750000000000e+00         1.764203850128027e-09         
7.500000000000000e+00         1.768628671779425e-09         
7.506250000000001e+00         1.773120645522184e-09         
7.512500000000000e+00         1.777679947915543e-09         
7.518750000000001e+00         1.782307352231773e-09         
7.525000000000000e+00         1.787002977838195e-09         
7.531250000000000e+00         1.791766945889883e-09         
7.537500000000001e+00         1.796600204533060e-09         
7.543750000000000e+00         1.801502658958764e-09         
7.550000000000001e+00         1.806474805097818e-09         
7.556250000000000e+00         1.811517109232186e-09         
7.562500000000000e+00         1.816629906491780e-09         
7.568750000000001e+00         1.821813525145267e-09         
7.575000000000000e+00         1.827068293073568e-09         
7.581250000000001e+00         1.832394737611521e-09         
7.587500000000000e+00         1.837793254399685e-09         
7.593750000000000e+00         1.843264112835922e-09         
7.600000000000001e+00         1.848807655179291e-09         
7.606250000000000e+00         1.854424421054526e-09         
7.612500000000001e+00         1.860115731354387e-09         
7.618750000000000e+00         1.865878793824823e-09         
7.625000000000000e+00         1.871717198142860e-09         
7.631250000000001e+00         1.877631373430884e-09         
7.637500000000000e+00         1.883618531460252e-09         
7.643750000000001e+00         1.889683193559241e-09         
7.650000000000000e+00         1.895821346733580e-09         
7.656250000000000e+00         1.902036854934957e-09         
7.662500000000001e+00         1.908329937168732e-09         
7.668750000000000e+00         1.914697734812451e-09         
7.675000000000001e+00         1.921144886866012e-09         
7.681250000000000e+00         1.927668404059036e-09         
7.687500000000000e+00         1.934269123783025e-09         
7.693750000000001e+00         1.940949984755451e-09         
7.700000000000000e+00         1.947708367349107e-09         
7.706250000000001e+00         1.954545826287665e-09         
7.712500000000000e+00         1.961462476090737e-09         
7.718750000000000e+00         1.968458663418346e-09         
7.725000000000001e+00         1.975534721527756e-09         
7.731250000000000e+00         1.982691055819741e-09         
7.737500000000001e+00         1.989927702581633e-09         
7.743750000000000e+00         1.997245136227513e-09         
7.750000000000000e+00         2.004643405288930e-09         
7.756250000000001e+00         2.012122932564993e-09         
7.762500000000000e+00         2.019683781719837e-09         
7.768750000000001e+00         2.027326448244973e-09         
7.775000000000000e+00         2.035050854074368e-09         
7.781250000000000e+00         2.042857356889338e-09         
7.787500000000001e+00         2.050746138382950e-09         
7.793750000000000e+00         2.058717126620645e-09         
7.800000000000001e+00         2.066770621627432e-09         
7.806250000000000e+00         2.074906768891491e-09         
7.812500000000000e+00         2.083125483301507e-09         
7.818750000000001e+00         2.091427280093764e-09         
7.825000000000000e+00         2.099811505951033e-09         
7.831250000000001e+00         2.108279784641216e-09         
7.837500000000000e+00         2.116828475133652e-09         
7.843750000000000e+00         2.125461194038894e-09         
7.850000000000001e+00         2.134177759027620e-09         
7.856250000000000e+00         2.142974447479478e-09         
7.862500000000001e+00         2.151856040882432e-09         
7.868750000000000e+00         2.160818602170209e-09         
7.875000000000000e+00         2.169862149687631e-09         
7.881250000000001e+00         2.178989918316380e-09         
7.887500000000000e+00         2.188197965206053e-09         
7.893750000000001e+00         2.197487347830231e-09         
7.900000000000000e+00         2.206857738129495e-09         
7.906250000000000e+00         2.216308667729887e-09         
7.912500000000001e+00         2.225839361824680e-09         
7.918750000000000e+00         2.235449852216478e-09         
7.925000000000001e+00         2.245139278391430e-09         
7.931250000000000e+00         2.254907293617021e-09         
7.937500000000000e+00         2.264752848181183e-09         
7.943750000000001e+00         2.274675717423472e-09         
7.950000000000000e+00         2.284674876785440e-09         
7.956250000000001e+00         2.294749418793436e-09         
7.962500000000000e+00         2.304898807041661e-09         
7.968750000000000e+00         2.315121720579888e-09         
7.975000000000001e+00         2.325417472924772e-09         
7.981250000000000e+00         2.335784930557592e-09         
7.987500000000001e+00         2.346222717830424e-09         
7.993750000000000e+00         2.356729943736815e-09         
8.000000000000000e+00         2.367304962527153e-09         
8.006250000000000e+00         2.377946806865441e-09         
8.012500000000001e+00         2.388655032604389e-09         
8.018750000000001e+00         2.399425728225052e-09         
8.025000000000000e+00         2.410257235961829e-09         
8.031250000000000e+00         2.421150330055776e-09         
8.037500000000000e+00         2.432101847715858e-09         
8.043750000000001e+00         2.443111604664342e-09         
8.050000000000001e+00         2.454174755460535e-09         
8.056250000000000e+00         2.465290556471937e-09         
8.062500000000000e+00         2.476455683904237e-09         
8.068750000000000e+00         2.487670253471874e-09         
8.075000000000001e+00         2.498932138005413e-09         
8.081250000000001e+00         2.510236377493829e-09         
8.087500000000000e+00         2.521581108905146e-09         
8.093750000000000e+00         2.532962992901972e-09         
8.100000000000000e+00         2.544381537695319e-09         
8.106250000000001e+00         2.555833933710387e-09         
8.112500000000001e+00         2.567314592560271e-09         
8.118750000000000e+00         2.578821550000917e-09         
8.125000000000000e+00         2.590351553320795e-09         
8.131250000000000e+00         2.601900208118109e-09         
8.137500000000001e+00         2.613467773373997e-09         
8.143750000000001e+00         2.625046636316288e-09         
8.150000000000000e+00         2.636634572032988e-09         
8.156250000000000e+00         2.648227719272541e-09         
8.162500000000000e+00         2.659822008235835e-09         
8.168750000000001e+00         2.671414508171801e-09         
8.175000000000001e+00         2.682997342076025e-09         
8.181250000000000e+00         2.694570076877527e-09         
8.187500000000000e+00         2.706127011063137e-09         
8.193750000000000e+00         2.717663580494749e-09         
8.200000000000001e+00         2.729176028648901e-09         
8.206250000000001e+00         2.740655823106824e-09         
8.212500000000000e+00         2.752102247419720e-09         
8.218750000000000e+00         2.763508733526869e-09         
8.225000000000000e+00         2.774870133663725e-09         
8.231250000000001e+00         2.786182367703550e-09         
8.237500000000001e+00         2.797437700731204e-09         
8.243750000000000e+00         2.808630402560057e-09         
8.250000000000000e+00         2.819757761339068e-09         
8.256250000000000e+00         2.830812641856446e-09         
8.262500000000001e+00         2.841790745407928e-09         
8.268750000000001e+00         2.852683436818075e-09         
8.275000000000000e+00         2.863486209041381e-09         
8.281250000000000e+00         2.874191427546527e-09         
8.287500000000000e+00         2.884796215467371e-09         
8.293750000000001e+00         2.895294393539609e-09         
8.300000000000001e+00         2.905676815493911e-09         
8.306250000000000e+00         2.915938572230734e-09         
8.312500000000000e+00         2.926073785416753e-09         
8.318750000000000e+00         2.936074349401189e-09         
8.325000000000001e+00         2.945938236246322e-09         
8.331250000000001e+00         2.955655461884934e-09         
8.337500000000000e+00         2.965220315984386e-09         
8.343750000000000e+00         2.974627090019189e-09         
8.350000000000000e+00         2.983869057779397e-09         
8.356250000000001e+00         2.992940237899745e-09         
8.362500000000001e+00         3.001834235780070e-09         
8.368750000000000e+00         3.010545052023858e-09         
8.375000000000000e+00         3.019066452673302e-09         
8.381250000000000e+00         3.027392262046748e-09         
8.387500000000001e+00         3.035518123204102e-09         
8.393750000000001e+00         3.043433870939898e-09         
8.400000000000000e+00         3.051138043176216e-09         
8.406250000000000e+00         3.058623604534685e-09         
8.412500000000000e+00         3.065885021533724e-09         
8.418750000000001e+00         3.072918250276978e-09         
8.425000000000001e+00         3.079715498857457e-09         
8.431250000000000e+00         3.086271560993017e-09         
8.437500000000000e+00         3.092584448901356e-09         
8.443750000000000e+00         3.098647985264464e-09         
8.450000000000001e+00         3.104459416060103e-09         
8.456250000000001e+00         3.110011214941199e-09         
8.462500000000000e+00         3.115301206973017e-09         
8.468750000000000e+00         3.120323627756789e-09         
8.475000000000000e+00         3.125078369373782e-09         
8.481250000000001e+00         3.129561510759892e-09         
8.487500000000001e+00         3.133767856021046e-09         
8.493750000000000e+00         3.137695266241809e-09         
8.500000000000000e+00         3.141340051618832e-09         
8.506250000000000e+00         3.144703012892453e-09         
8.512500000000001e+00         3.147782087975589e-09         
8.518750000000001e+00         3.150572737194844e-09         
8.525000000000000e+00         3.153074684773289e-09         
8.531250000000000e+00         3.155287372843099e-09         
8.537500000000000e+00         3.157208019938683e-09         
8.543750000000001e+00         3.158840725677960e-09         
8.550000000000001e+00         3.160180977481712e-09         
8.556250000000000e+00         3.161229957230774e-09         
8.562500000000000e+00         3.161988455364104e-09         
8.568750000000000e+00         3.162456923622669e-09         
8.575000000000001e+00         3.162637924747476e-09         
8.581250000000001e+00         3.162527917880213e-09         
8.587500000000000e+00         3.162133570237537e-09         
8.593750000000000e+00         3.161454890279229e-09         
8.600000000000000e+00         3.160493700926901e-09         
8.606250000000001e+00         3.159254165972384e-09         
8.612500000000001e+00         3.157735961676847e-09         
8.618750000000000e+00         3.155941701313455e-09         
8.625000000000000e+00         3.153877928707501e-09         
8.631250000000000e+00         3.151546289703745e-09         
8.637500000000001e+00         3.148951810160183e-09         
8.643750000000001e+00         3.146095627462714e-09         
8.650000000000000e+00         3.142981682631125e-09         
8.656250000000000e+00         3.139617075582847e-09         
8.662500000000000e+00         3.136004852957897e-09         
8.668750000000001e+00         3.132151122579238e-09         
8.675000000000001e+00         3.128057680662315e-09         
8.681250000000000e+00         3.123731075797024e-09         
8.687500000000000e+00         3.119174900456613e-09         
8.693750000000000e+00         3.114397488199407e-09         
8.700000000000001e+00         3.109403689425231e-09         
8.706250000000001e+00         3.104196554299281e-09         
8.712500000000000e+00         3.098783017620429e-09         
8.718750000000000e+00         3.093168908198010e-09         
8.725000000000000e+00         3.087358012927666e-09         
8.731250000000001e+00         3.081361213686975e-09         
8.737500000000001e+00         3.075179495153295e-09         
8.743750000000000e+00         3.068820504652222e-09         
8.750000000000000e+00         3.062290299238149e-09         
8.756250000000000e+00         3.055594432562745e-09         
8.762500000000001e+00         3.048740665823816e-09         
8.768750000000001e+00         3.041730933998171e-09         
8.775000000000000e+00         3.034575296561917e-09         
8.781250000000000e+00         3.027278325223034e-09         
8.787500000000000e+00         3.019846147828145e-09         
8.793750000000001e+00         3.012286017264675e-09         
8.800000000000001e+00         3.004599519637323e-09         
8.806250000000000e+00         2.996797129633362e-09         
8.812500000000000e+00         2.988883130996198e-09         
8.818750000000000e+00         2.980863475783480e-09         
8.825000000000001e+00         2.972744612012196e-09         
8.831250000000001e+00         2.964530280974667e-09         
8.837500000000000e+00         2.956225564410213e-09         
8.843750000000000e+00         2.947838762786591e-09         
8.850000000000000e+00         2.939374071336587e-09         
8.856250000000001e+00         2.930838280607692e-09         
8.862500000000001e+00         2.922233677148262e-09         
8.868750000000000e+00         2.913566976827792e-09         
8.875000000000000e+00         2.904841664998238e-09         
8.881250000000000e+00         2.896065597464345e-09         
8.887500000000001e+00         2.887243632858543e-09         
8.893750000000001e+00         2.878377910897192e-09         
8.900000000000000e+00         2.869474088071852e-09         
8.906250000000000e+00         2.860537041662833e-09         
8.912500000000000e+00         2.851569807172028e-09         
8.918750000000001e+00         2.842580414736411e-09         
8.925000000000001e+00         2.833569377115950e-09         
8.931250000000000e+00         2.824542307977153e-09         
8.937500000000000e+00         2.815502699997504e-09         
8.943750000000000e+00         2.806453438965928e-09         
8.950000000000001e+00         2.797402308048891e-09         
8.956250000000001e+00         2.788348704703666e-09         
8.962500000000000e+00         2.779297889463372e-09         
8.968750000000000e+00         2.770253100328826e-09         
8.975000000000000e+00         2.761217633596320e-09         
8.981250000000001e+00         2.752195841351856e-09         
8.987500000000001e+00         2.743187388484180e-09         
8.993750000000000e+00         2.734198886868198e-09         
9.000000000000000e+00         2.725231987050244e-09         
9.006250000000000e+00         2.716289415167569e-09         
9.012500000000001e+00         2.707375467821231e-09         
9.018750000000001e+00         2.698489947078394e-09         
9.025000000000000e+00         2.689635349384487e-09         
9.031250000000000e+00         2.680816800845051e-09         
9.037500000000000e+00         2.672035211885869e-09         
9.043750000000001e+00         2.663294000981225e-09         
9.050000000000001e+00         2.654593316369338e-09         
9.056250000000000e+00         2.645935699077812e-09         
9.062500000000000e+00         2.637322420309175e-09         
9.068750000000000e+00         2.628757715878455e-09         
9.075000000000001e+00         2.620243410400549e-09         
9.081250000000001e+00         2.611778587164314e-09         
9.087500000000000e+00         2.603366330426778e-09         
9.093750000000000e+00         2.595007051041139e-09         
9.100000000000000e+00         2.586704358710322e-09         
9.106250000000001e+00         2.578460074485721e-09         
9.112500000000001e+00         2.570272860480033e-09         
9.118750000000000e+00         2.562145410656161e-09         
9.125000000000000e+00         2.554078765210679e-09         
9.131250000000000e+00         2.546073199539891e-09         
9.137500000000001e+00         2.538133285466314e-09         
9.143750000000001e+00         2.530256217116539e-09         
9.150000000000000e+00         2.522444606294151e-09         
9.156250000000000e+00         2.514698988077592e-09         
9.162500000000000e+00         2.507020605224328e-09         
9.168750000000001e+00         2.499411097497078e-09         
9.175000000000001e+00         2.491868091399207e-09         
9.181250000000000e+00         2.484395785828828e-09         
9.187500000000000e+00         2.476993668980742e-09         
9.193750000000000e+00         2.469662084776313e-09         
9.200000000000001e+00         2.462403317865565e-09         
9.206250000000001e+00         2.455214029513914e-09         
9.212500000000000e+00         2.448098539755634e-09         
9.218750000000000e+00         2.441055859620865e-09         
9.225000000000000e+00         2.434086780327000e-09         
9.231250000000001e+00         2.427192547864806e-09         
9.237500000000001e+00         2.420371558346497e-09         
9.243750000000000e+00         2.413623757520286e-09         
9.250000000000000e+00         2.406952168422915e-09         
9.256250000000000e+00         2.400355708997597e-09         
9.262500000000001e+00         2.393835878256143e-09         
9.268750000000001e+00         2.387390518317073e-09         
9.275000000000000e+00         2.381021046200557e-09         
9.281250000000000e+00         2.374726724730191e-09         
9.287500000000000e+00         2.368509630888966e-09         
9.293750000000001e+00         2.362370081468766e-09         
9.300000000000001e+00         2.356305868748405e-09         
9.306250000000000e+00         2.350318288584529e-09         
9.312500000000000e+00         2.344407280380507e-09         
9.318750000000000e+00         2.338572024054468e-09         
9.325000000000001e+00         2.332815632779503e-09         
9.331250000000001e+00         2.327135166567219e-09         
9.337500000000000e+00         2.321531441811557e-09         
9.343750000000000e+00         2.316004527863720e-09         
9.350000000000000e+00         2.310554286996589e-09         
9.356250000000001e+00         2.305180978238443e-09         
9.362500000000001e+00         2.299884201515313e-09         
9.368750000000000e+00         2.294664266465357e-09         
9.375000000000000e+00         2.289520857508019e-09         
9.381250000000000e+00         2.284454064462927e-09         
9.387500000000001e+00         2.279464716686183e-09         
9.393750000000001e+00         2.274549723532358e-09         
9.400000000000000e+00         2.269711941803129e-09         
9.406250000000000e+00         2.264950256101210e-09         
9.412500000000000e+00         2.260264761191390e-09         
9.418750000000001e+00         2.255656132587484e-09         
9.425000000000001e+00         2.251122298652173e-09         
9.431250000000000e+00         2.246663015556105e-09         
9.437500000000000e+00         2.242280388381892e-09         
9.443750000000000e+00         2.237973116793129e-09         
9.450000000000001e+00         2.233742166545320e-09         
9.456250000000001e+00         2.229585012312522e-09         
9.462500000000000e+00         2.225502948094253e-09         
9.468750000000000e+00         2.221494667895702e-09         
9.475000000000000e+00         2.217561942026830e-09         
9.481250000000001e+00         2.213704845669024e-09         
9.487500000000001e+00         2.209920840029590e-09         
9.493750000000000e+00         2.206211009389548e-09         
9.500000000000000e+00         2.202575140256839e-09         
9.506250000000000e+00         2.199012092960644e-09         
9.512500000000001e+00         2.195524645882440e-09         
9.518750000000001e+00         2.192109733050111e-09         
9.525000000000000e+00         2.188768118411603e-09         
9.531250000000000e+00         2.185499572428444e-09         
9.537500000000000e+00         2.182303034158808e-09         
9.543750000000001e+00         2.179181463553059e-09         
9.550000000000001e+00         2.176131480686078e-09         
9.556250000000000e+00         2.173153928362730e-09         
9.562500000000000e+00         2.170248761284537e-09         
9.568750000000000e+00         2.167415917240353e-09         
9.575000000000001e+00         2.164655979137497e-09         
9.581250000000001e+00         2.161965969843536e-09         
9.587500000000000e+00         2.159348848886882e-09         
9.593750000000000e+00         2.156803164621832e-09         
9.600000000000001e+00         2.154330130842069e-09         
9.606250000000001e+00         2.151927309776312e-09         
9.612500000000001e+00         2.149595773197915e-09         
9.618750000000000e+00         2.147334162183801e-09         
9.625000000000000e+00         2.145144621443181e-09         
9.631250000000001e+00         2.143027086372330e-09         
9.637500000000001e+00         2.140979176109633e-09         
9.643750000000001e+00         2.139001866935800e-09         
9.650000000000000e+00         2.137094141229312e-09         
9.656250000000000e+00         2.135257758920554e-09         
9.662500000000001e+00         2.133492562870043e-09         
9.668750000000001e+00         2.131796716775061e-09         
9.675000000000001e+00         2.130170958745464e-09         
9.681250000000000e+00         2.128615327751777e-09         
9.687500000000000e+00         2.127128629635293e-09         
9.693750000000001e+00         2.125713832772124e-09         
9.700000000000001e+00         2.124367743950806e-09         
9.706250000000001e+00         2.123091599013271e-09         
9.712500000000000e+00         2.121885149557336e-09         
9.718750000000000e+00         2.120748315651906e-09         
9.725000000000001e+00         2.119682330582383e-09         
9.731250000000001e+00         2.118683764519071e-09         
9.737500000000001e+00         2.117755717041512e-09         
9.743750000000000e+00         2.116897363175238e-09         
9.750000000000000e+00         2.116108398957651e-09         
9.756250000000001e+00         2.115390126010691e-09         
9.762500000000001e+00         2.114740263960591e-09         
9.768750000000001e+00         2.114158999896210e-09         
9.775000000000000e+00         2.113648155424201e-09         
9.781250000000000e+00         2.113206723896218e-09         
9.787500000000001e+00         2.112836177196365e-09         
9.793750000000001e+00         2.112534074547685e-09         
9.800000000000001e+00         2.112300563309382e-09         
9.806250000000000e+00         2.112137766380109e-09         
9.812500000000000e+00         2.112044655606305e-09         
9.818750000000001e+00         2.112022260250240e-09         
9.825000000000001e+00         2.112068887003154e-09         
9.831250000000001e+00         2.112185316130072e-09         
9.837500000000000e+00         2.112370983947180e-09         
9.843750000000000e+00         2.112627425747146e-09         
9.850000000000001e+00         2.112955414818128e-09         
9.856250000000001e+00         2.113352377250020e-09         
9.862500000000001e+00         2.113819815587212e-09         
9.868750000000000e+00         2.114357894522782e-09         
9.875000000000000e+00         2.114965556732134e-09         
9.881250000000001e+00         2.115645966377235e-09         
9.887500000000001e+00         2.116396496723216e-09         
9.893750000000001e+00         2.117217912055003e-09         
9.900000000000000e+00         2.118110539205892e-09         
9.906250000000000e+00         2.119074778420789e-09         
9.912500000000001e+00         2.120110629243115e-09         
9.918750000000001e+00         2.121218268439328e-09         
9.925000000000001e+00         2.122397749577161e-09         
9.931250000000000e+00         2.123649403876902e-09         
9.937500000000000e+00         2.124973434460314e-09         
9.943750000000001e+00         2.126371058363525e-09         
9.950000000000001e+00         2.127839857578607e-09         
9.956250000000001e+00         2.129382520315978e-09         
9.962500000000000e+00         2.130998664364226e-09         
9.968750000000000e+00         2.132688298572059e-09         
9.975000000000001e+00         2.134452673094103e-09         
9.981250000000001e+00         2.136290313679712e-09         
9.987500000000001e+00         2.138201575638679e-09         
9.993750000000000e+00         2.140188396336875e-09         
1.000000000000000e+01         2.142250345710395e-09         
1.000625000000000e+01         2.144388678350753e-09         
1.001250000000000e+01         2.146601729819389e-09         
1.001875000000000e+01         2.148890578821884e-09         
1.002500000000000e+01         2.151255024605355e-09         
1.003125000000000e+01         2.153697123242073e-09         
1.003750000000000e+01         2.156217522694279e-09         
1.004375000000000e+01         2.158814353423366e-09         
1.005000000000000e+01         2.161488969027721e-09         
1.005625000000000e+01         2.164241958227353e-09         
1.006250000000000e+01         2.167072614184524e-09         
1.006875000000000e+01         2.169984428438076e-09         
1.007500000000000e+01         2.172974816292296e-09         
1.008125000000000e+01         2.176045209102127e-09         
1.008750000000000e+01         2.179195991081150e-09         
1.009375000000000e+01         2.182426965833824e-09         
1.010000000000000e+01         2.185741055287532e-09         
1.010625000000000e+01         2.189136176027548e-09         
1.011250000000000e+01         2.192613749091458e-09         
1.011875000000000e+01         2.196174242634963e-09         
1.012500000000000e+01         2.199818352399317e-09         
1.013125000000000e+01         2.203547454104237e-09         
1.013750000000000e+01         2.207358991949566e-09         
1.014375000000000e+01         2.211256795412491e-09         
1.015000000000000e+01         2.215240362625403e-09         
1.015625000000000e+01         2.219310149522094e-09         
1.016250000000000e+01         2.223468106625525e-09         
1.016875000000000e+01         2.227712462601194e-09         
1.017500000000000e+01         2.232044162051275e-09         
1.018125000000000e+01         2.236465493772828e-09         
1.018750000000000e+01         2.240976449952344e-09         
1.019375000000000e+01         2.245578807823420e-09         
1.020000000000000e+01         2.250270952120668e-09         
1.020625000000000e+01         2.255053681033972e-09         
1.021250000000000e+01         2.259929752067124e-09         
1.021875000000000e+01         2.264898988680683e-09         
1.022500000000000e+01         2.269962896667244e-09         
1.023125000000000e+01         2.275120488098915e-09         
1.023750000000000e+01         2.280373472818755e-09         
1.024375000000000e+01         2.285721717486295e-09         
1.025000000000000e+01         2.291167939255008e-09         
1.025625000000000e+01         2.296712903627416e-09         
1.026250000000000e+01         2.302355672601447e-09         
1.026875000000000e+01         2.308097983028480e-09         
1.027500000000000e+01         2.313940762861259e-09         
1.028125000000000e+01         2.319883919147937e-09         
1.028750000000000e+01         2.325931344915493e-09         
1.029375000000000e+01         2.332080904228687e-09         
1.030000000000000e+01         2.338334528336874e-09         
1.030625000000000e+01         2.344693426456870e-09         
1.031250000000000e+01         2.351158432307673e-09         
1.031875000000000e+01         2.357731663390928e-09         
1.032500000000000e+01         2.364410936283782e-09         
1.033125000000000e+01         2.371200492909557e-09         
1.033750000000000e+01         2.378100251278122e-09         
1.034375000000000e+01         2.385111196313501e-09         
1.035000000000000e+01         2.392235957667291e-09         
1.035625000000000e+01         2.399472134928371e-09         
1.036250000000000e+01         2.406824042618381e-09         
1.036875000000000e+01         2.414291828137881e-09         
1.037500000000000e+01         2.421876779313588e-09         
1.038125000000000e+01         2.429581028120456e-09         
1.038750000000000e+01         2.437403712861339e-09         
1.039375000000000e+01         2.445346263501925e-09         
1.040000000000000e+01         2.453411837855806e-09         
1.040625000000000e+01         2.461600724868481e-09         
1.041250000000000e+01         2.469915411466812e-09         
1.041875000000000e+01         2.478354975660275e-09         
1.042500000000000e+01         2.486921909619645e-09         
1.043125000000000e+01         2.495616612412346e-09         
1.043750000000000e+01         2.504442373221333e-09         
1.044375000000000e+01         2.513400908753123e-09         
1.045000000000000e+01         2.522491398488691e-09         
1.045625000000000e+01         2.531716323524553e-09         
1.046250000000000e+01         2.541077191155894e-09         
1.046875000000000e+01         2.550574684435810e-09         
1.047500000000000e+01         2.560213373293899e-09         
1.048125000000000e+01         2.569991580389287e-09         
1.048750000000000e+01         2.579912060581190e-09         
1.049375000000000e+01         2.589976426585821e-09         
1.050000000000000e+01         2.600185259926622e-09         
1.050625000000000e+01         2.610543502603856e-09         
1.051250000000000e+01         2.621049577395657e-09         
1.051875000000000e+01         2.631706132397692e-09         
1.052500000000000e+01         2.642515286810357e-09         
1.053125000000000e+01         2.653478434891939e-09         
1.053750000000000e+01         2.664598766179343e-09         
1.054375000000000e+01         2.675874605123486e-09         
1.055000000000000e+01         2.687311084613041e-09         
1.055625000000000e+01         2.698909308346884e-09         
1.056250000000000e+01         2.710670948265337e-09         
1.056875000000000e+01         2.722599039225401e-09         
1.057500000000000e+01         2.734693277460407e-09         
1.058125000000000e+01         2.746955515196505e-09         
1.058750000000000e+01         2.759390399809104e-09         
1.059375000000000e+01         2.771998545843821e-09         
1.060000000000000e+01         2.784783313691983e-09         
1.060625000000000e+01         2.797744268206713e-09         
1.061250000000000e+01         2.810884800542140e-09         
1.061875000000000e+01         2.824205851636379e-09         
1.062500000000000e+01         2.837712045523370e-09         
1.063125000000000e+01         2.851405351436496e-09         
1.063750000000000e+01         2.865285813217358e-09         
1.064375000000000e+01         2.879356636173712e-09         
1.065000000000000e+01         2.893619170958263e-09         
1.065625000000000e+01         2.908077521301673e-09         
1.066250000000000e+01         2.922734546343834e-09         
1.066875000000000e+01         2.937589974763248e-09         
1.067500000000000e+01         2.952647138450915e-09         
1.068125000000000e+01         2.967908568092391e-09         
1.068750000000000e+01         2.983375209560982e-09         
1.069375000000000e+01         2.999053402304993e-09         
1.070000000000000e+01         3.014941620673268e-09         
1.070625000000000e+01         3.031043456746459e-09         
1.071250000000000e+01         3.047361303603532e-09         
1.071875000000000e+01         3.063897725117140e-09         
1.072500000000000e+01         3.080656483440499e-09         
1.073125000000000e+01         3.097636031352165e-09         
1.073750000000000e+01         3.114842513797114e-09         
1.074375000000000e+01         3.132277147808744e-09         
1.075000000000000e+01         3.149942507456405e-09         
1.075625000000000e+01         3.167842407820387e-09         
1.076250000000000e+01         3.185976073893775e-09         
1.076875000000000e+01         3.204346527951541e-09         
1.077500000000000e+01         3.222958571077104e-09         
1.078125000000000e+01         3.241813092374809e-09         
1.078750000000000e+01         3.260913726689920e-09         
1.079375000000000e+01         3.280260433353115e-09         
1.080000000000000e+01         3.299855448433449e-09         
1.080625000000000e+01         3.319703725503173e-09         
1.081250000000000e+01         3.339805835788436e-09         
1.081875000000000e+01         3.360165343853776e-09         
1.082500000000000e+01         3.380781863058161e-09         
1.083125000000000e+01         3.401658921468214e-09         
1.083750000000000e+01         3.422796960867118e-09         
1.084375000000000e+01         3.444200683300353e-09         
1.085000000000000e+01         3.465871819047584e-09         
1.085625000000000e+01         3.487809808985844e-09         
1.086250000000000e+01         3.510017440725540e-09         
1.086875000000000e+01         3.532496222542440e-09         
1.087500000000000e+01         3.555246298458754e-09         
1.088125000000000e+01         3.578273191200113e-09         
1.088750000000000e+01         3.601574270000690e-09         
1.089375000000000e+01         3.625151397598857e-09         
1.090000000000000e+01         3.649006224566788e-09         
1.090625000000000e+01         3.673139195874303e-09         
1.091250000000000e+01         3.697550756188351e-09         
1.091875000000000e+01         3.722241821904480e-09         
1.092500000000000e+01         3.747212388065533e-09         
1.093125000000000e+01         3.772462677177879e-09         
1.093750000000000e+01         3.797992279676411e-09         
1.094375000000000e+01         3.823802344284226e-09         
1.095000000000000e+01         3.849887710992391e-09         
1.095625000000000e+01         3.876251990512113e-09         
1.096250000000000e+01         3.902892324049440e-09         
1.096875000000000e+01         3.929807456432146e-09         
1.097500000000000e+01         3.956996965268765e-09         
1.098125000000000e+01         3.984455296154515e-09         
1.098750000000000e+01         4.012180398769479e-09         
1.099375000000000e+01         4.040172055361060e-09         
1.100000000000000e+01         4.068425288217008e-09         
1.100625000000000e+01         4.096938341331397e-09         
1.101250000000000e+01         4.125703481308089e-09         
1.101875000000000e+01         4.154718073488328e-09         
1.102500000000000e+01         4.183974641423245e-09         
1.103125000000000e+01         4.213471519012559e-09         
1.103750000000000e+01         4.243201508827431e-09         
1.104375000000000e+01         4.273155303757475e-09         
1.105000000000000e+01         4.303327147700554e-09         
1.105625000000000e+01         4.333708701754839e-09         
1.106250000000000e+01         4.364290004368431e-09         
1.106875000000000e+01         4.395066326495194e-09         
1.107500000000000e+01         4.426022731804578e-09         
1.108125000000000e+01         4.457150271635351e-09         
1.108750000000000e+01         4.488437535444630e-09         
1.109375000000000e+01         4.519870290316276e-09         
1.110000000000000e+01         4.551440858465850e-09         
1.110625000000000e+01         4.583129994893667e-09         
1.111250000000000e+01         4.614924676073681e-09         
1.111875000000000e+01         4.646809577318680e-09         
1.112500000000000e+01         4.678767953861852e-09         
1.113125000000000e+01         4.710784013852806e-09         
1.113750000000000e+01         4.742834751436326e-09         
1.114375000000000e+01         4.774905742813119e-09         
1.115000000000000e+01         4.806974858525537e-09         
1.115625000000000e+01         4.839021309447033e-09         
1.116250000000000e+01         4.871024466886098e-09         
1.116875000000000e+01         4.902957869190802e-09         
1.117500000000000e+01         4.934797504370979e-09         
1.118125000000000e+01         4.966521924696170e-09         
1.118750000000000e+01         4.998102729813082e-09         
1.119375000000000e+01         5.029515407302587e-09         
1.120000000000000e+01         5.060728139584385e-09         
1.120625000000000e+01         5.091712486982296e-09         
1.121250000000000e+01         5.122442458800622e-09         
1.121875000000000e+01         5.152885618706488e-09         
1.122500000000000e+01         5.183012772463319e-09         
1.123125000000000e+01         5.212787909069137e-09         
1.123750000000000e+01         5.242180522477182e-09         
1.124375000000000e+01         5.271154995226783e-09         
1.125000000000000e+01         5.299681864724814e-09         
1.125625000000000e+01         5.327726579841554e-09         
1.126250000000000e+01         5.355250603919019e-09         
1.126875000000000e+01         5.382220854615156e-09         
1.127500000000000e+01         5.408601836380552e-09         
1.128125000000000e+01         5.434356411685807e-09         
1.128750000000000e+01         5.459455217703265e-09         
1.129375000000000e+01         5.483857313131924e-09         
1.130000000000000e+01         5.507529674851144e-09         
1.130625000000000e+01         5.530437375051794e-09         
1.131250000000000e+01         5.552546264541921e-09         
1.131875000000000e+01         5.573824508096627e-09         
1.132500000000000e+01         5.594234201230369e-09         
1.133125000000000e+01         5.613748748652562e-09         
1.133750000000000e+01         5.632335420227520e-09         
1.134375000000000e+01         5.649965197351756e-09         
1.135000000000000e+01         5.666610402669573e-09         
1.135625000000000e+01         5.682238526206411e-09         
1.136250000000000e+01         5.696830317013876e-09         
1.136875000000000e+01         5.710359877525734e-09         
1.137500000000000e+01         5.722805030742514e-09         
1.138125000000000e+01         5.734147710974337e-09         
1.138750000000000e+01         5.744365827489954e-09         
1.139375000000000e+01         5.753442906838508e-09         
1.140000000000000e+01         5.761369446100325e-09         
1.140625000000000e+01         5.768131648678645e-09         
1.141250000000000e+01         5.773721953619520e-09         
1.141875000000000e+01         5.778130086206689e-09         
1.142500000000000e+01         5.781352277308752e-09         
1.143125000000000e+01         5.783384616220044e-09         
1.143750000000000e+01         5.784231616374791e-09         
1.144375000000000e+01         5.783895319802892e-09         
1.145000000000000e+01         5.782377163509924e-09         
1.145625000000000e+01         5.779686149858151e-09         
1.146250000000000e+01         5.775832161222394e-09         
1.146875000000000e+01         5.770824358073364e-09         
1.147500000000000e+01         5.764683205008339e-09         
1.148125000000000e+01         5.757418693902445e-09         
1.148750000000000e+01         5.749051170712271e-09         
1.149375000000000e+01         5.739600697976696e-09         
1.150000000000000e+01         5.729089232261591e-09         
1.150625000000000e+01         5.717539552374292e-09         
1.151250000000000e+01         5.704977801465165e-09         
1.151875000000000e+01         5.691430434768951e-09         
1.152500000000000e+01         5.676925258312285e-09         
1.153125000000000e+01         5.661491510325302e-09         
1.153750000000000e+01         5.645161857003683e-09         
1.154375000000000e+01         5.627960659403125e-09         
1.155000000000000e+01         5.609926626301022e-09         
1.155625000000000e+01         5.591090250586728e-09         
1.156250000000000e+01         5.571484856413162e-09         
1.156875000000000e+01         5.551145722876184e-09         
1.157500000000000e+01         5.530103431912775e-09         
1.158125000000000e+01         5.508392257345142e-09         
1.158750000000000e+01         5.486049772275605e-09         
1.159375000000000e+01         5.463108415027136e-09         
1.160000000000000e+01         5.439604155685579e-09         
1.160625000000000e+01         5.415567368554240e-09         
1.161250000000000e+01         5.391033160115180e-09         
1.161875000000000e+01         5.366033060917160e-09         
1.162500000000000e+01         5.340603159940482e-09         
1.163125000000000e+01         5.314775414985242e-09         
1.163750000000000e+01         5.288577989396362e-09         
1.164375000000000e+01         5.262043340787556e-09         
1.165000000000000e+01         5.235199710009441e-09         
1.165625000000000e+01         5.208080380362616e-09         
1.166250000000000e+01         5.180713666125679e-09         
1.166875000000000e+01         5.153123467769123e-09         
1.167500000000000e+01         5.125338693526221e-09         
1.168125000000000e+01         5.097385209307046e-09         
1.168750000000000e+01         5.069286266601891e-09         
1.169375000000000e+01         5.041071481690474e-09         
1.170000000000000e+01         5.012759009237244e-09         
1.170625000000000e+01         4.984372494556816e-09         
1.171250000000000e+01         4.955933604668820e-09         
1.171875000000000e+01         4.927462734021463e-09         
1.172500000000000e+01         4.898981267659803e-09         
1.173125000000000e+01         4.870502783881273e-09         
1.173750000000000e+01         4.842050531588779e-09         
1.174375000000000e+01         4.813639326641658e-09         
1.175000000000000e+01         4.785285127510356e-09         
1.175625000000000e+01         4.757005446741275e-09         
1.176250000000000e+01         4.728810944171744e-09         
1.176875000000000e+01         4.700715432009970e-09         
1.177500000000000e+01         4.672735311410193e-09         
1.178125000000000e+01         4.644881059841436e-09         
1.178750000000000e+01         4.617165210332394e-09         
1.179375000000000e+01         4.589595537396071e-09         
1.180000000000000e+01         4.562182068318969e-09         
1.180625000000000e+01         4.534937296349407e-09         
1.181250000000000e+01         4.507868630683588e-09         
1.181875000000000e+01         4.480985441284969e-09         
1.182500000000000e+01         4.454292336262932e-09         
1.183125000000000e+01         4.427797581805214e-09         
1.183750000000000e+01         4.401506441137152e-09         
1.184375000000000e+01         4.375427560119681e-09         
1.185000000000000e+01         4.349566514986902e-09         
1.185625000000000e+01         4.323925735929152e-09         
1.186250000000000e+01         4.298510515837184e-09         
1.186875000000000e+01         4.273325296928255e-09         
1.187500000000000e+01         4.248372141037983e-09         
1.188125000000000e+01         4.223658806285970e-09         
1.188750000000000e+01         4.199184257305661e-09         
1.189375000000000e+01         4.174952199434388e-09         
1.190000000000000e+01         4.150965126473790e-09         
1.190625000000000e+01         4.127224569803800e-09         
1.191250000000000e+01         4.103732280121923e-09         
1.191875000000000e+01         4.080490038827841e-09         
1.192500000000000e+01         4.057499017907749e-09         
1.193125000000000e+01         4.034759789375737e-09         
1.193750000000000e+01         4.012273047753803e-09         
1.194375000000000e+01         3.990040999001301e-09         
1.195000000000000e+01         3.968059098226898e-09         
1.195625000000000e+01         3.946332216189993e-09         
1.196250000000000e+01         3.924858394066964e-09         
1.196875000000000e+01         3.903637669198699e-09         
1.197500000000000e+01         3.882670621400095e-09         
1.198125000000000e+01         3.861954084941165e-09         
1.198750000000000e+01         3.841487435560864e-09         
1.199375000000000e+01         3.821272447329919e-09         
1.200000000000000e+01         3.801306860818470e-09         
1.200625000000000e+01         3.781590765818451e-09         
1.201250000000000e+01         3.762120719916410e-09         
1.201875000000000e+01         3.742896347661001e-09         
1.202500000000000e+01         3.723915114342726e-09         
1.203125000000000e+01         3.705178306227503e-09         
1.203750000000000e+01         3.686684454601569e-09         
1.204375000000000e+01         3.668429188575871e-09         
1.205000000000000e+01         3.650412218579457e-09         
1.205625000000000e+01         3.632631933358105e-09         
1.206250000000000e+01         3.615085543360283e-09         
1.206875000000000e+01         3.597774926989649e-09         
1.207500000000000e+01         3.580694268247016e-09         
1.208125000000000e+01         3.563843079581145e-09         
1.208750000000000e+01         3.547219608688484e-09         
1.209375000000000e+01         3.530820680083992e-09         
1.210000000000000e+01         3.514648030763003e-09         
1.210625000000000e+01         3.498696040938467e-09         
1.211250000000000e+01         3.482963757602208e-09         
1.211875000000000e+01         3.467449596864936e-09         
1.212500000000000e+01         3.452151491605614e-09         
1.213125000000000e+01         3.437068375714829e-09         
1.213750000000000e+01         3.422194886444153e-09         
1.214375000000000e+01         3.407532577299700e-09         
1.215000000000000e+01         3.393078164129151e-09         
1.215625000000000e+01         3.378829748047548e-09         
1.216250000000000e+01         3.364786429694802e-09         
1.216875000000000e+01         3.350943915632938e-09         
1.217500000000000e+01         3.337300143309396e-09         
1.218125000000000e+01         3.323855468875894e-09         
1.218750000000000e+01         3.310606783511649e-09         
1.219375000000000e+01         3.297553534782876e-09         
1.220000000000000e+01         3.284691155232476e-09         
1.220625000000000e+01         3.272017620170284e-09         
1.221250000000000e+01         3.259533654310538e-09         
1.221875000000000e+01         3.247235868727968e-09         
1.222500000000000e+01         3.235123712880597e-09         
1.223125000000000e+01         3.223193080422640e-09         
1.223750000000000e+01         3.211442979547633e-09         
1.224375000000000e+01         3.199870537624656e-09         
1.225000000000000e+01         3.188476513778304e-09         
1.225625000000000e+01         3.177258703453987e-09         
1.226250000000000e+01         3.166213246394089e-09         
1.226875000000000e+01         3.155339446092766e-09         
1.227500000000000e+01         3.144635497545856e-09         
1.228125000000000e+01         3.134098759933838e-09         
1.228750000000000e+01         3.123730774532044e-09         
1.229375000000000e+01         3.113526439936248e-09         
1.230000000000000e+01         3.103485186637770e-09         
1.230625000000000e+01         3.093605627957098e-09         
1.231250000000000e+01         3.083885892170411e-09         
1.231875000000000e+01         3.074325788968856e-09         
1.232500000000000e+01         3.064920139097189e-09         
1.233125000000000e+01         3.055670717356730e-09         
1.233750000000000e+01         3.046575091566366e-09         
1.234375000000000e+01         3.037631454483216e-09         
1.235000000000000e+01         3.028839752372959e-09         
1.235625000000000e+01         3.020195210011430e-09         
1.236250000000000e+01         3.011699264614385e-09         
1.236875000000000e+01         3.003349979873774e-09         
1.237500000000000e+01         2.995145552005567e-09         
1.238125000000000e+01         2.987085730339353e-09         
1.238750000000000e+01         2.979167307290329e-09         
1.239375000000000e+01         2.971388823960934e-09         
1.240000000000000e+01         2.963750881867969e-09         
1.240625000000000e+01         2.956251367643322e-09         
1.241250000000000e+01         2.948890194377809e-09         
1.241875000000000e+01         2.941663604443761e-09         
1.242500000000000e+01         2.934571810265985e-09         
1.243125000000000e+01         2.927612156575031e-09         
1.243750000000000e+01         2.920786149076693e-09         
1.244375000000000e+01         2.914092250381151e-09         
1.245000000000000e+01         2.907527253585303e-09         
1.245625000000000e+01         2.901091226343128e-09         
1.246250000000000e+01         2.894782944891565e-09         
1.246875000000000e+01         2.888600392967639e-09         
1.247500000000000e+01         2.882545684043427e-09         
1.248125000000000e+01         2.876614482356368e-09         
1.248750000000000e+01         2.870806940554343e-09         
1.249375000000000e+01         2.865122240827321e-09         
1.250000000000000e+01         2.859557956943933e-09         
1.250625000000000e+01         2.854116647793465e-09         
1.251250000000000e+01         2.848794098366457e-09         
1.251875000000000e+01         2.843590407865881e-09         
1.252500000000000e+01         2.838504733625970e-09         
1.253125000000000e+01         2.833536212118491e-09         
1.253750000000000e+01         2.828684929458602e-09         
1.254375000000000e+01         2.823947319757270e-09         
1.255000000000000e+01         2.819325195441726e-09         
1.255625000000000e+01         2.814816930256791e-09         
1.256250000000000e+01         2.810421629311406e-09         
1.256875000000000e+01         2.806139706445522e-09         
1.257500000000000e+01         2.801968244663806e-09         
1.258125000000000e+01         2.797906605572798e-09         
1.258750000000000e+01         2.793956070777965e-09         
1.259375000000000e+01         2.790115059499467e-09         
1.260000000000000e+01         2.786383752671208e-09         
1.260625000000000e+01         2.782759606741622e-09         
1.261250000000000e+01         2.779242620683502e-09         
1.261875000000000e+01         2.775831459977407e-09         
1.262500000000000e+01         2.772527661539698e-09         
1.263125000000000e+01         2.769330600318846e-09         
1.263750000000000e+01         2.766237160285330e-09         
1.264375000000000e+01         2.763248503981820e-09         
1.265000000000000e+01         2.760362790466411e-09         
1.265625000000000e+01         2.757581274953595e-09         
1.266250000000000e+01         2.754903508422502e-09         
1.266875000000000e+01         2.752327201462072e-09         
1.267500000000000e+01         2.749852849590140e-09         
1.268125000000000e+01         2.747479736527967e-09         
1.268750000000000e+01         2.745206877613887e-09         
1.269375000000000e+01         2.743036450834591e-09         
1.270000000000000e+01         2.740964921917408e-09         
1.270625000000000e+01         2.738993060012692e-09         
1.271250000000000e+01         2.737120519711406e-09         
1.271875000000000e+01         2.735346820165123e-09         
1.272500000000000e+01         2.733672856517793e-09         
1.273125000000000e+01         2.732094877864249e-09         
1.273750000000000e+01         2.730615519505439e-09         
1.274375000000000e+01         2.729233984851102e-09         
1.275000000000000e+01         2.727949389272472e-09         
1.275625000000000e+01         2.726762931495733e-09         
1.276250000000000e+01         2.725671860170252e-09         
1.276875000000000e+01         2.724676284611000e-09         
1.277500000000000e+01         2.723777538517367e-09         
1.278125000000000e+01         2.722974549246913e-09         
1.278750000000000e+01         2.722268305166197e-09         
1.279375000000000e+01         2.721656391182549e-09         
1.280000000000000e+01         2.721138717397285e-09         
1.280625000000000e+01         2.720716840710134e-09         
1.281250000000000e+01         2.720389741664901e-09         
1.281875000000000e+01         2.720158211624818e-09         
1.282500000000000e+01         2.720020139238314e-09         
1.283125000000000e+01         2.719976401457690e-09         
1.283750000000000e+01         2.720025912814479e-09         
1.284375000000000e+01         2.720170374527131e-09         
1.285000000000000e+01         2.720409857768971e-09         
1.285625000000000e+01         2.720741929499181e-09         
1.286250000000000e+01         2.721167939484077e-09         
1.286875000000000e+01         2.721687620494178e-09         
1.287500000000000e+01         2.722300093853091e-09         
1.288125000000000e+01         2.723008044519717e-09         
1.288750000000000e+01         2.723808584842134e-09         
1.289375000000000e+01         2.724702546575537e-09         
1.290000000000000e+01         2.725689917856633e-09         
1.290625000000000e+01         2.726770961754479e-09         
1.291250000000000e+01         2.727945697891782e-09         
1.291875000000000e+01         2.729213814374137e-09         
1.292500000000000e+01         2.730575548266153e-09         
1.293125000000000e+01         2.732030953480666e-09         
1.293750000000000e+01         2.733580018068497e-09         
1.294375000000000e+01         2.735223744354061e-09         
1.295000000000000e+01         2.736959558343767e-09         
1.295625000000000e+01         2.738790209273571e-09         
1.296250000000000e+01         2.740714922093724e-09         
1.296875000000000e+01         2.742733837890158e-09         
1.297500000000000e+01         2.744847949871375e-09         
1.298125000000000e+01         2.747055592668168e-09         
1.298750000000000e+01         2.749356934802042e-09         
1.299375000000000e+01         2.751753911555167e-09         
1.300000000000000e+01         2.754245834399891e-09         
1.300625000000000e+01         2.756833928391413e-09         
1.301250000000000e+01         2.759516297078357e-09         
1.301875000000000e+01         2.762294046707286e-09         
1.302500000000000e+01         2.765166775062034e-09         
1.303125000000000e+01         2.768136366723990e-09         
1.303750000000000e+01         2.771203247559394e-09         
1.304375000000000e+01         2.774365496427406e-09         
1.305000000000000e+01         2.777624518779230e-09         
1.305625000000000e+01         2.780980500493593e-09         
1.306250000000000e+01         2.784432701819254e-09         
1.306875000000000e+01         2.787984657170698e-09         
1.307500000000000e+01         2.791633397058756e-09         
1.308125000000000e+01         2.795380404049474e-09         
1.308750000000000e+01         2.799225877438058e-09         
1.309375000000000e+01         2.803169406464908e-09         
1.310000000000000e+01         2.807213958944503e-09         
1.310625000000000e+01         2.811357168486605e-09         
1.311250000000000e+01         2.815600316063361e-09         
1.311875000000000e+01         2.819943776806873e-09         
1.312500000000000e+01         2.824388090265549e-09         
1.313125000000000e+01         2.828934489277859e-09         
1.313750000000000e+01         2.833580429998872e-09         
1.314375000000000e+01         2.838329313410801e-09         
1.315000000000000e+01         2.843180561640044e-09         
1.315625000000000e+01         2.848134756311057e-09         
1.316250000000000e+01         2.853193318523016e-09         
1.316875000000000e+01         2.858354587239876e-09         
1.317500000000000e+01         2.863619284264872e-09         
1.318125000000000e+01         2.868989413302838e-09         
1.318750000000000e+01         2.874464929847084e-09         
1.319375000000000e+01         2.880047313572928e-09         
1.320000000000000e+01         2.885734897763249e-09         
1.320625000000000e+01         2.891528335235873e-09         
1.321250000000000e+01         2.897430037714483e-09         
1.321875000000000e+01         2.903439685310817e-09         
1.322500000000000e+01         2.909558693713431e-09         
1.323125000000000e+01         2.915785827391418e-09         
1.323750000000000e+01         2.922122491289147e-09         
1.324375000000000e+01         2.928568330749408e-09         
1.325000000000000e+01         2.935125976937237e-09         
1.325625000000000e+01         2.941796034990714e-09         
1.326250000000000e+01         2.948577077020827e-09         
1.326875000000000e+01         2.955470621355587e-09         
1.327500000000000e+01         2.962477535463877e-09         
1.328125000000000e+01         2.969597360106042e-09         
1.328750000000000e+01         2.976833681636156e-09         
1.329375000000000e+01         2.984184310105966e-09         
1.330000000000000e+01         2.991650557094495e-09         
1.330625000000000e+01         2.999233473757700e-09         
1.331250000000000e+01         3.006933489028804e-09         
1.331875000000000e+01         3.014752691368316e-09         
1.332500000000000e+01         3.022688261200331e-09         
1.333125000000000e+01         3.030744192643920e-09         
1.333750000000000e+01         3.038920216136329e-09         
1.334375000000000e+01         3.047216738020762e-09         
1.335000000000000e+01         3.055636081218777e-09         
1.335625000000000e+01         3.064175471209235e-09         
1.336250000000000e+01         3.072838730707611e-09         
1.336875000000000e+01         3.081625652758847e-09         
1.337500000000000e+01         3.090537084813066e-09         
1.338125000000000e+01         3.099574402134253e-09         
1.338750000000000e+01         3.108737143871134e-09         
1.339375000000000e+01         3.118025240606571e-09         
1.340000000000000e+01         3.127441720641119e-09         
1.340625000000000e+01         3.136986393432294e-09         
1.341250000000000e+01         3.146661192755307e-09         
1.341875000000000e+01         3.156464650363054e-09         
1.342500000000000e+01         3.166398834068635e-09         
1.343125000000000e+01         3.176463264870960e-09         
1.343750000000000e+01         3.186660523880552e-09         
1.344375000000000e+01         3.196992037686947e-09         
1.345000000000000e+01         3.207455907844807e-09         
1.345625000000000e+01         3.218054204829653e-09         
1.346250000000000e+01         3.228787545807591e-09         
1.346875000000000e+01         3.239655806429300e-09         
1.347500000000000e+01         3.250663011448308e-09         
1.348125000000000e+01         3.261806368055313e-09         
1.348750000000000e+01         3.273088033864371e-09         
1.349375000000000e+01         3.284508659945751e-09         
1.350000000000000e+01         3.296069153943330e-09         
1.350625000000000e+01         3.307769881457179e-09         
1.351250000000000e+01         3.319611749594544e-09         
1.351875000000000e+01         3.331595675898950e-09         
1.352500000000000e+01         3.343722004005576e-09         
1.353125000000000e+01         3.355991507252240e-09         
1.353750000000000e+01         3.368406100627974e-09         
1.354375000000000e+01         3.380963250687800e-09         
1.355000000000000e+01         3.393666737040323e-09         
1.355625000000000e+01         3.406516045723690e-09         
1.356250000000000e+01         3.419511760260791e-09         
1.356875000000000e+01         3.432655769888064e-09         
1.357500000000000e+01         3.445946620963006e-09         
1.358125000000000e+01         3.459384256986609e-09         
1.358750000000000e+01         3.472971880034250e-09         
1.359375000000000e+01         3.486708851810721e-09         
1.360000000000000e+01         3.500596400602824e-09         
1.360625000000000e+01         3.514633319058811e-09         
1.361250000000000e+01         3.528820485417045e-09         
1.361875000000000e+01         3.543157803976650e-09         
1.362500000000000e+01         3.557647239625034e-09         
1.363125000000000e+01         3.572289449190361e-09         
1.363750000000000e+01         3.587082494133142e-09         
1.364375000000000e+01         3.602027846982676e-09         
1.365000000000000e+01         3.617124001791286e-09         
1.365625000000000e+01         3.632373881864038e-09         
1.366250000000000e+01         3.647777349417963e-09         
1.366875000000000e+01         3.663332179154908e-09         
1.367500000000000e+01         3.679039382024041e-09         
1.368125000000000e+01         3.694899192076379e-09         
1.368750000000000e+01         3.710909932052762e-09         
1.369375000000000e+01         3.727075000710280e-09         
1.370000000000000e+01         3.743390884381821e-09         
1.370625000000000e+01         3.759858101710917e-09         
1.371250000000000e+01         3.776476643684905e-09         
1.371875000000000e+01         3.793245289241831e-09         
1.372500000000000e+01         3.810165148324018e-09         
1.373125000000000e+01         3.827232249574415e-09         
1.373750000000000e+01         3.844449071372208e-09         
1.374375000000000e+01         3.861813475687684e-09         
1.375000000000000e+01         3.879324829645467e-09         
1.375625000000000e+01         3.896982946591897e-09         
1.376250000000000e+01         3.914784852113735e-09         
1.376875000000000e+01         3.932728623797390e-09         
1.377500000000000e+01         3.950815932267521e-09         
1.378125000000000e+01         3.969044055358140e-09         
1.378750000000000e+01         3.987412127744219e-09         
1.379375000000000e+01         4.005916661670695e-09         
1.380000000000000e+01         4.024555246848349e-09         
1.380625000000000e+01         4.043328638714389e-09         
1.381250000000000e+01         4.062233517231448e-09         
1.381875000000000e+01         4.081269119544622e-09         
1.382500000000000e+01         4.100430184386501e-09         
1.383125000000000e+01         4.119715411948482e-09         
1.383750000000000e+01         4.139121134063138e-09         
1.384375000000000e+01         4.158646944728803e-09         
1.385000000000000e+01         4.178289318259459e-09         
1.385625000000000e+01         4.198043543524118e-09         
1.386250000000000e+01         4.217906662413194e-09         
1.386875000000000e+01         4.237875284671730e-09         
1.387500000000000e+01         4.257944560096152e-09         
1.388125000000000e+01         4.278114306961793e-09         
1.388750000000000e+01         4.298376612207305e-09         
1.389375000000000e+01         4.318728217796175e-09         
1.390000000000000e+01         4.339164940821801e-09         
1.390625000000000e+01         4.359682115487643e-09         
1.391250000000000e+01         4.380273936230899e-09         
1.391875000000000e+01         4.400936238754331e-09         
1.392500000000000e+01         4.421663015978922e-09         
1.393125000000000e+01         4.442448833225244e-09         
1.393750000000000e+01         4.463287920492279e-09         
1.394375000000000e+01         4.484173981102800e-09         
1.395000000000000e+01         4.505100882313829e-09         
1.395625000000000e+01         4.526061995028327e-09         
1.396250000000000e+01         4.547050589965571e-09         
1.396875000000000e+01         4.568059236946907e-09         
1.397500000000000e+01         4.589080959597039e-09         
1.398125000000000e+01         4.610108248351326e-09         
1.398750000000000e+01         4.631133292470092e-09         
1.399375000000000e+01         4.652148039736124e-09         
1.400000000000000e+01         4.673143851358606e-09         
1.400625000000000e+01         4.694112623671180e-09         
1.401250000000000e+01         4.715045301090062e-09         
1.401875000000000e+01         4.735933406023545e-09         
1.402500000000000e+01         4.756766864258465e-09         
1.403125000000000e+01         4.777536499021260e-09         
1.403750000000000e+01         4.798235506770221e-09         
1.404375000000000e+01         4.818845065454158e-09         
1.405000000000000e+01         4.839363950692489e-09         
1.405625000000000e+01         4.859778755951985e-09         
1.406250000000000e+01         4.880078727674745e-09         
1.406875000000000e+01         4.900255702332537e-09         
1.407500000000000e+01         4.920293230321341e-09         
1.408125000000000e+01         4.940179711031636e-09         
1.408750000000000e+01         4.959909896461853e-09         
1.409375000000000e+01         4.979469079399215e-09         
1.410000000000000e+01         4.998848859510353e-09         
1.410625000000000e+01         5.018030952363219e-09         
1.411250000000000e+01         5.037006465401158e-09         
1.411875000000000e+01         5.055760310975709e-09         
1.412500000000000e+01         5.074286353650189e-09         
1.413125000000000e+01         5.092572277789159e-09         
1.413750000000000e+01         5.110600167086441e-09         
1.414375000000000e+01         5.128359924027967e-09         
1.415000000000000e+01         5.145836413915149e-09         
1.415625000000000e+01         5.163023474132715e-09         
1.416250000000000e+01         5.179908433916423e-09         
1.416875000000000e+01         5.196473062705782e-09         
1.417500000000000e+01         5.212708225727624e-09         
1.418125000000000e+01         5.228601806581607e-09         
1.418750000000000e+01         5.244138181586861e-09         
1.419375000000000e+01         5.259314729040751e-09         
1.420000000000000e+01         5.274110825366979e-09         
1.420625000000000e+01         5.288517707298768e-09         
1.421250000000000e+01         5.302524034953971e-09         
1.421875000000000e+01         5.316118537823016e-09         
1.422500000000000e+01         5.329290524500371e-09         
1.423125000000000e+01         5.342029135525661e-09         
1.423750000000000e+01         5.354324182691168e-09         
1.424375000000000e+01         5.366165653985163e-09         
1.425000000000000e+01         5.377543968526498e-09         
1.425625000000000e+01         5.388449891845074e-09         
1.426250000000000e+01         5.398874527646715e-09         
1.426875000000000e+01         5.408809499077559e-09         
1.427500000000000e+01         5.418246797197218e-09         
1.428125000000000e+01         5.427178984473668e-09         
1.428750000000000e+01         5.435598735630326e-09         
1.429375000000000e+01         5.443500151353780e-09         
1.430000000000000e+01         5.450877137987645e-09         
1.430625000000000e+01         5.457723790369932e-09         
1.431250000000000e+01         5.464035465164384e-09         
1.431875000000000e+01         5.469807579220304e-09         
1.432500000000000e+01         5.475036864817814e-09         
1.433125000000000e+01         5.479719930460755e-09         
1.433750000000000e+01         5.483854205711126e-09         
1.434375000000000e+01         5.487437989657591e-09         
1.435000000000000e+01         5.490469104544271e-09         
1.435625000000000e+01         5.492947615770242e-09         
1.436250000000000e+01         5.494873077292617e-09         
1.436875000000000e+01         5.496246007705357e-09         
1.437500000000000e+01         5.497067447706797e-09         
1.438125000000000e+01         5.497339095022423e-09         
1.438750000000000e+01         5.497063156099312e-09         
1.439375000000000e+01         5.496242569647271e-09         
1.440000000000000e+01         5.494880777295981e-09         
1.440625000000000e+01         5.492981750466888e-09         
1.441250000000000e+01         5.490549734634237e-09         
1.441875000000000e+01         5.487590778366244e-09         
1.442500000000000e+01         5.484109573825012e-09         
1.443125000000000e+01         5.480112695850479e-09         
1.443750000000000e+01         5.475606689630097e-09         
1.444375000000000e+01         5.470601705509159e-09         
1.445000000000000e+01         5.465096047374505e-09         
1.445625000000000e+01         5.459107345736365e-09         
1.446250000000000e+01         5.452640817879979e-09         
1.446875000000000e+01         5.445704951615496e-09         
1.447500000000000e+01         5.438312140941979e-09         
1.448125000000000e+01         5.430465806737690e-09         
1.448750000000000e+01         5.422175786167300e-09         
1.449375000000000e+01         5.413458482675515e-09         
1.450000000000000e+01         5.404321088568808e-09         
1.450625000000000e+01         5.394777676695015e-09         
1.451250000000000e+01         5.384832664958931e-09         
1.451875000000000e+01         5.374500091391389e-09         
1.452500000000000e+01         5.363788539362361e-09         
1.453125000000000e+01         5.352715379182829e-09         
1.453750000000000e+01         5.341292268910410e-09         
1.454375000000000e+01         5.329524523067702e-09         
1.455000000000000e+01         5.317427118005384e-09         
1.455625000000000e+01         5.305011880149090e-09         
1.456250000000000e+01         5.292287498271694e-09         
1.456875000000000e+01         5.279274926379277e-09         
1.457500000000000e+01         5.265977243650453e-09         
1.458125000000000e+01         5.252409259622944e-09         
1.458750000000000e+01         5.238582579201493e-09         
1.459375000000000e+01         5.224505906527793e-09         
1.460000000000000e+01         5.210200213432418e-09         
1.460625000000000e+01         5.195667906408482e-09         
1.461250000000000e+01         5.180923645642388e-09         
1.461875000000000e+01         5.165978961871805e-09         
1.462500000000000e+01         5.150844869031625e-09         
1.463125000000000e+01         5.135532049452496e-09         
1.463750000000000e+01         5.120052274799086e-09         
1.464375000000000e+01         5.104416064590324e-09         
1.465000000000000e+01         5.088633922251364e-09         
1.465625000000000e+01         5.072716663809600e-09         
1.466250000000000e+01         5.056674334949710e-09         
1.466875000000000e+01         5.040516853068136e-09         
1.467500000000000e+01         5.024254304986519e-09         
1.468125000000000e+01         5.007896240149697e-09         
1.468750000000000e+01         4.991452332618870e-09         
1.469375000000000e+01         4.974931401329886e-09         
1.470000000000000e+01         4.958343185737267e-09         
1.470625000000000e+01         4.941695644948627e-09         
1.471250000000000e+01         4.924998025825895e-09         
1.471875000000000e+01         4.908258020524837e-09         
1.472500000000000e+01         4.891484209206142e-09         
1.473125000000000e+01         4.874684666646992e-09         
1.473750000000000e+01         4.857866733652791e-09         
1.474375000000000e+01         4.841037853653625e-09         
1.475000000000000e+01         4.824205099646882e-09         
1.475625000000000e+01         4.807375940380062e-09         
1.476250000000000e+01         4.790556596468843e-09         
1.476875000000000e+01         4.773754027797710e-09         
1.477500000000000e+01         4.756974324736108e-09         
1.478125000000000e+01         4.740223610567783e-09         
1.478750000000000e+01         4.723507712056717e-09         
1.479375000000000e+01         4.706832357159457e-09         
1.480000000000000e+01         4.690203037379779e-09         
1.480625000000000e+01         4.673625022704553e-09         
1.481250000000000e+01         4.657103253549389e-09         
1.481875000000000e+01         4.640645470743349e-09         
1.482500000000000e+01         4.624248073598126e-09         
1.483125000000000e+01         4.607923461784985e-09         
1.483750000000000e+01         4.591673693809136e-09         
1.484375000000000e+01         4.575502589767903e-09         
1.485000000000000e+01         4.559416584419904e-09         
1.485625000000000e+01         4.543411949062005e-09         
1.486250000000000e+01         4.527499899346700e-09         
1.486875000000000e+01         4.511681099261504e-09         
1.487500000000000e+01         4.495959026896187e-09         
1.488125000000000e+01         4.480339295109039e-09         
1.488750000000000e+01         4.464819591521524e-09         
1.489375000000000e+01         4.449402862935131e-09         
1.490000000000000e+01         4.434097148136057e-09         
1.490625000000000e+01         4.418902162614738e-09         
1.491250000000000e+01         4.403822539107389e-09         
1.491875000000000e+01         4.388855879303944e-09         
1.492500000000000e+01         4.374006915847828e-09         
1.493125000000000e+01         4.359274735080331e-09         
1.493750000000000e+01         4.344666693234153e-09         
1.494375000000000e+01         4.330184437361134e-09         
1.495000000000000e+01         4.315824783915298e-09         
1.495625000000000e+01         4.301591261976020e-09         
1.496250000000000e+01         4.287486069418170e-09         
1.496875000000000e+01         4.273507896607694e-09         
1.497500000000000e+01         4.259665195258926e-09         
1.498125000000000e+01         4.245951993973075e-09         
1.498750000000000e+01         4.232371603891703e-09         
1.499375000000000e+01         4.218925348359182e-09         
1.500000000000000e+01         4.205614095453291e-09         
1.500625000000000e+01         4.192438456777146e-09         
1.501250000000000e+01         4.179399675335874e-09         
1.501875000000000e+01         4.166498434673996e-09         
1.502500000000000e+01         4.153734998842409e-09         
1.503125000000000e+01         4.141110155503272e-09         
1.503750000000000e+01         4.128624662437175e-09         
1.504375000000000e+01         4.116278609919007e-09         
1.505000000000000e+01         4.104072663963963e-09         
1.505625000000000e+01         4.092007435033349e-09         
1.506250000000000e+01         4.080082716558544e-09         
1.506875000000000e+01         4.068298920394272e-09         
1.507500000000000e+01         4.056656485610568e-09         
1.508125000000000e+01         4.045155528994231e-09         
1.508750000000000e+01         4.033795922978321e-09         
1.509375000000000e+01         4.022577919521117e-09         
1.510000000000000e+01         4.011501685845804e-09         
1.510625000000000e+01         4.000567410932989e-09         
1.511250000000000e+01         3.989774543129630e-09         
1.511875000000000e+01         3.979123361441798e-09         
1.512500000000000e+01         3.968613830413193e-09         
1.513125000000000e+01         3.958245910993674e-09         
1.513750000000000e+01         3.948019182764425e-09         
1.514375000000000e+01         3.937933521489782e-09         
1.515000000000000e+01         3.927989106636397e-09         
1.515625000000000e+01         3.918185475977597e-09         
1.516250000000000e+01         3.908522405202940e-09         
1.516875000000000e+01         3.898999616423941e-09         
1.517500000000000e+01         3.889617033724104e-09         
1.518125000000000e+01         3.880373758676741e-09         
1.518750000000000e+01         3.871270502590316e-09         
1.519375000000000e+01         3.862306275269579e-09         
1.520000000000000e+01         3.853480933982956e-09         
1.520625000000000e+01         3.844794003453201e-09         
1.521250000000000e+01         3.836245610796076e-09         
1.521875000000000e+01         3.827834679958948e-09         
1.522500000000000e+01         3.819563638493658e-09         
1.523125000000000e+01         3.811425295563876e-09         
1.523750000000000e+01         3.803425684352812e-09         
1.524375000000000e+01         3.795562689624900e-09         
1.525000000000000e+01         3.787835564316165e-09         
1.525625000000000e+01         3.780245961823544e-09         
1.526250000000000e+01         3.772789500629763e-09         
1.526875000000000e+01         3.765465668355582e-09         
1.527500000000000e+01         3.758278376811948e-09         
1.528125000000000e+01         3.751225031936368e-09         
1.528750000000000e+01         3.744307284478453e-09         
1.529375000000000e+01         3.737520472037577e-09         
1.530000000000000e+01         3.730864261137235e-09         
1.530625000000000e+01         3.724342389144531e-09         
1.531250000000000e+01         3.717952467368209e-09         
1.531875000000000e+01         3.711696225849057e-09         
1.532500000000000e+01         3.705568778494813e-09         
1.533125000000000e+01         3.699572169615606e-09         
1.533750000000000e+01         3.693703404130270e-09         
1.534375000000000e+01         3.687966786290826e-09         
1.535000000000000e+01         3.682361746276551e-09         
1.535625000000000e+01         3.676883564938643e-09         
1.536250000000000e+01         3.671534224353681e-09         
1.536875000000000e+01         3.666313151444778e-09         
1.537500000000000e+01         3.661217894130256e-09         
1.538125000000000e+01         3.656254353524613e-09         
1.538750000000000e+01         3.651415950412986e-09         
1.539375000000000e+01         3.646704307176854e-09         
1.540000000000000e+01         3.642119166153553e-09         
1.540625000000000e+01         3.637660206650011e-09         
1.541250000000000e+01         3.633327218907221e-09         
1.541875000000000e+01         3.629119331852855e-09         
1.542500000000000e+01         3.625036859687684e-09         
1.543125000000000e+01         3.621079247845218e-09         
1.543750000000000e+01         3.617246051328135e-09         
1.544375000000000e+01         3.613537135257747e-09         
1.545000000000000e+01         3.609952192942282e-09         
1.545625000000000e+01         3.606490844857734e-09         
1.546250000000000e+01         3.603152699520841e-09         
1.546875000000000e+01         3.599937859307641e-09         
1.547500000000000e+01         3.596845771046748e-09         
1.548125000000000e+01         3.593876448599620e-09         
1.548750000000000e+01         3.591029320436171e-09         
1.549375000000000e+01         3.588304427916470e-09         
1.550000000000000e+01         3.585701287535743e-09         
1.550625000000000e+01         3.583220105139063e-09         
1.551250000000000e+01         3.580860317856299e-09         
1.551875000000000e+01         3.578621888179527e-09         
1.552500000000000e+01         3.576504635333024e-09         
1.553125000000000e+01         3.574508306138549e-09         
1.553750000000000e+01         3.572632879821208e-09         
1.554375000000000e+01         3.570878082873817e-09         
1.555000000000000e+01         3.569243983120267e-09         
1.555625000000000e+01         3.567730164614063e-09         
1.556250000000000e+01         3.566336735250778e-09         
1.556875000000000e+01         3.565063659112141e-09         
1.557500000000000e+01         3.563910537576301e-09         
1.558125000000000e+01         3.562877302073152e-09         
1.558750000000000e+01         3.561964239673869e-09         
1.559375000000000e+01         3.561171066319389e-09         
1.560000000000000e+01         3.560497928999225e-09         
1.560625000000000e+01         3.559944448960158e-09         
1.561250000000000e+01         3.559510830170520e-09         
1.561875000000000e+01         3.559196856552317e-09         
1.562500000000000e+01         3.559002844739338e-09         
1.563125000000000e+01         3.558930787722583e-09         
1.563750000000000e+01         3.558974489151880e-09         
1.564375000000000e+01         3.559140036986175e-09         
1.565000000000000e+01         3.559425509875186e-09         
1.565625000000000e+01         3.559831001780670e-09         
1.566250000000000e+01         3.560358546633818e-09         
1.566875000000000e+01         3.561004262842061e-09         
1.567500000000000e+01         3.561768275902307e-09         
1.568125000000000e+01         3.562654627120170e-09         
1.568750000000000e+01         3.563661444080664e-09         
1.569375000000000e+01         3.564791028160909e-09         
1.570000000000000e+01         3.566039085289480e-09         
1.570625000000000e+01         3.567406299061044e-09         
1.571250000000000e+01         3.568896590826939e-09         
1.571875000000000e+01         3.570508141847282e-09         
1.572500000000000e+01         3.572243357675219e-09         
1.573125000000000e+01         3.574098112954178e-09         
1.573750000000000e+01         3.576074635614489e-09         
1.574375000000000e+01         3.578171552436229e-09         
1.575000000000000e+01         3.580392822852234e-09         
1.575625000000000e+01         3.582738890773721e-09         
1.576250000000000e+01         3.585205796817204e-09         
1.576875000000000e+01         3.587795983339759e-09         
1.577500000000000e+01         3.590509667006246e-09         
1.578125000000000e+01         3.593345143847109e-09         
1.578750000000000e+01         3.596309027979819e-09         
1.579375000000000e+01         3.599395357628124e-09         
1.580000000000000e+01         3.602606470638231e-09         
1.580625000000000e+01         3.605942976530780e-09         
1.581250000000000e+01         3.609405117651123e-09         
1.581875000000000e+01         3.612993209557955e-09         
1.582500000000000e+01         3.616707797634869e-09         
1.583125000000000e+01         3.620549267196650e-09         
1.583750000000000e+01         3.624517973865135e-09         
1.584375000000000e+01         3.628614506356032e-09         
1.585000000000000e+01         3.632839393399960e-09         
1.585625000000000e+01         3.637192624149075e-09         
1.586250000000000e+01         3.641675196334094e-09         
1.586875000000000e+01         3.646287501754386e-09         
1.587500000000000e+01         3.651029933374444e-09         
1.588125000000000e+01         3.655903181058103e-09         
1.588750000000000e+01         3.660907685417257e-09         
1.589375000000000e+01         3.666043953478143e-09         
1.590000000000000e+01         3.671312536888950e-09         
1.590625000000000e+01         3.676714254824588e-09         
1.591250000000000e+01         3.682249662071403e-09         
1.591875000000000e+01         3.687919185563107e-09         
1.592500000000000e+01         3.693723518321744e-09         
1.593125000000000e+01         3.699663301107390e-09         
1.593750000000000e+01         3.705739209138301e-09         
1.594375000000000e+01         3.711951854304738e-09         
1.595000000000000e+01         3.718301986254423e-09         
1.595625000000000e+01         3.724790273879775e-09         
1.596250000000000e+01         3.731417419978853e-09         
1.596875000000000e+01         3.738184158846420e-09         
1.597500000000000e+01         3.745091239920697e-09         
1.598125000000000e+01         3.752139352273951e-09         
1.598750000000000e+01         3.759329315925039e-09         
1.599375000000000e+01         3.766661783808565e-09         
1.600000000000000e+01         3.774137846179006e-09         
1.600625000000000e+01         3.781758007480017e-09         
1.601250000000000e+01         3.789522799092318e-09         
1.601875000000000e+01         3.797433820707803e-09         
1.602500000000000e+01         3.805493561066947e-09         
1.603125000000000e+01         3.813696496558678e-09         
1.603750000000000e+01         3.822051940515459e-09         
1.604375000000000e+01         3.830552460343894e-09         
1.605000000000000e+01         3.839205436831151e-09         
1.605625000000000e+01         3.848011253386028e-09         
1.606250000000000e+01         3.856964849231244e-09         
1.606875000000000e+01         3.866075546774391e-09         
1.607500000000000e+01         3.875335689827064e-09         
1.608125000000000e+01         3.884753012578107e-09         
1.608750000000000e+01         3.894327937926902e-09         
1.609375000000000e+01         3.904055014001637e-09         
1.610000000000000e+01         3.913944075519238e-09         
1.610625000000000e+01         3.923987635750224e-09         
1.611250000000000e+01         3.934195054475750e-09         
1.611875000000000e+01         3.944560857616659e-09         
1.612500000000000e+01         3.955085946986993e-09         
1.613125000000000e+01         3.965778109503683e-09         
1.613750000000000e+01         3.976629447652074e-09         
1.614375000000000e+01         3.987649868072531e-09         
1.615000000000000e+01         3.998833868534049e-09         
1.615625000000000e+01         4.010182297745864e-09         
1.616250000000000e+01         4.021703037353876e-09         
1.616875000000000e+01         4.033388011672232e-09         
1.617500000000000e+01         4.045247645831826e-09         
1.618125000000000e+01         4.057275763684988e-09         
1.618750000000000e+01         4.069473848660270e-09         
1.619375000000000e+01         4.081849443409602e-09         
1.620000000000000e+01         4.094394824306804e-09         
1.620625000000000e+01         4.107119708392526e-09         
1.621250000000000e+01         4.120018925781331e-09         
1.621875000000000e+01         4.133095539945690e-09         
1.622500000000000e+01         4.146350659501501e-09         
1.623125000000000e+01         4.159782843778674e-09         
1.623750000000000e+01         4.173400366043418e-09         
1.624375000000000e+01         4.187197238515982e-09         
1.625000000000000e+01         4.201176736900493e-09         
1.625625000000000e+01         4.215340180431872e-09         
1.626250000000000e+01         4.229686067561142e-09         
1.626875000000000e+01         4.244222248247023e-09         
1.627500000000000e+01         4.258943164146329e-09         
1.628125000000000e+01         4.273851738729647e-09         
1.628750000000000e+01         4.288949106549458e-09         
1.629375000000000e+01         4.304236551737488e-09         
1.630000000000000e+01         4.319714263239308e-09         
1.630625000000000e+01         4.335384057194100e-09         
1.631250000000000e+01         4.351246372115041e-09         
1.631875000000000e+01         4.367301891343036e-09         
1.632500000000000e+01         4.383552276774358e-09         
1.633125000000000e+01         4.399997566529984e-09         
1.633750000000000e+01         4.416641346749173e-09         
1.634375000000000e+01         4.433477216618398e-09         
1.635000000000000e+01         4.450512812147680e-09         
1.635625000000000e+01         4.467746734218186e-09         
1.636250000000000e+01         4.485179715225023e-09         
1.636875000000000e+01         4.502814504325563e-09         
1.637500000000000e+01         4.520644384765016e-09         
1.638125000000000e+01         4.538677543190791e-09         
1.638750000000000e+01         4.556911884398729e-09         
1.639375000000000e+01         4.575347753688072e-09         
1.640000000000000e+01         4.593988101641279e-09         
1.640625000000000e+01         4.612825732517762e-09         
1.641250000000000e+01         4.631868338688087e-09         
1.641875000000000e+01         4.651113695700961e-09         
1.642500000000000e+01         4.670561824059523e-09         
1.643125000000000e+01         4.690215144490136e-09         
1.643750000000000e+01         4.710066459475453e-09         
1.644375000000000e+01         4.730125250628915e-09         
1.645000000000000e+01         4.750381737451910e-09         
1.645625000000000e+01         4.770842842615637e-09         
1.646250000000000e+01         4.791507941967455e-09         
1.646875000000000e+01         4.812369492506867e-09         
1.647500000000000e+01         4.833436592673122e-09         
1.648125000000000e+01         4.854698665483244e-09         
1.648750000000000e+01         4.876162125436329e-09         
1.649375000000000e+01         4.897826336663456e-09         
1.650000000000000e+01         4.919682179316709e-09         
1.650625000000000e+01         4.941739034996087e-09         
1.651250000000000e+01         4.963985277003426e-09         
1.651875000000000e+01         4.986429263973873e-09         
1.652500000000000e+01         5.009061908551507e-09         
1.653125000000000e+01         5.031881218055536e-09         
1.653750000000000e+01         5.054892976603194e-09         
1.654375000000000e+01         5.078084741216532e-09         
1.655000000000000e+01         5.101464694091556e-09         
1.655625000000000e+01         5.125021877332851e-09         
1.656250000000000e+01         5.148754134865615e-09         
1.656875000000000e+01         5.172666138335871e-09         
1.657500000000000e+01         5.196744400671396e-09         
1.658125000000000e+01         5.220996033338662e-09         
1.658750000000000e+01         5.245409120696184e-09         
1.659375000000000e+01         5.269980317823228e-09         
1.660000000000000e+01         5.294713307887253e-09         
1.660625000000000e+01         5.319593413341065e-09         
1.661250000000000e+01         5.344626284254352e-09         
1.661875000000000e+01         5.369799356901239e-09         
1.662500000000000e+01         5.395110138884564e-09         
1.663125000000000e+01         5.420553015924903e-09         
1.663750000000000e+01         5.446119911648131e-09         
1.664375000000000e+01         5.471812756634807e-09         
1.665000000000000e+01         5.497617174538084e-09         
1.665625000000000e+01         5.523529575353836e-09         
1.666250000000000e+01         5.549542610422468e-09         
1.666875000000000e+01         5.575646516127308e-09         
1.667500000000000e+01         5.601842045028548e-09         
1.668125000000000e+01         5.628112569319593e-09         
1.668750000000000e+01         5.654453397173503e-09         
1.669375000000000e+01         5.680855124810308e-09         
1.670000000000000e+01         5.707309284768675e-09         
1.670625000000000e+01         5.733806267985059e-09         
1.671250000000000e+01         5.760336258809198e-09         
1.671875000000000e+01         5.786889501921468e-09         
1.672500000000000e+01         5.813455353049205e-09         
1.673125000000000e+01         5.840023205690914e-09         
1.673750000000000e+01         5.866581438024725e-09         
1.674375000000000e+01         5.893121725907375e-09         
1.675000000000000e+01         5.919623048186840e-09         
1.675625000000000e+01         5.946081756540091e-09         
1.676250000000000e+01         5.972482649988156e-09         
1.676875000000000e+01         5.998811976948986e-09         
1.677500000000000e+01         6.025059673214996e-09         
1.678125000000000e+01         6.051202811914917e-09         
1.678750000000000e+01         6.077235687153244e-09         
1.679375000000000e+01         6.103141337032594e-09         
1.680000000000000e+01         6.128904041149507e-09         
1.680625000000000e+01         6.154512064651831e-09         
1.681250000000000e+01         6.179940688093186e-09         
1.681875000000000e+01         6.205185918381377e-09         
1.682500000000000e+01         6.230219175376936e-09         
1.683125000000000e+01         6.255032903062712e-09         
1.683750000000000e+01         6.279610545958921e-09         
1.684375000000000e+01         6.303926049548614e-09         
1.685000000000000e+01         6.327973508561962e-09         
1.685625000000000e+01         6.351724002638796e-09         
1.686250000000000e+01         6.375168491616807e-09         
1.686875000000000e+01         6.398288980700175e-09         
1.687500000000000e+01         6.421058483078460e-09         
1.688125000000000e+01         6.443470840429360e-09         
1.688750000000000e+01         6.465495703413503e-09         
1.689375000000000e+01         6.487123352534371e-09         
1.690000000000000e+01         6.508336639358088e-09         
1.690625000000000e+01         6.529106877050734e-09         
1.691250000000000e+01         6.549428788866090e-09         
1.691875000000000e+01         6.569271351936198e-09         
1.692500000000000e+01         6.588629163369939e-09         
1.693125000000000e+01         6.607474683566955e-09         
1.693750000000000e+01         6.625790532428667e-09         
1.694375000000000e+01         6.643568842012306e-09         
1.695000000000000e+01         6.660779222164843e-09         
1.695625000000000e+01         6.677417693972025e-09         
1.696250000000000e+01         6.693458030912708e-09         
1.696875000000000e+01         6.708884666669323e-09         
1.697500000000000e+01         6.723691329596591e-09         
1.698125000000000e+01         6.737849587522037e-09         
1.698750000000000e+01         6.751358435146329e-09         
1.699375000000000e+01         6.764193129569495e-09         
1.700000000000000e+01         6.776341170864390e-09         
1.700625000000000e+01         6.787798927698495e-09         
1.701250000000000e+01         6.798541591056731e-09         
1.701875000000000e+01         6.808570733429559e-09         
1.702500000000000e+01         6.817865373765669e-09         
1.703125000000000e+01         6.826419836770425e-09         
1.703750000000000e+01         6.834224036907718e-09         
1.704375000000000e+01         6.841267388064643e-09         
1.705000000000000e+01         6.847551866563738e-09         
1.705625000000000e+01         6.853061452415278e-09         
1.706250000000000e+01         6.857794055441947e-09         
1.706875000000000e+01         6.861744231625519e-09         
1.707500000000000e+01         6.864905906085689e-09         
1.708125000000000e+01         6.867285731809249e-09         
1.708750000000000e+01         6.868872117070909e-09         
1.709375000000000e+01         6.869668289071028e-09         
1.710000000000000e+01         6.869673574238383e-09         
1.710625000000000e+01         6.868889681698692e-09         
1.711250000000000e+01         6.867317879065653e-09         
1.711875000000000e+01         6.864961886268915e-09         
1.712500000000000e+01         6.861826179224065e-09         
1.713125000000000e+01         6.857914695092535e-09         
1.713750000000000e+01         6.853234296124327e-09         
1.714375000000000e+01         6.847790959625397e-09         
1.715000000000000e+01         6.841595853799674e-09         
1.715625000000000e+01         6.834647862063529e-09         
1.716250000000000e+01         6.826965614737016e-09         
1.716875000000000e+01         6.818556722613197e-09         
1.717500000000000e+01         6.809431060978157e-09         
1.718125000000000e+01         6.799604560897235e-09         
1.718750000000000e+01         6.789079024533734e-09         
1.719375000000000e+01         6.777877025302084e-09         
1.720000000000000e+01         6.766009805512932e-09         
1.720625000000000e+01         6.753490284635395e-09         
1.721250000000000e+01         6.740337482582957e-09         
1.721875000000000e+01         6.726556090854105e-09         
1.722500000000000e+01         6.712175433734307e-09         
1.723125000000000e+01         6.697198177167390e-09         
1.723750000000000e+01         6.681650256177689e-09         
1.724375000000000e+01         6.665548851963492e-09         
1.725000000000000e+01         6.648901636599000e-09         
1.725625000000000e+01         6.631738418075385e-09         
1.726250000000000e+01         6.614063912358707e-09         
1.726875000000000e+01         6.595905574504959e-09         
1.727500000000000e+01         6.577281081856555e-09         
1.728125000000000e+01         6.558199382246867e-09         
1.728750000000000e+01         6.538690686030862e-09         
1.729375000000000e+01         6.518760743852486e-09         
1.730000000000000e+01         6.498436956737902e-09         
1.730625000000000e+01         6.477736948863179e-09         
1.731250000000000e+01         6.456670238914318e-09         
1.731875000000000e+01         6.435266299809209e-09         
1.732500000000000e+01         6.413530930819556e-09         
1.733125000000000e+01         6.391493746399018e-09         
1.733750000000000e+01         6.369163223883926e-09         
1.734375000000000e+01         6.346556528604188e-09         
1.735000000000000e+01         6.323699581421401e-09         
1.735625000000000e+01         6.300597329519242e-09         
1.736250000000000e+01         6.277277886786882e-09         
1.736875000000000e+01         6.253748562090917e-09         
1.737500000000000e+01         6.230025861492666e-09         
1.738125000000000e+01         6.206133835521475e-09         
1.738750000000000e+01         6.182075850441049e-09         
1.739375000000000e+01         6.157878716101630e-09         
1.740000000000000e+01         6.133548099098313e-09         
1.740625000000000e+01         6.109101881659633e-09         
1.741250000000000e+01         6.084552910630234e-09         
1.741875000000000e+01         6.059912845020138e-09         
1.742500000000000e+01         6.035203142773841e-09         
1.743125000000000e+01         6.010427377391491e-09         
1.743750000000000e+01         5.985601854312165e-09         
1.744375000000000e+01         5.960738063625281e-09         
1.745000000000000e+01         5.935845144059899e-09         
1.745625000000000e+01         5.910942633524736e-09         
1.746250000000000e+01         5.886033219091218e-09         
1.746875000000000e+01         5.861130439722007e-09         
1.747500000000000e+01         5.836243714767498e-09         
1.748125000000000e+01         5.811381196525789e-09         
1.748750000000000e+01         5.786559872503521e-09         
1.749375000000000e+01         5.761780928484410e-09         
1.750000000000000e+01         5.737055952432019e-09         
1.750625000000000e+01         5.712392959365225e-09         
1.751250000000000e+01         5.687800652976857e-09         
1.751875000000000e+01         5.663285931926223e-09         
1.752500000000000e+01         5.638859865578826e-09         
1.753125000000000e+01         5.614520903872468e-09         
1.753750000000000e+01         5.590284073489610e-09         
1.754375000000000e+01         5.566153206453048e-09         
1.755000000000000e+01         5.542134172764335e-09         
1.755625000000000e+01         5.518235921568027e-09         
1.756250000000000e+01         5.494455874290881e-09         
1.756875000000000e+01         5.470807181425110e-09         
1.757500000000000e+01         5.447292644541806e-09         
1.758125000000000e+01         5.423916783727249e-09         
1.758750000000000e+01         5.400686618101234e-09         
1.759375000000000e+01         5.377598879801576e-09         
1.760000000000000e+01         5.354665226380589e-09         
1.760625000000000e+01         5.331887271589665e-09         
1.761250000000000e+01         5.309267924123761e-09         
1.761875000000000e+01         5.286813625357356e-09         
1.762500000000000e+01         5.264519728573461e-09         
1.763125000000000e+01         5.242399465575659e-09         
1.763750000000000e+01         5.220445361454562e-09         
1.764375000000000e+01         5.198667708353685e-09         
1.765000000000000e+01         5.177068625192011e-09         
1.765625000000000e+01         5.155643279154735e-09         
1.766250000000000e+01         5.134403252740869e-09         
1.766875000000000e+01         5.113340837794799e-09         
1.767500000000000e+01         5.092464879907008e-09         
1.768125000000000e+01         5.071777115394383e-09         
1.768750000000000e+01         5.051271913503152e-09         
1.769375000000000e+01         5.030960060853119e-09         
1.770000000000000e+01         5.010833034674151e-09         
1.770625000000000e+01         4.990899415021880e-09         
1.771250000000000e+01         4.971159792237723e-09         
1.771875000000000e+01         4.951608008050846e-09         
1.772500000000000e+01         4.932254310295661e-09         
1.773125000000000e+01         4.913089801274839e-09         
1.773750000000000e+01         4.894124423973361e-09         
1.774375000000000e+01         4.875351622278284e-09         
1.775000000000000e+01         4.856771634252344e-09         
1.775625000000000e+01         4.838391687198444e-09         
1.776250000000000e+01         4.820202869183489e-09         
1.776875000000000e+01         4.802214386997391e-09         
1.777500000000000e+01         4.784419291008065e-09         
1.778125000000000e+01         4.766817527518067e-09         
1.778750000000000e+01         4.749416068066613e-09         
1.779375000000000e+01         4.732205201634942e-09         
1.780000000000000e+01         4.715194290611056e-09         
1.780625000000000e+01         4.698375772770077e-09         
1.781250000000000e+01         4.681751790859181e-09         
1.781875000000000e+01         4.665321904771126e-09         
1.782500000000000e+01         4.649083587728859e-09         
1.783125000000000e+01         4.633042854239255e-09         
1.783750000000000e+01         4.617192598129908e-09         
1.784375000000000e+01         4.601534415934625e-09         
1.785000000000000e+01         4.586067835315167e-09         
1.785625000000000e+01         4.570789799591387e-09         
1.786250000000000e+01         4.555706410322802e-09         
1.786875000000000e+01         4.540810438249262e-09         
1.787500000000000e+01         4.526103109429618e-09         
1.788125000000000e+01         4.511583834093365e-09         
1.788750000000000e+01         4.497249784169900e-09         
1.789375000000000e+01         4.483106701466468e-09         
1.790000000000000e+01         4.469146890888528e-09         
1.790625000000000e+01         4.455371961799752e-09         
1.791250000000000e+01         4.441781163603535e-09         
1.791875000000000e+01         4.428373535518011e-09         
1.792500000000000e+01         4.415148162737362e-09         
1.793125000000000e+01         4.402106438005699e-09         
1.793750000000000e+01         4.389241051096919e-09         
1.794375000000000e+01         4.376557398391905e-09         
1.795000000000000e+01         4.364052528253277e-09         
1.795625000000000e+01         4.351725489824903e-09         
1.796250000000000e+01         4.339577722533087e-09         
1.796875000000000e+01         4.327601473142395e-09         
1.797500000000000e+01         4.315802456278066e-09         
1.798125000000000e+01         4.304177695995228e-09         
1.798750000000000e+01         4.292726307559608e-09         
1.799375000000000e+01         4.281449054661455e-09         
1.800000000000000e+01         4.270339236388766e-09         
1.800625000000000e+01         4.259401863455415e-09         
1.801250000000000e+01         4.248633905073309e-09         
1.801875000000000e+01         4.238034719113997e-09         
1.802500000000000e+01         4.227605307822683e-09         
1.803125000000000e+01         4.217338509023816e-09         
1.803750000000000e+01         4.207241587958479e-09         
1.804375000000000e+01         4.197305733774591e-09         
1.805000000000000e+01         4.187536200882226e-09         
1.805625000000000e+01         4.177931611671499e-09         
1.806250000000000e+01         4.168485423709837e-09         
1.806875000000000e+01         4.159204832457318e-09         
1.807500000000000e+01         4.150080653573810e-09         
1.808125000000000e+01         4.141118404690057e-09         
1.808750000000000e+01         4.132317105088394e-09         
1.809375000000000e+01         4.123669588741744e-09         
1.810000000000000e+01         4.115183403994443e-09         
1.810625000000000e+01         4.106849629036280e-09         
1.811250000000000e+01         4.098675531148315e-09         
1.811875000000000e+01         4.090654094326866e-09         
1.812500000000000e+01         4.082784813251646e-09         
1.813125000000000e+01         4.075072848397896e-09         
1.813750000000000e+01         4.067509211524645e-09         
1.814375000000000e+01         4.060101362076615e-09         
1.815000000000000e+01         4.052842513219255e-09         
1.815625000000000e+01         4.045731844197247e-09         
1.816250000000000e+01         4.038774750797502e-09         
1.816875000000000e+01         4.031962479531936e-09         
1.817500000000000e+01         4.025302363948156e-09         
1.818125000000000e+01         4.018787773948679e-09         
1.818750000000000e+01         4.012417893678214e-09         
1.819375000000000e+01         4.006198179791189e-09         
1.820000000000000e+01         4.000120074211675e-09         
1.820625000000000e+01         3.994190776408366e-09         
1.821250000000000e+01         3.988403702083093e-09         
1.821875000000000e+01         3.982760488912706e-09         
1.822500000000000e+01         3.977260331175186e-09         
1.823125000000000e+01         3.971900603795650e-09         
1.823750000000000e+01         3.966686886493410e-09         
1.824375000000000e+01         3.961612684173600e-09         
1.825000000000000e+01         3.956679152093197e-09         
1.825625000000000e+01         3.951886283141684e-09         
1.826250000000000e+01         3.947231377301130e-09         
1.826875000000000e+01         3.942719529371140e-09         
1.827500000000000e+01         3.938344976280167e-09         
1.828125000000000e+01         3.934108628068700e-09         
1.828750000000000e+01         3.930010685478509e-09         
1.829375000000000e+01         3.926049972045576e-09         
1.830000000000000e+01         3.922226714910882e-09         
1.830625000000000e+01         3.918540387338979e-09         
1.831250000000000e+01         3.914990230420494e-09         
1.831875000000000e+01         3.911576399683059e-09         
1.832500000000000e+01         3.908298099421630e-09         
1.833125000000000e+01         3.905155455835877e-09         
1.833750000000000e+01         3.902149538759562e-09         
1.834375000000000e+01         3.899274714181204e-09         
1.835000000000000e+01         3.896536328063126e-09         
1.835625000000000e+01         3.893931947679583e-09         
1.836250000000000e+01         3.891461845188758e-09         
1.836875000000000e+01         3.889127281410275e-09         
1.837500000000000e+01         3.886922286732773e-09         
1.838125000000000e+01         3.884852515014211e-09         
1.838750000000000e+01         3.882915767492276e-09         
1.839375000000000e+01         3.881112107041565e-09         
1.840000000000000e+01         3.879443063244620e-09         
1.840625000000000e+01         3.877902755001527e-09         
1.841250000000000e+01         3.876496949041403e-09         
1.841875000000000e+01         3.875223244696098e-09         
1.842500000000000e+01         3.874081937850571e-09         
1.843125000000000e+01         3.873074788816482e-09         
1.843750000000000e+01         3.872195826998957e-09         
1.844375000000000e+01         3.871452808396221e-09         
1.845000000000000e+01         3.870837876748662e-09         
1.845625000000000e+01         3.870357137301006e-09         
1.846250000000000e+01         3.870009969601020e-09         
1.846875000000000e+01         3.869791085146326e-09         
1.847500000000000e+01         3.869708193300848e-09         
1.848125000000000e+01         3.869753458952348e-09         
1.848750000000000e+01         3.869932993309393e-09         
1.849375000000000e+01         3.870246423808204e-09         
1.850000000000000e+01         3.870688532345983e-09         
1.850625000000000e+01         3.871266732314581e-09         
1.851250000000000e+01         3.871973750928518e-09         
1.851875000000000e+01         3.872817425220408e-09         
1.852500000000000e+01         3.873792222544485e-09         
1.853125000000000e+01         3.874897922463327e-09         
1.853750000000000e+01         3.876140683295338e-09         
1.854375000000000e+01         3.877513201326222e-09         
1.855000000000000e+01         3.879023329541578e-09         
1.855625000000000e+01         3.880665602513499e-09         
1.856250000000000e+01         3.882440022755457e-09         
1.856875000000000e+01         3.884352965743898e-09         
1.857500000000000e+01         3.886396782781598e-09         
1.858125000000000e+01         3.888579642901546e-09         
1.858750000000000e+01         3.890896236441297e-09         
1.859375000000000e+01         3.893346603349476e-09         
1.860000000000000e+01         3.895937123392256e-09         
1.860625000000000e+01         3.898660326895760e-09         
1.861250000000000e+01         3.901524550149468e-09         
1.861875000000000e+01         3.904524369564267e-09         
1.862500000000000e+01         3.907661923730539e-09         
1.863125000000000e+01         3.910938199788240e-09         
1.863750000000000e+01         3.914351344296623e-09         
1.864375000000000e+01         3.917907710545986e-09         
1.865000000000000e+01         3.921602318201031e-09         
1.865625000000000e+01         3.925437080375717e-09         
1.866250000000000e+01         3.929413019906696e-09         
1.866875000000000e+01         3.933528672916793e-09         
1.867500000000000e+01         3.937790497037202e-09         
1.868125000000000e+01         3.942193361951591e-09         
1.868750000000000e+01         3.946739611796383e-09         
1.869375000000000e+01         3.951430277940915e-09         
1.870000000000000e+01         3.956265621531864e-09         
1.870625000000000e+01         3.961246612956994e-09         
1.871250000000000e+01         3.966374159531834e-09         
1.871875000000000e+01         3.971648467261782e-09         
1.872500000000000e+01         3.977070941497727e-09         
1.873125000000000e+01         3.982641914885821e-09         
1.873750000000000e+01         3.988362485034192e-09         
1.874375000000000e+01         3.994235402828377e-09         
1.875000000000000e+01         4.000255525473894e-09         
1.875625000000000e+01         4.006429975546280e-09         
1.876250000000000e+01         4.012757011202559e-09         
1.876875000000000e+01         4.019238384905868e-09         
1.877500000000000e+01         4.025876183104182e-09         
1.878125000000000e+01         4.032666243702193e-09         
1.878750000000000e+01         4.039615275337941e-09         
1.879375000000000e+01         4.046721849419005e-09         
1.880000000000000e+01         4.053987653802485e-09         
1.880625000000000e+01         4.061415391168444e-09         
1.881250000000000e+01         4.069000587501767e-09         
1.881875000000000e+01         4.076751636658004e-09         
1.882500000000000e+01         4.084662303985607e-09         
1.883125000000000e+01         4.092739926119745e-09         
1.883750000000000e+01         4.100984947715956e-09         
1.884375000000000e+01         4.109393275812136e-09         
1.885000000000000e+01         4.117973766544640e-09         
1.885625000000000e+01         4.126719992468503e-09         
1.886250000000000e+01         4.135638953513755e-09         
1.886875000000000e+01         4.144732326048860e-09         
1.887500000000000e+01         4.153995246054052e-09         
1.888125000000000e+01         4.163437323374415e-09         
1.888750000000000e+01         4.173051853643791e-09         
1.889375000000000e+01         4.182846377569923e-09         
1.890000000000000e+01         4.192821986230767e-09         
1.890625000000000e+01         4.202974692130141e-09         
1.891250000000000e+01         4.213313871735039e-09         
1.891875000000000e+01         4.223832954841879e-09         
1.892500000000000e+01         4.234541845469292e-09         
1.893125000000000e+01         4.245435873838805e-09         
1.893750000000000e+01         4.256516875870163e-09         
1.894375000000000e+01         4.267792320681753e-09         
1.895000000000000e+01         4.279256381170826e-09         
1.895625000000000e+01         4.290918282628279e-09         
1.896250000000000e+01         4.302774483114504e-09         
1.896875000000000e+01         4.314825984335410e-09         
1.897500000000000e+01         4.327081357417719e-09         
1.898125000000000e+01         4.339534066643752e-09         
1.898750000000000e+01         4.352194386928592e-09         
1.899375000000000e+01         4.365057931526965e-09         
1.900000000000000e+01         4.378128593285110e-09         
1.900625000000000e+01         4.391409047586008e-09         
1.901250000000000e+01         4.404898706158018e-09         
1.901875000000000e+01         4.418605993945300e-09         
1.902500000000000e+01         4.432526972044515e-09         
1.903125000000000e+01         4.446665667423071e-09         
1.903750000000000e+01         4.461024629379346e-09         
1.904375000000000e+01         4.475603757889200e-09         
1.905000000000000e+01         4.490411710450431e-09         
1.905625000000000e+01         4.505444506044665e-09         
1.906250000000000e+01         4.520706346473072e-09         
1.906875000000000e+01         4.536200056320589e-09         
1.907500000000000e+01         4.551925607885468e-09         
1.908125000000000e+01         4.567892052260361e-09         
1.908750000000000e+01         4.584095482036492e-09         
1.909375000000000e+01         4.600540395210330e-09         
1.910000000000000e+01         4.617229655572512e-09         
1.910625000000000e+01         4.634165599468647e-09         
1.911250000000000e+01         4.651351178717505e-09         
1.911875000000000e+01         4.668788920938829e-09         
1.912500000000000e+01         4.686481556705274e-09         
1.913125000000000e+01         4.704431956039204e-09         
1.913750000000000e+01         4.722642714926001e-09         
1.914375000000000e+01         4.741116985235901e-09         
1.915000000000000e+01         4.759859747215242e-09         
1.915625000000000e+01         4.778867217214217e-09         
1.916250000000000e+01         4.798149052054764e-09         
1.916875000000000e+01         4.817706314734788e-09         
1.917500000000000e+01         4.837541778970171e-09         
1.918125000000000e+01         4.857660756509835e-09         
1.918750000000000e+01         4.878059844134505e-09         
1.919375000000000e+01         4.898748897957416e-09         
1.920000000000000e+01         4.919730853283594e-09         
1.920625000000000e+01         4.941002496689135e-09         
1.921250000000000e+01         4.962575880330761e-09         
1.921875000000000e+01         4.984445576339920e-09         
1.922500000000000e+01         5.006623848154672e-09         
1.923125000000000e+01         5.029107165930392e-09         
1.923750000000000e+01         5.051899053419199e-09         
1.924375000000000e+01         5.075009606308043e-09         
1.925000000000000e+01         5.098433413298328e-09         
1.925625000000000e+01         5.122183077440003e-09         
1.926250000000000e+01         5.146255183797978e-09         
1.926875000000000e+01         5.170653246269146e-09         
1.927500000000000e+01         5.195387842945959e-09         
1.928125000000000e+01         5.220453301354834e-09         
1.928750000000000e+01         5.245862661653661e-09         
1.929375000000000e+01         5.271612224020782e-09         
1.930000000000000e+01         5.297705980163628e-09         
1.930625000000000e+01         5.324154436861037e-09         
1.931250000000000e+01         5.350952035038209e-09         
1.931875000000000e+01         5.378111840907802e-09         
1.932500000000000e+01         5.405630431696344e-09         
1.933125000000000e+01         5.433513923611693e-09         
1.933750000000000e+01         5.461765820311193e-09         
1.934375000000000e+01         5.490387847391586e-09         
1.935000000000000e+01         5.519390464880843e-09         
1.935625000000000e+01         5.548770308901671e-09         
1.936250000000000e+01         5.578533466715681e-09         
1.936875000000000e+01         5.608683492308311e-09         
1.937500000000000e+01         5.639221590454799e-09         
1.938125000000000e+01         5.670158827894995e-09         
1.938750000000000e+01         5.701491261237248e-09         
1.939375000000000e+01         5.733224888501035e-09         
1.940000000000000e+01         5.765362873577759e-09         
1.940625000000000e+01         5.797908820697197e-09         
1.941250000000000e+01         5.830866069795782e-09         
1.941875000000000e+01         5.864237723548285e-09         
1.942500000000000e+01         5.898027263303717e-09         
1.943125000000000e+01         5.932237247289639e-09         
1.943750000000000e+01         5.966871144051932e-09         
1.944375000000000e+01         6.001931513582471e-09         
1.945000000000000e+01         6.037423438836739e-09         
1.945625000000000e+01         6.073342429442697e-09         
1.946250000000000e+01         6.109697921374278e-09         
1.946875000000000e+01         6.146490333466883e-09         
1.947500000000000e+01         6.183721248137910e-09         
1.948125000000000e+01         6.221395583476686e-09         
1.948750000000000e+01         6.259507006951923e-09         
1.949375000000000e+01         6.298064771223165e-09         
1.950000000000000e+01         6.337068202626486e-09         
1.950625000000000e+01         6.376517310488798e-09         
1.951250000000000e+01         6.416416623491086e-09         
1.951875000000000e+01         6.456758167782579e-09         
1.952500000000000e+01         6.497552568876821e-09         
1.953125000000000e+01         6.538789366491744e-09         
1.953750000000000e+01         6.580475783089797e-09         
1.954375000000000e+01         6.622611586765141e-09         
1.955000000000000e+01         6.665186741175816e-09         
1.955625000000000e+01         6.708211369463363e-09         
1.956250000000000e+01         6.751671670589684e-09         
1.956875000000000e+01         6.795573202550453e-09         
1.957500000000000e+01         6.839913919528902e-09         
1.958125000000000e+01         6.884680980372136e-09         
1.958750000000000e+01         6.929882332050629e-09         
1.959375000000000e+01         6.975501165245131e-09         
1.960000000000000e+01         7.021541319457536e-09         
1.960625000000000e+01         7.067996971985717e-09         
1.961250000000000e+01         7.114851894159582e-09         
1.961875000000000e+01         7.162111856073967e-09         
1.962500000000000e+01         7.209755818323413e-09         
1.963125000000000e+01         7.257787794311784e-09         
1.963750000000000e+01         7.306188522287195e-09         
1.964375000000000e+01         7.354947540557346e-09         
1.965000000000000e+01         7.404063072107677e-09         
1.965625000000000e+01         7.453509938241476e-09         
1.966250000000000e+01         7.503287933884675e-09         
1.966875000000000e+01         7.553372606413434e-09         
1.967500000000000e+01         7.603749594855437e-09         
1.968125000000000e+01         7.654411695980444e-09         
1.968750000000000e+01         7.705328097449877e-09         
1.969375000000000e+01         7.756493780070968e-09         
1.970000000000000e+01         7.807878618758409e-09         
1.970625000000000e+01         7.859462086951022e-09         
1.971250000000000e+01         7.911231405062153e-09         
1.971875000000000e+01         7.963149588829076e-09         
1.972500000000000e+01         8.015205177833977e-09         
1.973125000000000e+01         8.067361271200994e-09         
1.973750000000000e+01         8.119595140860591e-09         
1.974375000000000e+01         8.171875865532144e-09         
1.975000000000000e+01         8.224170926811028e-09         
1.975625000000000e+01         8.276457880179923e-09         
1.976250000000000e+01         8.328692694122089e-09         
1.976875000000000e+01         8.380845419042597e-09         
1.977500000000000e+01         8.432877715842769e-09         
1.978125000000000e+01         8.484750241130796e-09         
1.978750000000000e+01         8.536432748456029e-09         
1.979375000000000e+01         8.587875198702864e-09         
1.980000000000000e+01         8.639038774620507e-09         
1.980625000000000e+01         8.689878794190968e-09         
1.981250000000000e+01         8.740352411141055e-09         
1.981875000000000e+01         8.790411217729741e-09         
1.982500000000000e+01         8.840009455323040e-09         
1.983125000000000e+01         8.889098122741638e-09         
1.983750000000000e+01         8.937627288166310e-09         
1.984375000000000e+01         8.985546959749911e-09         
1.985000000000000e+01         9.032803471472497e-09         
1.985625000000000e+01         9.079349924421221e-09         
1.986250000000000e+01         9.125120595711404e-09         
1.986875000000000e+01         9.170073375950327e-09         
1.987500000000000e+01         9.214149764406624e-09         
1.988125000000000e+01         9.257295013310652e-09         
1.988750000000000e+01         9.299457887663043e-09         
1.989375000000000e+01         9.340571579230214e-09         
1.990000000000000e+01         9.380592875930517e-09         
1.990625000000000e+01         9.419463119426469e-09         
1.991250000000000e+01         9.457127805263889e-09         
1.991875000000000e+01         9.493538059893864e-09         
1.992500000000000e+01         9.528628092111967e-09         
1.993125000000000e+01         9.562362872856483e-09         
1.993750000000000e+01         9.594675392379377e-09         
1.994375000000000e+01         9.625528832298705e-09         
1.995000000000000e+01         9.654875908028790e-09         
1.995625000000000e+01         9.682658388994504e-09         
1.996250000000000e+01         9.708849255209142e-09         
1.996875000000000e+01         9.733390365286383e-09         
1.997500000000000e+01         9.756255273275358e-09         
1.998125000000000e+01         9.777407079778358e-09         
1.998750000000000e+01         9.796801111495338e-09         
1.999375000000000e+01         9.814421457976722e-09         
2.000000000000000e+01         9.830224434708351e-09         
2.000625000000000e+01         9.844197790587138e-09         
2.001250000000000e+01         9.856319625624477e-09         
2.001875000000000e+01         9.866561660965038e-09         
2.002500000000000e+01         9.874923354065982e-09         
2.003125000000000e+01         9.881379752356514e-09         
2.003750000000000e+01         9.885938748784246e-09         
2.004375000000000e+01         9.888583613249368e-09         
2.005000000000000e+01         9.889316901789928e-09         
2.005625000000000e+01         9.888152354464142e-09         
2.006250000000000e+01         9.885082711199313e-09         
2.006875000000000e+01         9.880133405725150e-09         
2.007500000000000e+01         9.873308328455429e-09         
2.008125000000000e+01         9.864625289218970e-09         
2.008750000000000e+01         9.854116382325115e-09         
2.009375000000000e+01         9.841791796677817e-09         
2.010000000000000e+01         9.827693337783601e-09         
2.010625000000000e+01         9.811840953801671e-09         
2.011250000000000e+01         9.794271895169525e-09         
2.011875000000000e+01         9.775021973776476e-09         
2.012500000000000e+01         9.754126584490643e-09         
2.013125000000000e+01         9.731636957233115e-09         
2.013750000000000e+01         9.707585493970674e-09         
2.014375000000000e+01         9.682020907094565e-09         
2.015000000000000e+01         9.654990178985162e-09         
2.015625000000000e+01         9.626536849839358e-09         
2.016250000000000e+01         9.596723219582754e-09         
2.016875000000000e+01         9.565587821835798e-09         
2.017500000000000e+01         9.533185999853356e-09         
2.018125000000000e+01         9.499570861283411e-09         
2.018750000000000e+01         9.464791024538930e-09         
2.019375000000000e+01         9.428912631636892e-09         
2.020000000000000e+01         9.391976688614468e-09         
2.020625000000000e+01         9.354041405982607e-09         
2.021250000000000e+01         9.315159986721305e-09         
2.021875000000000e+01         9.275386708476951e-09         
2.022500000000000e+01         9.234773882700562e-09         
2.023125000000000e+01         9.193374664869077e-09         
2.023750000000000e+01         9.151240811941356e-09         
2.024375000000000e+01         9.108423324874997e-09         
2.025000000000000e+01         9.064973046699062e-09         
2.025625000000000e+01         9.020939119362952e-09         
2.026250000000000e+01         8.976373031939813e-09         
2.026875000000000e+01         8.931312658002748e-09         
2.027500000000000e+01         8.885813838789344e-09         
2.028125000000000e+01         8.839917910357609e-09         
2.028750000000000e+01         8.793669249803282e-09         
2.029375000000000e+01         8.747112719020092e-09         
2.030000000000000e+01         8.700279873034183e-09         
2.030625000000000e+01         8.653219729438422e-09         
2.031250000000000e+01         8.605968564407928e-09         
2.031875000000000e+01         8.558562011819804e-09         
2.032500000000000e+01         8.511039435359220e-09         
2.033125000000000e+01         8.463424523357002e-09         
2.033750000000000e+01         8.415763283386919e-09         
2.034375000000000e+01         8.368074157402628e-09         
2.035000000000000e+01         8.320396102096871e-09         
2.035625000000000e+01         8.272758922647386e-09         
2.036250000000000e+01         8.225179201556739e-09         
2.036875000000000e+01         8.177695560445662e-09         
2.037500000000000e+01         8.130320235292273e-09         
2.038125000000000e+01         8.083085510992169e-09         
2.038750000000000e+01         8.036014373697264e-09         
2.039375000000000e+01         7.989117150348605e-09         
2.040000000000000e+01         7.942427281775461e-09         
2.040625000000000e+01         7.895949942994665e-09         
2.041250000000000e+01         7.849711957561547e-09         
2.041875000000000e+01         7.803730398242253e-09         
2.042500000000000e+01         7.758010620302355e-09         
2.043125000000000e+01         7.712580064015600e-09         
2.043750000000000e+01         7.667439130660620e-09         
2.044375000000000e+01         7.622613308242569e-09         
2.045000000000000e+01         7.578104083752390e-09         
2.045625000000000e+01         7.533922875489542e-09         
2.046250000000000e+01         7.490088796983856e-09         
2.046875000000000e+01         7.446598478396026e-09         
2.047500000000000e+01         7.403472740442864e-09         
2.048125000000000e+01         7.360710053223347e-09         
2.048750000000000e+01         7.318317612693152e-09         
2.049375000000000e+01         7.276310637975516e-09         
2.050000000000000e+01         7.234682876164247e-09         
2.050625000000000e+01         7.193451612492800e-09         
2.051250000000000e+01         7.152612542136586e-09         
2.051875000000000e+01         7.112172361286826e-09         
2.052500000000000e+01         7.072134920114774e-09         
2.053125000000000e+01         7.032500289761460e-09         
2.053750000000000e+01         6.993280257482501e-09         
2.054375000000000e+01         6.954467528679341e-09         
2.055000000000000e+01         6.916067544287012e-09         
2.055625000000000e+01         6.878081429455236e-09         
2.056250000000000e+01         6.840507305513568e-09         
2.056875000000000e+01         6.803354664952135e-09         
2.057500000000000e+01         6.766615123303810e-09         
2.058125000000000e+01         6.730292207768944e-09         
2.058750000000000e+01         6.694385217623537e-09         
2.059375000000000e+01         6.658891055101767e-09         
2.060000000000000e+01         6.623817577026275e-09         
2.060625000000000e+01         6.589155236988388e-09         
2.061250000000000e+01         6.554906463976000e-09         
2.061875000000000e+01         6.521068857218640e-09         
2.062500000000000e+01         6.487641829950122e-09         
2.063125000000000e+01         6.454623339107871e-09         
2.063750000000000e+01         6.422014350662128e-09         
2.064375000000000e+01         6.389804883962852e-09         
2.065000000000000e+01         6.358000544456401e-09         
2.065625000000000e+01         6.326596798206968e-09         
2.066250000000000e+01         6.295591119782447e-09         
2.066875000000000e+01         6.264983943255456e-09         
2.067500000000000e+01         6.234764450687866e-09         
2.068125000000000e+01         6.204938125883812e-09         
2.068750000000000e+01         6.175499770300574e-09         
2.069375000000000e+01         6.146446465385606e-09         
2.070000000000000e+01         6.117777824581835e-09         
2.070625000000000e+01         6.089483405794431e-09         
2.071250000000000e+01         6.061567739879758e-09         
2.071875000000000e+01         6.034025269713101e-09         
2.072500000000000e+01         6.006853377711319e-09         
2.073125000000000e+01         5.980051221327583e-09         
2.073750000000000e+01         5.953607928308767e-09         
2.074375000000000e+01         5.927530506875918e-09         
2.075000000000000e+01         5.901806176764253e-09         
2.075625000000000e+01         5.876438844490336e-09         
2.076250000000000e+01         5.851425540852185e-09         
2.076875000000000e+01         5.826755550634517e-09         
2.077500000000000e+01         5.802435432551122e-09         
2.078125000000000e+01         5.778452603375087e-09         
2.078750000000000e+01         5.754810766701510e-09         
2.079375000000000e+01         5.731506835846921e-09         
2.080000000000000e+01         5.708530686919584e-09         
2.080625000000000e+01         5.685888525181549e-09         
2.081250000000000e+01         5.663567535341931e-09         
2.081875000000000e+01         5.641574279890679e-09         
2.082500000000000e+01         5.619898573633547e-09         
2.083125000000000e+01         5.598537076903641e-09         
2.083750000000000e+01         5.577493917754675e-09         
2.084375000000000e+01         5.556756779598042e-09         
2.085000000000000e+01         5.536331604007098e-09         
2.085625000000000e+01         5.516208826952954e-09         
2.086250000000000e+01         5.496384939869232e-09         
2.086875000000000e+01         5.476864690613382e-09         
2.087500000000000e+01         5.457635169241982e-09         
2.088125000000000e+01         5.438703078791032e-09         
2.088750000000000e+01         5.420058819698664e-09         
2.089375000000000e+01         5.401698871847178e-09         
2.090000000000000e+01         5.383627978522875e-09         
2.090625000000000e+01         5.365833958898570e-09         
2.091250000000000e+01         5.348323124510073e-09         
2.091875000000000e+01         5.331086015831482e-09         
2.092500000000000e+01         5.314122140226460e-09         
2.093125000000000e+01         5.297429224982558e-09         
2.093750000000000e+01         5.281001789073789e-09         
2.094375000000000e+01         5.264844522958950e-09         
2.095000000000000e+01         5.248947811630721e-09         
2.095625000000000e+01         5.233311566872276e-09         
2.096250000000000e+01         5.217933242996761e-09         
2.096875000000000e+01         5.202808206486806e-09         
2.097500000000000e+01         5.187940962776793e-09         
2.098125000000000e+01         5.173322005669481e-09         
2.098750000000000e+01         5.158951413418900e-09         
2.099375000000000e+01         5.144827028596711e-09         
2.100000000000000e+01         5.130944303159479e-09         
2.100625000000000e+01         5.117307561887465e-09         
2.101250000000000e+01         5.103908022277907e-09         
2.101875000000000e+01         5.090745832171934e-09         
2.102500000000000e+01         5.077818873481642e-09         
2.103125000000000e+01         5.065124826832997e-09         
2.103750000000000e+01         5.052661860829554e-09         
2.104375000000000e+01         5.040429863554633e-09         
2.105000000000000e+01         5.028420975388483e-09         
2.105625000000000e+01         5.016639074856923e-09         
2.106250000000000e+01         5.005080331635384e-09         
2.106875000000000e+01         4.993743014753744e-09         
2.107500000000000e+01         4.982627058952931e-09         
2.108125000000000e+01         4.971724611255072e-09         
2.108750000000000e+01         4.961040104692405e-09         
2.109375000000000e+01         4.950569730451891e-09         
2.110000000000000e+01         4.940311646063583e-09         
2.110625000000000e+01         4.930266488333490e-09         
2.111250000000000e+01         4.920425879536036e-09         
2.111875000000000e+01         4.910794980185607e-09         
2.112500000000000e+01         4.901369826583200e-09         
2.113125000000000e+01         4.892149050043081e-09         
2.113750000000000e+01         4.883133227163550e-09         
2.114375000000000e+01         4.874314218814005e-09         
2.115000000000000e+01         4.865699437304746e-09         
2.115625000000000e+01         4.857278539932225e-09         
2.116250000000000e+01         4.849056893433605e-09         
2.116875000000000e+01         4.841033133177940e-09         
2.117500000000000e+01         4.833198972307346e-09         
2.118125000000000e+01         4.825562347417854e-09         
2.118750000000000e+01         4.818112942566630e-09         
2.119375000000000e+01         4.810856396450574e-09         
2.120000000000000e+01         4.803790692114882e-09         
2.120625000000000e+01         4.796908624386058e-09         
2.121250000000000e+01         4.790218023754081e-09         
2.121875000000000e+01         4.783708467366608e-09         
2.122500000000000e+01         4.777387966188326e-09         
2.123125000000000e+01         4.771248778992156e-09         
2.123750000000000e+01         4.765289606665418e-09         
2.124375000000000e+01         4.759516307687265e-09         
2.125000000000000e+01         4.753918912798993e-09         
2.125625000000000e+01         4.748505189914298e-09         
2.126250000000000e+01         4.743267831358356e-09         
2.126875000000000e+01         4.738205924776585e-09         
2.127500000000000e+01         4.733324284772225e-09         
2.128125000000000e+01         4.728614294137154e-09         
2.128750000000000e+01         4.724083604608711e-09         
2.129375000000000e+01         4.719724661552653e-09         
2.130000000000000e+01         4.715536978657751e-09         
2.130625000000000e+01         4.711525468370981e-09         
2.131250000000000e+01         4.707681866770825e-09         
2.131875000000000e+01         4.704013053720418e-09         
2.132500000000000e+01         4.700512291089371e-09         
2.133125000000000e+01         4.697181127422030e-09         
2.133750000000000e+01         4.694018852087887e-09         
2.134375000000000e+01         4.691022922564800e-09         
2.135000000000000e+01         4.688198123333672e-09         
2.135625000000000e+01         4.685538527671412e-09         
2.136250000000000e+01         4.683045460763350e-09         
2.136875000000000e+01         4.680718082557202e-09         
2.137500000000000e+01         4.678554261259100e-09         
2.138125000000000e+01         4.676558842053590e-09         
2.138750000000000e+01         4.674726238912764e-09         
2.139375000000000e+01         4.673056959183815e-09         
2.140000000000000e+01         4.671551382873784e-09         
2.140625000000000e+01         4.670208743552854e-09         
2.141250000000000e+01         4.669028636078903e-09         
2.141875000000000e+01         4.668011210484202e-09         
2.142500000000000e+01         4.667154995470515e-09         
2.143125000000000e+01         4.666460838118945e-09         
2.143750000000000e+01         4.665927233011588e-09         
2.144375000000000e+01         4.665554853221607e-09         
2.145000000000000e+01         4.665345181718265e-09         
2.145625000000000e+01         4.665291530785275e-09         
2.146250000000000e+01         4.665400589634346e-09         
2.146875000000000e+01         4.665668786029169e-09         
2.147500000000000e+01         4.666097123235774e-09         
2.148125000000000e+01         4.666687038573089e-09         
2.148750000000000e+01         4.667431880293625e-09         
2.149375000000000e+01         4.668338598369835e-09         
2.150000000000000e+01         4.669403623770000e-09         
2.150625000000000e+01         4.670628267993343e-09         
2.151250000000000e+01         4.672013447161713e-09         
2.151875000000000e+01         4.673553316882386e-09         
2.152500000000000e+01         4.675256347422831e-09         
2.153125000000000e+01         4.677113684469252e-09         
2.153750000000000e+01         4.679132249224381e-09         
2.154375000000000e+01         4.681311069754042e-09         
2.155000000000000e+01         4.683645024885175e-09         
2.155625000000000e+01         4.686141492513676e-09         
2.156250000000000e+01         4.688792655417932e-09         
2.156875000000000e+01         4.691605331691063e-09         
2.157500000000000e+01         4.694578371974664e-09         
2.158125000000000e+01         4.697706891572678e-09         
2.158750000000000e+01         4.700998461014031e-09         
2.159375000000000e+01         4.704445517427745e-09         
2.160000000000000e+01         4.708054036126522e-09         
2.160625000000000e+01         4.711824146851644e-09         
2.161250000000000e+01         4.715750397862099e-09         
2.161875000000000e+01         4.719840471817702e-09         
2.162500000000000e+01         4.724087240687243e-09         
2.163125000000000e+01         4.728498214713989e-09         
2.163750000000000e+01         4.733068057403407e-09         
2.164375000000000e+01         4.737797223277654e-09         
2.165000000000000e+01         4.742691513135664e-09         
2.165625000000000e+01         4.747743832787415e-09         
2.166250000000000e+01         4.752961817243872e-09         
2.166875000000000e+01         4.758340630886182e-09         
2.167500000000000e+01         4.763879717463666e-09         
2.168125000000000e+01         4.769585854873288e-09         
2.168750000000000e+01         4.775451605609637e-09         
2.169375000000000e+01         4.781485120129358e-09         
2.170000000000000e+01         4.787681088851974e-09         
2.170625000000000e+01         4.794039307472406e-09         
2.171250000000000e+01         4.800566737901788e-09         
2.171875000000000e+01         4.807255915640968e-09         
2.172500000000000e+01         4.814114992836794e-09         
2.173125000000000e+01         4.821138752720666e-09         
2.173750000000000e+01         4.828329110942742e-09         
2.174375000000000e+01         4.835687516889894e-09         
2.175000000000000e+01         4.843211301902307e-09         
2.175625000000000e+01         4.850907783986445e-09         
2.176250000000000e+01         4.858771757522298e-09         
2.176875000000000e+01         4.866804833565446e-09         
2.177500000000000e+01         4.875008576322782e-09         
2.178125000000000e+01         4.883380643255425e-09         
2.178750000000000e+01         4.891928379856128e-09         
2.179375000000000e+01         4.900645871357847e-09         
2.180000000000000e+01         4.909535690790761e-09         
2.180625000000000e+01         4.918599249225314e-09         
2.181250000000000e+01         4.927836024310953e-09         
2.181875000000000e+01         4.937247813465907e-09         
2.182500000000000e+01         4.946834469118705e-09         
2.183125000000000e+01         4.956596841771776e-09         
2.183750000000000e+01         4.966535596069012e-09         
2.184375000000000e+01         4.976651268495688e-09         
2.185000000000000e+01         4.986945204674324e-09         
2.185625000000000e+01         4.997419294893520e-09         
2.186250000000000e+01         5.008068548815347e-09         
2.186875000000000e+01         5.018899652976051e-09         
2.187500000000000e+01         5.029911441218226e-09         
2.188125000000000e+01         5.041104462767892e-09         
2.188750000000000e+01         5.052481449781469e-09         
2.189375000000000e+01         5.064037110647412e-09         
2.190000000000000e+01         5.075778333902988e-09         
2.190625000000000e+01         5.087703646392948e-09         
2.191250000000000e+01         5.099813961372650e-09         
2.191875000000000e+01         5.112111913905123e-09         
2.192500000000000e+01         5.124592154404445e-09         
2.193125000000000e+01         5.137263581787617e-09         
2.193750000000000e+01         5.150118752601762e-09         
2.194375000000000e+01         5.163164545626017e-09         
2.195000000000000e+01         5.176401667582006e-09         
2.195625000000000e+01         5.189824662783986e-09         
2.196250000000000e+01         5.203442570522511e-09         
2.196875000000000e+01         5.217248027454547e-09         
2.197500000000000e+01         5.231247613565558e-09         
2.198125000000000e+01         5.245442176441360e-09         
2.198750000000000e+01         5.259825981094424e-09         
2.199375000000000e+01         5.274408412789816e-09         
2.200000000000000e+01         5.289181605767386e-09         
2.200625000000000e+01         5.304152590411975e-09         
2.201250000000000e+01         5.319321948728580e-09         
2.201875000000000e+01         5.334683928985202e-09         
2.202500000000000e+01         5.350247943813782e-09         
2.203125000000000e+01         5.366005678514866e-09         
2.203750000000000e+01         5.381966357657373e-09         
2.204375000000000e+01         5.398124442531910e-09         
2.205000000000000e+01         5.414480029788418e-09         
2.205625000000000e+01         5.431040541623566e-09         
2.206250000000000e+01         5.447797581618044e-09         
2.206875000000000e+01         5.464760468859710e-09         
2.207500000000000e+01         5.481922893869488e-09         
2.208125000000000e+01         5.499285542321356e-09         
2.208750000000000e+01         5.516855269189961e-09         
2.209375000000000e+01         5.534623539611189e-09         
2.210000000000000e+01         5.552599641872491e-09         
2.210625000000000e+01         5.570777275411730e-09         
2.211250000000000e+01         5.589158845939617e-09         
2.211875000000000e+01         5.607744360777787e-09         
2.212500000000000e+01         5.626532211539411e-09         
2.213125000000000e+01         5.645528671202598e-09         
2.213750000000000e+01         5.664727588676700e-09         
2.214375000000000e+01         5.684130835119537e-09         
2.215000000000000e+01         5.703738537059854e-09         
2.215625000000000e+01         5.723548609411752e-09         
2.216250000000000e+01         5.743567186298552e-09         
2.216875000000000e+01         5.763787474288297e-09         
2.217500000000000e+01         5.784211461581049e-09         
2.218125000000000e+01         5.804838899774747e-09         
2.218750000000000e+01         5.825667078682080e-09         
2.219375000000000e+01         5.846702331053156e-09         
2.220000000000000e+01         5.867937046414116e-09         
2.220625000000000e+01         5.889373170709886e-09         
2.221250000000000e+01         5.911009641615546e-09         
2.221875000000000e+01         5.932845835247961e-09         
2.222500000000000e+01         5.954880732849663e-09         
2.223125000000000e+01         5.977113444950447e-09         
2.223750000000000e+01         5.999542646023796e-09         
2.224375000000000e+01         6.022167464103525e-09         
2.225000000000000e+01         6.044986194798958e-09         
2.225625000000000e+01         6.067997402898013e-09         
2.226250000000000e+01         6.091202162432724e-09         
2.226875000000000e+01         6.114591829758272e-09         
2.227500000000000e+01         6.138171139272453e-09         
2.228125000000000e+01         6.161936051368196e-09         
2.228750000000000e+01         6.185884741838968e-09         
2.229375000000000e+01         6.210016916743960e-09         
2.230000000000000e+01         6.234323669635215e-09         
2.230625000000000e+01         6.258808883093566e-09         
2.231250000000000e+01         6.283468384449489e-09         
2.231875000000000e+01         6.308298823120338e-09         
2.232500000000000e+01         6.333299434969777e-09         
2.233125000000000e+01         6.358460394403088e-09         
2.233750000000000e+01         6.383787567880310e-09         
2.234375000000000e+01         6.409268117349822e-09         
2.235000000000000e+01         6.434905306363982e-09         
2.235625000000000e+01         6.460695499911053e-09         
2.236250000000000e+01         6.486627434734856e-09         
2.236875000000000e+01         6.512706034463998e-09         
2.237500000000000e+01         6.538917779322784e-09         
2.238125000000000e+01         6.565264498393352e-09         
2.238750000000000e+01         6.591742305610390e-09         
2.239375000000000e+01         6.618337736423411e-09         
2.240000000000000e+01         6.645056088536827e-09         
2.240625000000000e+01         6.671881374012384e-09         
2.241250000000000e+01         6.698815085887518e-09         
2.241875000000000e+01         6.725851619888568e-09         
2.242500000000000e+01         6.752976967901520e-09         
2.243125000000000e+01         6.780194927075347e-09         
2.243750000000000e+01         6.807488096928698e-09         
2.244375000000000e+01         6.834860039066207e-09         
2.245000000000000e+01         6.862295434998310e-09         
2.245625000000000e+01         6.889786858193990e-09         
2.246250000000000e+01         6.917334221916875e-09         
2.246875000000000e+01         6.944918820050292e-09         
2.247500000000000e+01         6.972543159991117e-09         
2.248125000000000e+01         7.000190195802276e-09         
2.248750000000000e+01         7.027851307356139e-09         
2.249375000000000e+01         7.055525292217584e-09         
2.250000000000000e+01         7.083191532836676e-09         
2.250625000000000e+01         7.110851571550554e-09         
2.251250000000000e+01         7.138486874699574e-09         
2.251875000000000e+01         7.166089899936743e-09         
2.252500000000000e+01         7.193650216330863e-09         
2.253125000000000e+01         7.221154106189754e-09         
2.253750000000000e+01         7.248598510273767e-09         
2.254375000000000e+01         7.275963462605515e-09         
2.255000000000000e+01         7.303241454657112e-09         
2.255625000000000e+01         7.330418731284962e-09         
2.256250000000000e+01         7.357481249477471e-09         
2.256875000000000e+01         7.384424706995804e-09         
2.257500000000000e+01         7.411227611101505e-09         
2.258125000000000e+01         7.437881270747503e-09         
2.258750000000000e+01         7.464370544918732e-09         
2.259375000000000e+01         7.490681006481408e-09         
2.260000000000000e+01         7.516806401286899e-09         
2.260625000000000e+01         7.542724241265364e-09         
2.261250000000000e+01         7.568424889274626e-09         
2.261875000000000e+01         7.593892200379254e-09         
2.262500000000000e+01         7.619113995464314e-09         
2.263125000000000e+01         7.644073466471421e-09         
2.263750000000000e+01         7.668760834300021e-09         
2.264375000000000e+01         7.693152379168130e-09         
2.265000000000000e+01         7.717240721707499e-09         
2.265625000000000e+01         7.741009902224050e-09         
2.266250000000000e+01         7.764443079968281e-09         
2.266875000000000e+01         7.787529845768215e-09         
2.267500000000000e+01         7.810245589760605e-09         
2.268125000000000e+01         7.832584543546311e-09         
2.268750000000000e+01         7.854528902071272e-09         
2.269375000000000e+01         7.876062786815170e-09         
2.270000000000000e+01         7.897175282164935e-09         
2.270625000000000e+01         7.917842482877038e-09         
2.271250000000000e+01         7.938058683019967e-09         
2.271875000000000e+01         7.957806487080402e-09         
2.272500000000000e+01         7.977071517145411e-09         
2.273125000000000e+01         7.995842853797265e-09         
2.273750000000000e+01         8.014097235078866e-09         
2.274375000000000e+01         8.031833493492966e-09         
2.275000000000000e+01         8.049026091118411e-09         
2.275625000000000e+01         8.065671219995446e-09         
2.276250000000000e+01         8.081755740191992e-09         
2.276875000000000e+01         8.097258618760983e-09         
2.277500000000000e+01         8.112179785617552e-09         
2.278125000000000e+01         8.126495787953243e-09         
2.278750000000000e+01         8.140204495345863e-09         
2.279375000000000e+01         8.153295301164439e-09         
2.280000000000000e+01         8.165748822654885e-09         
2.280625000000000e+01         8.177567795259016e-09         
2.281250000000000e+01         8.188730641497276e-09         
2.281875000000000e+01         8.199241120418967e-09         
2.282500000000000e+01         8.209081502334625e-09         
2.283125000000000e+01         8.218245887149878e-09         
2.283750000000000e+01         8.226735272352128e-09         
2.284375000000000e+01         8.234531338887491e-09         
2.285000000000000e+01         8.241641107984104e-09         
2.285625000000000e+01         8.248049946588438e-09         
2.286250000000000e+01         8.253755037253442e-09         
2.286875000000000e+01         8.258759837370919e-09         
2.287500000000000e+01         8.263051348751101e-09         
2.288125000000000e+01         8.266638351546565e-09         
2.288750000000000e+01         8.269509713109300e-09         
2.289375000000000e+01         8.271666192532849e-09         
2.290000000000000e+01         8.273115014326046e-09         
2.290625000000000e+01         8.273846106787883e-09         
2.291250000000000e+01         8.273871746670671e-09         
2.291875000000000e+01         8.273185387109570e-09         
2.292500000000000e+01         8.271793212064376e-09         
2.293125000000000e+01         8.269696846111751e-09         
2.293750000000000e+01         8.266898935950563e-09         
2.294375000000000e+01         8.263411870622149e-09         
2.295000000000000e+01         8.259233091804292e-09         
2.295625000000000e+01         8.254370718126693e-09         
2.296250000000000e+01         8.248831476799153e-09         
2.296875000000000e+01         8.242620054747843e-09         
2.297500000000000e+01         8.235751786025752e-09         
2.298125000000000e+01         8.228227138213040e-09         
2.298750000000000e+01         8.220057545460568e-09         
2.299375000000000e+01         8.211252322903841e-09         
2.300000000000000e+01         8.201821938034331e-09         
2.300625000000000e+01         8.191775209866873e-09         
2.301250000000000e+01         8.181124167731620e-09         
2.301875000000000e+01         8.169879868417433e-09         
2.302500000000000e+01         8.158053560715757e-09         
2.303125000000000e+01         8.145657147419282e-09         
2.303750000000000e+01         8.132703475441653e-09         
2.304375000000000e+01         8.119207728646197e-09         
2.305000000000000e+01         8.105174366504363e-09         
2.305625000000000e+01         8.090625122819609e-09         
2.306250000000000e+01         8.075570843149077e-09         
2.306875000000000e+01         8.060025017733191e-09         
2.307500000000000e+01         8.044004509270880e-09         
2.308125000000000e+01         8.027514500316911e-09         
2.308750000000000e+01         8.010578420906081e-09         
2.309375000000000e+01         7.993207209600692e-09         
2.310000000000000e+01         7.975415618602497e-09         
2.310625000000000e+01         7.957220948481132e-09         
2.311250000000000e+01         7.938629534279476e-09         
2.311875000000000e+01         7.919663950713401e-09         
2.312500000000000e+01         7.900336208686484e-09         
2.313125000000000e+01         7.880660970426292e-09         
2.313750000000000e+01         7.860655407410191e-09         
2.314375000000000e+01         7.840326232374254e-09         
2.315000000000000e+01         7.819698071515898e-09         
2.315625000000000e+01         7.798775340056356e-09         
2.316250000000000e+01         7.777579773544314e-09         
2.316875000000000e+01         7.756125588632540e-09         
2.317500000000000e+01         7.734418884920083e-09         
2.318125000000000e+01         7.712483872341822e-09         
2.318750000000000e+01         7.690324318132761e-09         
2.319375000000000e+01         7.667960517836511e-09         
2.320000000000000e+01         7.645407151654214e-09         
2.320625000000000e+01         7.622668663772520e-09         
2.321250000000000e+01         7.599768262662664e-09         
2.321875000000000e+01         7.576708872040927e-09         
2.322500000000000e+01         7.553512698567477e-09         
2.323125000000000e+01         7.530184548510164e-09         
2.323750000000000e+01         7.506736762699388e-09         
2.324375000000000e+01         7.483188322322697e-09         
2.325000000000000e+01         7.459540623788457e-09         
2.325625000000000e+01         7.435815196801288e-09         
2.326250000000000e+01         7.412015573663185e-09         
2.326875000000000e+01         7.388151939433136e-09         
2.327500000000000e+01         7.364243428624601e-09         
2.328125000000000e+01         7.340289432048659e-09         
2.328750000000000e+01         7.316309829747025e-09         
2.329375000000000e+01         7.292307083546878e-09         
2.330000000000000e+01         7.268290681574316e-09         
2.330625000000000e+01         7.244277535781977e-09         
2.331250000000000e+01         7.220265840014990e-09         
2.331875000000000e+01         7.196275009974866e-09         
2.332500000000000e+01         7.172305648441789e-09         
2.333125000000000e+01         7.148368126899538e-09         
2.333750000000000e+01         7.124470466587750e-09         
2.334375000000000e+01         7.100617883424974e-09         
2.335000000000000e+01         7.076825384216457e-09         
2.335625000000000e+01         7.053092259740608e-09         
2.336250000000000e+01         7.029428015685361e-09         
2.336875000000000e+01         7.005839316633748e-09         
2.337500000000000e+01         6.982329960915442e-09         
2.338125000000000e+01         6.958913982326176e-09         
2.338750000000000e+01         6.935589238305552e-09         
2.339375000000000e+01         6.912364715110524e-09         
2.340000000000000e+01         6.889245222957786e-09         
2.340625000000000e+01         6.866236221517745e-09         
2.341250000000000e+01         6.843342893319972e-09         
2.341875000000000e+01         6.820569882142991e-09         
2.342500000000000e+01         6.797922343817068e-09         
2.343125000000000e+01         6.775404114452241e-09         
2.343750000000000e+01         6.753019962707998e-09         
2.344375000000000e+01         6.730773714097737e-09         
2.345000000000000e+01         6.708671636963920e-09         
2.345625000000000e+01         6.686710554598810e-09         
2.346250000000000e+01         6.664900861569275e-09         
2.346875000000000e+01         6.643243896084880e-09         
2.347500000000000e+01         6.621742585254894e-09         
2.348125000000000e+01         6.600402477954144e-09         
2.348750000000000e+01         6.579219638160485e-09         
2.349375000000000e+01         6.558203457410553e-09         
2.350000000000000e+01         6.537354504210400e-09         
2.350625000000000e+01         6.516675261615035e-09         
2.351250000000000e+01         6.496170197160896e-09         
2.351875000000000e+01         6.475834949928486e-09         
2.352500000000000e+01         6.455680534695743e-09         
2.353125000000000e+01         6.435699648601329e-09         
2.353750000000000e+01         6.415901306842676e-09         
2.354375000000000e+01         6.396287085622734e-09         
2.355000000000000e+01         6.376851790479753e-09         
2.355625000000000e+01         6.357606131321104e-09         
2.356250000000000e+01         6.338542361128011e-09         
2.356875000000000e+01         6.319668521408180e-09         
2.357500000000000e+01         6.300986194142013e-09         
2.358125000000000e+01         6.282489435618820e-09         
2.358750000000000e+01         6.264188401051558e-09         
2.359375000000000e+01         6.246075051384276e-09         
2.360000000000000e+01         6.228157037861128e-09         
2.360625000000000e+01         6.210435330278892e-09         
2.361250000000000e+01         6.192903543402156e-09         
2.361875000000000e+01         6.175571697884342e-09         
2.362500000000000e+01         6.158431207229564e-09         
2.363125000000000e+01         6.141491774389922e-09         
2.363750000000000e+01         6.124746964910250e-09         
2.364375000000000e+01         6.108197217849226e-09         
2.365000000000000e+01         6.091849789206594e-09         
2.365625000000000e+01         6.075695904905207e-09         
2.366250000000000e+01         6.059744727174752e-09         
2.366875000000000e+01         6.043989995163206e-09         
2.367500000000000e+01         6.028431502251350e-09         
2.368125000000000e+01         6.013076187951540e-09         
2.368750000000000e+01         5.997915572814549e-09         
2.369375000000000e+01         5.982958165369074e-09         
2.370000000000000e+01         5.968197650621309e-09         
2.370625000000000e+01         5.953633476844538e-09         
2.371250000000000e+01         5.939272743580394e-09         
2.371875000000000e+01         5.925106360962956e-09         
2.372500000000000e+01         5.911142812181472e-09         
2.373125000000000e+01         5.897375871245296e-09         
2.373750000000000e+01         5.883806868832236e-09         
2.374375000000000e+01         5.870436108233977e-09         
2.375000000000000e+01         5.857260794377707e-09         
2.375625000000000e+01         5.844287585235321e-09         
2.376250000000000e+01         5.831509682369457e-09         
2.376875000000000e+01         5.818928540321198e-09         
2.377500000000000e+01         5.806544569098158e-09         
2.378125000000000e+01         5.794354542359984e-09         
2.378750000000000e+01         5.782365045447531e-09         
2.379375000000000e+01         5.770569119336708e-09         
2.380000000000000e+01         5.758968464087894e-09         
2.380625000000000e+01         5.747563133646644e-09         
2.381250000000000e+01         5.736352185738447e-09         
2.381875000000000e+01         5.725335872995652e-09         
2.382500000000000e+01         5.714513096645313e-09         
2.383125000000000e+01         5.703884095079114e-09         
2.383750000000000e+01         5.693448006449088e-09         
2.384375000000000e+01         5.683204423911614e-09         
2.385000000000000e+01         5.673153520728298e-09         
2.385625000000000e+01         5.663296345068991e-09         
2.386250000000000e+01         5.653626554365621e-09         
2.386875000000000e+01         5.644149823927384e-09         
2.387500000000000e+01         5.634863663727851e-09         
2.388125000000000e+01         5.625767765383474e-09         
2.388750000000000e+01         5.616863632452839e-09         
2.389375000000000e+01         5.608144956369697e-09         
2.390000000000000e+01         5.599617298148368e-09         
2.390625000000000e+01         5.591278080606643e-09         
2.391250000000000e+01         5.583127176274401e-09         
2.391875000000000e+01         5.575166064255041e-09         
2.392500000000000e+01         5.567388238843512e-09         
2.393125000000000e+01         5.559801519833247e-09         
2.393750000000000e+01         5.552397378180489e-09         
2.394375000000000e+01         5.545181519869058e-09         
2.395000000000000e+01         5.538153489961668e-09         
2.395625000000000e+01         5.531307155255690e-09         
2.396250000000000e+01         5.524649948883121e-09         
2.396875000000000e+01         5.518173617318332e-09         
2.397500000000000e+01         5.511883788147451e-09         
2.398125000000000e+01         5.505780459930396e-09         
2.398750000000000e+01         5.499856628680049e-09         
2.399375000000000e+01         5.494120419088830e-09         
2.400000000000000e+01         5.488563711094462e-09         
2.400625000000000e+01         5.483192007835189e-09         
2.401250000000000e+01         5.478005302153533e-09         
2.401875000000000e+01         5.472996681493821e-09         
2.402500000000000e+01         5.468174792567741e-09         
2.403125000000000e+01         5.463530388263105e-09         
2.403750000000000e+01         5.459072142461000e-09         
2.404375000000000e+01         5.454793755302758e-09         
2.405000000000000e+01         5.450694285916712e-09         
2.405625000000000e+01         5.446780650469307e-09         
2.406250000000000e+01         5.443043553808570e-09         
2.406875000000000e+01         5.439491928370299e-09         
2.407500000000000e+01         5.436118911260847e-09         
2.408125000000000e+01         5.432924284232344e-09         
2.408750000000000e+01         5.429914760096417e-09         
2.409375000000000e+01         5.427081338984057e-09         
2.410000000000000e+01         5.424432849447823e-09         
2.410625000000000e+01         5.421962362687704e-09         
2.411250000000000e+01         5.419672245590164e-09         
2.411875000000000e+01         5.417562369745750e-09         
2.412500000000000e+01         5.415630802034207e-09         
2.413125000000000e+01         5.413883827832770e-09         
2.413750000000000e+01         5.412314981229856e-09         
2.414375000000000e+01         5.410926677175749e-09         
2.415000000000000e+01         5.409718819181689e-09         
2.415625000000000e+01         5.408689337905892e-09         
2.416250000000000e+01         5.407844497055817e-09         
2.416875000000000e+01         5.407178374506087e-09         
2.417500000000000e+01         5.406693126565149e-09         
2.418125000000000e+01         5.406388869444943e-09         
2.418750000000000e+01         5.406263721940347e-09         
2.419375000000000e+01         5.406324016262031e-09         
2.420000000000000e+01         5.406563891370633e-09         
2.420625000000000e+01         5.406985513449134e-09         
2.421250000000000e+01         5.407589338477585e-09         
2.421875000000000e+01         5.408375203772587e-09         
2.422500000000000e+01         5.409343753821326e-09         
2.423125000000000e+01         5.410495128416311e-09         
2.423750000000000e+01         5.411829641521583e-09         
2.424375000000000e+01         5.413347638357978e-09         
2.425000000000000e+01         5.415049655041422e-09         
2.425625000000000e+01         5.416935879638240e-09         
2.426250000000000e+01         5.419009222148687e-09         
2.426875000000000e+01         5.421262924868819e-09         
2.427500000000000e+01         5.423704587138683e-09         
2.428125000000000e+01         5.426332185096438e-09         
2.428750000000000e+01         5.429146352846488e-09         
2.429375000000000e+01         5.432149785981853e-09         
2.430000000000000e+01         5.435336196789392e-09         
2.430625000000000e+01         5.438713236705793e-09         
2.431250000000000e+01         5.442278277079517e-09         
2.431875000000000e+01         5.446032983439011e-09         
2.432500000000000e+01         5.449979739974986e-09         
2.433125000000000e+01         5.454112441714661e-09         
2.433750000000000e+01         5.458440906758591e-09         
2.434375000000000e+01         5.462956782803207e-09         
2.435000000000000e+01         5.467667710405874e-09         
2.435625000000000e+01         5.472573645438522e-09         
2.436250000000000e+01         5.477669412840005e-09         
2.436875000000000e+01         5.482964417673919e-09         
2.437500000000000e+01         5.488450585724765e-09         
2.438125000000000e+01         5.494135973691357e-09         
2.438750000000000e+01         5.500020204422752e-09         
2.439375000000000e+01         5.506098779594456e-09         
2.440000000000000e+01         5.512380224336497e-09         
2.440625000000000e+01         5.518857663556423e-09         
2.441250000000000e+01         5.525538667664310e-09         
2.441875000000000e+01         5.532423222285368e-09         
2.442500000000000e+01         5.539506864866120e-09         
2.443125000000000e+01         5.546798331487710e-09         
2.443750000000000e+01         5.554290980810362e-09         
2.444375000000000e+01         5.561993841204222e-09         
2.445000000000000e+01         5.569901644084048e-09         
2.445625000000000e+01         5.578016036503568e-09         
2.446250000000000e+01         5.586343988848355e-09         
2.446875000000000e+01         5.594878682158253e-09         
2.447500000000000e+01         5.603629225115257e-09         
2.448125000000000e+01         5.612590912366714e-09         
2.448750000000000e+01         5.621765139843605e-09         
2.449375000000000e+01         5.631159018163389e-09         
2.450000000000000e+01         5.640766037629583e-09         
2.450625000000000e+01         5.650595491782268e-09         
2.451250000000000e+01         5.660642712449421e-09         
2.451875000000000e+01         5.670911134271219e-09         
2.452500000000000e+01         5.681402385648507e-09         
2.453125000000000e+01         5.692115538568510e-09         
2.453750000000000e+01         5.703058527928585e-09         
2.454375000000000e+01         5.714226819004869e-09         
2.455000000000000e+01         5.725623237442121e-09         
2.455625000000000e+01         5.737250167163227e-09         
2.456250000000000e+01         5.749107064547673e-09         
2.456875000000000e+01         5.761201544438867e-09         
2.457500000000000e+01         5.773529510712749e-09         
2.458125000000000e+01         5.786093798150608e-09         
2.458750000000000e+01         5.798897411832604e-09         
2.459375000000000e+01         5.811938808600772e-09         
2.460000000000000e+01         5.825226785569740e-09         
2.460625000000000e+01         5.838756957677231e-09         
2.461250000000000e+01         5.852532613064103e-09         
2.461875000000000e+01         5.866556555402924e-09         
2.462500000000000e+01         5.880829758245991e-09         
2.463125000000000e+01         5.895355095114929e-09         
2.463750000000000e+01         5.910135842374625e-09         
2.464375000000000e+01         5.925167780494199e-09         
2.465000000000000e+01         5.940460155335880e-09         
2.465625000000000e+01         5.956011793162878e-09         
2.466250000000000e+01         5.971825766501966e-09         
2.466875000000000e+01         5.987905533696954e-09         
2.467500000000000e+01         6.004247296235277e-09         
2.468125000000000e+01         6.020859651743224e-09         
2.468750000000000e+01         6.037742345473225e-09         
2.469375000000000e+01         6.054898298503619e-09         
2.470000000000000e+01         6.072331376993035e-09         
2.470625000000000e+01         6.090037628044621e-09         
2.471250000000000e+01         6.108025916935248e-09         
2.471875000000000e+01         6.126296207284484e-09         
2.472500000000000e+01         6.144851294889990e-09         
2.473125000000000e+01         6.163695536905280e-09         
2.473750000000000e+01         6.182825046371803e-09         
2.474375000000000e+01         6.202250937046869e-09         
2.475000000000000e+01         6.221966861683369e-09         
2.475625000000000e+01         6.241982127109719e-09         
2.476250000000000e+01         6.262299145948924e-09         
2.476875000000000e+01         6.282914084083030e-09         
2.477500000000000e+01         6.303838380548992e-09         
2.478125000000000e+01         6.325065692016223e-09         
2.478750000000000e+01         6.346605501358279e-09         
2.479375000000000e+01         6.368460250600489e-09         
2.480000000000000e+01         6.390626251796717e-09         
2.480625000000000e+01         6.413115022388320e-09         
2.481250000000000e+01         6.435920495147769e-09         
2.481875000000000e+01         6.459054402953932e-09         
2.482500000000000e+01         6.482512679952290e-09         
2.483125000000000e+01         6.506298144684415e-09         
2.483750000000000e+01         6.530420584008091e-09         
2.484375000000000e+01         6.554873610678582e-09         
2.485000000000000e+01         6.579669165346820e-09         
2.485625000000000e+01         6.604803487337205e-09         
2.486250000000000e+01         6.630278932577427e-09         
2.486875000000000e+01         6.656106107889341e-09         
2.487500000000000e+01         6.682277455055513e-09         
2.488125000000000e+01         6.708806297078691e-09         
2.488750000000000e+01         6.735688240441780e-09         
2.489375000000000e+01         6.762925329983361e-09         
2.490000000000000e+01         6.790528636907946e-09         
2.490625000000000e+01         6.818490745409123e-09         
2.491250000000000e+01         6.846824241901040e-09         
2.491875000000000e+01         6.875525073495561e-09         
2.492500000000000e+01         6.904597924312214e-09         
2.493125000000000e+01         6.934046121427522e-09         
2.493750000000000e+01         6.963869712237886e-09         
2.494375000000000e+01         6.994078734429849e-09         
2.495000000000000e+01         7.024668549171664e-09         
2.495625000000000e+01         7.055644233178299e-09         
2.496250000000000e+01         7.087008463636441e-09         
2.496875000000000e+01         7.118761357685869e-09         
2.497500000000000e+01         7.150912727491316e-09         
2.498125000000000e+01         7.183457649705477e-09         
2.498750000000000e+01         7.216400967523429e-09         
2.499375000000000e+01         7.249745010655434e-09         
2.500000000000000e+01         7.283489419814663e-09         
2.500625000000000e+01         7.317643683214987e-09         
2.501250000000000e+01         7.352202680077829e-09         
2.501875000000000e+01         7.387170606206173e-09         
2.502500000000000e+01         7.422549468855068e-09         
2.503125000000000e+01         7.458340800534350e-09         
2.503750000000000e+01         7.494546333947550e-09         
2.504375000000000e+01         7.531169825161980e-09         
2.505000000000000e+01         7.568205120571675e-09         
2.505625000000000e+01         7.605661063398143e-09         
2.506250000000000e+01         7.643536010444257e-09         
2.506875000000000e+01         7.681830844281529e-09         
2.507500000000000e+01         7.720548427207400e-09         
2.508125000000000e+01         7.759681493946718e-09         
2.508750000000000e+01         7.799238296625726e-09         
2.509375000000000e+01         7.839216086595524e-09         
2.510000000000000e+01         7.879614579280035e-09         
2.510625000000000e+01         7.920435871766126e-09         
2.511250000000000e+01         7.961671302724538e-09         
2.511875000000000e+01         8.003327730716693e-09         
2.512500000000000e+01         8.045401057400037e-09         
2.513125000000000e+01         8.087889581562615e-09         
2.513750000000000e+01         8.130794046955742e-09         
2.514375000000000e+01         8.174103794157995e-09         
2.515000000000000e+01         8.217827039047305e-09         
2.515625000000000e+01         8.261949952773525e-09         
2.516250000000000e+01         8.306476615154870e-09         
2.516875000000000e+01         8.351403832716467e-09         
2.517500000000000e+01         8.396718354994868e-09         
2.518125000000000e+01         8.442426493908524e-09         
2.518750000000000e+01         8.488511723925670e-09         
2.519375000000000e+01         8.534976495773247e-09         
2.520000000000000e+01         8.581814821065594e-09         
2.520625000000000e+01         8.629010460911609e-09         
2.521250000000000e+01         8.676567646185520e-09         
2.521875000000000e+01         8.724467027386912e-09         
2.522500000000000e+01         8.772710625566838e-09         
2.523125000000000e+01         8.821280555349987e-09         
2.523750000000000e+01         8.870167027146160e-09         
2.524375000000000e+01         8.919367233712164e-09         
2.525000000000000e+01         8.968858703112476e-09         
2.525625000000000e+01         9.018639871180586e-09         
2.526250000000000e+01         9.068689502242838e-09         
2.526875000000000e+01         9.118993181515173e-09         
2.527500000000000e+01         9.169545441582063e-09         
2.528125000000000e+01         9.220318409000853e-09         
2.528750000000000e+01         9.271307147092323e-09         
2.529375000000000e+01         9.322486003166024e-09         
2.530000000000000e+01         9.373835998597491e-09         
2.530625000000000e+01         9.425346999655555e-09         
2.531250000000000e+01         9.476986176627436e-09         
2.531875000000000e+01         9.528745317246958e-09         
2.532500000000000e+01         9.580591958654632e-09         
2.533125000000000e+01         9.632506416537654e-09         
2.533750000000000e+01         9.684463669237949e-09         
2.534375000000000e+01         9.736435365137097e-09         
2.535000000000000e+01         9.788404442785722e-09         
2.535625000000000e+01         9.840333882900795e-09         
2.536250000000000e+01         9.892197722461585e-09         
2.536875000000000e+01         9.943966339451774e-09         
2.537500000000000e+01         9.995605310882382e-09         
2.538125000000000e+01         1.004709264780878e-08         
2.538750000000000e+01         1.009838481487864e-08         
2.539375000000000e+01         1.014945218850627e-08         
2.540000000000000e+01         1.020025800557747e-08         
2.540625000000000e+01         1.025076669797674e-08         
2.541250000000000e+01         1.030094080545594e-08         
2.541875000000000e+01         1.035074123354533e-08         
2.542500000000000e+01         1.040013068055209e-08         
2.543125000000000e+01         1.044906646997525e-08         
2.543750000000000e+01         1.049750952906528e-08         
2.544375000000000e+01         1.054541679354239e-08         
2.545000000000000e+01         1.059274896631171e-08         
2.545625000000000e+01         1.063945360874732e-08         
2.546250000000000e+01         1.068549490934764e-08         
2.546875000000000e+01         1.073082731573299e-08         
2.547500000000000e+01         1.077540385411943e-08         
2.548125000000000e+01         1.081918274090380e-08         
2.548750000000000e+01         1.086210877844456e-08         
2.549375000000000e+01         1.090414482647809e-08         
2.550000000000000e+01         1.094524346383026e-08         
2.550625000000000e+01         1.098535590971158e-08         
2.551250000000000e+01         1.102444217812829e-08         
2.551875000000000e+01         1.106244480758215e-08         
2.552500000000000e+01         1.109933202012193e-08         
2.553125000000000e+01         1.113504587829120e-08         
2.553750000000000e+01         1.116955102868096e-08         
2.554375000000000e+01         1.120280601691587e-08         
2.555000000000000e+01         1.123475564516627e-08         
2.555625000000000e+01         1.126537371558212e-08         
2.556250000000000e+01         1.129460493818849e-08         
2.556875000000000e+01         1.132242010380950e-08         
2.557500000000000e+01         1.134878250408218e-08         
2.558125000000000e+01         1.137364399207380e-08         
2.558750000000000e+01         1.139698545216944e-08         
2.559375000000000e+01         1.141875852103732e-08         
2.560000000000000e+01         1.143894371463804e-08         
2.560625000000000e+01         1.145751251512312e-08         
2.561250000000000e+01         1.147442654761826e-08         
2.561875000000000e+01         1.148967663652140e-08         
2.562500000000000e+01         1.150322543882842e-08         
2.563125000000000e+01         1.151506868549118e-08         
2.563750000000000e+01         1.152517774182731e-08         
2.564375000000000e+01         1.153353816382859e-08         
2.565000000000000e+01         1.154014952691749e-08         
2.565625000000000e+01         1.154498725941729e-08         
2.566250000000000e+01         1.154806044795330e-08         
2.566875000000000e+01         1.154935333626629e-08         
2.567500000000000e+01         1.154886676914820e-08         
2.568125000000000e+01         1.154661256337710e-08         
2.568750000000000e+01         1.154258039378156e-08         
2.569375000000000e+01         1.153679328045434e-08         
2.570000000000000e+01         1.152924930000270e-08         
2.570625000000000e+01         1.151996296864751e-08         
2.571250000000000e+01         1.150895955616620e-08         
2.571875000000000e+01         1.149624226531661e-08         
2.572500000000000e+01         1.148184716417034e-08         
2.573125000000000e+01         1.146578483481081e-08         
2.573750000000000e+01         1.144808650228029e-08         
2.574375000000000e+01         1.142877686460708e-08         
2.575000000000000e+01         1.140788403088523e-08         
2.575625000000000e+01         1.138544953189731e-08         
2.576250000000000e+01         1.136149508567749e-08         
2.576875000000000e+01         1.133606130691020e-08         
2.577500000000000e+01         1.130918288014119e-08         
2.578125000000000e+01         1.128089655104060e-08         
2.578750000000000e+01         1.125125076794240e-08         
2.579375000000000e+01         1.122027690081498e-08         
2.580000000000000e+01         1.118802053995924e-08         
2.580625000000000e+01         1.115452271356576e-08         
2.581250000000000e+01         1.111982953730710e-08         
2.581875000000000e+01         1.108398282653204e-08         
2.582500000000000e+01         1.104702937222860e-08         
2.583125000000000e+01         1.100901367339227e-08         
2.583750000000000e+01         1.096998149223777e-08         
2.584375000000000e+01         1.092997898896875e-08         
2.585000000000000e+01         1.088905047198882e-08         
2.585625000000000e+01         1.084724695789846e-08         
2.586250000000000e+01         1.080460260326712e-08         
2.586875000000000e+01         1.076117360025392e-08         
2.587500000000000e+01         1.071700159636975e-08         
2.588125000000000e+01         1.067213102892593e-08         
2.588750000000000e+01         1.062660943097942e-08         
2.589375000000000e+01         1.058046968788889e-08         
2.590000000000000e+01         1.053376536712943e-08         
2.590625000000000e+01         1.048653491396216e-08         
2.591250000000000e+01         1.043881988986794e-08         
2.591875000000000e+01         1.039066383228861e-08         
2.592500000000000e+01         1.034209626410038e-08         
2.593125000000000e+01         1.029316958777805e-08         
2.593750000000000e+01         1.024390770117106e-08         
2.594375000000000e+01         1.019435742252163e-08         
2.595000000000000e+01         1.014455467151121e-08         
2.595625000000000e+01         1.009452385934209e-08         
2.596250000000000e+01         1.004431216272240e-08         
2.596875000000000e+01         9.993938445874152e-09         
2.597500000000000e+01         9.943444401140490e-09         
2.598125000000000e+01         9.892859744735543e-09         
2.598750000000000e+01         9.842205293556886e-09         
2.599375000000000e+01         9.791521070920777e-09         
2.600000000000000e+01         9.740821350284761e-09         
2.600625000000000e+01         9.690142121898598e-09         
2.601250000000000e+01         9.639507829949241e-09         
2.601875000000000e+01         9.588934281314674e-09         
2.602500000000000e+01         9.538454916094601e-09         
2.603125000000000e+01         9.488081257457471e-09         
2.603750000000000e+01         9.437844982291421e-09         
2.604375000000000e+01         9.387757067025649e-09         
2.605000000000000e+01         9.337837342927423e-09         
2.605625000000000e+01         9.288111635964176e-09         
2.606250000000000e+01         9.238586240637462e-09         
2.606875000000000e+01         9.189288106744739e-09         
2.607500000000000e+01         9.140224378231908e-09         
2.608125000000000e+01         9.091409735089404e-09         
2.608750000000000e+01         9.042865813878673e-09         
2.609375000000000e+01         8.994594871265878e-09         
2.610000000000000e+01         8.946619408383388e-09         
2.610625000000000e+01         8.898942988997289e-09         
2.611250000000000e+01         8.851579117922427e-09         
2.611875000000000e+01         8.804537391110667e-09         
2.612500000000000e+01         8.757824724608231e-09         
2.613125000000000e+01         8.711457581325047e-09         
2.613750000000000e+01         8.665436045128428e-09         
2.614375000000000e+01         8.619770311429611e-09         
2.615000000000000e+01         8.574467206768752e-09         
2.615625000000000e+01         8.529530199863787e-09         
2.616250000000000e+01         8.484973519916237e-09         
2.616875000000000e+01         8.440794281532531e-09         
2.617500000000000e+01         8.396999689985661e-09         
2.618125000000000e+01         8.353594509238763e-09         
2.618750000000000e+01         8.310579572890883e-09         
2.619375000000000e+01         8.267966913415342e-09         
2.620000000000000e+01         8.225751373227582e-09         
2.620625000000000e+01         8.183938277803721e-09         
2.621250000000000e+01         8.142530089112430e-09         
2.621875000000000e+01         8.101529025535761e-09         
2.622500000000000e+01         8.060936503175179e-09         
2.623125000000000e+01         8.020754069613726e-09         
2.623750000000000e+01         7.980982738840471e-09         
2.624375000000000e+01         7.941623548405481e-09         
2.625000000000000e+01         7.902677007353688e-09         
2.625625000000000e+01         7.864143170484511e-09         
2.626250000000000e+01         7.826024928431781e-09         
2.626875000000000e+01         7.788314600770009e-09         
2.627500000000000e+01         7.751019212913059e-09         
2.628125000000000e+01         7.714135888479368e-09         
2.628750000000000e+01         7.677663827005359e-09         
2.629375000000000e+01         7.641604631015266e-09         
2.630000000000000e+01         7.605950068399520e-09         
2.630625000000000e+01         7.570705767897007e-09         
2.631250000000000e+01         7.535868624882757e-09         
2.631875000000000e+01         7.501436596922030e-09         
2.632500000000000e+01         7.467410591896891e-09         
2.633125000000000e+01         7.433781935766689e-09         
2.633750000000000e+01         7.400558174925157e-09         
2.634375000000000e+01         7.367727968983794e-09         
2.635000000000000e+01         7.335296186991972e-09         
2.635625000000000e+01         7.303261087676043e-09         
2.636250000000000e+01         7.271613129370537e-09         
2.636875000000000e+01         7.240359645492436e-09         
2.637500000000000e+01         7.209488869266826e-09         
2.638125000000000e+01         7.179005445962799e-09         
2.638750000000000e+01         7.148906878155507e-09         
2.639375000000000e+01         7.119183682082468e-09         
2.640000000000000e+01         7.089842859102170e-09         
2.640625000000000e+01         7.060872403682025e-09         
2.641250000000000e+01         7.032276563581176e-09         
2.641875000000000e+01         7.004052782759668e-09         
2.642500000000000e+01         6.976191640428972e-09         
2.643125000000000e+01         6.948699538643943e-09         
2.643750000000000e+01         6.921564691615840e-09         
2.644375000000000e+01         6.894793322514128e-09         
2.645000000000000e+01         6.868376060627318e-09         
2.645625000000000e+01         6.842310129825966e-09         
2.646250000000000e+01         6.816599521252338e-09         
2.646875000000000e+01         6.791232542976514e-09         
2.647500000000000e+01         6.766215379171254e-09         
2.648125000000000e+01         6.741538481405555e-09         
2.648750000000000e+01         6.717199441994633e-09         
2.649375000000000e+01         6.693201816591933e-09         
2.650000000000000e+01         6.669534232536765e-09         
2.650625000000000e+01         6.646202765909021e-09         
2.651250000000000e+01         6.623197935924636e-09         
2.651875000000000e+01         6.600519500469711e-09         
2.652500000000000e+01         6.578164633648772e-09         
2.653125000000000e+01         6.556128438838536e-09         
2.653750000000000e+01         6.534414923749861e-09         
2.654375000000000e+01         6.513014851246674e-09         
2.655000000000000e+01         6.491927570762365e-09         
2.655625000000000e+01         6.471151018304029e-09         
2.656250000000000e+01         6.450680142126543e-09         
2.656875000000000e+01         6.430518828298201e-09         
2.657500000000000e+01         6.410658178465987e-09         
2.658125000000000e+01         6.391097596696378e-09         
2.658750000000000e+01         6.371835201003195e-09         
2.659375000000000e+01         6.352865742005487e-09         
2.660000000000000e+01         6.334193575275280e-09         
2.660625000000000e+01         6.315809826660889e-09         
2.661250000000000e+01         6.297714058111848e-09         
2.661875000000000e+01         6.279904417544373e-09         
2.662500000000000e+01         6.262378111553976e-09         
2.663125000000000e+01         6.245133092990410e-09         
2.663750000000000e+01         6.228169033578512e-09         
2.664375000000000e+01         6.211477520848312e-09         
2.665000000000000e+01         6.195062861851694e-09         
2.665625000000000e+01         6.178920365097342e-09         
2.666250000000000e+01         6.163048318905840e-09         
2.666875000000000e+01         6.147446273067662e-09         
2.667500000000000e+01         6.132106186682846e-09         
2.668125000000000e+01         6.117032172593651e-09         
2.668750000000000e+01         6.102219970167405e-09         
2.669375000000000e+01         6.087668200230095e-09         
2.670000000000000e+01         6.073376279341707e-09         
2.670625000000000e+01         6.059336665372179e-09         
2.671250000000000e+01         6.045552916266420e-09         
2.671875000000000e+01         6.032021649594084e-09         
2.672500000000000e+01         6.018740938061045e-09         
2.673125000000000e+01         6.005711031411830e-09         
2.673750000000000e+01         5.992924235680826e-09         
2.674375000000000e+01         5.980386478890096e-09         
2.675000000000000e+01         5.968088601621560e-09         
2.675625000000000e+01         5.956034344197990e-09         
2.676250000000000e+01         5.944222409265357e-09         
2.676875000000000e+01         5.932645179640222e-09         
2.677500000000000e+01         5.921308984346923e-09         
2.678125000000000e+01         5.910204394851760e-09         
2.678750000000000e+01         5.899335659099989e-09         
2.679375000000000e+01         5.888701130096386e-09         
2.680000000000000e+01         5.878294146961254e-09         
2.680625000000000e+01         5.868120429097555e-09         
2.681250000000000e+01         5.858171239812714e-09         
2.681875000000000e+01         5.848452661033780e-09         
2.682500000000000e+01         5.838958027429387e-09         
2.683125000000000e+01         5.829685122457301e-09         
2.683750000000000e+01         5.820639166957780e-09         
2.684375000000000e+01         5.811811161288059e-09         
2.685000000000000e+01         5.803207491534471e-09         
2.685625000000000e+01         5.794821344520248e-09         
2.686250000000000e+01         5.786651070297147e-09         
2.686875000000000e+01         5.778701881928585e-09         
2.687500000000000e+01         5.770964512811252e-09         
2.688125000000000e+01         5.763445990492474e-09         
2.688750000000000e+01         5.756139564840304e-09         
2.689375000000000e+01         5.749043449028711e-09         
2.690000000000000e+01         5.742163524519263e-09         
2.690625000000000e+01         5.735490001779573e-09         
2.691250000000000e+01         5.729030704312902e-09         
2.691875000000000e+01         5.722778262089153e-09         
2.692500000000000e+01         5.716733704754417e-09         
2.693125000000000e+01         5.710896904143372e-09         
2.693750000000000e+01         5.705264218557052e-09         
2.694375000000000e+01         5.699841433371283e-09         
2.695000000000000e+01         5.694621568791140e-09         
2.695625000000000e+01         5.689605696183427e-09         
2.696250000000000e+01         5.684793364368341e-09         
2.696875000000000e+01         5.680181752867361e-09         
2.697500000000000e+01         5.675776464650732e-09         
2.698125000000000e+01         5.671570527674186e-09         
2.698750000000000e+01         5.667565554208587e-09         
2.699375000000000e+01         5.663760981641287e-09         
2.700000000000000e+01         5.660155874767519e-09         
2.700625000000000e+01         5.656750603359626e-09         
2.701250000000000e+01         5.653543812513770e-09         
2.701875000000000e+01         5.650535385235734e-09         
2.702500000000000e+01         5.647724762033151e-09         
2.703125000000000e+01         5.645111568930602e-09         
2.703750000000000e+01         5.642695511386892e-09         
2.704375000000000e+01         5.640477984879290e-09         
2.705000000000000e+01         5.638453236019653e-09         
2.705625000000000e+01         5.636626346898670e-09         
2.706250000000000e+01         5.634995202079996e-09         
2.706875000000000e+01         5.633559683582486e-09         
2.707500000000000e+01         5.632321220121625e-09         
2.708125000000000e+01         5.631274216554099e-09         
2.708750000000000e+01         5.630423906966656e-09         
2.709375000000000e+01         5.629768340856257e-09         
2.710000000000000e+01         5.629307496045377e-09         
2.710625000000000e+01         5.629043160977158e-09         
2.711250000000000e+01         5.628969150275720e-09         
2.711875000000000e+01         5.629091658347521e-09         
2.712500000000000e+01         5.629408511829489e-09         
2.713125000000000e+01         5.629919771935261e-09         
2.713750000000000e+01         5.630627404923494e-09         
2.714375000000000e+01         5.631525403998075e-09         
2.715000000000000e+01         5.632622122641135e-09         
2.715625000000000e+01         5.633909288836794e-09         
2.716250000000000e+01         5.635393338754562e-09         
2.716875000000000e+01         5.637074352770026e-09         
2.717500000000000e+01         5.638946347425923e-09         
2.718125000000000e+01         5.641017792526725e-09         
2.718750000000000e+01         5.643280564162265e-09         
2.719375000000000e+01         5.645741615673687e-09         
2.720000000000000e+01         5.648400190323297e-09         
2.720625000000000e+01         5.651251360552418e-09         
2.721250000000000e+01         5.654303375649403e-09         
2.721875000000000e+01         5.657548336660585e-09         
2.722500000000000e+01         5.660994992207190e-09         
2.723125000000000e+01         5.664637393635068e-09         
2.723750000000000e+01         5.668476142667847e-09         
2.724375000000000e+01         5.672517836605628e-09         
2.725000000000000e+01         5.676754698540595e-09         
2.725625000000000e+01         5.681195573055931e-09         
2.726250000000000e+01         5.685834691906195e-09         
2.726875000000000e+01         5.690673016146469e-09         
2.727500000000000e+01         5.695716499573396e-09         
2.728125000000000e+01         5.700958327293927e-09         
2.728750000000000e+01         5.706407165988101e-09         
2.729375000000000e+01         5.712057486621981e-09         
2.730000000000000e+01         5.717910199769591e-09         
2.730625000000000e+01         5.723971535592403e-09         
2.731250000000000e+01         5.730235040500723e-09         
2.731875000000000e+01         5.736708684331159e-09         
2.732500000000000e+01         5.743387967428318e-09         
2.733125000000000e+01         5.750275424982536e-09         
2.733750000000000e+01         5.757372000719393e-09         
2.734375000000000e+01         5.764676824475552e-09         
2.735000000000000e+01         5.772196202725322e-09         
2.735625000000000e+01         5.779925684984293e-09         
2.736250000000000e+01         5.787868138841764e-09         
2.736875000000000e+01         5.796024491507303e-09         
2.737500000000000e+01         5.804394036155348e-09         
2.738125000000000e+01         5.812983259593539e-09         
2.738750000000000e+01         5.821788139954088e-09         
2.739375000000000e+01         5.830810796228248e-09         
2.740000000000000e+01         5.840053296208805e-09         
2.740625000000000e+01         5.849516449191284e-09         
2.741250000000000e+01         5.859201558711293e-09         
2.741875000000000e+01         5.869110031861381e-09         
2.742500000000000e+01         5.879242603979706e-09         
2.743125000000000e+01         5.889601439934300e-09         
2.743750000000000e+01         5.900187021636457e-09         
2.744375000000000e+01         5.911001308261060e-09         
2.745000000000000e+01         5.922047797162920e-09         
2.745625000000000e+01         5.933321412191577e-09         
2.746250000000000e+01         5.944830292779599e-09         
2.746875000000000e+01         5.956573088113426e-09         
2.747500000000000e+01         5.968552122019762e-09         
2.748125000000000e+01         5.980770860768286e-09         
2.748750000000000e+01         5.993224417419275e-09         
2.749375000000000e+01         6.005921203148866e-09         
2.750000000000000e+01         6.018859962045192e-09         
2.750625000000000e+01         6.032043401519942e-09         
2.751250000000000e+01         6.045474395565081e-09         
2.751875000000000e+01         6.059149057921520e-09         
2.752500000000000e+01         6.073077612963044e-09         
2.753125000000000e+01         6.087253129828505e-09         
2.753750000000000e+01         6.101684258334047e-09         
2.754375000000000e+01         6.116372160713185e-09         
2.755000000000000e+01         6.131313365519091e-09         
2.755625000000000e+01         6.146517605207013e-09         
2.756250000000000e+01         6.161978811500185e-09         
2.756875000000000e+01         6.177705558812705e-09         
2.757500000000000e+01         6.193699175177614e-09         
2.758125000000000e+01         6.209956206141086e-09         
2.758750000000000e+01         6.226486720875122e-09         
2.759375000000000e+01         6.243284946981868e-09         
2.760000000000000e+01         6.260358978231112e-09         
2.760625000000000e+01         6.277711165653565e-09         
2.761250000000000e+01         6.295337901660096e-09         
2.761875000000000e+01         6.313249342395860e-09         
2.762500000000000e+01         6.331440136876261e-09         
2.763125000000000e+01         6.349920290353978e-09         
2.763750000000000e+01         6.368686528371271e-09         
2.764375000000000e+01         6.387741229874544e-09         
2.765000000000000e+01         6.407092950474365e-09         
2.765625000000000e+01         6.426736112145259e-09         
2.766250000000000e+01         6.446681478361929e-09         
2.766875000000000e+01         6.466925731396216e-09         
2.767500000000000e+01         6.487470944518239e-09         
2.768125000000000e+01         6.508326318217632e-09         
2.768750000000000e+01         6.529486514976139e-09         
2.769375000000000e+01         6.550962362145326e-09         
2.770000000000000e+01         6.572750408573221e-09         
2.770625000000000e+01         6.594853414347555e-09         
2.771250000000000e+01         6.617280387469195e-09         
2.771875000000000e+01         6.640026132483920e-09         
2.772500000000000e+01         6.663101662373210e-09         
2.773125000000000e+01         6.686504009335068e-09         
2.773750000000000e+01         6.710237858178972e-09         
2.774375000000000e+01         6.734306414372950e-09         
2.775000000000000e+01         6.758710328756922e-09         
2.775625000000000e+01         6.783459260877635e-09         
2.776250000000000e+01         6.808550160478063e-09         
2.776875000000000e+01         6.833987682041770e-09         
2.777500000000000e+01         6.859775409370502e-09         
2.778125000000000e+01         6.885914175496867e-09         
2.778750000000000e+01         6.912413703499307e-09         
2.779375000000000e+01         6.939272961829398e-09         
2.780000000000000e+01         6.966490627732576e-09         
2.780625000000000e+01         6.994078789935429e-09         
2.781250000000000e+01         7.022031791260102e-09         
2.781875000000000e+01         7.050361804399425e-09         
2.782500000000000e+01         7.079063168443123e-09         
2.783125000000000e+01         7.108143881550491e-09         
2.783750000000000e+01         7.137611476726856e-09         
2.784375000000000e+01         7.167460516135001e-09         
2.785000000000000e+01         7.197703164945547e-09         
2.785625000000000e+01         7.228338269794640e-09         
2.786250000000000e+01         7.259364597132147e-09         
2.786875000000000e+01         7.290794568294642e-09         
2.787500000000000e+01         7.322622463011475e-09         
2.788125000000000e+01         7.354860491661758e-09         
2.788750000000000e+01         7.387503014088437e-09         
2.789375000000000e+01         7.420557628819980e-09         
2.790000000000000e+01         7.454032550228907e-09         
2.790625000000000e+01         7.487921501548736e-09         
2.791250000000000e+01         7.522236956383232e-09         
2.791875000000000e+01         7.556977591064480e-09         
2.792500000000000e+01         7.592141498031260e-09         
2.793125000000000e+01         7.627741471789603e-09         
2.793750000000000e+01         7.663771024005155e-09         
2.794375000000000e+01         7.700242646781670e-09         
2.795000000000000e+01         7.737149581345793e-09         
2.795625000000000e+01         7.774504284959973e-09         
2.796250000000000e+01         7.812299997485762e-09         
2.796875000000000e+01         7.850544006266880e-09         
2.797500000000000e+01         7.889243948270472e-09         
2.798125000000000e+01         7.928397389718293e-09         
2.798750000000000e+01         7.968001996009313e-09         
2.799375000000000e+01         8.008069548125749e-09         
2.800000000000000e+01         8.048592745760044e-09         
2.800625000000000e+01         8.089583182438798e-09         
2.801250000000000e+01         8.131032821929742e-09         
2.801875000000000e+01         8.172953601444633e-09         
2.802500000000000e+01         8.215336954182616e-09         
2.803125000000000e+01         8.258194388766670e-09         
2.803750000000000e+01         8.301516761250882e-09         
2.804375000000000e+01         8.345315357078479e-09         
2.805000000000000e+01         8.389581249956216e-09         
2.805625000000000e+01         8.434324363083474e-09         
2.806250000000000e+01         8.479535805376581e-09         
2.806875000000000e+01         8.525224929530996e-09         
2.807500000000000e+01         8.571387087622530e-09         
2.808125000000000e+01         8.618016599548626e-09         
2.808750000000000e+01         8.665117347418749e-09         
2.809375000000000e+01         8.712694246379703e-09         
2.810000000000000e+01         8.760734549062643e-09         
2.810625000000000e+01         8.809247699915260e-09         
2.811250000000000e+01         8.858220714394852e-09         
2.811875000000000e+01         8.907661862570177e-09         
2.812500000000000e+01         8.957557620485696e-09         
2.813125000000000e+01         9.007914725238814e-09         
2.813750000000000e+01         9.058724613017001e-09         
2.814375000000000e+01         9.109977092546991e-09         
2.815000000000000e+01         9.161678743496432e-09         
2.815625000000000e+01         9.213812754517327e-09         
2.816250000000000e+01         9.266379037779701e-09         
2.816875000000000e+01         9.319376914066765e-09         
2.817500000000000e+01         9.372787668381685e-09         
2.818125000000000e+01         9.426615245312913e-09         
2.818750000000000e+01         9.480840070653603e-09         
2.819375000000000e+01         9.535464267616881e-09         
2.820000000000000e+01         9.590472765804043e-09         
2.820625000000000e+01         9.645848937608866e-09         
2.821250000000000e+01         9.701593715611300e-09         
2.821875000000000e+01         9.757682933010064e-09         
2.822500000000000e+01         9.814115914992404e-09         
2.823125000000000e+01         9.870867173418232e-09         
2.823750000000000e+01         9.927927824332573e-09         
2.824375000000000e+01         9.985288983498672e-09         
2.825000000000000e+01         1.004292191046732e-08         
2.825625000000000e+01         1.010082182645664e-08         
2.826250000000000e+01         1.015896355941855e-08         
2.826875000000000e+01         1.021732327833857e-08         
2.827500000000000e+01         1.027589180009056e-08         
2.828125000000000e+01         1.033463542210738e-08         
2.828750000000000e+01         1.039354451891945e-08         
2.829375000000000e+01         1.045258243347847e-08         
2.830000000000000e+01         1.051173211146013e-08         
2.830625000000000e+01         1.057097245160060e-08         
2.831250000000000e+01         1.063026558223941e-08         
2.831875000000000e+01         1.068959453271655e-08         
2.832500000000000e+01         1.074892408526340e-08         
2.833125000000000e+01         1.080821811519962e-08         
2.833750000000000e+01         1.086745641688751e-08         
2.834375000000000e+01         1.092659469159158e-08         
2.835000000000000e+01         1.098561031693656e-08         
2.835625000000000e+01         1.104445591416969e-08         
2.836250000000000e+01         1.110310860959895e-08         
2.836875000000000e+01         1.116151560690403e-08         
2.837500000000000e+01         1.121964696558332e-08         
2.838125000000000e+01         1.127746739199736e-08         
2.838750000000000e+01         1.133493060813926e-08         
2.839375000000000e+01         1.139198684814162e-08         
2.840000000000000e+01         1.144860710740748e-08         
2.840625000000000e+01         1.150473364272536e-08         
2.841250000000000e+01         1.156033351756660e-08         
2.841875000000000e+01         1.161534835566204e-08         
2.842500000000000e+01         1.166974500912372e-08         
2.843125000000000e+01         1.172346160361578e-08         
2.843750000000000e+01         1.177646389110458e-08         
2.844375000000000e+01         1.182868890131295e-08         
2.845000000000000e+01         1.188010137980579e-08         
2.845625000000000e+01         1.193063715200522e-08         
2.846250000000000e+01         1.198026051566338e-08         
2.846875000000000e+01         1.202890640350719e-08         
2.847500000000000e+01         1.207653899683453e-08         
2.848125000000000e+01         1.212310051662119e-08         
2.848750000000000e+01         1.216853319061223e-08         
2.849375000000000e+01         1.221279430856978e-08         
2.850000000000000e+01         1.225584170261108e-08         
2.850625000000000e+01         1.229761131628664e-08         
2.851250000000000e+01         1.233806948852763e-08         
2.851875000000000e+01         1.237715356063219e-08         
2.852500000000000e+01         1.241483198803255e-08         
2.853125000000000e+01         1.245104420692517e-08         
2.853750000000000e+01         1.248576076762329e-08         
2.854375000000000e+01         1.251893069939108e-08         
2.855000000000000e+01         1.255050685682226e-08         
2.855625000000000e+01         1.258046283458926e-08         
2.856250000000000e+01         1.260874626680347e-08         
2.856875000000000e+01         1.263532872006818e-08         
2.857500000000000e+01         1.266018356445766e-08         
2.858125000000000e+01         1.268326570406968e-08         
2.858750000000000e+01         1.270455866746967e-08         
2.859375000000000e+01         1.272402294106298e-08         
2.860000000000000e+01         1.274164763152218e-08         
2.860625000000000e+01         1.275740350052464e-08         
2.861250000000000e+01         1.277126583925457e-08         
2.861875000000000e+01         1.278323154812483e-08         
2.862500000000000e+01         1.279327442348042e-08         
2.863125000000000e+01         1.280139713355818e-08         
2.863750000000000e+01         1.280757882314187e-08         
2.864375000000000e+01         1.281182286641221e-08         
2.865000000000000e+01         1.281413367797487e-08         
2.865625000000000e+01         1.281450009210581e-08         
2.866250000000000e+01         1.281293957812402e-08         
2.866875000000000e+01         1.280945397168564e-08         
2.867500000000000e+01         1.280404544547796e-08         
2.868125000000000e+01         1.279674282499912e-08         
2.868750000000000e+01         1.278754768864773e-08         
2.869375000000000e+01         1.277649252586174e-08         
2.870000000000000e+01         1.276358550063407e-08         
2.870625000000000e+01         1.274885795103170e-08         
2.871250000000000e+01         1.273234441701822e-08         
2.871875000000000e+01         1.271405858401699e-08         
2.872500000000000e+01         1.269404725278885e-08         
2.873125000000000e+01         1.267233633368431e-08         
2.873750000000000e+01         1.264895386849121e-08         
2.874375000000000e+01         1.262395238502566e-08         
2.875000000000000e+01         1.259735608785158e-08         
2.875625000000000e+01         1.256922096169924e-08         
2.876250000000000e+01         1.253957414741532e-08         
2.876875000000000e+01         1.250847428652369e-08         
2.877500000000000e+01         1.247595121413168e-08         
2.878125000000000e+01         1.244205834630466e-08         
2.878750000000000e+01         1.240684994370753e-08         
2.879375000000000e+01         1.237036577265649e-08         
2.880000000000000e+01         1.233264668528885e-08         
2.880625000000000e+01         1.229375636661050e-08         
2.881250000000000e+01         1.225372847551743e-08         
2.881875000000000e+01         1.221262726053689e-08         
2.882500000000000e+01         1.217048678676518e-08         
2.883125000000000e+01         1.212737223321138e-08         
2.883750000000000e+01         1.208331700457654e-08         
2.884375000000000e+01         1.203838455547567e-08         
2.885000000000000e+01         1.199260919501619e-08         
2.885625000000000e+01         1.194605293906958e-08         
2.886250000000000e+01         1.189875035440176e-08         
2.886875000000000e+01         1.185076104352291e-08         
2.887500000000000e+01         1.180211893234867e-08         
2.888125000000000e+01         1.175288212312816e-08         
2.888750000000000e+01         1.170308817093936e-08         
2.889375000000000e+01         1.165277564953213e-08         
2.890000000000000e+01         1.160199275639828e-08         
2.890625000000000e+01         1.155078988394591e-08         
2.891250000000000e+01         1.149919261936472e-08         
2.891875000000000e+01         1.144725595727331e-08         
2.892500000000000e+01         1.139500485829340e-08         
2.893125000000000e+01         1.134248948009227e-08         
2.893750000000000e+01         1.128973476436694e-08         
2.894375000000000e+01         1.123678779405390e-08         
2.895000000000000e+01         1.118367762180603e-08         
2.895625000000000e+01         1.113043059947462e-08         
2.896250000000000e+01         1.107709173855349e-08         
2.896875000000000e+01         1.102367931604814e-08         
2.897500000000000e+01         1.097022884818662e-08         
2.898125000000000e+01         1.091677586396773e-08         
2.898750000000000e+01         1.086333530372982e-08         
2.899375000000000e+01         1.080994614960443e-08         
2.900000000000000e+01         1.075662072625859e-08         
2.900625000000000e+01         1.070339613207572e-08         
2.901250000000000e+01         1.065028938838693e-08         
2.901875000000000e+01         1.059731587891159e-08         
2.902500000000000e+01         1.054450952923456e-08         
2.903125000000000e+01         1.049187767529462e-08         
2.903750000000000e+01         1.043945206784574e-08         
2.904375000000000e+01         1.038723838697761e-08         
2.905000000000000e+01         1.033525990288851e-08         
2.905625000000000e+01         1.028353913773274e-08         
2.906250000000000e+01         1.023207950234142e-08         
2.906875000000000e+01         1.018090705586134e-08         
2.907500000000000e+01         1.013002977695315e-08         
2.908125000000000e+01         1.007945470844432e-08         
2.908750000000000e+01         1.002920591039831e-08         
2.909375000000000e+01         9.979282626652919e-09         
2.910000000000000e+01         9.929707508484533e-09         
2.910625000000000e+01         9.880478677279413e-09         
2.911250000000000e+01         9.831617497100405e-09         
2.911875000000000e+01         9.783120743528273e-09         
2.912500000000000e+01         9.735002156922996e-09         
2.913125000000000e+01         9.687275035445881e-09         
2.913750000000000e+01         9.639940243610712e-09         
2.914375000000000e+01         9.592998969464027e-09         
2.915000000000000e+01         9.546467397000900e-09         
2.915625000000000e+01         9.500340790956229e-09         
2.916250000000000e+01         9.454634269894059e-09         
2.916875000000000e+01         9.409341028747474e-09         
2.917500000000000e+01         9.364476717240644e-09         
2.918125000000000e+01         9.320033060442156e-09         
2.918750000000000e+01         9.276019360109734e-09         
2.919375000000000e+01         9.232443037725529e-09         
2.920000000000000e+01         9.189301490542765e-09         
2.920625000000000e+01         9.146591429127709e-09         
2.921250000000000e+01         9.104324816662979e-09         
2.921875000000000e+01         9.062492955394337e-09         
2.922500000000000e+01         9.021106899118051e-09         
2.923125000000000e+01         8.980157368620712e-09         
2.923750000000000e+01         8.939655522333548e-09         
2.924375000000000e+01         8.899590525915185e-09         
2.925000000000000e+01         8.859973668076244e-09         
2.925625000000000e+01         8.820794009331964e-09         
2.926250000000000e+01         8.782061503278938e-09         
2.926875000000000e+01         8.743765618201598e-09         
2.927500000000000e+01         8.705915369386337e-09         
2.928125000000000e+01         8.668499995808192e-09         
2.928750000000000e+01         8.631528847574282e-09         
2.929375000000000e+01         8.594994682909936e-09         
2.930000000000000e+01         8.558892049715344e-09         
2.930625000000000e+01         8.523224359317874e-09         
2.931250000000000e+01         8.487994485474615e-09         
2.931875000000000e+01         8.453191151068041e-09         
2.932500000000000e+01         8.418822050009681e-09         
2.933125000000000e+01         8.384876061084943e-09         
2.933750000000000e+01         8.351359896230581e-09         
2.934375000000000e+01         8.318262806328459e-09         
2.935000000000000e+01         8.285591564768076e-09         
2.935625000000000e+01         8.253339551158069e-09         
2.936250000000000e+01         8.221499001725527e-09         
2.936875000000000e+01         8.190077711088569e-09         
2.937500000000000e+01         8.159063545440557e-09         
2.938125000000000e+01         8.128458566576739e-09         
2.938750000000000e+01         8.098265159854793e-09         
2.939375000000000e+01         8.068470947447423e-09         
2.940000000000000e+01         8.039083303162149e-09         
2.940625000000000e+01         8.010089785085544e-09         
2.941250000000000e+01         7.981497236794900e-09         
2.941875000000000e+01         7.953298205932142e-09         
2.942500000000000e+01         7.925485235976948e-09         
2.943125000000000e+01         7.898065098458057e-09         
2.943750000000000e+01         7.871025611418518e-09         
2.944375000000000e+01         7.844373378007803e-09         
2.945000000000000e+01         7.818096831405550e-09         
2.945625000000000e+01         7.792196865578003e-09         
2.946250000000000e+01         7.766676480951627e-09         
2.946875000000000e+01         7.741522454893913e-09         
2.947500000000000e+01         7.716742428093685e-09         
2.948125000000000e+01         7.692328212099354e-09         
2.948750000000000e+01         7.668272855124683e-09         
2.949375000000000e+01         7.644582763600408e-09         
2.950000000000000e+01         7.621245919116551e-09         
2.950625000000000e+01         7.598269058487588e-09         
2.951250000000000e+01         7.575640058919672e-09         
2.951875000000000e+01         7.553365242790704e-09         
2.952500000000000e+01         7.531433453296003e-09         
2.953125000000000e+01         7.509846035117304e-09         
2.953750000000000e+01         7.488605239037118e-09         
2.954375000000000e+01         7.467703684029150e-09         
2.955000000000000e+01         7.447134473423206e-09         
2.955625000000000e+01         7.426903890457785e-09         
2.956250000000000e+01         7.407000447948797e-09         
2.956875000000000e+01         7.387430988745047e-09         
2.957500000000000e+01         7.368183799546549e-09         
2.958125000000000e+01         7.349264969503991e-09         
2.958750000000000e+01         7.330664035239908e-09         
2.959375000000000e+01         7.312382347349022e-09         
2.960000000000000e+01         7.294422040240778e-09         
2.960625000000000e+01         7.276776656655673e-09         
2.961250000000000e+01         7.259439495984338e-09         
2.961875000000000e+01         7.242416842592896e-09         
2.962500000000000e+01         7.225697689568860e-09         
2.963125000000000e+01         7.209288668814852e-09         
2.963750000000000e+01         7.193183202752735e-09         
2.964375000000000e+01         7.177374954304953e-09         
2.965000000000000e+01         7.161866137821033e-09         
2.965625000000000e+01         7.146658512846730e-09         
2.966250000000000e+01         7.131741929162282e-09         
2.966875000000000e+01         7.117122888265468e-09         
2.967500000000000e+01         7.102790225162558e-09         
2.968125000000000e+01         7.088751277120236e-09         
2.968750000000000e+01         7.074995539708212e-09         
2.969375000000000e+01         7.061529095582710e-09         
2.970000000000000e+01         7.048346491704202e-09         
2.970625000000000e+01         7.035440836568030e-09         
2.971250000000000e+01         7.022815406802796e-09         
2.971875000000000e+01         7.010472174110317e-09         
2.972500000000000e+01         6.998401219939562e-09         
2.973125000000000e+01         6.986609197564394e-09         
2.973750000000000e+01         6.975085787610580e-09         
2.974375000000000e+01         6.963838256518424e-09         
2.975000000000000e+01         6.952855772729863e-09         
2.975625000000000e+01         6.942145852922419e-09         
2.976250000000000e+01         6.931703114698752e-09         
2.976875000000000e+01         6.921520830127234e-09         
2.977500000000000e+01         6.911606664631660e-09         
2.978125000000000e+01         6.901950250470894e-09         
2.978750000000000e+01         6.892555236611359e-09         
2.979375000000000e+01         6.883423483209979e-09         
2.980000000000000e+01         6.874545471290604e-09         
2.980625000000000e+01         6.865928828148791e-09         
2.981250000000000e+01         6.857563135041221e-09         
2.981875000000000e+01         6.849456325459460e-09         
2.982500000000000e+01         6.841602204737578e-09         
2.983125000000000e+01         6.833995965593822e-09         
2.983750000000000e+01         6.826644443956405e-09         
2.984375000000000e+01         6.819538145053048e-09         
2.985000000000000e+01         6.812684933566967e-09         
2.985625000000000e+01         6.806074904694064e-09         
2.986250000000000e+01         6.799711256076169e-09         
2.986875000000000e+01         6.793596869224974e-09         
2.987500000000000e+01         6.787722883196853e-09         
2.988125000000000e+01         6.782096314102135e-09         
2.988750000000000e+01         6.776712276784975e-09         
2.989375000000000e+01         6.771565855148370e-09         
2.990000000000000e+01         6.766664199662088e-09         
2.990625000000000e+01         6.761998524293698e-09         
2.991250000000000e+01         6.757575930418703e-09         
2.991875000000000e+01         6.753387764561054e-09         
2.992500000000000e+01         6.749441122100161e-09         
2.993125000000000e+01         6.745727512811576e-09         
2.993750000000000e+01         6.742250116649495e-09         
2.994375000000000e+01         6.739012121949025e-09         
2.995000000000000e+01         6.736009057181333e-09         
2.995625000000000e+01         6.733236415760538e-09         
2.996250000000000e+01         6.730701391772723e-09         
2.996875000000000e+01         6.728395697781903e-09         
2.997500000000000e+01         6.726326539737671e-09         
2.998125000000000e+01         6.724485979252002e-09         
2.998750000000000e+01         6.722880370046754e-09         
2.999375000000000e+01         6.721502457359265e-09         
3.000000000000000e+01         6.720359261004710e-09         
3.000625000000000e+01         6.719442659974929e-09         
3.001250000000000e+01         6.718760330681690e-09         
3.001875000000000e+01         6.718303264317895e-09         
3.002500000000000e+01         6.718080138517047e-09         
3.003125000000000e+01         6.718081670683684e-09         
3.003750000000000e+01         6.718316291840850e-09         
3.004375000000000e+01         6.718779881629616e-09         
3.005000000000000e+01         6.719467457286851e-09         
3.005625000000000e+01         6.720383909022272e-09         
3.006250000000000e+01         6.721531728469276e-09         
3.006875000000000e+01         6.722904283214568e-09         
3.007500000000000e+01         6.724508292239185e-09         
3.008125000000000e+01         6.726335900373006e-09         
3.008750000000000e+01         6.728395724079138e-09         
3.009375000000000e+01         6.730678767882300e-09         
3.010000000000000e+01         6.733193978936381e-09         
3.010625000000000e+01         6.735936520903893e-09         
3.011250000000000e+01         6.738903007495580e-09         
3.011875000000000e+01         6.742097214471893e-09         
3.012500000000000e+01         6.745522892081389e-09         
3.013125000000000e+01         6.749173319074261e-09         
3.013750000000000e+01         6.753055335240848e-09         
3.014375000000000e+01         6.757161775512394e-09         
3.015000000000000e+01         6.761500490844210e-09         
3.015625000000000e+01         6.766063955685804e-09         
3.016250000000000e+01         6.770860190783059e-09         
3.016875000000000e+01         6.775885471459379e-09         
3.017500000000000e+01         6.781136235280845e-09         
3.018125000000000e+01         6.786620445089650e-09         
3.018750000000000e+01         6.792330835055297e-09         
3.019375000000000e+01         6.798271389364253e-09         
3.020000000000000e+01         6.804446423198763e-09         
3.020625000000000e+01         6.810848581466925e-09         
3.021250000000000e+01         6.817486046102690e-09         
3.021875000000000e+01         6.824351324498903e-09         
3.022500000000000e+01         6.831452758205258e-09         
3.023125000000000e+01         6.838786849354783e-09         
3.023750000000000e+01         6.846350151719132e-09         
3.024375000000000e+01         6.854150893616340e-09         
3.025000000000000e+01         6.862181965380188e-09         
3.025625000000000e+01         6.870451507529156e-09         
3.026250000000000e+01         6.878952751577176e-09         
3.026875000000000e+01         6.887689033901967e-09         
3.027500000000000e+01         6.896665976016129e-09         
3.028125000000000e+01         6.905875795139016e-09         
3.028750000000000e+01         6.915327111534858e-09         
3.029375000000000e+01         6.925016897456847e-09         
3.030000000000000e+01         6.934940974216319e-09         
3.030625000000000e+01         6.945109233123024e-09         
3.031250000000000e+01         6.955513065869636e-09         
3.031875000000000e+01         6.966162108777117e-09         
3.032500000000000e+01         6.977048857906920e-09         
3.033125000000000e+01         6.988181396489118e-09         
3.033750000000000e+01         6.999553633470292e-09         
3.034375000000000e+01         7.011168963198457e-09         
3.035000000000000e+01         7.023033415820437e-09         
3.035625000000000e+01         7.035143127353483e-09         
3.036250000000000e+01         7.047494625540784e-09         
3.036875000000000e+01         7.060097667005271e-09         
3.037500000000000e+01         7.072943759588467e-09         
3.038125000000000e+01         7.086043013465929e-09         
3.038750000000000e+01         7.099387600063177e-09         
3.039375000000000e+01         7.112986141936898e-09         
3.040000000000000e+01         7.126832064184621e-09         
3.040625000000000e+01         7.140933727577671e-09         
3.041250000000000e+01         7.155284538518291e-09         
3.041875000000000e+01         7.169892763997312e-09         
3.042500000000000e+01         7.184751588288234e-09         
3.043125000000000e+01         7.199870294918999e-09         
3.043750000000000e+01         7.215240877006984e-09         
3.044375000000000e+01         7.230872941446863e-09         
3.045000000000000e+01         7.246763187917295e-09         
3.045625000000000e+01         7.262907985850053e-09         
3.046250000000000e+01         7.279313128026105e-09         
3.046875000000000e+01         7.295982987500162e-09         
3.047500000000000e+01         7.312910457008626e-09         
3.048125000000000e+01         7.330104535032571e-09         
3.048750000000000e+01         7.347557856970971e-09         
3.049375000000000e+01         7.365279636470761e-09         
3.050000000000000e+01         7.383262514343724e-09         
3.050625000000000e+01         7.401515573833770e-09         
3.051250000000000e+01         7.420035486421410e-09         
3.051875000000000e+01         7.438819145357923e-09         
3.052500000000000e+01         7.457875348505646e-09         
3.053125000000000e+01         7.477196685724144e-09         
3.053750000000000e+01         7.496788354483720e-09         
3.054375000000000e+01         7.516655095020531e-09         
3.055000000000000e+01         7.536788956097848e-09         
3.055625000000000e+01         7.557199939207111e-09         
3.056250000000000e+01         7.577879438319679e-09         
3.056875000000000e+01         7.598836990755032e-09         
3.057500000000000e+01         7.620069222715571e-09         
3.058125000000000e+01         7.641572016058654e-09         
3.058750000000000e+01         7.663354890117737e-09         
3.059375000000000e+01         7.685409607645088e-09         
3.060000000000000e+01         7.707740932015459e-09         
3.060625000000000e+01         7.730354156140904e-09         
3.061250000000000e+01         7.753240331808793e-09         
3.061875000000000e+01         7.776409188139303e-09         
3.062500000000000e+01         7.799852096794453e-09         
3.063125000000000e+01         7.823578198791415e-09         
3.063750000000000e+01         7.847583193607366e-09         
3.064375000000000e+01         7.871862965395258e-09         
3.065000000000000e+01         7.896426483268239e-09         
3.065625000000000e+01         7.921264833178183e-09         
3.066250000000000e+01         7.946387510954522e-09         
3.066875000000000e+01         7.971784473723985e-09         
3.067500000000000e+01         7.997461181641959e-09         
3.068125000000000e+01         8.023421091321240e-09         
3.068750000000000e+01         8.049655475690682e-09         
3.069375000000000e+01         8.076172457528421e-09         
3.070000000000000e+01         8.102967563209845e-09         
3.070625000000000e+01         8.130035502328683e-09         
3.071250000000000e+01         8.157384887622180e-09         
3.071875000000000e+01         8.185005415761742e-09         
3.072500000000000e+01         8.212905609915662e-09         
3.073125000000000e+01         8.241075489800550e-09         
3.073750000000000e+01         8.269523454796562e-09         
3.074375000000000e+01         8.298238330592839e-09         
3.075000000000000e+01         8.327223997895698e-09         
3.075625000000000e+01         8.356483221654555e-09         
3.076250000000000e+01         8.386010393618348e-09         
3.076875000000000e+01         8.415798484889166e-09         
3.077500000000000e+01         8.445855607171934e-09         
3.078125000000000e+01         8.476169875123554e-09         
3.078750000000000e+01         8.506748893322560e-09         
3.079375000000000e+01         8.537580572662758e-09         
3.080000000000000e+01         8.568671973761614e-09         
3.080625000000000e+01         8.600011135320992e-09         
3.081250000000000e+01         8.631604392386696e-09         
3.081875000000000e+01         8.663439477234065e-09         
3.082500000000000e+01         8.695522550249681e-09         
3.083125000000000e+01         8.727840617244657e-09         
3.083750000000000e+01         8.760399674491443e-09         
3.084375000000000e+01         8.793186135058018e-09         
3.085000000000000e+01         8.826205647362137e-09         
3.085625000000000e+01         8.859449284634914e-09         
3.086250000000000e+01         8.892907343620507e-09         
3.086875000000000e+01         8.926579897848258e-09         
3.087500000000000e+01         8.960467276427266e-09         
3.088125000000000e+01         8.994553845904653e-09         
3.088750000000000e+01         9.028844185865762e-09         
3.089375000000000e+01         9.063322586829526e-09         
3.090000000000000e+01         9.097992518224945e-09         
3.090625000000000e+01         9.132838473918833e-09         
3.091250000000000e+01         9.167862924660660e-09         
3.091875000000000e+01         9.203054472219059e-09         
3.092500000000000e+01         9.238400870056570e-09         
3.093125000000000e+01         9.273904075490632e-09         
3.093750000000000e+01         9.309546641823178e-09         
3.094375000000000e+01         9.345324771220391e-09         
3.095000000000000e+01         9.381235917589052e-09         
3.095625000000000e+01         9.417260240821697e-09         
3.096250000000000e+01         9.453399340358005e-09         
3.096875000000000e+01         9.489633073388476e-09         
3.097500000000000e+01         9.525961523790196e-09         
3.098125000000000e+01         9.562370050559557e-09         
3.098750000000000e+01         9.598841990082215e-09         
3.099375000000000e+01         9.635377401019895e-09         
3.100000000000000e+01         9.671954339395875e-09         
3.100625000000000e+01         9.708565478615662e-09         
3.101250000000000e+01         9.745205076139733e-09         
3.101875000000000e+01         9.781849841680623e-09         
3.102500000000000e+01         9.818497149705930e-09         
3.103125000000000e+01         9.855123211930074e-09         
3.103750000000000e+01         9.891725254800388e-09         
3.104375000000000e+01         9.928283825216443e-09         
3.105000000000000e+01         9.964778978743458e-09         
3.105625000000000e+01         1.000120711055383e-08         
3.106250000000000e+01         1.003754183679205e-08         
3.106875000000000e+01         1.007377876088385e-08         
3.107500000000000e+01         1.010989088309250e-08         
3.108125000000000e+01         1.014586760873814e-08         
3.108750000000000e+01         1.018169801253764e-08         
3.109375000000000e+01         1.021735373810013e-08         
3.110000000000000e+01         1.025282872826060e-08         
3.110625000000000e+01         1.028809962850495e-08         
3.111250000000000e+01         1.032314371493881e-08         
3.111875000000000e+01         1.035795304599941e-08         
3.112500000000000e+01         1.039249809548974e-08         
3.113125000000000e+01         1.042677164604020e-08         
3.113750000000000e+01         1.046074252145628e-08         
3.114375000000000e+01         1.049440409459117e-08         
3.115000000000000e+01         1.052772389800985e-08         
3.115625000000000e+01         1.056068935602985e-08         
3.116250000000000e+01         1.059328522129046e-08         
3.116875000000000e+01         1.062548556611304e-08         
3.117500000000000e+01         1.065726555356386e-08         
3.118125000000000e+01         1.068861488940702e-08         
3.118750000000000e+01         1.071950280104430e-08         
3.119375000000000e+01         1.074991918390748e-08         
3.120000000000000e+01         1.077983262650467e-08         
3.120625000000000e+01         1.080923466761224e-08         
3.121250000000000e+01         1.083809140252604e-08         
3.121875000000000e+01         1.086639596781494e-08         
3.122500000000000e+01         1.089411425008598e-08         
3.123125000000000e+01         1.092123934216890e-08         
3.123750000000000e+01         1.094773894333138e-08         
3.124375000000000e+01         1.097360390693998e-08         
3.125000000000000e+01         1.099880406944606e-08         
3.125625000000000e+01         1.102333028697066e-08         
3.126250000000000e+01         1.104715880540911e-08         
3.126875000000000e+01         1.107026390659297e-08         
3.127500000000000e+01         1.109263332373602e-08         
3.128125000000000e+01         1.111425558773826e-08         
3.128750000000000e+01         1.113509925910477e-08         
3.129375000000000e+01         1.115516093964668e-08         
3.130000000000000e+01         1.117441107816199e-08         
3.130625000000000e+01         1.119284581303267e-08         
3.131250000000000e+01         1.121043736555387e-08         
3.131875000000000e+01         1.122718302984877e-08         
3.132500000000000e+01         1.124306241673960e-08         
3.133125000000000e+01         1.125805568908732e-08         
3.133750000000000e+01         1.127216236700720e-08         
3.134375000000000e+01         1.128535778665138e-08         
3.135000000000000e+01         1.129763682035421e-08         
3.135625000000000e+01         1.130899517721099e-08         
3.136250000000000e+01         1.131941053598668e-08         
3.136875000000000e+01         1.132888652140195e-08         
3.137500000000000e+01         1.133740251891786e-08         
3.138125000000000e+01         1.134496393122777e-08         
3.138750000000000e+01         1.135155770826918e-08         
3.139375000000000e+01         1.135717385600488e-08         
3.140000000000000e+01         1.136181890576920e-08         
3.140625000000000e+01         1.136547744462155e-08         
3.141250000000000e+01         1.136815319477378e-08         
3.141875000000000e+01         1.136985039960033e-08         
3.142500000000000e+01         1.137055750836716e-08         
3.143125000000000e+01         1.137028531884135e-08         
3.143750000000000e+01         1.136902478152992e-08         
3.144375000000000e+01         1.136678914156188e-08         
3.145000000000000e+01         1.136357545994647e-08         
3.145625000000000e+01         1.135938323616935e-08         
3.146250000000000e+01         1.135422803169921e-08         
3.146875000000000e+01         1.134810548118152e-08         
3.147500000000000e+01         1.134103354081846e-08         
3.148125000000000e+01         1.133300754161275e-08         
3.148750000000000e+01         1.132404396021942e-08         
3.149375000000000e+01         1.131415666277032e-08         
3.150000000000000e+01         1.130334553564263e-08         
3.150625000000000e+01         1.129163216618012e-08         
3.151250000000000e+01         1.127902381402737e-08         
3.151875000000000e+01         1.126552712678353e-08         
3.152500000000000e+01         1.125116610920851e-08         
3.153125000000000e+01         1.123594471877338e-08         
3.153750000000000e+01         1.121988791165208e-08         
3.154375000000000e+01         1.120300031722912e-08         
3.155000000000000e+01         1.118530963867008e-08         
3.155625000000000e+01         1.116681988065785e-08         
3.156250000000000e+01         1.114755490080283e-08         
3.156875000000000e+01         1.112753668540852e-08         
3.157500000000000e+01         1.110677843867502e-08         
3.158125000000000e+01         1.108529190062345e-08         
3.158750000000000e+01         1.106310787344167e-08         
3.159375000000000e+01         1.104023324725731e-08         
3.160000000000000e+01         1.101669925502683e-08         
3.160625000000000e+01         1.099251349399379e-08         
3.161250000000000e+01         1.096770780086013e-08         
3.161875000000000e+01         1.094228985225660e-08         
3.162500000000000e+01         1.091629193032772e-08         
3.163125000000000e+01         1.088972215055795e-08         
3.163750000000000e+01         1.086261287003600e-08         
3.164375000000000e+01         1.083497226118921e-08         
3.165000000000000e+01         1.080683293221243e-08         
3.165625000000000e+01         1.077820306533152e-08         
3.166250000000000e+01         1.074911493063934e-08         
3.166875000000000e+01         1.071958234323869e-08         
3.167500000000000e+01         1.068962112509859e-08         
3.168125000000000e+01         1.065925567602547e-08         
3.168750000000000e+01         1.062851221099602e-08         
3.169375000000000e+01         1.059739898357233e-08         
3.170000000000000e+01         1.056594660201920e-08         
3.170625000000000e+01         1.053416413739867e-08         
3.171250000000000e+01         1.050208102603655e-08         
3.171875000000000e+01         1.046970508889786e-08         
3.172500000000000e+01         1.043706642022748e-08         
3.173125000000000e+01         1.040417726610961e-08         
3.173750000000000e+01         1.037105116526289e-08         
3.174375000000000e+01         1.033771588477920e-08         
3.175000000000000e+01         1.030417883738685e-08         
3.175625000000000e+01         1.027046211315901e-08         
3.176250000000000e+01         1.023658774996054e-08         
3.176875000000000e+01         1.020256225382658e-08         
3.177500000000000e+01         1.016841169752305e-08         
3.178125000000000e+01         1.013414182378894e-08         
3.178750000000000e+01         1.009977791204349e-08         
3.179375000000000e+01         1.006533042965823e-08         
3.180000000000000e+01         1.003080871233477e-08         
3.180625000000000e+01         9.996237090072448e-09         
3.181250000000000e+01         9.961619842643465e-09         
3.181875000000000e+01         9.926980041913599e-09         
3.182500000000000e+01         9.892321279328356e-09         
3.183125000000000e+01         9.857661173176201e-09         
3.183750000000000e+01         9.823017744934615e-09         
3.184375000000000e+01         9.788392878813422e-09         
3.185000000000000e+01         9.753807587019659e-09         
3.185625000000000e+01         9.719269204046332e-09         
3.186250000000000e+01         9.684783077720387e-09         
3.186875000000000e+01         9.650370240566839e-09         
3.187500000000000e+01         9.616030606752531e-09         
3.188125000000000e+01         9.581784552251934e-09         
3.188750000000000e+01         9.547631369862661e-09         
3.189375000000000e+01         9.513585497584325e-09         
3.190000000000000e+01         9.479660881951575e-09         
3.190625000000000e+01         9.445855991000714e-09         
3.191250000000000e+01         9.412189100494438e-09         
3.191875000000000e+01         9.378663402804850e-09         
3.192500000000000e+01         9.345281198406707e-09         
3.193125000000000e+01         9.312060047523573e-09         
3.193750000000000e+01         9.278996845994465e-09         
3.194375000000000e+01         9.246108462239076e-09         
3.195000000000000e+01         9.213391335308491e-09         
3.195625000000000e+01         9.180861696212444e-09         
3.196250000000000e+01         9.148515413029492e-09         
3.196875000000000e+01         9.116363190055144e-09         
3.197500000000000e+01         9.084415068291239e-09         
3.198125000000000e+01         9.052671420135629e-09         
3.198750000000000e+01         9.021132623732311e-09         
3.199375000000000e+01         8.989812631636189e-09         
3.200000000000000e+01         8.958706329675321e-09         
3.200625000000000e+01         8.927827618670927e-09         
3.201250000000000e+01         8.897170772673261e-09         
3.201875000000000e+01         8.866749177524582e-09         
3.202500000000000e+01         8.836557141359176e-09         
3.203125000000000e+01         8.806607129137327e-09         
3.203750000000000e+01         8.776893122381278e-09         
3.204375000000000e+01         8.747427399359553e-09         
3.205000000000000e+01         8.718208154918158e-09         
3.205625000000000e+01         8.689228697047757e-09         
3.206250000000000e+01         8.660510292731835e-09         
3.206875000000000e+01         8.632045746721982e-09         
3.207500000000000e+01         8.603837406997068e-09         
3.208125000000000e+01         8.575882609206867e-09         
3.208750000000000e+01         8.548187920128347e-09         
3.209375000000000e+01         8.520759414032064e-09         
3.210000000000000e+01         8.493589765056954e-09         
3.210625000000000e+01         8.466689368738758e-09         
3.211250000000000e+01         8.440055322981697e-09         
3.211875000000000e+01         8.413679798705592e-09         
3.212500000000000e+01         8.387581644031606e-09         
3.213125000000000e+01         8.361753214376336e-09         
3.213750000000000e+01         8.336195371036966e-09         
3.214375000000000e+01         8.310904314964338e-09         
3.215000000000000e+01         8.285885342250176e-09         
3.215625000000000e+01         8.261143639549234e-09         
3.216250000000000e+01         8.236670500451338e-09         
3.216875000000000e+01         8.212475582731882e-09         
3.217500000000000e+01         8.188554671766878e-09         
3.218125000000000e+01         8.164899469855886e-09         
3.218750000000000e+01         8.141527561637654e-09         
3.219375000000000e+01         8.118430344317755e-09         
3.220000000000000e+01         8.095608000688606e-09         
3.220625000000000e+01         8.073056366618859e-09         
3.221250000000000e+01         8.050779402004156e-09         
3.221875000000000e+01         8.028781544692727e-09         
3.222500000000000e+01         8.007058446951426e-09         
3.223125000000000e+01         7.985605749650206e-09         
3.223750000000000e+01         7.964431591189891e-09         
3.224375000000000e+01         7.943526901095448e-09         
3.225000000000000e+01         7.922896032086097e-09         
3.225625000000000e+01         7.902542831081060e-09         
3.226250000000000e+01         7.882462414700857e-09         
3.226875000000000e+01         7.862654742347268e-09         
3.227500000000000e+01         7.843110565174871e-09         
3.228125000000000e+01         7.823846454330650e-09         
3.228750000000000e+01         7.804853369741256e-09         
3.229375000000000e+01         7.786126862717079e-09         
3.230000000000000e+01         7.767674575841993e-09         
3.230625000000000e+01         7.749487262952832e-09         
3.231250000000000e+01         7.731569014783447e-09         
3.231875000000000e+01         7.713922954302659e-09         
3.232500000000000e+01         7.696544541837630e-09         
3.233125000000000e+01         7.679433088877762e-09         
3.233750000000000e+01         7.662579438152406e-09         
3.234375000000000e+01         7.645999852435776e-09         
3.235000000000000e+01         7.629685081112140e-09         
3.235625000000000e+01         7.613630364384613e-09         
3.236250000000000e+01         7.597843254366887e-09         
3.236875000000000e+01         7.582314711741691e-09         
3.237500000000000e+01         7.567048328246547e-09         
3.238125000000000e+01         7.552047438564428e-09         
3.238750000000000e+01         7.537307204025145e-09         
3.239375000000000e+01         7.522826758228213e-09         
3.240000000000000e+01         7.508597316181645e-09         
3.240625000000000e+01         7.494634521848559e-09         
3.241250000000000e+01         7.480929765164263e-09         
3.241875000000000e+01         7.467477699876393e-09         
3.242500000000000e+01         7.454286101606385e-09         
3.243125000000000e+01         7.441345931657864e-09         
3.243750000000000e+01         7.428664973048576e-09         
3.244375000000000e+01         7.416234047405020e-09         
3.245000000000000e+01         7.404060698048193e-09         
3.245625000000000e+01         7.392140376044415e-09         
3.246250000000000e+01         7.380463676140416e-09         
3.246875000000000e+01         7.369046970617268e-09         
3.247500000000000e+01         7.357881018155673e-09         
3.248125000000000e+01         7.346965137322819e-09         
3.248750000000000e+01         7.336295236494672e-09         
3.249375000000000e+01         7.325873512840560e-09         
3.250000000000000e+01         7.315704867635922e-09         
3.250625000000000e+01         7.305779824818832e-09         
3.251250000000000e+01         7.296105794168543e-09         
3.251875000000000e+01         7.286678611622769e-09         
3.252500000000000e+01         7.277489250259796e-09         
3.253125000000000e+01         7.268553346126594e-09         
3.253750000000000e+01         7.259862412952644e-09         
3.254375000000000e+01         7.251416120595294e-09         
3.255000000000000e+01         7.243209899727433e-09         
3.255625000000000e+01         7.235246879262989e-09         
3.256250000000000e+01         7.227530999270349e-09         
3.256875000000000e+01         7.220053889122087e-09         
3.257500000000000e+01         7.212823080632330e-09         
3.258125000000000e+01         7.205833723326434e-09         
3.258750000000000e+01         7.199081750696288e-09         
3.259375000000000e+01         7.192571090574345e-09         
3.260000000000000e+01         7.186304916323065e-09         
3.260625000000000e+01         7.180279392683727e-09         
3.261250000000000e+01         7.174489895905362e-09         
3.261875000000000e+01         7.168939832815603e-09         
3.262500000000000e+01         7.163633430223913e-09         
3.263125000000000e+01         7.158566502004277e-09         
3.263750000000000e+01         7.153734580724519e-09         
3.264375000000000e+01         7.149145334990322e-09         
3.265000000000000e+01         7.144790687603533e-09         
3.265625000000000e+01         7.140674840768635e-09         
3.266250000000000e+01         7.136801458587719e-09         
3.266875000000000e+01         7.133166069382988e-09         
3.267500000000000e+01         7.129768911258266e-09         
3.268125000000000e+01         7.126602061520552e-09         
3.268750000000000e+01         7.123681031470050e-09         
3.269375000000000e+01         7.120998494274932e-09         
3.270000000000000e+01         7.118549953584344e-09         
3.270625000000000e+01         7.116343211566381e-09         
3.271250000000000e+01         7.114370702432929e-09         
3.271875000000000e+01         7.112636982845704e-09         
3.272500000000000e+01         7.111145112907218e-09         
3.273125000000000e+01         7.109891814252965e-09         
3.273750000000000e+01         7.108877476230307e-09         
3.274375000000000e+01         7.108093533191027e-09         
3.275000000000000e+01         7.107557109271641e-09         
3.275625000000000e+01         7.107259616954435e-09         
3.276250000000000e+01         7.107198051844521e-09         
3.276875000000000e+01         7.107380361902906e-09         
3.277500000000000e+01         7.107798231698472e-09         
3.278125000000000e+01         7.108457550835115e-09         
3.278750000000000e+01         7.109361167658618e-09         
3.279375000000000e+01         7.110506086524068e-09         
3.280000000000000e+01         7.111893093403044e-09         
3.280625000000000e+01         7.113513958535375e-09         
3.281250000000000e+01         7.115385881667678e-09         
3.281875000000000e+01         7.117500776457639e-09         
3.282500000000000e+01         7.119855933537986e-09         
3.283125000000000e+01         7.122458966548608e-09         
3.283750000000000e+01         7.125302849007262e-09         
3.284375000000000e+01         7.128396313089275e-09         
3.285000000000000e+01         7.131732360713852e-09         
3.285625000000000e+01         7.135319471507287e-09         
3.286250000000000e+01         7.139153903755847e-09         
3.286875000000000e+01         7.143229008015305e-09         
3.287500000000000e+01         7.147561201981315e-09         
3.288125000000000e+01         7.152143426385351e-09         
3.288750000000000e+01         7.156976985564516e-09         
3.289375000000000e+01         7.162058216869584e-09         
3.290000000000000e+01         7.167391928416267e-09         
3.290625000000000e+01         7.172983476311289e-09         
3.291250000000000e+01         7.178826151288056e-09         
3.291875000000000e+01         7.184928224698702e-09         
3.292500000000000e+01         7.191286892552662e-09         
3.293125000000000e+01         7.197895660064386e-09         
3.293750000000000e+01         7.204771360170761e-09         
3.294375000000000e+01         7.211907567339512e-09         
3.295000000000000e+01         7.219304874516001e-09         
3.295625000000000e+01         7.226960851494255e-09         
3.296250000000000e+01         7.234880648813546e-09         
3.296875000000000e+01         7.243069537090878e-09         
3.297500000000000e+01         7.251521723869321e-09         
3.298125000000000e+01         7.260245165106101e-09         
3.298750000000000e+01         7.269238060865350e-09         
3.299375000000000e+01         7.278497807171417e-09         
3.300000000000000e+01         7.288030377754341e-09         
3.300625000000000e+01         7.297840310566367e-09         
3.301250000000000e+01         7.307925836470314e-09         
3.301875000000000e+01         7.318284804512218e-09         
3.302500000000000e+01         7.328921664167992e-09         
3.303125000000000e+01         7.339843829035549e-09         
3.303750000000000e+01         7.351047667894769e-09         
3.304375000000000e+01         7.362531906881832e-09         
3.305000000000000e+01         7.374305977296707e-09         
3.305625000000000e+01         7.386362930086963e-09         
3.306250000000000e+01         7.398710501798786e-09         
3.306875000000000e+01         7.411353177850869e-09         
3.307500000000000e+01         7.424289321592624e-09         
3.308125000000000e+01         7.437521507818623e-09         
3.308750000000000e+01         7.451042663262823e-09         
3.309375000000000e+01         7.464872378078410e-09         
3.310000000000000e+01         7.479003947142424e-09         
3.310625000000000e+01         7.493436079971873e-09         
3.311250000000000e+01         7.508178338501766e-09         
3.311875000000000e+01         7.523225383321459e-09         
3.312500000000000e+01         7.538583942753348e-09         
3.313125000000000e+01         7.554260178395710e-09         
3.313750000000000e+01         7.570252681768258e-09         
3.314375000000000e+01         7.586563900170345e-09         
3.315000000000000e+01         7.603188039165879e-09         
3.315625000000000e+01         7.620144276842794e-09         
3.316250000000000e+01         7.637427214920660e-09         
3.316875000000000e+01         7.655035712123822e-09         
3.317500000000000e+01         7.672979986574148e-09         
3.318125000000000e+01         7.691255159679143e-09         
3.318750000000000e+01         7.709868220684431e-09         
3.319375000000000e+01         7.728826648982395e-09         
3.320000000000000e+01         7.748128320084563e-09         
3.320625000000000e+01         7.767777070923113e-09         
3.321250000000000e+01         7.787767404917936e-09         
3.321875000000000e+01         7.808119210917493e-09         
3.322500000000000e+01         7.828827747432538e-09         
3.323125000000000e+01         7.849891590695665e-09         
3.323750000000000e+01         7.871322535457901e-09         
3.324375000000000e+01         7.893115706696582e-09         
3.325000000000000e+01         7.915283057138486e-09         
3.325625000000000e+01         7.937820010457653e-09         
3.326250000000000e+01         7.960737629609281e-09         
3.326875000000000e+01         7.984036158285137e-09         
3.327500000000000e+01         8.007710313551520e-09         
3.328125000000000e+01         8.031781494753842e-09         
3.328750000000000e+01         8.056244808830919e-09         
3.329375000000000e+01         8.081103747111519e-09         
3.330000000000000e+01         8.106358405701839e-09         
3.330625000000000e+01         8.132016535929319e-09         
3.331250000000000e+01         8.158087224694331e-09         
3.331875000000000e+01         8.184565908295990e-09         
3.332500000000000e+01         8.211464766557477e-09         
3.333125000000000e+01         8.238784639862447e-09         
3.333750000000000e+01         8.266520153767529e-09         
3.334375000000000e+01         8.294694371920983e-09         
3.335000000000000e+01         8.323302207941536e-09         
3.335625000000000e+01         8.352348491600882e-09         
3.336250000000000e+01         8.381833509334973e-09         
3.336875000000000e+01         8.411765727594177e-09         
3.337500000000000e+01         8.442155208146126e-09         
3.338125000000000e+01         8.472997441235357e-09         
3.338750000000000e+01         8.504306170146170e-09         
3.339375000000000e+01         8.536081845139923e-09         
3.340000000000000e+01         8.568324846167649e-09         
3.340625000000000e+01         8.601045232879630e-09         
3.341250000000000e+01         8.634252122435275e-09         
3.341875000000000e+01         8.667946687548955e-09         
3.342500000000000e+01         8.702129156303664e-09         
3.343125000000000e+01         8.736809280823203e-09         
3.343750000000000e+01         8.771997682846762e-09         
3.344375000000000e+01         8.807694842785165e-09         
3.345000000000000e+01         8.843901583904901e-09         
3.345625000000000e+01         8.880632591282811e-09         
3.346250000000000e+01         8.917884234109134e-09         
3.346875000000000e+01         8.955667273310271e-09         
3.347500000000000e+01         8.993991434520391e-09         
3.348125000000000e+01         9.032858347583896e-09         
3.348750000000000e+01         9.072273433216537e-09         
3.349375000000000e+01         9.112233185299342e-09         
3.350000000000000e+01         9.152762558227131e-09         
3.350625000000000e+01         9.193857903404037e-09         
3.351250000000000e+01         9.235520428076591e-09         
3.351875000000000e+01         9.277765621568620e-09         
3.352500000000000e+01         9.320590048758892e-09         
3.353125000000000e+01         9.364004511004313e-09         
3.353750000000000e+01         9.408020001909998e-09         
3.354375000000000e+01         9.452637600050839e-09         
3.355000000000000e+01         9.497863425950320e-09         
3.355625000000000e+01         9.543693977423071e-09         
3.356250000000000e+01         9.590154882763554e-09         
3.356875000000000e+01         9.637242620488237e-09         
3.357500000000000e+01         9.684957962451655e-09         
3.358125000000000e+01         9.733317218981316e-09         
3.358750000000000e+01         9.782316253792630e-09         
3.359375000000000e+01         9.831966386354634e-09         
3.360000000000000e+01         9.882278522703803e-09         
3.360625000000000e+01         9.933253169696819e-09         
3.361250000000000e+01         9.984896912661528e-09         
3.361875000000000e+01         1.003720484437240e-08         
3.362500000000000e+01         1.009020320130416e-08         
3.363125000000000e+01         1.014388745202746e-08         
3.363750000000000e+01         1.019826325217477e-08         
3.364375000000000e+01         1.025333052642400e-08         
3.365000000000000e+01         1.030910007538257e-08         
3.365625000000000e+01         1.036558207626707e-08         
3.366250000000000e+01         1.042277080737258e-08         
3.366875000000000e+01         1.048068201645041e-08         
3.367500000000000e+01         1.053931488141706e-08         
3.368125000000000e+01         1.059866302782430e-08         
3.368750000000000e+01         1.065875210380702e-08         
3.369375000000000e+01         1.071957529827728e-08         
3.370000000000000e+01         1.078113618087798e-08         
3.370625000000000e+01         1.084343295714510e-08         
3.371250000000000e+01         1.090647383916965e-08         
3.371875000000000e+01         1.097026694429029e-08         
3.372500000000000e+01         1.103480365977167e-08         
3.373125000000000e+01         1.110009690518377e-08         
3.373750000000000e+01         1.116614300273622e-08         
3.374375000000000e+01         1.123293130706520e-08         
3.375000000000000e+01         1.130048517263758e-08         
3.375625000000000e+01         1.136879330060064e-08         
3.376250000000000e+01         1.143785498550067e-08         
3.376875000000000e+01         1.150766384378439e-08         
3.377500000000000e+01         1.157822346577135e-08         
3.378125000000000e+01         1.164953762932810e-08         
3.378750000000000e+01         1.172159077210642e-08         
3.379375000000000e+01         1.179439183779057e-08         
3.380000000000000e+01         1.186792974039979e-08         
3.380625000000000e+01         1.194219331114030e-08         
3.381250000000000e+01         1.201718163676727e-08         
3.381875000000000e+01         1.209289343067424e-08         
3.382500000000000e+01         1.216931500188619e-08         
3.383125000000000e+01         1.224643036287091e-08         
3.383750000000000e+01         1.232423572983073e-08         
3.384375000000000e+01         1.240272497520101e-08         
3.385000000000000e+01         1.248187921039715e-08         
3.385625000000000e+01         1.256167855206165e-08         
3.386250000000000e+01         1.264211949671284e-08         
3.386875000000000e+01         1.272317375655834e-08         
3.387500000000000e+01         1.280482778209908e-08         
3.388125000000000e+01         1.288706928664162e-08         
3.388750000000000e+01         1.296987059622553e-08         
3.389375000000000e+01         1.305320780221105e-08         
3.390000000000000e+01         1.313704427141797e-08         
3.390625000000000e+01         1.322137829790755e-08         
3.391250000000000e+01         1.330616952273919e-08         
3.391875000000000e+01         1.339138043189620e-08         
3.392500000000000e+01         1.347699208869218e-08         
3.393125000000000e+01         1.356295792324921e-08         
3.393750000000000e+01         1.364924603694955e-08         
3.394375000000000e+01         1.373582665765605e-08         
3.395000000000000e+01         1.382265136829119e-08         
3.395625000000000e+01         1.390967691768240e-08         
3.396250000000000e+01         1.399684486839937e-08         
3.396875000000000e+01         1.408413449734597e-08         
3.397500000000000e+01         1.417148224970250e-08         
3.398125000000000e+01         1.425882751786563e-08         
3.398750000000000e+01         1.434613060438815e-08         
3.399375000000000e+01         1.443331974910471e-08         
3.400000000000000e+01         1.452034080296525e-08         
3.400625000000000e+01         1.460713922124063e-08         
3.401250000000000e+01         1.469364207811397e-08         
3.401875000000000e+01         1.477978270560513e-08         
3.402500000000000e+01         1.486547584692704e-08         
3.403125000000000e+01         1.495067809904463e-08         
3.403750000000000e+01         1.503530019587213e-08         
3.404375000000000e+01         1.511926410696264e-08         
3.405000000000000e+01         1.520248371442339e-08         
3.405625000000000e+01         1.528488503472373e-08         
3.406250000000000e+01         1.536639102726558e-08         
3.406875000000000e+01         1.544690033903063e-08         
3.407500000000000e+01         1.552634206455474e-08         
3.408125000000000e+01         1.560461899640808e-08         
3.408750000000000e+01         1.568162502985834e-08         
3.409375000000000e+01         1.575729881835991e-08         
3.410000000000000e+01         1.583153148037074e-08         
3.410625000000000e+01         1.590423033859866e-08         
3.411250000000000e+01         1.597529214338092e-08         
3.411875000000000e+01         1.604463070002935e-08         
3.412500000000000e+01         1.611215800132052e-08         
3.413125000000000e+01         1.617776296453550e-08         
3.413750000000000e+01         1.624136863796831e-08         
3.414375000000000e+01         1.630287239593397e-08         
3.415000000000000e+01         1.636216757368330e-08         
3.415625000000000e+01         1.641919267869524e-08         
3.416250000000000e+01         1.647384440484404e-08         
3.416875000000000e+01         1.652603518763286e-08         
3.417500000000000e+01         1.657567148372973e-08         
3.418125000000000e+01         1.662268229007097e-08         
3.418750000000000e+01         1.666699381311330e-08         
3.419375000000000e+01         1.670851669837510e-08         
3.420000000000000e+01         1.674719618986612e-08         
3.420625000000000e+01         1.678295546431764e-08         
3.421250000000000e+01         1.681572696312694e-08         
3.421875000000000e+01         1.684545677666040e-08         
3.422500000000000e+01         1.687210347523571e-08         
3.423125000000000e+01         1.689561096361473e-08         
3.423750000000000e+01         1.691592753357815e-08         
3.424375000000000e+01         1.693302790446701e-08         
3.425000000000000e+01         1.694688847187341e-08         
3.425625000000000e+01         1.695747714096041e-08         
3.426250000000000e+01         1.696476677497861e-08         
3.426875000000000e+01         1.696876440461011e-08         
3.427500000000000e+01         1.696944771087348e-08         
3.428125000000000e+01         1.696682504084150e-08         
3.428750000000000e+01         1.696091314011698e-08         
3.429375000000000e+01         1.695171665716298e-08         
3.430000000000000e+01         1.693925718349686e-08         
3.430625000000000e+01         1.692354391781671e-08         
3.431250000000000e+01         1.690464185725615e-08         
3.431875000000000e+01         1.688257297804158e-08         
3.432500000000000e+01         1.685737198422810e-08         
3.433125000000000e+01         1.682910614194522e-08         
3.433750000000000e+01         1.679781336657498e-08         
3.434375000000000e+01         1.676355991128995e-08         
3.435000000000000e+01         1.672641834517800e-08         
3.435625000000000e+01         1.668644981255396e-08         
3.436250000000000e+01         1.664372605472351e-08         
3.436875000000000e+01         1.659830674001909e-08         
3.437500000000000e+01         1.655030395605901e-08         
3.438125000000000e+01         1.649978269212374e-08         
3.438750000000000e+01         1.644682162716585e-08         
3.439375000000000e+01         1.639152376919651e-08         
3.440000000000000e+01         1.633396246832471e-08         
3.440625000000000e+01         1.627424429353891e-08         
3.441250000000000e+01         1.621244455524459e-08         
3.441875000000000e+01         1.614867439450195e-08         
3.442500000000000e+01         1.608301904041394e-08         
3.443125000000000e+01         1.601555694794005e-08         
3.443750000000000e+01         1.594641299266796e-08         
3.444375000000000e+01         1.587566701478333e-08         
3.445000000000000e+01         1.580341202919048e-08         
3.445625000000000e+01         1.572973235749058e-08         
3.446250000000000e+01         1.565473044280520e-08         
3.446875000000000e+01         1.557850110729031e-08         
3.447500000000000e+01         1.550112096493778e-08         
3.448125000000000e+01         1.542269245708065e-08         
3.448750000000000e+01         1.534329372378372e-08         
3.449375000000000e+01         1.526299567144671e-08         
3.450000000000000e+01         1.518190846926169e-08         
3.450625000000000e+01         1.510009894385741e-08         
3.451250000000000e+01         1.501764477568168e-08         
3.451875000000000e+01         1.493461405907503e-08         
3.452500000000000e+01         1.485108925258392e-08         
3.453125000000000e+01         1.476714712573797e-08         
3.453750000000000e+01         1.468284228192967e-08         
3.454375000000000e+01         1.459825523802070e-08         
3.455000000000000e+01         1.451344348088472e-08         
3.455625000000000e+01         1.442845363685788e-08         
3.456250000000000e+01         1.434337244383415e-08         
3.456875000000000e+01         1.425824232332738e-08         
3.457500000000000e+01         1.417311649407843e-08         
3.458125000000000e+01         1.408804065963291e-08         
3.458750000000000e+01         1.400307051734000e-08         
3.459375000000000e+01         1.391825921469080e-08         
3.460000000000000e+01         1.383363719789822e-08         
3.460625000000000e+01         1.374926004629013e-08         
3.461250000000000e+01         1.366516158276488e-08         
3.461875000000000e+01         1.358137258411972e-08         
3.462500000000000e+01         1.349793481916456e-08         
3.463125000000000e+01         1.341488843380614e-08         
3.463750000000000e+01         1.333225885651277e-08         
3.464375000000000e+01         1.325006861667787e-08         
3.465000000000000e+01         1.316835271164525e-08         
3.465625000000000e+01         1.308714268137552e-08         
3.466250000000000e+01         1.300645625815960e-08         
3.466875000000000e+01         1.292631009826492e-08         
3.467500000000000e+01         1.284673764503632e-08         
3.468125000000000e+01         1.276774582349679e-08         
3.468750000000000e+01         1.268935831634721e-08         
3.469375000000000e+01         1.261159766571773e-08         
3.470000000000000e+01         1.253447355032593e-08         
3.470625000000000e+01         1.245799922438083e-08         
3.471250000000000e+01         1.238217540631099e-08         
3.471875000000000e+01         1.230703708438073e-08         
3.472500000000000e+01         1.223258331207679e-08         
3.473125000000000e+01         1.215881675238061e-08         
3.473750000000000e+01         1.208575773897294e-08         
3.474375000000000e+01         1.201340215394918e-08         
3.475000000000000e+01         1.194176110716400e-08         
3.475625000000000e+01         1.187084670012743e-08         
3.476250000000000e+01         1.180065739319123e-08         
3.476875000000000e+01         1.173119693777014e-08         
3.477500000000000e+01         1.166245789427498e-08         
3.478125000000000e+01         1.159446425354801e-08         
3.478750000000000e+01         1.152720731056234e-08         
3.479375000000000e+01         1.146068239006614e-08         
3.480000000000000e+01         1.139490099605506e-08         
3.480625000000000e+01         1.132985301424004e-08         
3.481250000000000e+01         1.126554775383010e-08         
3.481875000000000e+01         1.120197418367369e-08         
3.482500000000000e+01         1.113914151260642e-08         
3.483125000000000e+01         1.107704301833085e-08         
3.483750000000000e+01         1.101566554497126e-08         
3.484375000000000e+01         1.095502779834745e-08         
3.485000000000000e+01         1.089511660862351e-08         
3.485625000000000e+01         1.083592830155690e-08         
3.486250000000000e+01         1.077745464838646e-08         
3.486875000000000e+01         1.071969712394241e-08         
3.487500000000000e+01         1.066265706725410e-08         
3.488125000000000e+01         1.060631978989801e-08         
3.488750000000000e+01         1.055069089799300e-08         
3.489375000000000e+01         1.049576138205132e-08         
3.490000000000000e+01         1.044151597656536e-08         
3.490625000000000e+01         1.038797002080403e-08         
3.491250000000000e+01         1.033510859665285e-08         
3.491875000000000e+01         1.028292632266879e-08         
3.492500000000000e+01         1.023141282672127e-08         
3.493125000000000e+01         1.018056809694412e-08         
3.493750000000000e+01         1.013039152804006e-08         
3.494375000000000e+01         1.008086715032088e-08         
3.495000000000000e+01         1.003199979058061e-08         
3.495625000000000e+01         9.983778660911151e-09         
3.496250000000000e+01         9.936188534333249e-09         
3.496875000000000e+01         9.889242678416093e-09         
3.497500000000000e+01         9.842925629884732e-09         
3.498125000000000e+01         9.797232032514315e-09         
3.498750000000000e+01         9.752150455573845e-09         
3.499375000000000e+01         9.707680699610966e-09         
3.500000000000000e+01         9.663820890750174e-09         
3.500625000000000e+01         9.620556182887747e-09         
3.501250000000000e+01         9.577890083884650e-09         
3.501875000000000e+01         9.535811982210611e-09         
3.502500000000000e+01         9.494311172044130e-09         
3.503125000000000e+01         9.453386960899953e-09         
3.503750000000000e+01         9.413037814311588e-09         
3.504375000000000e+01         9.373253535765685e-09         
3.505000000000000e+01         9.334028515255801e-09         
3.505625000000000e+01         9.295347519367453e-09         
3.506250000000000e+01         9.257223438687619e-09         
3.506875000000000e+01         9.219641442563707e-09         
3.507500000000000e+01         9.182591468849193e-09         
3.508125000000000e+01         9.146077035781932e-09         
3.508750000000000e+01         9.110083590297207e-09         
3.509375000000000e+01         9.074610388654755e-09         
3.510000000000000e+01         9.039656439887698e-09         
3.510625000000000e+01         9.005211985148632e-09         
3.511250000000000e+01         8.971271520631845e-09         
3.511875000000000e+01         8.937821106602565e-09         
3.512500000000000e+01         8.904873612779069e-09         
3.513125000000000e+01         8.872414664002848e-09         
3.513750000000000e+01         8.840435251332503e-09         
3.514375000000000e+01         8.808938666720089e-09         
3.515000000000000e+01         8.777911651397738e-09         
3.515625000000000e+01         8.747353500178022e-09         
3.516250000000000e+01         8.717263758578444e-09         
3.516875000000000e+01         8.687633617913061e-09         
3.517500000000000e+01         8.658458086531520e-09         
3.518125000000000e+01         8.629724339388336e-09         
3.518750000000000e+01         8.601444623903215e-09         
3.519375000000000e+01         8.573606259550327e-09         
3.520000000000000e+01         8.546200244973906e-09         
3.520625000000000e+01         8.519230814793555e-09         
3.521250000000000e+01         8.492685329770832e-09         
3.521875000000000e+01         8.466567704965010e-09         
3.522500000000000e+01         8.440866122895277e-09         
3.523125000000000e+01         8.415584145178410e-09         
3.523750000000000e+01         8.390713592592403e-09         
3.524375000000000e+01         8.366242460506402e-09         
3.525000000000000e+01         8.342183474875248e-09         
3.525625000000000e+01         8.318524554580087e-09         
3.526250000000000e+01         8.295261578780319e-09         
3.526875000000000e+01         8.272386923329227e-09         
3.527500000000000e+01         8.249900957010349e-09         
3.528125000000000e+01         8.227804309981051e-09         
3.528750000000000e+01         8.206085541436450e-09         
3.529375000000000e+01         8.184748722039307e-09         
3.530000000000000e+01         8.163786969549908e-09         
3.530625000000000e+01         8.143188011682991e-09         
3.531250000000000e+01         8.122965695394204e-09         
3.531875000000000e+01         8.103108208610429e-09         
3.532500000000000e+01         8.083612350324870e-09         
3.533125000000000e+01         8.064471425168249e-09         
3.533750000000000e+01         8.045685427707955e-09         
3.534375000000000e+01         8.027256543437843e-09         
3.535000000000000e+01         8.009173263399944e-09         
3.535625000000000e+01         7.991440503799914e-09         
3.536250000000000e+01         7.974051912564950e-09         
3.536875000000000e+01         7.956995964957900e-09         
3.537500000000000e+01         7.940286873164093e-09         
3.538125000000000e+01         7.923913250250292e-09         
3.538750000000000e+01         7.907873022821225e-09         
3.539375000000000e+01         7.892159296414480e-09         
3.540000000000000e+01         7.876773372635504e-09         
3.540625000000000e+01         7.861717057712094e-09         
3.541250000000000e+01         7.846980148079810e-09         
3.541875000000000e+01         7.832568111078661e-09         
3.542500000000000e+01         7.818474338154908e-09         
3.543125000000000e+01         7.804692838341857e-09         
3.543750000000000e+01         7.791225607642835e-09         
3.544375000000000e+01         7.778074054750157e-09         
3.545000000000000e+01         7.765232607743843e-09         
3.545625000000000e+01         7.752698686986806e-09         
3.546250000000000e+01         7.740462628435004e-09         
3.546875000000000e+01         7.728538164177750e-09         
3.547500000000000e+01         7.716915574686427e-09         
3.548125000000000e+01         7.705589393731431e-09         
3.548750000000000e+01         7.694564979474136e-09         
3.549375000000000e+01         7.683832863075090e-09         
3.550000000000000e+01         7.673395704131237e-09         
3.550625000000000e+01         7.663255336246994e-09         
3.551250000000000e+01         7.653406281940116e-09         
3.551875000000000e+01         7.643846692676654e-09         
3.552500000000000e+01         7.634567656328913e-09         
3.553125000000000e+01         7.625582904113931e-09         
3.553750000000000e+01         7.616883547398824e-09         
3.554375000000000e+01         7.608464063803978e-09         
3.555000000000000e+01         7.600330573426002e-09         
3.555625000000000e+01         7.592474080246702e-09         
3.556250000000000e+01         7.584897416205501e-09         
3.556875000000000e+01         7.577603291975944e-09         
3.557500000000000e+01         7.570586069907994e-09         
3.558125000000000e+01         7.563845083090305e-09         
3.558750000000000e+01         7.557370682343067e-09         
3.559375000000000e+01         7.551178421361181e-09         
3.560000000000000e+01         7.545258538045259e-09         
3.560625000000000e+01         7.539606562684134e-09         
3.561250000000000e+01         7.534229170725395e-09         
3.561875000000000e+01         7.529117072711560e-09         
3.562500000000000e+01         7.524278241820954e-09         
3.563125000000000e+01         7.519703577210887e-09         
3.563750000000000e+01         7.515399399409416e-09         
3.564375000000000e+01         7.511362027659012e-09         
3.565000000000000e+01         7.507581797919693e-09         
3.565625000000000e+01         7.504074722509306e-09         
3.566250000000000e+01         7.500831453902845e-09         
3.566875000000000e+01         7.497851934218915e-09         
3.567500000000000e+01         7.495131213863530e-09         
3.568125000000000e+01         7.492672608778177e-09         
3.568750000000000e+01         7.490479610082022e-09         
3.569375000000000e+01         7.488544178404555e-09         
3.570000000000000e+01         7.486873361573358e-09         
3.570625000000000e+01         7.485462569846710e-09         
3.571250000000000e+01         7.484304054674731e-09         
3.571875000000000e+01         7.483412682698766e-09         
3.572500000000000e+01         7.482780513640989e-09         
3.573125000000000e+01         7.482407368666469e-09         
3.573750000000000e+01         7.482289005654238e-09         
3.574375000000000e+01         7.482428656912906e-09         
3.575000000000000e+01         7.482830379372252e-09         
3.575625000000000e+01         7.483486548852161e-09         
3.576250000000000e+01         7.484404463885985e-09         
3.576875000000000e+01         7.485580002437460e-09         
3.577500000000000e+01         7.487005453964368e-09         
3.578125000000000e+01         7.488696247297077e-09         
3.578750000000000e+01         7.490644976258489e-09         
3.579375000000000e+01         7.492851003435774e-09         
3.580000000000000e+01         7.495311509090181e-09         
3.580625000000000e+01         7.498029377664950e-09         
3.581250000000000e+01         7.501009092572894e-09         
3.581875000000000e+01         7.504247415382893e-09         
3.582500000000000e+01         7.507740153617305e-09         
3.583125000000000e+01         7.511495065692667e-09         
3.583750000000000e+01         7.515504873247987e-09         
3.584375000000000e+01         7.519774215800678e-09         
3.585000000000000e+01         7.524306923721674e-09         
3.585625000000000e+01         7.529099291177266e-09         
3.586250000000000e+01         7.534152098265133e-09         
3.586875000000000e+01         7.539457294138382e-09         
3.587500000000000e+01         7.545031972723934e-09         
3.588125000000000e+01         7.550867904503118e-09         
3.588750000000000e+01         7.556962309446792e-09         
3.589375000000000e+01         7.563323266944533e-09         
3.590000000000000e+01         7.569943010912932e-09         
3.590625000000000e+01         7.576827406339188e-09         
3.591250000000000e+01         7.583979693014541e-09         
3.591875000000000e+01         7.591397211142388e-09         
3.592500000000000e+01         7.599081047293077e-09         
3.593125000000000e+01         7.607023412635519e-09         
3.593750000000000e+01         7.615241173537968e-09         
3.594375000000000e+01         7.623726863895596e-09         
3.595000000000000e+01         7.632478012997680e-09         
3.595625000000000e+01         7.641503121901061e-09         
3.596250000000000e+01         7.650794899148251e-09         
3.596875000000000e+01         7.660358691052464e-09         
3.597500000000000e+01         7.670198835626905e-09         
3.598125000000000e+01         7.680312901403443e-09         
3.598750000000000e+01         7.690701663819649e-09         
3.599375000000000e+01         7.701358565908713e-09         
3.600000000000000e+01         7.712299979037135e-09         
3.600625000000000e+01         7.723519478658897e-09         
3.601250000000000e+01         7.735014658712940e-09         
3.601875000000000e+01         7.746793784506433e-09         
3.602500000000000e+01         7.758850468603573e-09         
3.603125000000000e+01         7.771194061420936e-09         
3.603750000000000e+01         7.783818044005991e-09         
3.604375000000000e+01         7.796731301719071e-09         
3.605000000000000e+01         7.809931113389286e-09         
3.605625000000000e+01         7.823411478887784e-09         
3.606250000000000e+01         7.837189067219936e-09         
3.606875000000000e+01         7.851257806138934e-09         
3.607500000000000e+01         7.865618849681740e-09         
3.608125000000000e+01         7.880269988702917e-09         
3.608750000000000e+01         7.895216398705936e-09         
3.609375000000000e+01         7.910463725057723e-09         
3.610000000000000e+01         7.926006183577579e-09         
3.610625000000000e+01         7.941852410846312e-09         
3.611250000000000e+01         7.958000427789218e-09         
3.611875000000000e+01         7.974444375593277e-09         
3.612500000000000e+01         7.991201098040081e-09         
3.613125000000000e+01         8.008265234323366e-09         
3.613750000000000e+01         8.025637875423012e-09         
3.614375000000000e+01         8.043317324531156e-09         
3.615000000000000e+01         8.061308550226113e-09         
3.615625000000000e+01         8.079618346548452e-09         
3.616250000000000e+01         8.098240230837392e-09         
3.616875000000000e+01         8.117183848468815e-09         
3.617500000000000e+01         8.136447568793374e-09         
3.618125000000000e+01         8.156024923644763e-09         
3.618750000000000e+01         8.175934375712558e-09         
3.619375000000000e+01         8.196169559016265e-09         
3.620000000000000e+01         8.216732470850917e-09         
3.620625000000000e+01         8.237621608751506e-09         
3.621250000000000e+01         8.258842129568321e-09         
3.621875000000000e+01         8.280401353594694e-09         
3.622500000000000e+01         8.302296574577496e-09         
3.623125000000000e+01         8.324526221132858e-09         
3.623750000000000e+01         8.347100353715761e-09         
3.624375000000000e+01         8.370013158507999e-09         
3.625000000000000e+01         8.393271173190618e-09         
3.625625000000000e+01         8.416880134462429e-09         
3.626250000000000e+01         8.440838660407095e-09         
3.626875000000000e+01         8.465148958011302e-09         
3.627500000000000e+01         8.489804876118628e-09         
3.628125000000000e+01         8.514825282443701e-09         
3.628750000000000e+01         8.540204161926856e-09         
3.629375000000000e+01         8.565940141753279e-09         
3.630000000000000e+01         8.592043244950653e-09         
3.630625000000000e+01         8.618507801015048e-09         
3.631250000000000e+01         8.645340486600604e-09         
3.631875000000000e+01         8.672547322650507e-09         
3.632500000000000e+01         8.700127070293260e-09         
3.633125000000000e+01         8.728081640694540e-09         
3.633750000000000e+01         8.756405345393671e-09         
3.634375000000000e+01         8.785117122495360e-09         
3.635000000000000e+01         8.814211196641043e-09         
3.635625000000000e+01         8.843685425691596e-09         
3.636250000000000e+01         8.873550848086874e-09         
3.636875000000000e+01         8.903801046340626e-09         
3.637500000000000e+01         8.934442931161280e-09         
3.638125000000000e+01         8.965482862999162e-09         
3.638750000000000e+01         8.996919184824740e-09         
3.639375000000000e+01         9.028753976915739e-09         
3.640000000000000e+01         9.060980820909797e-09         
3.640625000000000e+01         9.093619341933155e-09         
3.641250000000000e+01         9.126663143941015e-09         
3.641875000000000e+01         9.160110113207561e-09         
3.642500000000000e+01         9.193970991364015e-09         
3.643125000000000e+01         9.228239133558253e-09         
3.643750000000000e+01         9.262925540692250e-09         
3.644375000000000e+01         9.298023556256862e-09         
3.645000000000000e+01         9.333543567964050e-09         
3.645625000000000e+01         9.369483518039651e-09         
3.646250000000000e+01         9.405836203148260e-09         
3.646875000000000e+01         9.442621020615886e-09         
3.647500000000000e+01         9.479831262094298e-09         
3.648125000000000e+01         9.517468406269874e-09         
3.648750000000000e+01         9.555529260293407e-09         
3.649375000000000e+01         9.594020317557148e-09         
3.650000000000000e+01         9.632946982639086e-09         
3.650625000000000e+01         9.672302025387201e-09         
3.651250000000000e+01         9.712095501827470e-09         
3.651875000000000e+01         9.752323863730487e-09         
3.652500000000000e+01         9.792979215573547e-09         
3.653125000000000e+01         9.834080607393089e-09         
3.653750000000000e+01         9.875619837434035e-09         
3.654375000000000e+01         9.917597101444635e-09         
3.655000000000000e+01         9.960008561494012e-09         
3.655625000000000e+01         1.000285914862125e-08         
3.656250000000000e+01         1.004615338819308e-08         
3.656875000000000e+01         1.008988213040892e-08         
3.657500000000000e+01         1.013405445996401e-08         
3.658125000000000e+01         1.017866555893957e-08         
3.658750000000000e+01         1.022370971508488e-08         
3.659375000000000e+01         1.026919103249074e-08         
3.660000000000000e+01         1.031511335134286e-08         
3.660625000000000e+01         1.036147037567199e-08         
3.661250000000000e+01         1.040825602465567e-08         
3.661875000000000e+01         1.045547337459559e-08         
3.662500000000000e+01         1.050312521505532e-08         
3.663125000000000e+01         1.055120416091519e-08         
3.663750000000000e+01         1.059970297903025e-08         
3.664375000000000e+01         1.064862872128052e-08         
3.665000000000000e+01         1.069796835017384e-08         
3.665625000000000e+01         1.074772293203752e-08         
3.666250000000000e+01         1.079789358518171e-08         
3.666875000000000e+01         1.084847131027936e-08         
3.667500000000000e+01         1.089945155613805e-08         
3.668125000000000e+01         1.095081923838007e-08         
3.668750000000000e+01         1.100258906662435e-08         
3.669375000000000e+01         1.105474478587450e-08         
3.670000000000000e+01         1.110727557770988e-08         
3.670625000000000e+01         1.116018473907925e-08         
3.671250000000000e+01         1.121345503914753e-08         
3.671875000000000e+01         1.126708335908529e-08         
3.672500000000000e+01         1.132106756845921e-08         
3.673125000000000e+01         1.137539343325059e-08         
3.673750000000000e+01         1.143005170251436e-08         
3.674375000000000e+01         1.148502247669988e-08         
3.675000000000000e+01         1.154031583541662e-08         
3.675625000000000e+01         1.159591088799328e-08         
3.676250000000000e+01         1.165179081345793e-08         
3.676875000000000e+01         1.170795377096250e-08         
3.677500000000000e+01         1.176437725058092e-08         
3.678125000000000e+01         1.182105171760499e-08         
3.678750000000000e+01         1.187796976913384e-08         
3.679375000000000e+01         1.193511094445203e-08         
3.680000000000000e+01         1.199245943271185e-08         
3.680625000000000e+01         1.204998897342971e-08         
3.681250000000000e+01         1.210770343317607e-08         
3.681875000000000e+01         1.216557527066130e-08         
3.682500000000000e+01         1.222357957232286e-08         
3.683125000000000e+01         1.228170972542557e-08         
3.683750000000000e+01         1.233993389487351e-08         
3.684375000000000e+01         1.239824239099211e-08         
3.685000000000000e+01         1.245660236612544e-08         
3.685625000000000e+01         1.251500295675096e-08         
3.686250000000000e+01         1.257341585439706e-08         
3.686875000000000e+01         1.263180544027805e-08         
3.687500000000000e+01         1.269016982641473e-08         
3.688125000000000e+01         1.274847207174035e-08         
3.688750000000000e+01         1.280668520277740e-08         
3.689375000000000e+01         1.286477701748107e-08         
3.690000000000000e+01         1.292272548473630e-08         
3.690625000000000e+01         1.298050712699717e-08         
3.691250000000000e+01         1.303807980488392e-08         
3.691875000000000e+01         1.309542640865213e-08         
3.692500000000000e+01         1.315250965096331e-08         
3.693125000000000e+01         1.320928502084711e-08         
3.693750000000000e+01         1.326574415863684e-08         
3.694375000000000e+01         1.332184110075965e-08         
3.695000000000000e+01         1.337754276867663e-08         
3.695625000000000e+01         1.343280774081403e-08         
3.696250000000000e+01         1.348760757769383e-08         
3.696875000000000e+01         1.354191173805743e-08         
3.697500000000000e+01         1.359567075842884e-08         
3.698125000000000e+01         1.364886156638514e-08         
3.698750000000000e+01         1.370143998491425e-08         
3.699375000000000e+01         1.375336203931210e-08         
3.700000000000000e+01         1.380459472124290e-08         
3.700625000000000e+01         1.385510725692280e-08         
3.701250000000000e+01         1.390485372096105e-08         
3.701875000000000e+01         1.395378864483233e-08         
3.702500000000000e+01         1.400188125616249e-08         
3.703125000000000e+01         1.404909549702634e-08         
3.703750000000000e+01         1.409538852210864e-08         
3.704375000000000e+01         1.414071388909550e-08         
3.705000000000000e+01         1.418504531306316e-08         
3.705625000000000e+01         1.422833330889373e-08         
3.706250000000000e+01         1.427054298237700e-08         
3.706875000000000e+01         1.431164526027991e-08         
3.707500000000000e+01         1.435159558209020e-08         
3.708125000000000e+01         1.439035668481496e-08         
3.708750000000000e+01         1.442788134572774e-08         
3.709375000000000e+01         1.446415766331961e-08         
3.710000000000000e+01         1.449914013767155e-08         
3.710625000000000e+01         1.453278706356671e-08         
3.711250000000000e+01         1.456508101217437e-08         
3.711875000000000e+01         1.459597649152748e-08         
3.712500000000000e+01         1.462544938934902e-08         
3.713125000000000e+01         1.465347788281781e-08         
3.713750000000000e+01         1.468002710195046e-08         
3.714375000000000e+01         1.470507187172112e-08         
3.715000000000000e+01         1.472857419987981e-08         
3.715625000000000e+01         1.475053707323506e-08         
3.716250000000000e+01         1.477092579785075e-08         
3.716875000000000e+01         1.478971351208250e-08         
3.717500000000000e+01         1.480689714095453e-08         
3.718125000000000e+01         1.482244667996490e-08         
3.718750000000000e+01         1.483635361122521e-08         
3.719375000000000e+01         1.484861273571993e-08         
3.720000000000000e+01         1.485920748912562e-08         
3.720625000000000e+01         1.486812950227123e-08         
3.721250000000000e+01         1.487535865486203e-08         
3.721875000000000e+01         1.488091732326504e-08         
3.722500000000000e+01         1.488478961995188e-08         
3.723125000000000e+01         1.488696908188646e-08         
3.723750000000000e+01         1.488747069367365e-08         
3.724375000000000e+01         1.488628533020907e-08         
3.725000000000000e+01         1.488343129619188e-08         
3.725625000000000e+01         1.487890317419543e-08         
3.726250000000000e+01         1.487272480940810e-08         
3.726875000000000e+01         1.486490092116724e-08         
3.727500000000000e+01         1.485543170727340e-08         
3.728125000000000e+01         1.484435960215678e-08         
3.728750000000000e+01         1.483168770174545e-08         
3.729375000000000e+01         1.481743625933997e-08         
3.730000000000000e+01         1.480161834726477e-08         
3.730625000000000e+01         1.478426498112373e-08         
3.731250000000000e+01         1.476540403590398e-08         
3.731875000000000e+01         1.474504912839235e-08         
3.732500000000000e+01         1.472324059195080e-08         
3.733125000000000e+01         1.469999879245574e-08         
3.733750000000000e+01         1.467534195966383e-08         
3.734375000000000e+01         1.464932468210021e-08         
3.735000000000000e+01         1.462196699891711e-08         
3.735625000000000e+01         1.459330141076936e-08         
3.736250000000000e+01         1.456335392574282e-08         
3.736875000000000e+01         1.453216783599521e-08         
3.737500000000000e+01         1.449978220657403e-08         
3.738125000000000e+01         1.446622119462443e-08         
3.738750000000000e+01         1.443153391796747e-08         
3.739375000000000e+01         1.439575145117078e-08         
3.740000000000000e+01         1.435890417220880e-08         
3.740625000000000e+01         1.432103595540728e-08         
3.741250000000000e+01         1.428219141484866e-08         
3.741875000000000e+01         1.424240149678450e-08         
3.742500000000000e+01         1.420169903441466e-08         
3.743125000000000e+01         1.416012850397273e-08         
3.743750000000000e+01         1.411773379670976e-08         
3.744375000000000e+01         1.407454675426659e-08         
3.745000000000000e+01         1.403059834215344e-08         
3.745625000000000e+01         1.398594001542877e-08         
3.746250000000000e+01         1.394059632864908e-08         
3.746875000000000e+01         1.389460972729451e-08         
3.747500000000000e+01         1.384802351995868e-08         
3.748125000000000e+01         1.380086733887415e-08         
3.748750000000000e+01         1.375317734779428e-08         
3.749375000000000e+01         1.370497630958788e-08         
3.750000000000000e+01         1.365632317802249e-08         
3.750625000000000e+01         1.360723940731273e-08         
3.751250000000000e+01         1.355775281105682e-08         
3.751875000000000e+01         1.350790828659027e-08         
3.752500000000000e+01         1.345772556455764e-08         
3.753125000000000e+01         1.340724169861389e-08         
3.753750000000000e+01         1.335649337061914e-08         
3.754375000000000e+01         1.330550513317620e-08         
3.755000000000000e+01         1.325430566312785e-08         
3.755625000000000e+01         1.320291127222808e-08         
3.756250000000000e+01         1.315137378678765e-08         
3.756875000000000e+01         1.309970732757406e-08         
3.757500000000000e+01         1.304793308650817e-08         
3.758125000000000e+01         1.299608734926967e-08         
3.758750000000000e+01         1.294418408631570e-08         
3.759375000000000e+01         1.289225077849678e-08         
3.760000000000000e+01         1.284031800086624e-08         
3.760625000000000e+01         1.278840131096601e-08         
3.761250000000000e+01         1.273652189160800e-08         
3.761875000000000e+01         1.268468991348969e-08         
3.762500000000000e+01         1.263294702185292e-08         
3.763125000000000e+01         1.258130171678546e-08         
3.763750000000000e+01         1.252977179743471e-08         
3.764375000000000e+01         1.247836962773528e-08         
3.765000000000000e+01         1.242711843742080e-08         
3.765625000000000e+01         1.237603871967002e-08         
3.766250000000000e+01         1.232513594588406e-08         
3.766875000000000e+01         1.227443564931746e-08         
3.767500000000000e+01         1.222394714026054e-08         
3.768125000000000e+01         1.217367261248406e-08         
3.768750000000000e+01         1.212364727136927e-08         
3.769375000000000e+01         1.207387230648243e-08         
3.770000000000000e+01         1.202435953464346e-08         
3.770625000000000e+01         1.197511507463674e-08         
3.771250000000000e+01         1.192615505215283e-08         
3.771875000000000e+01         1.187749474032513e-08         
3.772500000000000e+01         1.182913288320439e-08         
3.773125000000000e+01         1.178108946577228e-08         
3.773750000000000e+01         1.173336774154676e-08         
3.774375000000000e+01         1.168596530552816e-08         
3.775000000000000e+01         1.163891081867204e-08         
3.775625000000000e+01         1.159220100328978e-08         
3.776250000000000e+01         1.154584246321935e-08         
3.776875000000000e+01         1.149983649622552e-08         
3.777500000000000e+01         1.145419420193068e-08         
3.778125000000000e+01         1.140892667155538e-08         
3.778750000000000e+01         1.136402799750111e-08         
3.779375000000000e+01         1.131951375666691e-08         
3.780000000000000e+01         1.127538328981200e-08         
3.780625000000000e+01         1.123163552155015e-08         
3.781250000000000e+01         1.118827932405113e-08         
3.781875000000000e+01         1.114532315026485e-08         
3.782500000000000e+01         1.110276539846435e-08         
3.783125000000000e+01         1.106060391846519e-08         
3.783750000000000e+01         1.101884629749377e-08         
3.784375000000000e+01         1.097749988012096e-08         
3.785000000000000e+01         1.093656194411544e-08         
3.785625000000000e+01         1.089602923907471e-08         
3.786250000000000e+01         1.085591345408469e-08         
3.786875000000000e+01         1.081620617324296e-08         
3.787500000000000e+01         1.077691375745629e-08         
3.788125000000000e+01         1.073804181365975e-08         
3.788750000000000e+01         1.069958632724359e-08         
3.789375000000000e+01         1.066154827607741e-08         
3.790000000000000e+01         1.062391815645645e-08         
3.790625000000000e+01         1.058671592095585e-08         
3.791250000000000e+01         1.054993206345859e-08         
3.791875000000000e+01         1.051356148303098e-08         
3.792500000000000e+01         1.047761422999109e-08         
3.793125000000000e+01         1.044208010856756e-08         
3.793750000000000e+01         1.040696384518947e-08         
3.794375000000000e+01         1.037226967876793e-08         
3.795000000000000e+01         1.033799190603515e-08         
3.795625000000000e+01         1.030413028583106e-08         
3.796250000000000e+01         1.027067443984717e-08         
3.796875000000000e+01         1.023764239692389e-08         
3.797500000000000e+01         1.020502384938414e-08         
3.798125000000000e+01         1.017281320106176e-08         
3.798750000000000e+01         1.014101818385968e-08         
3.799375000000000e+01         1.010962867932062e-08         
3.800000000000000e+01         1.007865271586961e-08         
3.800625000000000e+01         1.004807977855065e-08         
3.801250000000000e+01         1.001791770479378e-08         
3.801875000000000e+01         9.988160289933819e-09         
3.802500000000000e+01         9.958797239808937e-09         
3.803125000000000e+01         9.929844919776944e-09         
3.803750000000000e+01         9.901292986957318e-09         
3.804375000000000e+01         9.873140014652103e-09         
3.805000000000000e+01         9.845379409565876e-09         
3.805625000000000e+01         9.818014083434077e-09         
3.806250000000000e+01         9.791047124281392e-09         
3.806875000000000e+01         9.764468027409989e-09         
3.807500000000000e+01         9.738283465718438e-09         
3.808125000000000e+01         9.712487546479604e-09         
3.808750000000000e+01         9.687069533807692e-09         
3.809375000000000e+01         9.662045468358469e-09         
3.810000000000000e+01         9.637404883866847e-09         
3.810625000000000e+01         9.613145593512331e-09         
3.811250000000000e+01         9.589261619223139e-09         
3.811875000000000e+01         9.565755262911499e-09         
3.812500000000000e+01         9.542629792846287e-09         
3.813125000000000e+01         9.519874253648671e-09         
3.813750000000000e+01         9.497495245275611e-09         
3.814375000000000e+01         9.475487210521787e-09         
3.815000000000000e+01         9.453838783690476e-09         
3.815625000000000e+01         9.432566678013506e-09         
3.816250000000000e+01         9.411659481642547e-09         
3.816875000000000e+01         9.391115863321113e-09         
3.817500000000000e+01         9.370929854358724e-09         
3.818125000000000e+01         9.351103155888577e-09         
3.818750000000000e+01         9.331639521149704e-09         
3.819375000000000e+01         9.312528012818087e-09         
3.820000000000000e+01         9.293775420567212e-09         
3.820625000000000e+01         9.275375970313309e-09         
3.821250000000000e+01         9.257323091797133e-09         
3.821875000000000e+01         9.239620589624874e-09         
3.822500000000000e+01         9.222269926527055e-09         
3.823125000000000e+01         9.205265818566017e-09         
3.823750000000000e+01         9.188602507172660e-09         
3.824375000000000e+01         9.172281710688558e-09         
3.825000000000000e+01         9.156306989610576e-09         
3.825625000000000e+01         9.140672368480523e-09         
3.826250000000000e+01         9.125372242925923e-09         
3.826875000000000e+01         9.110413088144911e-09         
3.827500000000000e+01         9.095785087570410e-09         
3.828125000000000e+01         9.081491076387565e-09         
3.828750000000000e+01         9.067534369071941e-09         
3.829375000000000e+01         9.053908811646437e-09         
3.830000000000000e+01         9.040613062945768e-09         
3.830625000000000e+01         9.027636578526176e-09         
3.831250000000000e+01         9.014996488692544e-09         
3.831875000000000e+01         9.002682199659715e-09         
3.832500000000000e+01         8.990687858093582e-09         
3.833125000000000e+01         8.979021404372613e-09         
3.833750000000000e+01         8.967672334225661e-09         
3.834375000000000e+01         8.956644769632290e-09         
3.835000000000000e+01         8.945940455535494e-09         
3.835625000000000e+01         8.935555203390898e-09         
3.836250000000000e+01         8.925487464028184e-09         
3.836875000000000e+01         8.915726779508839e-09         
3.837500000000000e+01         8.906290726991372e-09         
3.838125000000000e+01         8.897168865128867e-09         
3.838750000000000e+01         8.888356355497322e-09         
3.839375000000000e+01         8.879859522228056e-09         
3.840000000000001e+01         8.871674729821582e-09         
3.840625000000000e+01         8.863795815234857e-09         
3.841250000000000e+01         8.856226559586163e-09         
3.841875000000000e+01         8.848970682924126e-09         
3.842500000000000e+01         8.842022743824594e-09         
3.843125000000001e+01         8.835377420135210e-09         
3.843750000000000e+01         8.829038419882414e-09         
3.844375000000000e+01         8.823009776743870e-09         
3.845000000000000e+01         8.817286141800038e-09         
3.845625000000000e+01         8.811862290897732e-09         
3.846250000000001e+01         8.806746668255449e-09         
3.846875000000000e+01         8.801929633359689e-09         
3.847500000000000e+01         8.797415173348328e-09         
3.848125000000000e+01         8.793207298793702e-09         
3.848750000000000e+01         8.789300893970882e-09         
3.849375000000001e+01         8.785695394638395e-09         
3.850000000000000e+01         8.782381354679915e-09         
3.850625000000000e+01         8.779376621273727e-09         
3.851250000000000e+01         8.776671748525195e-09         
3.851875000000000e+01         8.774261577565951e-09         
3.852500000000001e+01         8.772155313693373e-09         
3.853125000000000e+01         8.770343057011560e-09         
3.853750000000000e+01         8.768830051006459e-09         
3.854375000000000e+01         8.767618623985814e-09         
3.855000000000000e+01         8.766706090453547e-09         
3.855625000000001e+01         8.766091342064007e-09         
3.856250000000000e+01         8.765765304481155e-09         
3.856875000000000e+01         8.765746189781069e-09         
3.857500000000000e+01         8.766024588593196e-09         
3.858125000000000e+01         8.766596846618292e-09         
3.858750000000001e+01         8.767469886108636e-09         
3.859375000000000e+01         8.768636611299468e-09         
3.860000000000000e+01         8.770101670521675e-09         
3.860625000000000e+01         8.771867721307954e-09         
3.861250000000000e+01         8.773932296288611e-09         
3.861875000000001e+01         8.776294864083932e-09         
3.862500000000000e+01         8.778947032888231e-09         
3.863125000000000e+01         8.781905518149082e-09         
3.863750000000000e+01         8.785163188320449e-09         
3.864375000000000e+01         8.788715960740917e-09         
3.865000000000001e+01         8.792571063874442e-09         
3.865625000000000e+01         8.796721873909312e-09         
3.866250000000000e+01         8.801177172857470e-09         
3.866875000000000e+01         8.805928540004906e-09         
3.867500000000000e+01         8.810984053887139e-09         
3.868125000000001e+01         8.816341266955409e-09         
3.868750000000000e+01         8.821991637604116e-09         
3.869375000000000e+01         8.827952003904239e-09         
3.870000000000000e+01         8.834215711913150e-09         
3.870625000000000e+01         8.840782597719191e-09         
3.871250000000001e+01         8.847648842832444e-09         
3.871875000000000e+01         8.854819669037837e-09         
3.872500000000000e+01         8.862299979358240e-09         
3.873125000000000e+01         8.870082398033185e-09         
3.873750000000000e+01         8.878174680064864e-09         
3.874375000000001e+01         8.886574900861334e-09         
3.875000000000000e+01         8.895274439216915e-09         
3.875625000000000e+01         8.904291032173953e-09         
3.876250000000000e+01         8.913617914678914e-09         
3.876875000000000e+01         8.923255463587133e-09         
3.877500000000001e+01         8.933200473993853e-09         
3.878125000000000e+01         8.943456636767001e-09         
3.878750000000000e+01         8.954031500851108e-09         
3.879375000000000e+01         8.964916804025618e-09         
3.880000000000000e+01         8.976120766590955e-09         
3.880625000000001e+01         8.987641830171488e-09         
3.881250000000000e+01         8.999475808817247e-09         
3.881875000000000e+01         9.011628936115611e-09         
3.882500000000000e+01         9.024105178386455e-09         
3.883125000000000e+01         9.036902875109001e-09         
3.883750000000001e+01         9.050018570515151e-09         
3.884375000000000e+01         9.063456362270153e-09         
3.885000000000000e+01         9.077223784717637e-09         
3.885625000000000e+01         9.091316969304942e-09         
3.886250000000000e+01         9.105733052843313e-09         
3.886875000000001e+01         9.120480923552540e-09         
3.887500000000000e+01         9.135554487746421e-09         
3.888125000000000e+01         9.150959379957115e-09         
3.888750000000000e+01         9.166700263687422e-09         
3.889375000000000e+01         9.182775439176815e-09         
3.890000000000001e+01         9.199185702900676e-09         
3.890625000000000e+01         9.215923782892687e-09         
3.891250000000000e+01         9.233008395389575e-09         
3.891875000000000e+01         9.250432988908748e-09         
3.892500000000000e+01         9.268194402305304e-09         
3.893125000000001e+01         9.286302175166347e-09         
3.893750000000000e+01         9.304749760777697e-09         
3.894375000000000e+01         9.323543695704755e-09         
3.895000000000000e+01         9.342688596047233e-09         
3.895625000000000e+01         9.362182723832470e-09         
3.896250000000001e+01         9.382027379568415e-09         
3.896875000000000e+01         9.402215220730472e-09         
3.897500000000000e+01         9.422765389638834e-09         
3.898125000000000e+01         9.443671282631232e-09         
3.898750000000000e+01         9.464930004962432e-09         
3.899375000000001e+01         9.486551367607874e-09         
3.900000000000000e+01         9.508528901752764e-09         
3.900625000000000e+01         9.530868875616687e-09         
3.901250000000000e+01         9.553577049786532e-09         
3.901875000000000e+01         9.576650155149969e-09         
3.902500000000001e+01         9.600091090073197e-09         
3.903125000000000e+01         9.623892039258724e-09         
3.903750000000000e+01         9.648072138278515e-09         
3.904375000000000e+01         9.672624989272638e-09         
3.905000000000000e+01         9.697552035157604e-09         
3.905625000000001e+01         9.722850584324677e-09         
3.906250000000000e+01         9.748525846245884e-09         
3.906875000000000e+01         9.774585445414681e-09         
3.907500000000000e+01         9.801021535974197e-09         
3.908125000000000e+01         9.827844099967939e-09         
3.908750000000001e+01         9.855051510723367e-09         
3.909375000000000e+01         9.882635540013012e-09         
3.910000000000000e+01         9.910616229766692e-09         
3.910625000000000e+01         9.938985828637548e-09         
3.911250000000000e+01         9.967746326722006e-09         
3.911875000000001e+01         9.996894882041988e-09         
3.912500000000000e+01         1.002643651986429e-08         
3.913125000000000e+01         1.005637847547692e-08         
3.913750000000000e+01         1.008671269270716e-08         
3.914375000000000e+01         1.011744959203528e-08         
3.915000000000001e+01         1.014858585349024e-08         
3.915625000000000e+01         1.018011406810455e-08         
3.916250000000000e+01         1.021205367131024e-08         
3.916875000000000e+01         1.024439646441574e-08         
3.917500000000000e+01         1.027714406688922e-08         
3.918125000000001e+01         1.031029301495492e-08         
3.918750000000000e+01         1.034384852197638e-08         
3.919375000000000e+01         1.037781632004235e-08         
3.920000000000000e+01         1.041218847174400e-08         
3.920625000000000e+01         1.044697483724361e-08         
3.921250000000001e+01         1.048217120572395e-08         
3.921875000000000e+01         1.051777401190580e-08         
3.922500000000000e+01         1.055378841940850e-08         
3.923125000000000e+01         1.059021933463247e-08         
3.923750000000000e+01         1.062706270618881e-08         
3.924375000000001e+01         1.066431395673011e-08         
3.925000000000000e+01         1.070197798567029e-08         
3.925625000000000e+01         1.074005923955613e-08         
3.926250000000000e+01         1.077855338937069e-08         
3.926875000000000e+01         1.081745519029631e-08         
3.927500000000001e+01         1.085677336629098e-08         
3.928125000000000e+01         1.089649832379836e-08         
3.928750000000000e+01         1.093663394417875e-08         
3.929375000000000e+01         1.097718439189872e-08         
3.930000000000000e+01         1.101814321325905e-08         
3.930625000000001e+01         1.105950984976326e-08         
3.931250000000000e+01         1.110127279691001e-08         
3.931875000000000e+01         1.114344985487845e-08         
3.932500000000000e+01         1.118602963177568e-08         
3.933125000000000e+01         1.122900492277811e-08         
3.933750000000001e+01         1.127238324598699e-08         
3.934375000000000e+01         1.131615243229160e-08         
3.935000000000000e+01         1.136031457026420e-08         
3.935625000000000e+01         1.140487134877876e-08         
3.936250000000000e+01         1.144981469752370e-08         
3.936875000000001e+01         1.149514128636979e-08         
3.937500000000000e+01         1.154083671560946e-08         
3.938125000000000e+01         1.158691689750942e-08         
3.938750000000000e+01         1.163336769368540e-08         
3.939375000000000e+01         1.168017874031959e-08         
3.940000000000001e+01         1.172735534289948e-08         
3.940625000000000e+01         1.177488191881727e-08         
3.941250000000000e+01         1.182275703643466e-08         
3.941875000000000e+01         1.187098001804956e-08         
3.942500000000000e+01         1.191953927890288e-08         
3.943125000000001e+01         1.196842728153972e-08         
3.943750000000000e+01         1.201762658770523e-08         
3.944375000000000e+01         1.206714962128186e-08         
3.945000000000000e+01         1.211697827476831e-08         
3.945625000000000e+01         1.216710299908104e-08         
3.946250000000001e+01         1.221750958034392e-08         
3.946875000000000e+01         1.226819374204037e-08         
3.947500000000000e+01         1.231915059559648e-08         
3.948125000000000e+01         1.237035796238999e-08         
3.948750000000000e+01         1.242181590811661e-08         
3.949375000000001e+01         1.247350746037291e-08         
3.950000000000000e+01         1.252540903417736e-08         
3.950625000000000e+01         1.257752914772434e-08         
3.951250000000000e+01         1.262984415194720e-08         
3.951875000000000e+01         1.268233912602177e-08         
3.952500000000001e+01         1.273499434078288e-08         
3.953125000000000e+01         1.278780015134278e-08         
3.953750000000000e+01         1.284074607588245e-08         
3.954375000000000e+01         1.289380415946779e-08         
3.955000000000000e+01         1.294696836111604e-08         
3.955625000000001e+01         1.300021610257045e-08         
3.956250000000000e+01         1.305351689833552e-08         
3.956875000000000e+01         1.310687394457060e-08         
3.957500000000000e+01         1.316025623011518e-08         
3.958125000000000e+01         1.321364435501414e-08         
3.958750000000001e+01         1.326700975921755e-08         
3.959375000000000e+01         1.332033755445798e-08         
3.960000000000000e+01         1.337361074925772e-08         
3.960625000000000e+01         1.342679390401501e-08         
3.961250000000000e+01         1.347987507882126e-08         
3.961875000000001e+01         1.353282398060699e-08         
3.962500000000000e+01         1.358561073009226e-08         
3.963125000000000e+01         1.363821291810095e-08         
3.963750000000000e+01         1.369061091983017e-08         
3.964375000000000e+01         1.374277236838876e-08         
3.965000000000001e+01         1.379466211818595e-08         
3.965625000000000e+01         1.384625900948644e-08         
3.966250000000000e+01         1.389753855875459e-08         
3.966875000000000e+01         1.394846657422344e-08         
3.967500000000000e+01         1.399900534035440e-08         
3.968125000000001e+01         1.404913677535458e-08         
3.968750000000000e+01         1.409881915219152e-08         
3.969375000000000e+01         1.414802357523770e-08         
3.970000000000000e+01         1.419672574423186e-08         
3.970625000000000e+01         1.424488723789494e-08         
3.971250000000001e+01         1.429247375109823e-08         
3.971875000000000e+01         1.433944104917939e-08         
3.972500000000000e+01         1.438577842951291e-08         
3.973125000000000e+01         1.443144150590875e-08         
3.973750000000000e+01         1.447638804486900e-08         
3.974375000000001e+01         1.452059701562966e-08         
3.975000000000000e+01         1.456402234647836e-08         
3.975625000000000e+01         1.460663468198636e-08         
3.976250000000000e+01         1.464840525151881e-08         
3.976875000000000e+01         1.468929414597264e-08         
3.977500000000001e+01         1.472926793863233e-08         
3.978125000000000e+01         1.476827863217896e-08         
3.978750000000000e+01         1.480631701492449e-08         
3.979375000000000e+01         1.484333848252341e-08         
3.980000000000000e+01         1.487930171301152e-08         
3.980625000000001e+01         1.491418738732575e-08         
3.981250000000000e+01         1.494795153438393e-08         
3.981875000000000e+01         1.498057416748090e-08         
3.982500000000000e+01         1.501201072218472e-08         
3.983125000000000e+01         1.504224468948080e-08         
3.983750000000001e+01         1.507124061838835e-08         
3.984375000000000e+01         1.509895645316355e-08         
3.985000000000000e+01         1.512538929019664e-08         
3.985625000000000e+01         1.515050017495593e-08         
3.986250000000000e+01         1.517426461493770e-08         
3.986875000000001e+01         1.519664966116457e-08         
3.987500000000000e+01         1.521764064663985e-08         
3.988125000000000e+01         1.523722079339166e-08         
3.988750000000000e+01         1.525535540496826e-08         
3.989375000000000e+01         1.527203908080561e-08         
3.990000000000001e+01         1.528724859836767e-08         
3.990625000000000e+01         1.530095308395118e-08         
3.991250000000000e+01         1.531316338369910e-08         
3.991875000000000e+01         1.532385365776884e-08         
3.992500000000000e+01         1.533301328432125e-08         
3.993125000000001e+01         1.534062356254744e-08         
3.993750000000000e+01         1.534668460730489e-08         
3.994375000000000e+01         1.535119436427967e-08         
3.995000000000000e+01         1.535413683328199e-08         
3.995625000000000e+01         1.535551961413841e-08         
3.996250000000001e+01         1.535533576080621e-08         
3.996875000000000e+01         1.535357408920607e-08         
3.997500000000000e+01         1.535025932251053e-08         
3.998125000000000e+01         1.534538345476230e-08         
3.998750000000000e+01         1.533895310354177e-08         
3.999375000000001e+01         1.533096692108250e-08         
4.000000000000000e+01         1.532144228332968e-08         
4.000625000000000e+01         1.531039403154184e-08         
4.001250000000000e+01         1.529782338294781e-08         
4.001875000000000e+01         1.528375487385492e-08         
4.002500000000001e+01         1.526819854133725e-08         
4.003125000000000e+01         1.525116527905660e-08         
4.003750000000000e+01         1.523267921811324e-08         
4.004375000000000e+01         1.521276504003281e-08         
4.005000000000000e+01         1.519143876969495e-08         
4.005625000000001e+01         1.516871716444036e-08         
4.006250000000000e+01         1.514462902863375e-08         
4.006875000000000e+01         1.511920512056786e-08         
4.007500000000000e+01         1.509246627787158e-08         
4.008125000000000e+01         1.506443113215769e-08         
4.008750000000001e+01         1.503514164803364e-08         
4.009375000000000e+01         1.500461496866976e-08         
4.010000000000000e+01         1.497288576005135e-08         
4.010625000000000e+01         1.493999022523783e-08         
4.011250000000000e+01         1.490595409726939e-08         
4.011875000000001e+01         1.487081024376785e-08         
4.012500000000000e+01         1.483457700080494e-08         
4.013125000000000e+01         1.479731216566300e-08         
4.013750000000000e+01         1.475903711273725e-08         
4.014375000000000e+01         1.471977998042313e-08         
4.015000000000001e+01         1.467958565707915e-08         
4.015625000000000e+01         1.463847757131681e-08         
4.016250000000000e+01         1.459649549487081e-08         
4.016875000000000e+01         1.455367900069534e-08         
4.017500000000000e+01         1.451005737666143e-08         
4.018125000000001e+01         1.446566604591234e-08         
4.018750000000000e+01         1.442052594004002e-08         
4.019375000000000e+01         1.437469527193301e-08         
4.020000000000000e+01         1.432819675091549e-08         
4.020625000000000e+01         1.428105892158845e-08         
4.021250000000001e+01         1.423332572790016e-08         
4.021875000000000e+01         1.418502020710968e-08         
4.022500000000000e+01         1.413618551580250e-08         
4.023125000000000e+01         1.408684399033759e-08         
4.023750000000000e+01         1.403703779103392e-08         
4.024375000000001e+01         1.398679365041416e-08         
4.025000000000000e+01         1.393613228802860e-08         
4.025625000000000e+01         1.388510491096195e-08         
4.026250000000000e+01         1.383373128010720e-08         
4.026875000000000e+01         1.378204173869947e-08         
4.027500000000001e+01         1.373005761835814e-08         
4.028125000000000e+01         1.367781471598281e-08         
4.028750000000000e+01         1.362534503000810e-08         
4.029375000000000e+01         1.357266540454737e-08         
4.030000000000000e+01         1.351981243276028e-08         
4.030625000000001e+01         1.346680671325094e-08         
4.031250000000000e+01         1.341366245761136e-08         
4.031875000000000e+01         1.336042646312097e-08         
4.032500000000000e+01         1.330711010540044e-08         
4.033125000000000e+01         1.325373714970221e-08         
4.033750000000001e+01         1.320032504497379e-08         
4.034375000000000e+01         1.314690045230645e-08         
4.035000000000000e+01         1.309348907686406e-08         
4.035625000000000e+01         1.304010149897669e-08         
4.036250000000000e+01         1.298676707003601e-08         
4.036875000000001e+01         1.293349994559217e-08         
4.037500000000000e+01         1.288030817748557e-08         
4.038125000000000e+01         1.282723055516321e-08         
4.038750000000000e+01         1.277427262258583e-08         
4.039375000000000e+01         1.272145129516711e-08         
4.040000000000001e+01         1.266877739872790e-08         
4.040625000000000e+01         1.261627120433666e-08         
4.041250000000000e+01         1.256395177819487e-08         
4.041875000000000e+01         1.251182300595008e-08         
4.042500000000000e+01         1.245990926594688e-08         
4.043125000000001e+01         1.240821714662450e-08         
4.043750000000000e+01         1.235675457088314e-08         
4.044375000000000e+01         1.230553781145014e-08         
4.045000000000000e+01         1.225458292449352e-08         
4.045625000000000e+01         1.220389579709942e-08         
4.046250000000001e+01         1.215348170189765e-08         
4.046875000000000e+01         1.210335498124728e-08         
4.047500000000000e+01         1.205352969419620e-08         
4.048125000000000e+01         1.200400970880078e-08         
4.048750000000000e+01         1.195479838025842e-08         
4.049375000000001e+01         1.190591311892735e-08         
4.050000000000000e+01         1.185735172557363e-08         
4.050625000000000e+01         1.180912549228884e-08         
4.051250000000000e+01         1.176124672261731e-08         
4.051875000000000e+01         1.171371608758173e-08         
4.052500000000001e+01         1.166653932779568e-08         
4.053125000000000e+01         1.161971297321378e-08         
4.053750000000000e+01         1.157326042097104e-08         
4.054375000000000e+01         1.152717719197819e-08         
4.055000000000000e+01         1.148146305534847e-08         
4.055625000000001e+01         1.143613118226376e-08         
4.056250000000000e+01         1.139117657433340e-08         
4.056875000000000e+01         1.134660680831629e-08         
4.057500000000000e+01         1.130243050508957e-08         
4.058125000000000e+01         1.125864522335934e-08         
4.058750000000001e+01         1.121525425500549e-08         
4.059375000000000e+01         1.117225030888807e-08         
4.060000000000000e+01         1.112965483852256e-08         
4.060625000000000e+01         1.108745974380377e-08         
4.061250000000000e+01         1.104566254307640e-08         
4.061875000000001e+01         1.100427428495613e-08         
4.062500000000000e+01         1.096328703867428e-08         
4.063125000000000e+01         1.092271084516146e-08         
4.063750000000000e+01         1.088253798337632e-08         
4.064375000000000e+01         1.084277802095808e-08         
4.065000000000001e+01         1.080342737988694e-08         
4.065625000000000e+01         1.076447732895468e-08         
4.066250000000000e+01         1.072594654390668e-08         
4.066875000000000e+01         1.068782586666841e-08         
4.067500000000000e+01         1.065011541257297e-08         
4.068125000000001e+01         1.061281101585371e-08         
4.068750000000000e+01         1.057591674842874e-08         
4.069375000000000e+01         1.053943667579024e-08         
4.070000000000000e+01         1.050336156234424e-08         
4.070625000000000e+01         1.046770015530583e-08         
4.071250000000001e+01         1.043244682207532e-08         
4.071875000000000e+01         1.039759260848974e-08         
4.072500000000000e+01         1.036315384450460e-08         
4.073125000000000e+01         1.032912126284407e-08         
4.073750000000000e+01         1.029549380383045e-08         
4.074375000000001e+01         1.026226594884647e-08         
4.075000000000000e+01         1.022944118645470e-08         
4.075625000000000e+01         1.019702246161975e-08         
4.076250000000000e+01         1.016500018708992e-08         
4.076875000000000e+01         1.013338168324866e-08         
4.077500000000001e+01         1.010216104764162e-08         
4.078125000000000e+01         1.007132861979412e-08         
4.078750000000000e+01         1.004090018953674e-08         
4.079375000000000e+01         1.001086548785713e-08         
4.080000000000000e+01         9.981223406109687e-09         
4.080625000000001e+01         9.951967864915816e-09         
4.081250000000000e+01         9.923101602188314e-09         
4.081875000000000e+01         9.894627317512402e-09         
4.082500000000000e+01         9.866535282924516e-09         
4.083125000000000e+01         9.838831673322250e-09         
4.083750000000001e+01         9.811511218086817e-09         
4.084375000000000e+01         9.784567589262043e-09         
4.085000000000000e+01         9.758003880952568e-09         
4.085625000000000e+01         9.731821998716927e-09         
4.086250000000000e+01         9.706016525683726e-09         
4.086875000000001e+01         9.680585478703684e-09         
4.087500000000000e+01         9.655518895621820e-09         
4.088125000000000e+01         9.630831485415677e-09         
4.088750000000000e+01         9.606513735974166e-09         
4.089375000000000e+01         9.582559492590653e-09         
4.090000000000001e+01         9.558975095835015e-09         
4.090625000000000e+01         9.535750682718288e-09         
4.091250000000000e+01         9.512889064958717e-09         
4.091875000000000e+01         9.490392024189390e-09         
4.092500000000000e+01         9.468254420753665e-09         
4.093125000000001e+01         9.446474046289389e-09         
4.093750000000000e+01         9.425041177402097e-09         
4.094375000000000e+01         9.403970300539666e-09         
4.095000000000000e+01         9.383251885991810e-09         
4.095625000000000e+01         9.362880449465633e-09         
4.096250000000001e+01         9.342861636562177e-09         
4.096875000000000e+01         9.323186346182279e-09         
4.097500000000000e+01         9.303857195554271e-09         
4.098125000000000e+01         9.284876192548605e-09         
4.098750000000000e+01         9.266237595024469e-09         
4.099375000000001e+01         9.247940494902669e-09         
4.100000000000000e+01         9.229974761811557e-09         
4.100625000000000e+01         9.212354889911633e-09         
4.101250000000000e+01         9.195071998587317e-09         
4.101875000000000e+01         9.178120302637229e-09         
4.102500000000001e+01         9.161505791659342e-09         
4.103125000000000e+01         9.145219636012328e-09         
4.103750000000000e+01         9.129268486282510e-09         
4.104375000000000e+01         9.113642868753299e-09         
4.105000000000000e+01         9.098348656750815e-09         
4.105625000000001e+01         9.083381695421585e-09         
4.106250000000000e+01         9.068732159085298e-09         
4.106875000000000e+01         9.054414670144222e-09         
4.107500000000000e+01         9.040419679062136e-09         
4.108125000000000e+01         9.026746832265714e-09         
4.108750000000001e+01         9.013390527290227e-09         
4.109375000000000e+01         9.000352471011677e-09         
4.110000000000000e+01         8.987637464622869e-09         
4.110625000000000e+01         8.975235503432727e-09         
4.111250000000000e+01         8.963152769364307e-09         
4.111875000000001e+01         8.951385252615538e-09         
4.112500000000000e+01         8.939923751241329e-09         
4.113125000000000e+01         8.928782816221429e-09         
4.113750000000000e+01         8.917953207282282e-09         
4.114375000000000e+01         8.907435098870334e-09         
4.115000000000001e+01         8.897222924223895e-09         
4.115625000000000e+01         8.887319446734468e-09         
4.116250000000000e+01         8.877727866178923e-09         
4.116875000000000e+01         8.868440559250549e-09         
4.117500000000000e+01         8.859463367616335e-09         
4.118125000000001e+01         8.850791378207477e-09         
4.118750000000000e+01         8.842417132168250e-09         
4.119375000000000e+01         8.834355102498950e-09         
4.120000000000000e+01         8.826596130634150e-09         
4.120625000000000e+01         8.819140778367921e-09         
4.121250000000001e+01         8.811984132560472e-09         
4.121875000000000e+01         8.805128937680995e-09         
4.122500000000000e+01         8.798578633490551e-09         
4.123125000000000e+01         8.792326102236266e-09         
4.123750000000000e+01         8.786377423395304e-09         
4.124375000000001e+01         8.780728154805044e-09         
4.125000000000000e+01         8.775374598033273e-09         
4.125625000000000e+01         8.770320890954697e-09         
4.126250000000000e+01         8.765569443722657e-09         
4.126875000000000e+01         8.761115803024222e-09         
4.127500000000001e+01         8.756961000136109e-09         
4.128125000000000e+01         8.753096279170424e-09         
4.128750000000000e+01         8.749536539407717e-09         
4.129375000000000e+01         8.746274929336507e-09         
4.130000000000000e+01         8.743307006982263e-09         
4.130625000000001e+01         8.740639501838096e-09         
4.131250000000000e+01         8.738265687409618e-09         
4.131875000000000e+01         8.736189629730993e-09         
4.132500000000000e+01         8.734414534461979e-09         
4.133125000000000e+01         8.732935958448318e-09         
4.133750000000001e+01         8.731755330793178e-09         
4.134375000000000e+01         8.730864280101104e-09         
4.135000000000000e+01         8.730278799553464e-09         
4.135625000000000e+01         8.729990371778043e-09         
4.136250000000000e+01         8.729996912917269e-09         
4.136875000000001e+01         8.730305430925655e-09         
4.137500000000000e+01         8.730907714311918e-09         
4.138125000000000e+01         8.731809971088745e-09         
4.138750000000000e+01         8.733015159347935e-09         
4.139375000000000e+01         8.734519462105128e-09         
4.140000000000001e+01         8.736324488128998e-09         
4.140625000000000e+01         8.738422188816092e-09         
4.141250000000000e+01         8.740828894803710e-09         
4.141875000000000e+01         8.743536683454310e-09         
4.142500000000000e+01         8.746543829948187e-09         
4.143125000000001e+01         8.749857536812096e-09         
4.143750000000000e+01         8.753470570547462e-09         
4.144375000000000e+01         8.757391669799594e-09         
4.145000000000000e+01         8.761614707384477e-09         
4.145625000000000e+01         8.766147322690932e-09         
4.146250000000001e+01         8.770986090948796e-09         
4.146875000000000e+01         8.776125300081855e-09         
4.147500000000000e+01         8.781580832435343e-09         
4.148125000000000e+01         8.787345378545422e-09         
4.148750000000000e+01         8.793420991850162e-09         
4.149375000000001e+01         8.799804646468241e-09         
4.150000000000000e+01         8.806500368504074e-09         
4.150625000000000e+01         8.813513575657784e-09         
4.151250000000000e+01         8.820838772716918e-09         
4.151875000000000e+01         8.828483869982451e-09         
4.152500000000001e+01         8.836445922758512e-09         
4.153125000000000e+01         8.844719451633151e-09         
4.153750000000000e+01         8.853321111379168e-09         
4.154375000000000e+01         8.862244462336513e-09         
4.155000000000000e+01         8.871490288727007e-09         
4.155625000000001e+01         8.881057530462520e-09         
4.156250000000000e+01         8.890950379732635e-09         
4.156875000000000e+01         8.901174581899085e-09         
4.157500000000000e+01         8.911725156601227e-09         
4.158125000000000e+01         8.922610387629778e-09         
4.158750000000001e+01         8.933827886303443e-09         
4.159375000000000e+01         8.945372579674162e-09         
4.160000000000000e+01         8.957261798577520e-09         
4.160625000000000e+01         8.969489233435866e-09         
4.161250000000000e+01         8.982056509139724e-09         
4.161875000000001e+01         8.994962831614375e-09         
4.162500000000000e+01         9.008212924731601e-09         
4.163125000000000e+01         9.021813730546807e-09         
4.163750000000000e+01         9.035762565417069e-09         
4.164375000000000e+01         9.050059015130724e-09         
4.165000000000001e+01         9.064712256451338e-09         
4.165625000000000e+01         9.079716051772463e-09         
4.166250000000000e+01         9.095078667567635e-09         
4.166875000000000e+01         9.110805297774115e-09         
4.167500000000000e+01         9.126893993092194e-09         
4.168125000000001e+01         9.143348524580860e-09         
4.168750000000000e+01         9.160162771374285e-09         
4.169375000000000e+01         9.177355566754639e-09         
4.170000000000000e+01         9.194921042768702e-09         
4.170625000000000e+01         9.212859337117463e-09         
4.171250000000001e+01         9.231180198350089e-09         
4.171875000000000e+01         9.249878440599203e-09         
4.172500000000000e+01         9.268961474341469e-09         
4.173125000000000e+01         9.288436540190501e-09         
4.173750000000000e+01         9.308302527538395e-09         
4.174375000000001e+01         9.328561982302838e-09         
4.175000000000000e+01         9.349210887474187e-09         
4.175625000000000e+01         9.370268667192975e-09         
4.176250000000000e+01         9.391729826474354e-09         
4.176875000000000e+01         9.413594897536170e-09         
4.177500000000001e+01         9.435874661883908e-09         
4.178125000000000e+01         9.458564385297821e-09         
4.178750000000000e+01         9.481672238737325e-09         
4.179375000000000e+01         9.505206075066317e-09         
4.180000000000000e+01         9.529165558432978e-09         
4.180625000000001e+01         9.553553872394668e-09         
4.181250000000000e+01         9.578367571064742e-09         
4.181875000000000e+01         9.603626950838773e-09         
4.182500000000000e+01         9.629327688339046e-09         
4.183125000000000e+01         9.655469448358229e-09         
4.183750000000001e+01         9.682065295868800e-09         
4.184375000000000e+01         9.709110897024741e-09         
4.185000000000000e+01         9.736618812173002e-09         
4.185625000000000e+01         9.764586149480658e-09         
4.186250000000000e+01         9.793024954853118e-09         
4.186875000000001e+01         9.821935341104457e-09         
4.187500000000000e+01         9.851314387119070e-09         
4.188125000000000e+01         9.881183442050419e-09         
4.188750000000000e+01         9.911539034283855e-09         
4.189375000000000e+01         9.942385524903883e-09         
4.190000000000001e+01         9.973724549863179e-09         
4.190625000000000e+01         1.000556493862008e-08         
4.191250000000000e+01         1.003791648134698e-08         
4.191875000000000e+01         1.007077550697881e-08         
4.192500000000000e+01         1.010415679865016e-08         
4.193125000000001e+01         1.013806055839916e-08         
4.193750000000000e+01         1.017248398772261e-08         
4.194375000000000e+01         1.020745059570805e-08         
4.195000000000000e+01         1.024295680755636e-08         
4.195625000000000e+01         1.027900847530000e-08         
4.196250000000001e+01         1.031560787815125e-08         
4.196875000000000e+01         1.035276440408609e-08         
4.197500000000000e+01         1.039048930723849e-08         
4.198125000000000e+01         1.042877936752111e-08         
4.198750000000000e+01         1.046765035201619e-08         
4.199375000000001e+01         1.050710384600025e-08         
4.200000000000000e+01         1.054713733870950e-08         
4.200625000000000e+01         1.058777521817220e-08         
4.201250000000000e+01         1.062901546053223e-08         
4.201875000000000e+01         1.067086463536287e-08         
4.202500000000001e+01         1.071332498155635e-08         
4.203125000000000e+01         1.075640802725578e-08         
4.203750000000000e+01         1.080012548493247e-08         
4.204375000000000e+01         1.084447955881341e-08         
4.205000000000000e+01         1.088947338213864e-08         
4.205625000000001e+01         1.093512303260968e-08         
4.206250000000000e+01         1.098142671535692e-08         
4.206875000000000e+01         1.102839636332082e-08         
4.207500000000000e+01         1.107604438089090e-08         
4.208125000000000e+01         1.112437382432238e-08         
4.208750000000001e+01         1.117339194232931e-08         
4.209375000000000e+01         1.122309755825970e-08         
4.210000000000000e+01         1.127351705092135e-08         
4.210625000000000e+01         1.132464916941300e-08         
4.211250000000000e+01         1.137649688692046e-08         
4.211875000000001e+01         1.142907785769052e-08         
4.212500000000000e+01         1.148239106878699e-08         
4.213125000000000e+01         1.153644916950036e-08         
4.213750000000000e+01         1.159126494469507e-08         
4.214375000000000e+01         1.164684203844950e-08         
4.215000000000001e+01         1.170318907616619e-08         
4.215625000000000e+01         1.176030457798388e-08         
4.216250000000000e+01         1.181821623870070e-08         
4.216875000000000e+01         1.187692293428882e-08         
4.217500000000000e+01         1.193642840873644e-08         
4.218125000000001e+01         1.199675056131427e-08         
4.218750000000000e+01         1.205788806659519e-08         
4.219375000000000e+01         1.211985470223704e-08         
4.220000000000000e+01         1.218266418352919e-08         
4.220625000000000e+01         1.224631936701353e-08         
4.221250000000001e+01         1.231082893966357e-08         
4.221875000000000e+01         1.237619164025777e-08         
4.222500000000000e+01         1.244243538383007e-08         
4.223125000000000e+01         1.250955857894458e-08         
4.223750000000000e+01         1.257756451859459e-08         
4.224375000000001e+01         1.264647138243422e-08         
4.225000000000000e+01         1.271627752305558e-08         
4.225625000000000e+01         1.278700059174298e-08         
4.226250000000000e+01         1.285863834101740e-08         
4.226875000000000e+01         1.293120841926400e-08         
4.227500000000001e+01         1.300471340284887e-08         
4.228125000000000e+01         1.307915038496465e-08         
4.228750000000000e+01         1.315454669714077e-08         
4.229375000000000e+01         1.323089930111842e-08         
4.230000000000000e+01         1.330821443985666e-08         
4.230625000000001e+01         1.338649329997906e-08         
4.231250000000000e+01         1.346574716863531e-08         
4.231875000000000e+01         1.354598688397994e-08         
4.232500000000000e+01         1.362720727439299e-08         
4.233125000000000e+01         1.370942349778207e-08         
4.233750000000001e+01         1.379263517204751e-08         
4.234375000000000e+01         1.387683523861064e-08         
4.235000000000000e+01         1.396204904765448e-08         
4.235625000000000e+01         1.404826828434854e-08         
4.236250000000000e+01         1.413549541408001e-08         
4.236875000000001e+01         1.422372690820032e-08         
4.237500000000000e+01         1.431296938500010e-08         
4.238125000000000e+01         1.440322822886421e-08         
4.238750000000000e+01         1.449449191969384e-08         
4.239375000000000e+01         1.458677139030423e-08         
4.240000000000001e+01         1.468005782562748e-08         
4.240625000000000e+01         1.477434312373806e-08         
4.241250000000000e+01         1.486962849981028e-08         
4.241875000000000e+01         1.496591452406405e-08         
4.242500000000000e+01         1.506318948060548e-08         
4.243125000000001e+01         1.516144051590232e-08         
4.243750000000000e+01         1.526066448505167e-08         
4.244375000000000e+01         1.536085710587689e-08         
4.245000000000000e+01         1.546200112327055e-08         
4.245625000000000e+01         1.556407831913465e-08         
4.246250000000001e+01         1.566708560843370e-08         
4.246875000000000e+01         1.577099561549071e-08         
4.247500000000000e+01         1.587579649979302e-08         
4.248125000000000e+01         1.598147414949033e-08         
4.248750000000000e+01         1.608800156913739e-08         
4.249375000000001e+01         1.619535544337436e-08         
4.250000000000000e+01         1.630349846116529e-08         
4.250625000000000e+01         1.641242668357377e-08         
4.251250000000000e+01         1.652209830104092e-08         
4.251875000000000e+01         1.663247535957375e-08         
4.252500000000001e+01         1.674353492414128e-08         
4.253125000000000e+01         1.685522788718200e-08         
4.253750000000000e+01         1.696751964454699e-08         
4.254375000000000e+01         1.708037612963588e-08         
4.255000000000000e+01         1.719374336078113e-08         
4.255625000000001e+01         1.730757421700076e-08         
4.256250000000000e+01         1.742180503956025e-08         
4.256875000000000e+01         1.753640583539172e-08         
4.257500000000000e+01         1.765130666803869e-08         
4.258125000000000e+01         1.776644009343205e-08         
4.258750000000001e+01         1.788175728965513e-08         
4.259375000000000e+01         1.799717537161459e-08         
4.260000000000000e+01         1.811262956819690e-08         
4.260625000000000e+01         1.822805500487006e-08         
4.261250000000000e+01         1.834336482279088e-08         
4.261875000000001e+01         1.845847863604981e-08         
4.262500000000000e+01         1.857329726660496e-08         
4.263125000000000e+01         1.868776167772965e-08         
4.263750000000000e+01         1.880176370592015e-08         
4.264375000000000e+01         1.891520133161255e-08         
4.265000000000001e+01         1.902799191836163e-08         
4.265625000000000e+01         1.914001700068790e-08         
4.266250000000000e+01         1.925118542117123e-08         
4.266875000000000e+01         1.936137349271628e-08         
4.267500000000000e+01         1.947048650522134e-08         
4.268125000000001e+01         1.957839967107655e-08         
4.268750000000000e+01         1.968498198486016e-08         
4.269375000000000e+01         1.979014369395884e-08         
4.270000000000000e+01         1.989374547181697e-08         
4.270625000000000e+01         1.999566431377614e-08         
4.271250000000001e+01         2.009576665017017e-08         
4.271875000000000e+01         2.019393178325996e-08         
4.272500000000000e+01         2.029003768259045e-08         
4.273125000000000e+01         2.038393932190937e-08         
4.273750000000000e+01         2.047552404010084e-08         
4.274375000000001e+01         2.056465089189601e-08         
4.275000000000000e+01         2.065117542540030e-08         
4.275625000000000e+01         2.073500044187274e-08         
4.276250000000000e+01         2.081597973591043e-08         
4.276875000000000e+01         2.089398821820372e-08         
4.277500000000001e+01         2.096889336932024e-08         
4.278125000000000e+01         2.104058425508824e-08         
4.278750000000000e+01         2.110894585619208e-08         
4.279375000000000e+01         2.117384863860484e-08         
4.280000000000000e+01         2.123520032973863e-08         
4.280625000000001e+01         2.129288344927106e-08         
4.281250000000000e+01         2.134679132229773e-08         
4.281875000000000e+01         2.139683417327224e-08         
4.282500000000000e+01         2.144293406405097e-08         
4.283125000000000e+01         2.148499659155967e-08         
4.283750000000001e+01         2.152293847865399e-08         
4.284375000000000e+01         2.155670245566696e-08         
4.285000000000000e+01         2.158623034784676e-08         
4.285625000000000e+01         2.161146327755164e-08         
4.286250000000000e+01         2.163234730864041e-08         
4.286875000000001e+01         2.164886493731451e-08         
4.287500000000000e+01         2.166096950824056e-08         
4.288125000000000e+01         2.166864922966899e-08         
4.288750000000000e+01         2.167190541411735e-08         
4.289375000000000e+01         2.167072542093878e-08         
4.290000000000001e+01         2.166511832122909e-08         
4.290625000000000e+01         2.165508484304997e-08         
4.291250000000000e+01         2.164068385101912e-08         
4.291875000000000e+01         2.162193060416910e-08         
4.292500000000000e+01         2.159886043204155e-08         
4.293125000000001e+01         2.157154308142069e-08         
4.293750000000000e+01         2.154001839458395e-08         
4.294375000000000e+01         2.150436028726727e-08         
4.295000000000000e+01         2.146465397014180e-08         
4.295625000000000e+01         2.142096851612551e-08         
4.296250000000001e+01         2.137339272614114e-08         
4.296875000000000e+01         2.132200413091542e-08         
4.297500000000000e+01         2.126693440844741e-08         
4.298125000000000e+01         2.120826920070234e-08         
4.298750000000000e+01         2.114611014595058e-08         
4.299375000000001e+01         2.108058854665827e-08         
4.300000000000000e+01         2.101180260341577e-08         
4.300625000000000e+01         2.093987944125723e-08         
4.301250000000000e+01         2.086495134799875e-08         
4.301875000000000e+01         2.078713571464026e-08         
4.302500000000001e+01         2.070655662050815e-08         
4.303125000000000e+01         2.062332781806338e-08         
4.303750000000000e+01         2.053760967571869e-08         
4.304375000000000e+01         2.044951344672656e-08         
4.305000000000000e+01         2.035916941403617e-08         
4.305625000000001e+01         2.026669790885398e-08         
4.306250000000000e+01         2.017223745457587e-08         
4.306875000000000e+01         2.007591782982243e-08         
4.307500000000000e+01         1.997785080372516e-08         
4.308125000000000e+01         1.987817710220771e-08         
4.308750000000001e+01         1.977700759648165e-08         
4.309375000000000e+01         1.967444852786900e-08         
4.310000000000000e+01         1.957064581927375e-08         
4.310625000000000e+01         1.946570012148776e-08         
4.311250000000000e+01         1.935972058453530e-08         
4.311875000000001e+01         1.925280880016742e-08         
4.312500000000000e+01         1.914508006368580e-08         
4.313125000000000e+01         1.903663988959615e-08         
4.313750000000000e+01         1.892757351100741e-08         
4.314375000000000e+01         1.881799167568546e-08         
4.315000000000001e+01         1.870797956506100e-08         
4.315625000000000e+01         1.859760993978771e-08         
4.316250000000000e+01         1.848699646412626e-08         
4.316875000000000e+01         1.837620755340230e-08         
4.317500000000000e+01         1.826531950972190e-08         
4.318125000000001e+01         1.815440039907458e-08         
4.318750000000000e+01         1.804352992986663e-08         
4.319375000000000e+01         1.793278201955718e-08         
4.320000000000000e+01         1.782220599298355e-08         
4.320625000000000e+01         1.771187827417738e-08         
4.321250000000001e+01         1.760185034904749e-08         
4.321875000000000e+01         1.749216948229897e-08         
4.322500000000000e+01         1.738289393504705e-08         
4.323125000000000e+01         1.727408110070960e-08         
4.323750000000000e+01         1.716576836444701e-08         
4.324375000000001e+01         1.705799313204631e-08         
4.325000000000000e+01         1.695080346074103e-08         
4.325625000000000e+01         1.684424328843107e-08         
4.326250000000000e+01         1.673834078088070e-08         
4.326875000000000e+01         1.663312291194085e-08         
4.327500000000001e+01         1.652863437831785e-08         
4.328125000000000e+01         1.642488949677761e-08         
4.328750000000000e+01         1.632192116303027e-08         
4.329375000000000e+01         1.621976026293823e-08         
4.330000000000000e+01         1.611842335961107e-08         
4.330625000000001e+01         1.601792943372025e-08         
4.331250000000000e+01         1.591828593749106e-08         
4.331875000000000e+01         1.581953457310719e-08         
4.332500000000000e+01         1.572167713190204e-08         
4.333125000000000e+01         1.562472201503869e-08         
4.333750000000001e+01         1.552869347819277e-08         
4.334375000000000e+01         1.543359148337913e-08         
4.335000000000000e+01         1.533942945475805e-08         
4.335625000000000e+01         1.524622300445059e-08         
4.336250000000000e+01         1.515397354873018e-08         
4.336875000000001e+01         1.506268601999939e-08         
4.337500000000000e+01         1.497235429834287e-08         
4.338125000000000e+01         1.488300554702328e-08         
4.338750000000000e+01         1.479463163502544e-08         
4.339375000000000e+01         1.470722772994144e-08         
4.340000000000001e+01         1.462080766202357e-08         
4.340625000000000e+01         1.453536082303856e-08         
4.341250000000000e+01         1.445089148218772e-08         
4.341875000000000e+01         1.436740497868848e-08         
4.342500000000000e+01         1.428489464871117e-08         
4.343125000000001e+01         1.420335737043001e-08         
4.343750000000000e+01         1.412278019962456e-08         
4.344375000000000e+01         1.404318177444262e-08         
4.345000000000000e+01         1.396454757462817e-08         
4.345625000000000e+01         1.388687309058881e-08         
4.346250000000001e+01         1.381014862015309e-08         
4.346875000000000e+01         1.373437492238025e-08         
4.347500000000000e+01         1.365955194740615e-08         
4.348125000000000e+01         1.358566308605308e-08         
4.348750000000000e+01         1.351271360973720e-08         
4.349375000000001e+01         1.344069211412104e-08         
4.350000000000000e+01         1.336958112894213e-08         
4.350625000000000e+01         1.329939564884199e-08         
4.351250000000000e+01         1.323011805109761e-08         
4.351875000000000e+01         1.316174130682195e-08         
4.352500000000001e+01         1.309425312863253e-08         
4.353125000000000e+01         1.302765176480129e-08         
4.353750000000000e+01         1.296193467944684e-08         
4.354375000000000e+01         1.289708370849650e-08         
4.355000000000000e+01         1.283310209141268e-08         
4.355625000000001e+01         1.276997668074028e-08         
4.356250000000000e+01         1.270768953656252e-08         
4.356875000000000e+01         1.264625322625109e-08         
4.357500000000000e+01         1.258564948046031e-08         
4.358125000000000e+01         1.252587049552908e-08         
4.358750000000001e+01         1.246690337496840e-08         
4.359375000000000e+01         1.240874509582214e-08         
4.360000000000000e+01         1.235139262082091e-08         
4.360625000000000e+01         1.229482825701653e-08         
4.361250000000000e+01         1.223905369587512e-08         
4.361875000000001e+01         1.218405606290516e-08         
4.362500000000000e+01         1.212982260737163e-08         
4.363125000000000e+01         1.207635030628635e-08         
4.363750000000000e+01         1.202363622344200e-08         
4.364375000000000e+01         1.197166733710656e-08         
4.365000000000001e+01         1.192043141314316e-08         
4.365625000000000e+01         1.186992545339107e-08         
4.366250000000000e+01         1.182014644263956e-08         
4.366875000000000e+01         1.177108207019581e-08         
4.367500000000000e+01         1.172272005500409e-08         
4.368125000000001e+01         1.167506216252623e-08         
4.368750000000000e+01         1.162809136156436e-08         
4.369375000000000e+01         1.158180606500774e-08         
4.370000000000000e+01         1.153620245991379e-08         
4.370625000000000e+01         1.149126881811585e-08         
4.371250000000001e+01         1.144699849920104e-08         
4.371875000000000e+01         1.140337501412916e-08         
4.372500000000000e+01         1.136040959773066e-08         
4.373125000000000e+01         1.131808620559326e-08         
4.373750000000000e+01         1.127639382691703e-08         
4.374375000000001e+01         1.123533434961664e-08         
4.375000000000000e+01         1.119489190859184e-08         
4.375625000000000e+01         1.115506484335218e-08         
4.376250000000000e+01         1.111585116974646e-08         
4.376875000000000e+01         1.107723990807736e-08         
4.377500000000001e+01         1.103922433957709e-08         
4.378125000000000e+01         1.100178991568816e-08         
4.378750000000000e+01         1.096494815449636e-08         
4.379375000000000e+01         1.092868362827850e-08         
4.380000000000000e+01         1.089298670784331e-08         
4.380625000000001e+01         1.085785984152584e-08         
4.381250000000000e+01         1.082328836419462e-08         
4.381875000000000e+01         1.078927536396435e-08         
4.382500000000000e+01         1.075580733758636e-08         
4.383125000000000e+01         1.072288653182726e-08         
4.383750000000001e+01         1.069050286508453e-08         
4.384375000000000e+01         1.065864323736319e-08         
4.385000000000000e+01         1.062731914510012e-08         
4.385625000000000e+01         1.059651698077515e-08         
4.386250000000000e+01         1.056623105969899e-08         
4.386875000000001e+01         1.053645324830310e-08         
4.387500000000000e+01         1.050718148033295e-08         
4.388125000000000e+01         1.047841595533974e-08         
4.388750000000000e+01         1.045014386101735e-08         
4.389375000000000e+01         1.042236801977952e-08         
4.390000000000001e+01         1.039507980592422e-08         
4.390625000000000e+01         1.036826659841796e-08         
4.391250000000000e+01         1.034194094341554e-08         
4.391875000000000e+01         1.031608952735033e-08         
4.392500000000000e+01         1.029070800536623e-08         
4.393125000000001e+01         1.026578883146049e-08         
4.393750000000000e+01         1.024133097458762e-08         
4.394375000000000e+01         1.021733535165231e-08         
4.395000000000000e+01         1.019378893153623e-08         
4.395625000000000e+01         1.017069689910720e-08         
4.396250000000001e+01         1.014805093834191e-08         
4.396875000000000e+01         1.012583830314825e-08         
4.397500000000000e+01         1.010407315157867e-08         
4.398125000000000e+01         1.008274291426842e-08         
4.398750000000000e+01         1.006184366486020e-08         
4.399375000000001e+01         1.004136876306086e-08         
4.400000000000000e+01         1.002131813111746e-08         
4.400625000000000e+01         1.000169295553232e-08         
4.401250000000000e+01         9.982481472740193e-09         
4.401875000000000e+01         9.963689171373417e-09         
4.402500000000001e+01         9.945308310626725e-09         
4.403125000000000e+01         9.927331558738029e-09         
4.403750000000000e+01         9.909760366654854e-09         
4.404375000000000e+01         9.892596191300805e-09         
4.405000000000000e+01         9.875831751645941e-09         
4.405625000000001e+01         9.859459873848346e-09         
4.406250000000000e+01         9.843482191928789e-09         
4.406875000000000e+01         9.827900355895274e-09         
4.407500000000000e+01         9.812706878036881e-09         
4.408125000000000e+01         9.797896302579860e-09         
4.408750000000001e+01         9.783473527112824e-09         
4.409375000000000e+01         9.769427713751845e-09         
4.410000000000000e+01         9.755760817037134e-09         
4.410625000000000e+01         9.742474980393900e-09         
4.411250000000000e+01         9.729563548672361e-09         
4.411875000000001e+01         9.717023704092787e-09         
4.412500000000000e+01         9.704846215971419e-09         
4.413125000000000e+01         9.693044884481780e-09         
4.413750000000000e+01         9.681609532679347e-09         
4.414375000000000e+01         9.670533600228775e-09         
4.415000000000001e+01         9.659824103923730e-09         
4.415625000000000e+01         9.649470198790500e-09         
4.416250000000000e+01         9.639474544919081e-09         
4.416875000000000e+01         9.629839854233279e-09         
4.417500000000000e+01         9.620559903733810e-09         
4.418125000000001e+01         9.611632390556152e-09         
4.418750000000000e+01         9.603048787164818e-09         
4.419375000000000e+01         9.594823278331293e-09         
4.420000000000000e+01         9.586946092825647e-09         
4.420625000000000e+01         9.579411461831542e-09         
4.421250000000001e+01         9.572226678933772e-09         
4.421875000000000e+01         9.565381694522227e-09         
4.422500000000000e+01         9.558883742948626e-09         
4.423125000000000e+01         9.552723002223017e-09         
4.423750000000000e+01         9.546906880908633e-09         
4.424375000000001e+01         9.541429835403187e-09         
4.425000000000000e+01         9.536282058777781e-09         
4.425625000000000e+01         9.531479864721164e-09         
4.426250000000000e+01         9.527013420770948e-09         
4.426875000000000e+01         9.522881181295968e-09         
4.427500000000001e+01         9.519079735904292e-09         
4.428125000000000e+01         9.515610575647888e-09         
4.428750000000000e+01         9.512477856091380e-09         
4.429375000000000e+01         9.509672076323113e-09         
4.430000000000000e+01         9.507201054756011e-09         
4.430625000000001e+01         9.505059778223169e-09         
4.431250000000000e+01         9.503239544097281e-09         
4.431875000000000e+01         9.501755095833242e-09         
4.432500000000000e+01         9.500599015794780e-09         
4.433125000000000e+01         9.499770165487252e-09         
4.433750000000001e+01         9.499263679768227e-09         
4.434375000000000e+01         9.499083399543088e-09         
4.435000000000000e+01         9.499233173730197e-09         
4.435625000000000e+01         9.499703990664531e-09         
4.436250000000000e+01         9.500504094602121e-09         
4.436875000000001e+01         9.501628829190672e-09         
4.437500000000000e+01         9.503069959864705e-09         
4.438125000000000e+01         9.504842608648105e-09         
4.438750000000000e+01         9.506939751864819e-09         
4.439375000000000e+01         9.509360680279726e-09         
4.440000000000001e+01         9.512100902664306e-09         
4.440625000000000e+01         9.515164669799440e-09         
4.441250000000000e+01         9.518556177614466e-09         
4.441875000000000e+01         9.522267492992230e-09         
4.442500000000000e+01         9.526305380345879e-09         
4.443125000000001e+01         9.530667418587719e-09         
4.443750000000000e+01         9.535348776116708e-09         
4.444375000000000e+01         9.540353917727369e-09         
4.445000000000000e+01         9.545687252359470e-09         
4.445625000000000e+01         9.551344759994893e-09         
4.446250000000001e+01         9.557322359840806e-09         
4.446875000000000e+01         9.563624620249940e-09         
4.447500000000000e+01         9.570256193512897e-09         
4.448125000000000e+01         9.577213055496716e-09         
4.448750000000000e+01         9.584491318264027e-09         
4.449375000000001e+01         9.592100009553466e-09         
4.450000000000000e+01         9.600031009819754e-09         
4.450625000000000e+01         9.608289644543170e-09         
4.451250000000000e+01         9.616879128505172e-09         
4.451875000000000e+01         9.625797149505499e-09         
4.452500000000001e+01         9.635043942382098e-09         
4.453125000000000e+01         9.644611659147876e-09         
4.453750000000000e+01         9.654517820084588e-09         
4.454375000000000e+01         9.664754671714040e-09         
4.455000000000000e+01         9.675318733502841e-09         
4.455625000000001e+01         9.686219233749844e-09         
4.456250000000000e+01         9.697448346725116e-09         
4.456875000000000e+01         9.709011931557215e-09         
4.457500000000000e+01         9.720913236037867e-09         
4.458125000000000e+01         9.733150457575266e-09         
4.458750000000001e+01         9.745724142025037e-09         
4.459375000000000e+01         9.758627211172755e-09         
4.460000000000000e+01         9.771876261785500e-09         
4.460625000000000e+01         9.785464982455885e-09         
4.461250000000000e+01         9.799390216951243e-09         
4.461875000000001e+01         9.813660112177852e-09         
4.462500000000000e+01         9.828268844528727e-09         
4.463125000000000e+01         9.843225480031690e-09         
4.463750000000000e+01         9.858522372657519e-09         
4.464375000000000e+01         9.874169523087608e-09         
4.465000000000001e+01         9.890163928056040e-09         
4.465625000000000e+01         9.906498372964811e-09         
4.466250000000000e+01         9.923190053185407e-09         
4.466875000000000e+01         9.940233201199261e-09         
4.467500000000000e+01         9.957628274419714e-09         
4.468125000000001e+01         9.975372543979758e-09         
4.468750000000000e+01         9.993471747507306e-09         
4.469375000000000e+01         1.001193132747121e-08         
4.470000000000000e+01         1.003074461126839e-08         
4.470625000000000e+01         1.004992017031612e-08         
4.471250000000001e+01         1.006945673162384e-08         
4.471875000000000e+01         1.008934674144551e-08         
4.472500000000000e+01         1.010960796544581e-08         
4.473125000000000e+01         1.013023440661469e-08         
4.473750000000000e+01         1.015122739646967e-08         
4.474375000000001e+01         1.017258363949983e-08         
4.475000000000000e+01         1.019430943836205e-08         
4.475625000000000e+01         1.021641021932783e-08         
4.476250000000000e+01         1.023887966028511e-08         
4.476875000000000e+01         1.026172686561611e-08         
4.477500000000001e+01         1.028494998277783e-08         
4.478125000000000e+01         1.030854217919338e-08         
4.478750000000000e+01         1.033252142705545e-08         
4.479375000000000e+01         1.035688109356431e-08         
4.480000000000000e+01         1.038162307493916e-08         
4.480625000000001e+01         1.040674493695857e-08         
4.481250000000000e+01         1.043225141266144e-08         
4.481875000000000e+01         1.045814953197329e-08         
4.482500000000000e+01         1.048443225659753e-08         
4.483125000000000e+01         1.051110921074198e-08         
4.483750000000001e+01         1.053817844525463e-08         
4.484375000000000e+01         1.056563670588649e-08         
4.485000000000000e+01         1.059349058221246e-08         
4.485625000000000e+01         1.062174510022751e-08         
4.486250000000000e+01         1.065039860203956e-08         
4.486875000000001e+01         1.067945190197944e-08         
4.487500000000000e+01         1.070889842363689e-08         
4.488125000000000e+01         1.073875651504300e-08         
4.488750000000000e+01         1.076901946110725e-08         
4.489375000000000e+01         1.079968459981362e-08         
4.490000000000001e+01         1.083076149987259e-08         
4.490625000000000e+01         1.086224364944558e-08         
4.491250000000000e+01         1.089413667429257e-08         
4.491875000000000e+01         1.092644599688126e-08         
4.492500000000000e+01         1.095916888943510e-08         
4.493125000000001e+01         1.099230683228396e-08         
4.493750000000000e+01         1.102585227752559e-08         
4.494375000000000e+01         1.105982385114493e-08         
4.495000000000000e+01         1.109421410374953e-08         
4.495625000000000e+01         1.112902007081287e-08         
4.496250000000001e+01         1.116425121773979e-08         
4.496875000000000e+01         1.119989991070924e-08         
4.497500000000000e+01         1.123597157740527e-08         
4.498125000000000e+01         1.127247184075201e-08         
4.498750000000000e+01         1.130939649940075e-08         
4.499375000000001e+01         1.134674729796981e-08         
4.500000000000000e+01         1.138451544312681e-08         
4.500625000000000e+01         1.142271900785882e-08         
4.501250000000000e+01         1.146135032074747e-08         
4.501875000000000e+01         1.150040490743401e-08         
4.502500000000001e+01         1.153989203377332e-08         
4.503125000000000e+01         1.157980311916561e-08         
4.503750000000000e+01         1.162014733368471e-08         
4.504375000000000e+01         1.166091542842315e-08         
4.505000000000000e+01         1.170211636675736e-08         
4.505625000000001e+01         1.174374552072189e-08         
4.506250000000000e+01         1.178579347891341e-08         
4.506875000000000e+01         1.182827742743947e-08         
4.507500000000000e+01         1.187118801445688e-08         
4.508125000000000e+01         1.191452409083301e-08         
4.508750000000001e+01         1.195828018645742e-08         
4.509375000000000e+01         1.200246004910962e-08         
4.510000000000000e+01         1.204706640049233e-08         
4.510625000000000e+01         1.209208857550696e-08         
4.511250000000000e+01         1.213753439530070e-08         
4.511875000000001e+01         1.218339701571592e-08         
4.512500000000000e+01         1.222966502287592e-08         
4.513125000000000e+01         1.227635443918619e-08         
4.513750000000000e+01         1.232345387641216e-08         
4.514375000000000e+01         1.237095999518042e-08         
4.515000000000001e+01         1.241886506984289e-08         
4.515625000000000e+01         1.246717081308416e-08         
4.516250000000000e+01         1.251587818467483e-08         
4.516875000000000e+01         1.256497310034604e-08         
4.517500000000000e+01         1.261446170948884e-08         
4.518125000000001e+01         1.266433451868060e-08         
4.518750000000000e+01         1.271457729734673e-08         
4.519375000000000e+01         1.276520363353667e-08         
4.520000000000000e+01         1.281619913616405e-08         
4.520625000000000e+01         1.286755722476228e-08         
4.521250000000001e+01         1.291926741265549e-08         
4.521875000000000e+01         1.297132807559506e-08         
4.522500000000000e+01         1.302373736224087e-08         
4.523125000000000e+01         1.307647736737726e-08         
4.523750000000000e+01         1.312955068569193e-08         
4.524375000000001e+01         1.318294494623649e-08         
4.525000000000000e+01         1.323664612396922e-08         
4.525625000000000e+01         1.329064941914150e-08         
4.526250000000000e+01         1.334495157246555e-08         
4.526875000000000e+01         1.339953757909524e-08         
4.527500000000001e+01         1.345439670780686e-08         
4.528125000000000e+01         1.350950827364162e-08         
4.528750000000000e+01         1.356488131641674e-08         
4.529375000000000e+01         1.362049338277185e-08         
4.530000000000000e+01         1.367632710374169e-08         
4.530625000000001e+01         1.373238085094219e-08         
4.531250000000000e+01         1.378862992756284e-08         
4.531875000000000e+01         1.384506534652640e-08         
4.532500000000000e+01         1.390167838148604e-08         
4.533125000000000e+01         1.395844903082660e-08         
4.533750000000001e+01         1.401536090073038e-08         
4.534375000000000e+01         1.407238802533357e-08         
4.535000000000000e+01         1.412953368264818e-08         
4.535625000000000e+01         1.418677086849942e-08         
4.536250000000000e+01         1.424407527488358e-08         
4.536875000000001e+01         1.430143965171589e-08         
4.537500000000000e+01         1.435883480825593e-08         
4.538125000000000e+01         1.441624407225498e-08         
4.538750000000000e+01         1.447365371219834e-08         
4.539375000000000e+01         1.453103770545367e-08         
4.540000000000001e+01         1.458837293157851e-08         
4.540625000000000e+01         1.464562734301542e-08         
4.541250000000000e+01         1.470279863527033e-08         
4.541875000000000e+01         1.475985385104783e-08         
4.542500000000000e+01         1.481676130869326e-08         
4.543125000000001e+01         1.487350846463894e-08         
4.543750000000000e+01         1.493005917833738e-08         
4.544375000000000e+01         1.498639817344171e-08         
4.545000000000000e+01         1.504248659363035e-08         
4.545625000000000e+01         1.509830938416130e-08         
4.546250000000001e+01         1.515383410804073e-08         
4.546875000000000e+01         1.520902008155696e-08         
4.547500000000000e+01         1.526386095569525e-08         
4.548125000000000e+01         1.531831738770068e-08         
4.548750000000000e+01         1.537235810816237e-08         
4.549375000000001e+01         1.542594794449167e-08         
4.550000000000000e+01         1.547906288105751e-08         
4.550625000000000e+01         1.553167704336287e-08         
4.551250000000000e+01         1.558374654481495e-08         
4.551875000000000e+01         1.563525211527017e-08         
4.552500000000001e+01         1.568615711874126e-08         
4.553125000000000e+01         1.573641634851659e-08         
4.553750000000000e+01         1.578602023708453e-08         
4.554375000000000e+01         1.583492524557705e-08         
4.555000000000000e+01         1.588309972182473e-08         
4.555625000000001e+01         1.593050291155540e-08         
4.556250000000000e+01         1.597710963592405e-08         
4.556875000000000e+01         1.602289234703718e-08         
4.557500000000000e+01         1.606780525001071e-08         
4.558125000000000e+01         1.611182875479738e-08         
4.558750000000001e+01         1.615492523167056e-08         
4.559375000000000e+01         1.619704934779452e-08         
4.560000000000000e+01         1.623819259087859e-08         
4.560625000000000e+01         1.627831206124250e-08         
4.561250000000000e+01         1.631737767279569e-08         
4.561875000000001e+01         1.635535049861326e-08         
4.562500000000000e+01         1.639220835434735e-08         
4.563125000000000e+01         1.642792597603197e-08         
4.563750000000000e+01         1.646247017773813e-08         
4.564375000000000e+01         1.649580441114030e-08         
4.565000000000001e+01         1.652791469350855e-08         
4.565625000000000e+01         1.655876392051934e-08         
4.566250000000000e+01         1.658832848552636e-08         
4.566875000000000e+01         1.661659185188200e-08         
4.567500000000000e+01         1.664352499324840e-08         
4.568125000000001e+01         1.666910310891031e-08         
4.568750000000000e+01         1.669329399440859e-08         
4.569375000000000e+01         1.671610029380421e-08         
4.570000000000000e+01         1.673749227109722e-08         
4.570625000000000e+01         1.675744351458676e-08         
4.571250000000001e+01         1.677595097755271e-08         
4.571875000000000e+01         1.679298770319420e-08         
4.572500000000000e+01         1.680854508841925e-08         
4.573125000000000e+01         1.682261584251606e-08         
4.573750000000000e+01         1.683518363535224e-08         
4.574375000000001e+01         1.684623986613988e-08         
4.575000000000000e+01         1.685576271482644e-08         
4.575625000000000e+01         1.686376999677579e-08         
4.576250000000000e+01         1.687024602741520e-08         
4.576875000000000e+01         1.687517892763789e-08         
4.577500000000001e+01         1.687858058579886e-08         
4.578125000000000e+01         1.688043892081587e-08         
4.578750000000000e+01         1.688076049133596e-08         
4.579375000000000e+01         1.687955339931329e-08         
4.580000000000000e+01         1.687681671358862e-08         
4.580625000000001e+01         1.687255735781881e-08         
4.581250000000000e+01         1.686676886385353e-08         
4.581875000000000e+01         1.685948478740052e-08         
4.582500000000000e+01         1.685070359692608e-08         
4.583125000000000e+01         1.684043188737222e-08         
4.583750000000001e+01         1.682869371210985e-08         
4.584375000000000e+01         1.681549287127790e-08         
4.585000000000000e+01         1.680085720533901e-08         
4.585625000000000e+01         1.678479019189793e-08         
4.586250000000000e+01         1.676732408697287e-08         
4.586875000000001e+01         1.674847338285325e-08         
4.587500000000000e+01         1.672824542167945e-08         
4.588125000000000e+01         1.670668641071766e-08         
4.588750000000000e+01         1.668380800020681e-08         
4.589375000000000e+01         1.665963511996265e-08         
4.590000000000001e+01         1.663418462607139e-08         
4.590625000000000e+01         1.660749084994918e-08         
4.591250000000000e+01         1.657958479417267e-08         
4.591875000000000e+01         1.655048327581099e-08         
4.592500000000000e+01         1.652022546220728e-08         
4.593125000000001e+01         1.648883466216695e-08         
4.593750000000000e+01         1.645633018692766e-08         
4.594375000000000e+01         1.642276274226042e-08         
4.595000000000000e+01         1.638815284226800e-08         
4.595625000000000e+01         1.635253195992906e-08         
4.596250000000001e+01         1.631592341790016e-08         
4.596875000000000e+01         1.627836704496261e-08         
4.597500000000000e+01         1.623989863888275e-08         
4.598125000000000e+01         1.620053994269880e-08         
4.598750000000000e+01         1.616033352755923e-08         
4.599375000000001e+01         1.611930655176000e-08         
4.600000000000000e+01         1.607748660016071e-08         
4.600625000000000e+01         1.603490879820846e-08         
4.601250000000000e+01         1.599161289724615e-08         
4.601875000000000e+01         1.594762498025867e-08         
4.602500000000001e+01         1.590297192976772e-08         
4.603125000000000e+01         1.585769029650007e-08         
4.603750000000000e+01         1.581181687713093e-08         
4.604375000000000e+01         1.576537875006128e-08         
4.605000000000000e+01         1.571839873945791e-08         
4.605625000000001e+01         1.567092050139982e-08         
4.606250000000000e+01         1.562296309102421e-08         
4.606875000000000e+01         1.557456148418116e-08         
4.607500000000000e+01         1.552574981445255e-08         
4.608125000000000e+01         1.547655229695321e-08         
4.608750000000001e+01         1.542699786747004e-08         
4.609375000000000e+01         1.537710229202470e-08         
4.610000000000000e+01         1.532691527474801e-08         
4.610625000000000e+01         1.527645312294062e-08         
4.611250000000000e+01         1.522573690469331e-08         
4.611875000000001e+01         1.517480268481202e-08         
4.612500000000000e+01         1.512366566904026e-08         
4.613125000000000e+01         1.507235551837081e-08         
4.613750000000000e+01         1.502090148355430e-08         
4.614375000000000e+01         1.496932166031196e-08         
4.615000000000001e+01         1.491763998603128e-08         
4.615625000000000e+01         1.486586688882919e-08         
4.616250000000000e+01         1.481404569511935e-08         
4.616875000000000e+01         1.476218703466540e-08         
4.617500000000000e+01         1.471030660478028e-08         
4.618125000000001e+01         1.465843407956708e-08         
4.618750000000000e+01         1.460657881652340e-08         
4.619375000000000e+01         1.455476413635659e-08         
4.620000000000000e+01         1.450301475588386e-08         
4.620625000000000e+01         1.445134136790576e-08         
4.621250000000001e+01         1.439976186306350e-08         
4.621875000000000e+01         1.434828240266352e-08         
4.622500000000000e+01         1.429693890682639e-08         
4.623125000000000e+01         1.424573670710538e-08         
4.623750000000000e+01         1.419468555985331e-08         
4.624375000000001e+01         1.414380923575294e-08         
4.625000000000000e+01         1.409311205081523e-08         
4.625625000000000e+01         1.404261671288905e-08         
4.626250000000000e+01         1.399232621724706e-08         
4.626875000000000e+01         1.394226206997169e-08         
4.627500000000001e+01         1.389243130585477e-08         
4.628125000000000e+01         1.384283554749954e-08         
4.628750000000000e+01         1.379350457786114e-08         
4.629375000000000e+01         1.374443903795941e-08         
4.630000000000000e+01         1.369564874046541e-08         
4.630625000000001e+01         1.364713812693220e-08         
4.631250000000000e+01         1.359892104161387e-08         
4.631875000000000e+01         1.355101072073427e-08         
4.632500000000000e+01         1.350340557562189e-08         
4.633125000000000e+01         1.345612322957691e-08         
4.633750000000001e+01         1.340916587791440e-08         
4.634375000000000e+01         1.336253079676692e-08         
4.635000000000000e+01         1.331624444916386e-08         
4.635625000000000e+01         1.327030289498619e-08         
4.636250000000000e+01         1.322471227635595e-08         
4.636875000000001e+01         1.317947343750792e-08         
4.637500000000000e+01         1.313459642695632e-08         
4.638125000000000e+01         1.309009072459848e-08         
4.638750000000000e+01         1.304595182218353e-08         
4.639375000000000e+01         1.300219368924328e-08         
4.640000000000001e+01         1.295881537684792e-08         
4.640625000000000e+01         1.291581610143037e-08         
4.641250000000000e+01         1.287320450970750e-08         
4.641875000000000e+01         1.283098821535419e-08         
4.642500000000000e+01         1.278916600016786e-08         
4.643125000000001e+01         1.274773603380238e-08         
4.643750000000000e+01         1.270670535663996e-08         
4.644375000000000e+01         1.266608142845664e-08         
4.645000000000000e+01         1.262586188648228e-08         
4.645625000000000e+01         1.258604399646667e-08         
4.646250000000001e+01         1.254663889878675e-08         
4.646875000000000e+01         1.250763936156900e-08         
4.647500000000000e+01         1.246905115002010e-08         
4.648125000000000e+01         1.243088065990164e-08         
4.648750000000000e+01         1.239312423773506e-08         
4.649375000000001e+01         1.235578275607418e-08         
4.650000000000000e+01         1.231884823197135e-08         
4.650625000000000e+01         1.228233977728893e-08         
4.651250000000000e+01         1.224624906755604e-08         
4.651875000000000e+01         1.221057154899429e-08         
4.652500000000001e+01         1.217531745035196e-08         
4.653125000000000e+01         1.214047738009833e-08         
4.653750000000000e+01         1.210605668596933e-08         
4.654375000000000e+01         1.207205940473047e-08         
4.655000000000000e+01         1.203848136906420e-08         
4.655625000000001e+01         1.200532245500748e-08         
4.656250000000000e+01         1.197257311053297e-08         
4.656875000000000e+01         1.194025153890580e-08         
4.657500000000000e+01         1.190834839526123e-08         
4.658125000000000e+01         1.187685878330498e-08         
4.658750000000001e+01         1.184579079436496e-08         
4.659375000000000e+01         1.181513530843424e-08         
4.660000000000000e+01         1.178489631831532e-08         
4.660625000000000e+01         1.175507719435588e-08         
4.661250000000000e+01         1.172567335224046e-08         
4.661875000000001e+01         1.169668366720854e-08         
4.662500000000000e+01         1.166809840500033e-08         
4.663125000000000e+01         1.163993416389873e-08         
4.663750000000000e+01         1.161218203317974e-08         
4.664375000000000e+01         1.158483646899102e-08         
4.665000000000001e+01         1.155790478039797e-08         
4.665625000000000e+01         1.153137756490002e-08         
4.666250000000000e+01         1.150526285658981e-08         
4.666875000000000e+01         1.147955063301964e-08         
4.667500000000000e+01         1.145424802983635e-08         
4.668125000000001e+01         1.142935046865307e-08         
4.668750000000000e+01         1.140484774164142e-08         
4.669375000000000e+01         1.138075596294308e-08         
4.670000000000000e+01         1.135706596212040e-08         
4.670625000000000e+01         1.133377619663543e-08         
4.671250000000001e+01         1.131088100112818e-08         
4.671875000000000e+01         1.128838370853676e-08         
4.672500000000000e+01         1.126628780372023e-08         
4.673125000000000e+01         1.124458341772883e-08         
4.673750000000000e+01         1.122327723348640e-08         
4.674375000000001e+01         1.120236474641030e-08         
4.675000000000000e+01         1.118183572351968e-08         
4.675625000000000e+01         1.116170614734090e-08         
4.676250000000000e+01         1.114196666019752e-08         
4.676875000000000e+01         1.112261600663027e-08         
4.677500000000001e+01         1.110364889236142e-08         
4.678125000000000e+01         1.108506733333250e-08         
4.678750000000000e+01         1.106687611832824e-08         
4.679375000000000e+01         1.104906499326404e-08         
4.680000000000000e+01         1.103164078144974e-08         
4.680625000000001e+01         1.101459910659765e-08         
4.681250000000000e+01         1.099793387096417e-08         
4.681875000000000e+01         1.098164907017128e-08         
4.682500000000000e+01         1.096574675214658e-08         
4.683125000000000e+01         1.095022281945042e-08         
4.683750000000001e+01         1.093507183101524e-08         
4.684375000000000e+01         1.092029564314396e-08         
4.685000000000000e+01         1.090589937676907e-08         
4.685625000000000e+01         1.089187724746489e-08         
4.686250000000000e+01         1.087822419652142e-08         
4.686875000000001e+01         1.086494674280654e-08         
4.687500000000000e+01         1.085203671625266e-08         
4.688125000000000e+01         1.083949758632189e-08         
4.688750000000000e+01         1.082733160124958e-08         
4.689375000000000e+01         1.081553502823662e-08         
4.690000000000001e+01         1.080410647754450e-08         
4.690625000000000e+01         1.079303670680005e-08         
4.691250000000000e+01         1.078234149634102e-08         
4.691875000000000e+01         1.077201272600652e-08         
4.692500000000000e+01         1.076204511755489e-08         
4.693125000000001e+01         1.075244557980061e-08         
4.693750000000000e+01         1.074320598082770e-08         
4.694375000000000e+01         1.073433024529484e-08         
4.695000000000000e+01         1.072582075610297e-08         
4.695625000000000e+01         1.071767414569294e-08         
4.696250000000001e+01         1.070988926917185e-08         
4.696875000000000e+01         1.070245729935961e-08         
4.697500000000000e+01         1.069539402759698e-08         
4.698125000000000e+01         1.068869184267235e-08         
4.698750000000000e+01         1.068234583316014e-08         
4.699375000000001e+01         1.067636287614338e-08         
4.700000000000000e+01         1.067073543416670e-08         
4.700625000000000e+01         1.066546776600564e-08         
4.701250000000000e+01         1.066056301010066e-08         
4.701875000000000e+01         1.065601631049050e-08         
4.702500000000001e+01         1.065182879985087e-08         
4.703125000000000e+01         1.064799125578851e-08         
4.703750000000000e+01         1.064451982933772e-08         
4.704375000000000e+01         1.064140726048120e-08         
4.705000000000000e+01         1.063865286227504e-08         
4.705625000000001e+01         1.063625277856223e-08         
4.706250000000000e+01         1.063420967472700e-08         
4.706875000000000e+01         1.063253000469538e-08         
4.707500000000000e+01         1.063120488561793e-08         
4.708125000000000e+01         1.063024157146339e-08         
4.708750000000001e+01         1.062963757187568e-08         
4.709375000000000e+01         1.062938413573601e-08         
4.710000000000000e+01         1.062949828831013e-08         
4.710625000000000e+01         1.062997131238835e-08         
4.711250000000000e+01         1.063080478874705e-08         
4.711875000000001e+01         1.063199454635689e-08         
4.712500000000000e+01         1.063354365459046e-08         
4.713125000000000e+01         1.063545890615891e-08         
4.713750000000000e+01         1.063773182283611e-08         
4.714375000000000e+01         1.064037065373311e-08         
4.715000000000001e+01         1.064337142093974e-08         
4.715625000000000e+01         1.064672756220779e-08         
4.716250000000000e+01         1.065045601126186e-08         
4.716875000000000e+01         1.065454829689288e-08         
4.717500000000000e+01         1.065900648724002e-08         
4.718125000000001e+01         1.066382677980168e-08         
4.718750000000000e+01         1.066901314861099e-08         
4.719375000000000e+01         1.067457112728672e-08         
4.720000000000000e+01         1.068049430695215e-08         
4.720625000000000e+01         1.068679075469144e-08         
4.721250000000001e+01         1.069345708644963e-08         
4.721875000000000e+01         1.070049081153152e-08         
4.722500000000000e+01         1.070789769028136e-08         
4.723125000000000e+01         1.071568135107127e-08         
4.723750000000000e+01         1.072384031536521e-08         
4.724375000000001e+01         1.073237110728383e-08         
4.725000000000000e+01         1.074127833336031e-08         
4.725625000000000e+01         1.075056790592401e-08         
4.726250000000000e+01         1.076023761196313e-08         
4.726875000000000e+01         1.077028444230306e-08         
4.727500000000001e+01         1.078071678506864e-08         
4.728125000000000e+01         1.079152909124922e-08         
4.728750000000000e+01         1.080272722979455e-08         
4.729375000000000e+01         1.081431606401854e-08         
4.730000000000000e+01         1.082629258203516e-08         
4.730625000000001e+01         1.083865970703459e-08         
4.731250000000000e+01         1.085140982768934e-08         
4.731875000000000e+01         1.086456125109399e-08         
4.732500000000000e+01         1.087810843091936e-08         
4.733125000000000e+01         1.089204837085735e-08         
4.733750000000001e+01         1.090639098987469e-08         
4.734375000000000e+01         1.092112883281470e-08         
4.735000000000000e+01         1.093627050064865e-08         
4.735625000000000e+01         1.095182054318571e-08         
4.736250000000000e+01         1.096777641692715e-08         
4.736875000000001e+01         1.098414148505023e-08         
4.737500000000000e+01         1.100090856419464e-08         
4.738125000000000e+01         1.101809710989301e-08         
4.738750000000000e+01         1.103569995973918e-08         
4.739375000000000e+01         1.105371656908644e-08         
4.740000000000001e+01         1.107215691995309e-08         
4.740625000000000e+01         1.109101393743056e-08         
4.741250000000000e+01         1.111029631981515e-08         
4.741875000000000e+01         1.113000937130175e-08         
4.742500000000000e+01         1.115015121253236e-08         
4.743125000000001e+01         1.117072529593938e-08         
4.743750000000000e+01         1.119172484464202e-08         
4.744375000000000e+01         1.121317004774643e-08         
4.745000000000000e+01         1.123505424083994e-08         
4.745625000000000e+01         1.125738125772192e-08         
4.746250000000001e+01         1.128014921370289e-08         
4.746875000000000e+01         1.130336448158622e-08         
4.747500000000000e+01         1.132703460185830e-08         
4.748125000000000e+01         1.135115462828707e-08         
4.748750000000000e+01         1.137573544745484e-08         
4.749375000000001e+01         1.140077524264842e-08         
4.750000000000000e+01         1.142626943402857e-08         
4.750625000000000e+01         1.145223784146369e-08         
4.751250000000000e+01         1.147867449765744e-08         
4.751875000000000e+01         1.150558353466533e-08         
4.752500000000001e+01         1.153296379881410e-08         
4.753125000000000e+01         1.156082177661136e-08         
4.753750000000000e+01         1.158916553983697e-08         
4.754375000000000e+01         1.161799067832278e-08         
4.755000000000000e+01         1.164730818903869e-08         
4.755625000000001e+01         1.167711719003848e-08         
4.756250000000000e+01         1.170741304859667e-08         
4.756875000000000e+01         1.173821653672428e-08         
4.757500000000000e+01         1.176952221063600e-08         
4.758125000000000e+01         1.180133353360642e-08         
4.758750000000001e+01         1.183365016270207e-08         
4.759375000000000e+01         1.186647939203920e-08         
4.760000000000000e+01         1.189982976264418e-08         
4.760625000000000e+01         1.193369651851630e-08         
4.761250000000000e+01         1.196809174567202e-08         
4.761875000000001e+01         1.200301481869952e-08         
4.762500000000000e+01         1.203846466726453e-08         
4.763125000000000e+01         1.207445056351215e-08         
4.763750000000000e+01         1.211098035579898e-08         
4.764375000000000e+01         1.214805270927866e-08         
4.765000000000001e+01         1.218566843420185e-08         
4.765625000000000e+01         1.222383449446054e-08         
4.766250000000000e+01         1.226256002641782e-08         
4.766875000000000e+01         1.230184395665081e-08         
4.767500000000000e+01         1.234168649630212e-08         
4.768125000000001e+01         1.238209986230749e-08         
4.768750000000000e+01         1.242307872307100e-08         
4.769375000000000e+01         1.246463274687502e-08         
4.770000000000000e+01         1.250676951591688e-08         
4.770625000000000e+01         1.254948833571182e-08         
4.771250000000001e+01         1.259279366045394e-08         
4.771875000000000e+01         1.263667947792726e-08         
4.772500000000000e+01         1.268116881007347e-08         
4.773125000000000e+01         1.272625568721671e-08         
4.773750000000000e+01         1.277193983731340e-08         
4.774375000000001e+01         1.281823392143072e-08         
4.775000000000000e+01         1.286513225471403e-08         
4.775625000000000e+01         1.291264364217109e-08         
4.776250000000000e+01         1.296077616725443e-08         
4.776875000000000e+01         1.300952890914785e-08         
4.777500000000001e+01         1.305890528719458e-08         
4.778125000000000e+01         1.310889912648965e-08         
4.778750000000000e+01         1.315953318016075e-08         
4.779375000000000e+01         1.321080092744640e-08         
4.780000000000000e+01         1.326270122660549e-08         
4.780625000000001e+01         1.331524624006714e-08         
4.781250000000000e+01         1.336842957008244e-08         
4.781875000000000e+01         1.342226391646258e-08         
4.782500000000000e+01         1.347674227779838e-08         
4.783125000000000e+01         1.353187700991955e-08         
4.783750000000001e+01         1.358766576347923e-08         
4.784375000000000e+01         1.364410091789573e-08         
4.785000000000000e+01         1.370120426995209e-08         
4.785625000000000e+01         1.375896834523635e-08         
4.786250000000000e+01         1.381739460307842e-08         
4.786875000000001e+01         1.387647982433003e-08         
4.787500000000000e+01         1.393623008179228e-08         
4.788125000000000e+01         1.399665172358234e-08         
4.788750000000000e+01         1.405773580434613e-08         
4.789375000000000e+01         1.411949297589572e-08         
4.790000000000001e+01         1.418191815155927e-08         
4.790625000000000e+01         1.424500176086793e-08         
4.791250000000000e+01         1.430876354820425e-08         
4.791875000000000e+01         1.437319286319360e-08         
4.792500000000000e+01         1.443828911832287e-08         
4.793125000000001e+01         1.450404549919245e-08         
4.793750000000000e+01         1.457046570459184e-08         
4.794375000000000e+01         1.463755274576253e-08         
4.795000000000000e+01         1.470529386618709e-08         
4.795625000000000e+01         1.477369651855365e-08         
4.796250000000001e+01         1.484275217503911e-08         
4.796875000000000e+01         1.491244648066224e-08         
4.797500000000000e+01         1.498279593579830e-08         
4.798125000000000e+01         1.505378515891658e-08         
4.798750000000000e+01         1.512540893063736e-08         
4.799375000000001e+01         1.519765516351183e-08         
4.800000000000000e+01         1.527052325469474e-08         
4.800625000000000e+01         1.534401066003900e-08         
4.801250000000000e+01         1.541809915921526e-08         
4.801875000000000e+01         1.549279042469028e-08         
4.802500000000001e+01         1.556806970380045e-08         
4.803125000000000e+01         1.564392163936498e-08         
4.803750000000000e+01         1.572034028357189e-08         
4.804375000000000e+01         1.579731929671150e-08         
4.805000000000000e+01         1.587484101148203e-08         
4.805625000000001e+01         1.595288588042787e-08         
4.806250000000000e+01         1.603144550116150e-08         
4.806875000000000e+01         1.611050939353009e-08         
4.807500000000000e+01         1.619005635661776e-08         
4.808125000000000e+01         1.627006263708254e-08         
4.808750000000001e+01         1.635052111921286e-08         
4.809375000000000e+01         1.643140181072913e-08         
4.810000000000000e+01         1.651268892749319e-08         
4.810625000000000e+01         1.659436633142859e-08         
4.811250000000000e+01         1.667640582292370e-08         
4.811875000000001e+01         1.675878336419256e-08         
4.812500000000000e+01         1.684146143505144e-08         
4.813125000000000e+01         1.692443653717378e-08         
4.813750000000000e+01         1.700766919983566e-08         
4.814375000000000e+01         1.709112467495139e-08         
4.815000000000001e+01         1.717478326726122e-08         
4.815625000000000e+01         1.725860171458557e-08         
4.816250000000000e+01         1.734255250277093e-08         
4.816875000000000e+01         1.742660597878836e-08         
4.817500000000000e+01         1.751072025163047e-08         
4.818125000000001e+01         1.759485834755315e-08         
4.818750000000000e+01         1.767896722560251e-08         
4.819375000000000e+01         1.776303122341567e-08         
4.820000000000000e+01         1.784699621712328e-08         
4.820625000000000e+01         1.793081192177855e-08         
4.821250000000001e+01         1.801444531421959e-08         
4.821875000000000e+01         1.809783756119694e-08         
4.822500000000000e+01         1.818095199150256e-08         
4.823125000000000e+01         1.826372764834805e-08         
4.823750000000000e+01         1.834612447013283e-08         
4.824375000000001e+01         1.842808424776570e-08         
4.825000000000000e+01         1.850954116035484e-08         
4.825625000000000e+01         1.859046312148663e-08         
4.826250000000000e+01         1.867078161953578e-08         
4.826875000000000e+01         1.875043946546135e-08         
4.827500000000001e+01         1.882936897361785e-08         
4.828125000000000e+01         1.890751788582832e-08         
4.828750000000000e+01         1.898482972194915e-08         
4.829375000000000e+01         1.906122996373515e-08         
4.830000000000000e+01         1.913666688242843e-08         
4.830625000000001e+01         1.921106998659182e-08         
4.831250000000000e+01         1.928436132521812e-08         
4.831875000000000e+01         1.935650129346873e-08         
4.832500000000000e+01         1.942740895242838e-08         
4.833125000000000e+01         1.949701813822981e-08         
4.833750000000001e+01         1.956525548354378e-08         
4.834375000000000e+01         1.963205968984339e-08         
4.835000000000000e+01         1.969736894036012e-08         
4.835625000000000e+01         1.976110401905808e-08         
4.836250000000000e+01         1.982320953512946e-08         
4.836875000000001e+01         1.988361277609546e-08         
4.837500000000000e+01         1.994223433036505e-08         
4.838125000000000e+01         1.999903595030245e-08         
4.838750000000000e+01         2.005393767540605e-08         
4.839375000000000e+01         2.010687697951236e-08         
4.840000000000001e+01         2.015778537913401e-08         
4.840625000000000e+01         2.020660769940906e-08         
4.841250000000000e+01         2.025329105118617e-08         
4.841875000000000e+01         2.029776403975656e-08         
4.842500000000000e+01         2.033998667728833e-08         
4.843125000000001e+01         2.037989590346005e-08         
4.843750000000000e+01         2.041743524970568e-08         
4.844375000000000e+01         2.045256188328541e-08         
4.845000000000000e+01         2.048523570297345e-08         
4.845625000000000e+01         2.051540712307400e-08         
4.846250000000001e+01         2.054302886039287e-08         
4.846875000000000e+01         2.056806976160157e-08         
4.847500000000000e+01         2.059050147067214e-08         
4.848125000000000e+01         2.061028666917656e-08         
4.848750000000000e+01         2.062739142234827e-08         
4.849375000000001e+01         2.064180353231578e-08         
4.850000000000000e+01         2.065349035243531e-08         
4.850625000000000e+01         2.066243960376352e-08         
4.851250000000000e+01         2.066864797851288e-08         
4.851875000000000e+01         2.067209605426004e-08         
4.852500000000001e+01         2.067277957627757e-08         
4.853125000000000e+01         2.067068439117896e-08         
4.853750000000000e+01         2.066583690816625e-08         
4.854375000000000e+01         2.065823082848000e-08         
4.855000000000000e+01         2.064786976511362e-08         
4.855625000000001e+01         2.063477948475789e-08         
4.856250000000000e+01         2.061896475830588e-08         
4.856875000000000e+01         2.060045163936221e-08         
4.857500000000000e+01         2.057927406267789e-08         
4.858125000000000e+01         2.055545044459327e-08         
4.858750000000001e+01         2.052901334948484e-08         
4.859375000000000e+01         2.049998404407788e-08         
4.860000000000000e+01         2.046842839585036e-08         
4.860625000000000e+01         2.043437144348277e-08         
4.861250000000000e+01         2.039785102196401e-08         
4.861875000000001e+01         2.035892923324616e-08         
4.862500000000000e+01         2.031763978141152e-08         
4.863125000000000e+01         2.027404733493331e-08         
4.863750000000000e+01         2.022819361483245e-08         
4.864375000000000e+01         2.018014684689142e-08         
4.865000000000001e+01         2.012995877051663e-08         
4.865625000000000e+01         2.007767580828084e-08         
4.866250000000000e+01         2.002338663401368e-08         
4.866875000000000e+01         1.996713852341655e-08         
4.867500000000000e+01         1.990899614157170e-08         
4.868125000000001e+01         1.984901870042150e-08         
4.868750000000000e+01         1.978727791678779e-08         
4.869375000000000e+01         1.972384595924972e-08         
4.870000000000000e+01         1.965877708443178e-08         
4.870625000000000e+01         1.959215382529698e-08         
4.871250000000001e+01         1.952403435600189e-08         
4.871875000000000e+01         1.945447500335190e-08         
4.872500000000000e+01         1.938356983441757e-08         
4.873125000000000e+01         1.931137144107969e-08         
4.873750000000000e+01         1.923794797183771e-08         
4.874375000000001e+01         1.916336036875469e-08         
4.875000000000000e+01         1.908768045829348e-08         
4.875625000000000e+01         1.901097938449744e-08         
4.876250000000000e+01         1.893330929628844e-08         
4.876875000000000e+01         1.885474839094442e-08         
4.877500000000001e+01         1.877535070811573e-08         
4.878125000000000e+01         1.869516678927721e-08         
4.878750000000000e+01         1.861428158086868e-08         
4.879375000000000e+01         1.853274339749451e-08         
4.880000000000000e+01         1.845060808646913e-08         
4.880625000000001e+01         1.836792713075401e-08         
4.881250000000000e+01         1.828476478691702e-08         
4.881875000000000e+01         1.820117768106843e-08         
4.882500000000000e+01         1.811720724764334e-08         
4.883125000000000e+01         1.803291861355022e-08         
4.883750000000001e+01         1.794835360250966e-08         
4.884375000000000e+01         1.786355551919667e-08         
4.885000000000000e+01         1.777857612038276e-08         
4.885625000000000e+01         1.769346856924345e-08         
4.886250000000000e+01         1.760826852393248e-08         
4.886875000000001e+01         1.752301935603534e-08         
4.887500000000000e+01         1.743775007091458e-08         
4.888125000000000e+01         1.735252386586966e-08         
4.888750000000000e+01         1.726736539933671e-08         
4.889375000000000e+01         1.718230576621751e-08         
4.890000000000001e+01         1.709739238247851e-08         
4.890625000000000e+01         1.701264640880500e-08         
4.891250000000000e+01         1.692810448578458e-08         
4.891875000000000e+01         1.684380512919385e-08         
4.892500000000000e+01         1.675976993405657e-08         
4.893125000000001e+01         1.667602759473878e-08         
4.893750000000000e+01         1.659259386596067e-08         
4.894375000000000e+01         1.650951647474502e-08         
4.895000000000000e+01         1.642680742648197e-08         
4.895625000000000e+01         1.634448408534113e-08         
4.896250000000001e+01         1.626258086957165e-08         
4.896875000000000e+01         1.618110572389518e-08         
4.897500000000000e+01         1.610008358210187e-08         
4.898125000000000e+01         1.601953873898581e-08         
4.898750000000000e+01         1.593948352171047e-08         
4.899375000000001e+01         1.585993293580237e-08         
4.900000000000000e+01         1.578089242874175e-08         
4.900625000000000e+01         1.570239784610270e-08         
4.901250000000000e+01         1.562445101968346e-08         
4.901875000000000e+01         1.554705951573437e-08         
4.902500000000001e+01         1.547024649304640e-08         
4.903125000000000e+01         1.539401162681692e-08         
4.903750000000000e+01         1.531837481113927e-08         
4.904375000000000e+01         1.524333539732050e-08         
4.905000000000000e+01         1.516891322132184e-08         
4.905625000000001e+01         1.509510964114620e-08         
4.906250000000000e+01         1.502192221106158e-08         
4.906875000000000e+01         1.494937799074495e-08         
4.907500000000000e+01         1.487747303284415e-08         
4.908125000000000e+01         1.480621154586187e-08         
4.908750000000001e+01         1.473559403125136e-08         
4.909375000000000e+01         1.466563050696522e-08         
4.910000000000000e+01         1.459632833068995e-08         
4.910625000000000e+01         1.452768120323255e-08         
4.911250000000000e+01         1.445970265627337e-08         
4.911875000000001e+01         1.439238892625288e-08         
4.912500000000000e+01         1.432573258860361e-08         
4.913125000000000e+01         1.425975478438002e-08         
4.913750000000000e+01         1.419444730004817e-08         
4.914375000000000e+01         1.412980980187651e-08         
4.915000000000001e+01         1.406583861033883e-08         
4.915625000000000e+01         1.400253855421895e-08         
4.916250000000000e+01         1.393991460666769e-08         
4.916875000000000e+01         1.387795578756300e-08         
4.917500000000000e+01         1.381667166986138e-08         
4.918125000000001e+01         1.375605612586692e-08         
4.918750000000000e+01         1.369609842242638e-08         
4.919375000000000e+01         1.363681585233085e-08         
4.920000000000000e+01         1.357819763656307e-08         
4.920625000000000e+01         1.352024156381474e-08         
4.921250000000001e+01         1.346294041759042e-08         
4.921875000000000e+01         1.340629749220419e-08         
4.922500000000000e+01         1.335031454779893e-08         
4.923125000000000e+01         1.329497936446403e-08         
4.923750000000000e+01         1.324029874681470e-08         
4.924375000000001e+01         1.318626525880772e-08         
4.925000000000000e+01         1.313287134989461e-08         
4.925625000000000e+01         1.308011792759691e-08         
4.926250000000000e+01         1.302800701067221e-08         
4.926875000000000e+01         1.297653021663625e-08         
4.927500000000001e+01         1.292568429404963e-08         
4.928125000000000e+01         1.287545690931052e-08         
4.928750000000000e+01         1.282586216764604e-08         
4.929375000000000e+01         1.277688741440199e-08         
4.930000000000000e+01         1.272852480248702e-08         
4.930625000000001e+01         1.268077923705143e-08         
4.931250000000000e+01         1.263363813784813e-08         
4.931875000000000e+01         1.258710209171471e-08         
4.932500000000000e+01         1.254117145527217e-08         
4.933125000000000e+01         1.249583815766763e-08         
4.933750000000001e+01         1.245109790672215e-08         
4.934375000000000e+01         1.240693836331130e-08         
4.935000000000000e+01         1.236337276810607e-08         
4.935625000000000e+01         1.232038811698940e-08         
4.936250000000000e+01         1.227797671709723e-08         
4.936875000000001e+01         1.223614281357910e-08         
4.937500000000000e+01         1.219487356961469e-08         
4.938125000000000e+01         1.215416968488206e-08         
4.938750000000000e+01         1.211403135572400e-08         
4.939375000000000e+01         1.207444997499709e-08         
4.940000000000001e+01         1.203542171365581e-08         
4.940625000000000e+01         1.199693433657347e-08         
4.941250000000000e+01         1.195900040281283e-08         
4.941875000000000e+01         1.192160761544463e-08         
4.942500000000000e+01         1.188474830131093e-08         
4.943125000000001e+01         1.184842625781357e-08         
4.943750000000000e+01         1.181262953077977e-08         
4.944375000000000e+01         1.177736259363332e-08         
4.945000000000000e+01         1.174261365826607e-08         
4.945625000000000e+01         1.170838668691270e-08         
4.946250000000001e+01         1.167467379074847e-08         
4.946875000000000e+01         1.164146320028017e-08         
4.947500000000000e+01         1.160876763116127e-08         
4.948125000000000e+01         1.157657512878604e-08         
4.948750000000000e+01         1.154488231828121e-08         
4.949375000000001e+01         1.151368134030002e-08         
4.950000000000000e+01         1.148297235523809e-08         
4.950625000000000e+01         1.145275626522237e-08         
4.951250000000000e+01         1.142302180083803e-08         
4.951875000000000e+01         1.139377319203157e-08         
4.952500000000001e+01         1.136500277493784e-08         
4.953125000000000e+01         1.133669964490577e-08         
4.953750000000000e+01         1.130887659935924e-08         
4.954375000000000e+01         1.128152206063744e-08         
4.955000000000000e+01         1.125463260765350e-08         
4.955625000000001e+01         1.122820180732117e-08         
4.956250000000000e+01         1.120222956236562e-08         
4.956875000000000e+01         1.117671727533573e-08         
4.957500000000000e+01         1.115165436021546e-08         
4.958125000000000e+01         1.112704534702629e-08         
4.958750000000001e+01         1.110288298201537e-08         
4.959375000000000e+01         1.107915696260344e-08         
4.960000000000000e+01         1.105588038613483e-08         
4.960625000000000e+01         1.103304208479921e-08         
4.961250000000000e+01         1.101063929069773e-08         
4.961875000000001e+01         1.098866595557226e-08         
4.962500000000000e+01         1.096712250834762e-08         
4.963125000000000e+01         1.094601115260748e-08         
4.963750000000000e+01         1.092532450513297e-08         
4.964375000000000e+01         1.090505714222307e-08         
4.965000000000001e+01         1.088521383565478e-08         
4.965625000000000e+01         1.086578366644403e-08         
4.966250000000000e+01         1.084676976199003e-08         
4.966875000000000e+01         1.082817280974121e-08         
4.967500000000000e+01         1.080998618565901e-08         
4.968125000000001e+01         1.079220867321459e-08         
4.968750000000000e+01         1.077482966153868e-08         
4.969375000000000e+01         1.075786289618556e-08         
4.970000000000000e+01         1.074129798361274e-08         
4.970625000000000e+01         1.072513003909539e-08         
4.971250000000001e+01         1.070936409543497e-08         
4.971875000000000e+01         1.069399027211763e-08         
4.972500000000000e+01         1.067901091998789e-08         
4.973125000000000e+01         1.066442834353434e-08         
4.973750000000000e+01         1.065023665838599e-08         
4.974375000000001e+01         1.063643364469454e-08         
4.975000000000000e+01         1.062301053804988e-08         
4.975625000000000e+01         1.060998120589357e-08         
4.976250000000000e+01         1.059733557264012e-08         
4.976875000000000e+01         1.058506935659754e-08         
4.977500000000001e+01         1.057318803929421e-08         
4.978125000000000e+01         1.056168221955503e-08         
4.978750000000000e+01         1.055055476205294e-08         
4.979375000000000e+01         1.053980843895487e-08         
4.980000000000000e+01         1.052943775311224e-08         
4.980625000000001e+01         1.051944095631067e-08         
4.981250000000000e+01         1.050981010005639e-08         
4.981875000000000e+01         1.050055908586303e-08         
4.982500000000000e+01         1.049167895852694e-08         
4.983125000000000e+01         1.048316446460432e-08         
4.983750000000001e+01         1.047502308569726e-08         
4.984375000000000e+01         1.046724528935941e-08         
4.985000000000000e+01         1.045983815044690e-08         
4.985625000000000e+01         1.045279386112117e-08         
4.986250000000000e+01         1.044611851177056e-08         
4.986875000000001e+01         1.043980694820904e-08         
4.987500000000000e+01         1.043385181708624e-08         
4.988125000000000e+01         1.042826762773500e-08         
4.988750000000000e+01         1.042304568565366e-08         
4.989375000000000e+01         1.041818493383737e-08         
4.990000000000001e+01         1.041368230998200e-08         
4.990625000000000e+01         1.040953976794018e-08         
4.991250000000000e+01         1.040576165492824e-08         
4.991875000000000e+01         1.040233916365779e-08         
4.992500000000000e+01         1.039928035498622e-08         
4.993125000000001e+01         1.039658064769944e-08         
4.993750000000000e+01         1.039423150322804e-08         
4.994375000000000e+01         1.039224925868246e-08         
4.995000000000000e+01         1.039062542924032e-08         
4.995625000000000e+01         1.038935933651389e-08         
4.996250000000001e+01         1.038844842325695e-08         
4.996875000000000e+01         1.038789509653255e-08         
4.997500000000000e+01         1.038770426091710e-08         
4.998125000000000e+01         1.038786730132589e-08         
4.998750000000000e+01         1.038839296198576e-08         
4.999375000000001e+01         1.038927709143698e-08         
5.000000000000000e+01         1.039051208698015e-08         
