time                          relative_error                
0.000000000000000e+00         0.000000000000000e+00         
6.250000000000000e-03         4.537297720232345e-05         
1.250000000000000e-02         9.073912200093016e-05         
1.875000000000000e-02         1.360870224400066e-04         
2.500000000000000e-02         1.814053009017066e-04         
3.125000000000000e-02         2.266826322746645e-04         
3.750000000000001e-02         2.719077619347788e-04         
4.375000000000000e-02         3.170695234797143e-04         
5.000000000000000e-02         3.621568561525792e-04         
5.625000000000000e-02         4.071588219000983e-04         
6.250000000000000e-02         4.520646220048438e-04         
6.875000000000001e-02         4.968636132426960e-04         
7.500000000000001e-02         5.415453235091435e-04         
8.125000000000000e-02         5.860994668715489e-04         
8.750000000000001e-02         6.305159580010567e-04         
9.375000000000000e-02         6.747849259416218e-04         
1.000000000000000e-01         7.188967271857987e-04         
1.062500000000000e-01         7.628419580145209e-04         
1.125000000000000e-01         8.066114660836520e-04         
1.187500000000000e-01         8.501963612213963e-04         
1.250000000000000e-01         8.935880254263440e-04         
1.312500000000000e-01         9.367781220422082e-04         
1.375000000000000e-01         9.797586041011745e-04         
1.437500000000000e-01         1.022521721828527e-03         
1.500000000000000e-01         1.065060029302102e-03         
1.562500000000000e-01         1.107366390268252e-03         
1.625000000000000e-01         1.149433983117972e-03         
1.687500000000000e-01         1.191256305033700e-03         
1.750000000000000e-01         1.232827175309993e-03         
1.812500000000000e-01         1.274140737872969e-03         
1.875000000000000e-01         1.315191463006931e-03         
1.937500000000000e-01         1.355974148313690e-03         
2.000000000000000e-01         1.396483918926879e-03         
2.062500000000000e-01         1.436716227001782e-03         
2.125000000000000e-01         1.476666850516244e-03         
2.187500000000000e-01         1.516331891403219e-03         
2.250000000000000e-01         1.555707773053477e-03         
2.312500000000000e-01         1.594791237212952e-03         
2.375000000000000e-01         1.633579340314861e-03         
2.437500000000000e-01         1.672069449276069e-03         
2.500000000000000e-01         1.710259236795093e-03         
2.562500000000000e-01         1.748146676185203e-03         
2.625000000000000e-01         1.785730035778300e-03         
2.687500000000000e-01         1.823007872936365e-03         
2.750000000000000e-01         1.859979027703766e-03         
2.812500000000000e-01         1.896642616136631e-03         
2.875000000000000e-01         1.932998023341977e-03         
2.937500000000000e-01         1.969044896263850e-03         
3.000000000000000e-01         2.004783136242505e-03         
3.062500000000000e-01         2.040212891387297e-03         
3.125000000000000e-01         2.075334548788293e-03         
3.187500000000000e-01         2.110148726595346e-03         
3.250000000000000e-01         2.144656265999656e-03         
3.312500000000000e-01         2.178858223139653e-03         
3.375000000000000e-01         2.212755860957265e-03         
3.437500000000000e-01         2.246350641034395e-03         
3.500000000000000e-01         2.279644215425807e-03         
3.562500000000000e-01         2.312638418517092e-03         
3.625000000000000e-01         2.345335258922943e-03         
3.687500000000000e-01         2.377736911448269e-03         
3.750000000000000e-01         2.409845709127874e-03         
3.812500000000000e-01         2.441664135362870e-03         
3.875000000000000e-01         2.473194816166879e-03         
3.937500000000000e-01         2.504440512536684e-03         
4.000000000000000e-01         2.535404112961132e-03         
4.062500000000000e-01         2.566088626074673e-03         
4.125000000000000e-01         2.596497173472499e-03         
4.187500000000000e-01         2.626632982689112e-03         
4.250000000000000e-01         2.656499380353131e-03         
4.312500000000000e-01         2.686099785521092e-03         
4.375000000000000e-01         2.715437703198387e-03         
4.437500000000000e-01         2.744516718051168e-03         
4.500000000000000e-01         2.773340488311958e-03         
4.562500000000000e-01         2.801912739882426e-03         
4.625000000000000e-01         2.830237260636491e-03         
4.687500000000000e-01         2.858317894922324e-03         
4.750000000000000e-01         2.886158538267162e-03         
4.812500000000000e-01         2.913763132280911e-03         
4.875000000000000e-01         2.941135659762267e-03         
4.937500000000000e-01         2.968280140001793e-03         
5.000000000000000e-01         2.995200624284376e-03         
5.062500000000000e-01         3.021901191584861e-03         
5.125000000000001e-01         3.048385944457497e-03         
5.187500000000000e-01         3.074659005114806e-03         
5.250000000000000e-01         3.100724511692283e-03         
5.312500000000000e-01         3.126586614696536e-03         
5.375000000000000e-01         3.152249473632039e-03         
5.437500000000001e-01         3.177717253802865e-03         
5.500000000000000e-01         3.202994123285043e-03         
5.562500000000000e-01         3.228084250065773e-03         
5.625000000000000e-01         3.252991799344017e-03         
5.687500000000000e-01         3.277720930988241e-03         
5.750000000000001e-01         3.302275797147438e-03         
5.812500000000000e-01         3.326660540009441e-03         
5.875000000000000e-01         3.350879289702333e-03         
5.937500000000000e-01         3.374936162334285e-03         
6.000000000000001e-01         3.398835258167300e-03         
6.062500000000001e-01         3.422580659918605e-03         
6.125000000000000e-01         3.446176431187383e-03         
6.187500000000000e-01         3.469626614999817e-03         
6.250000000000000e-01         3.492935232469423e-03         
6.312500000000001e-01         3.516106281566864e-03         
6.375000000000001e-01         3.539143735996160e-03         
6.437500000000000e-01         3.562051544170986e-03         
6.500000000000000e-01         3.584833628289192e-03         
6.562500000000000e-01         3.607493883498398e-03         
6.625000000000001e-01         3.630036177151386e-03         
6.687500000000001e-01         3.652464348145017e-03         
6.750000000000000e-01         3.674782206339965e-03         
6.812500000000000e-01         3.696993532057402e-03         
6.875000000000000e-01         3.719102075648125e-03         
6.937500000000001e-01         3.741111557131392e-03         
7.000000000000001e-01         3.763025665899841e-03         
7.062500000000000e-01         3.784848060486231e-03         
7.125000000000000e-01         3.806582368390786e-03         
7.187500000000000e-01         3.828232185963024e-03         
7.250000000000001e-01         3.849801078338455e-03         
7.312500000000001e-01         3.871292579424075e-03         
7.375000000000000e-01         3.892710191932409e-03         
7.437500000000000e-01         3.914057387459677e-03         
7.500000000000000e-01         3.935337606606542e-03         
7.562500000000001e-01         3.956554259138141e-03         
7.625000000000001e-01         3.977710724182089e-03         
7.687500000000000e-01         3.998810350461268e-03         
7.750000000000000e-01         4.019856456559343e-03         
7.812500000000000e-01         4.040852331217960e-03         
7.875000000000001e-01         4.061801233661486e-03         
7.937500000000001e-01         4.082706393950654e-03         
8.000000000000000e-01         4.103571013359570e-03         
8.062500000000000e-01         4.124398264777866e-03         
8.125000000000000e-01         4.145191293133500e-03         
8.187500000000001e-01         4.165953215836831e-03         
8.250000000000001e-01         4.186687123243140e-03         
8.312500000000000e-01         4.207396079133414e-03         
8.375000000000000e-01         4.228083121210375e-03         
8.437500000000000e-01         4.248751261609842e-03         
8.500000000000001e-01         4.269403487426643e-03         
8.562500000000001e-01         4.290042761252659e-03         
8.625000000000000e-01         4.310672021725727e-03         
8.687500000000000e-01         4.331294184091660e-03         
8.750000000000000e-01         4.351912140773025e-03         
8.812500000000001e-01         4.372528761949315e-03         
8.875000000000001e-01         4.393146896143497e-03         
8.937500000000000e-01         4.413769370817081e-03         
9.000000000000000e-01         4.434398992971502e-03         
9.062500000000000e-01         4.455038549753970e-03         
9.125000000000001e-01         4.475690809071554e-03         
9.187500000000001e-01         4.496358520207230e-03         
9.250000000000000e-01         4.517044414441321e-03         
9.312500000000000e-01         4.537751205677214e-03         
9.375000000000000e-01         4.558481591068392e-03         
9.437500000000001e-01         4.579238251650293e-03         
9.500000000000001e-01         4.600023852972826e-03         
9.562500000000000e-01         4.620841045737141e-03         
9.625000000000000e-01         4.641692466430610e-03         
9.687500000000000e-01         4.662580737966996e-03         
9.750000000000001e-01         4.683508470324859e-03         
9.812500000000001e-01         4.704478261188397e-03         
9.875000000000000e-01         4.725492696587265e-03         
9.937500000000000e-01         4.746554351539555e-03         
1.000000000000000e+00         4.767665790691606e-03         
1.006250000000000e+00         4.788829568960372e-03         
1.012500000000000e+00         4.810048232174734e-03         
1.018750000000000e+00         4.831324317716700e-03         
1.025000000000000e+00         4.852660355162110e-03         
1.031250000000000e+00         4.874058866921025e-03         
1.037500000000000e+00         4.895522368878320e-03         
1.043750000000000e+00         4.917053371032584e-03         
1.050000000000000e+00         4.938654378135397e-03         
1.056250000000000e+00         4.960327890328960e-03         
1.062500000000000e+00         4.982076403784918e-03         
1.068750000000000e+00         5.003902411340421e-03         
1.075000000000000e+00         5.025808403135293e-03         
1.081250000000000e+00         5.047796867247892e-03         
1.087500000000000e+00         5.069870290329865e-03         
1.093750000000000e+00         5.092031158241941e-03         
1.100000000000000e+00         5.114281956687662e-03         
1.106250000000000e+00         5.136625171848191e-03         
1.112500000000000e+00         5.159063291015242e-03         
1.118750000000000e+00         5.181598803225568e-03         
1.125000000000000e+00         5.204234199893090e-03         
1.131250000000000e+00         5.226971975443656e-03         
1.137500000000000e+00         5.249814627947367e-03         
1.143750000000000e+00         5.272764659752823e-03         
1.150000000000000e+00         5.295824578120003e-03         
1.156250000000000e+00         5.318996895855887e-03         
1.162500000000000e+00         5.342284131947679e-03         
1.168750000000000e+00         5.365688812198646e-03         
1.175000000000000e+00         5.389213469864958e-03         
1.181250000000000e+00         5.412860646291330e-03         
1.187500000000000e+00         5.436632891550484e-03         
1.193750000000000e+00         5.460532765081260e-03         
1.200000000000000e+00         5.484562836329468e-03         
1.206250000000000e+00         5.508725685390558e-03         
1.212500000000000e+00         5.533023903652606e-03         
1.218750000000000e+00         5.557460094441821e-03         
1.225000000000000e+00         5.582036873671390e-03         
1.231250000000000e+00         5.606756870488722e-03         
1.237500000000000e+00         5.631622727929887e-03         
1.243750000000000e+00         5.656637103572506e-03         
1.250000000000000e+00         5.681802670192866e-03         
1.256250000000000e+00         5.707122116426607e-03         
1.262500000000000e+00         5.732598147431170e-03         
1.268750000000000e+00         5.758233485551508e-03         
1.275000000000000e+00         5.784030870990713e-03         
1.281250000000000e+00         5.809993062481597e-03         
1.287500000000000e+00         5.836122837964060e-03         
1.293750000000000e+00         5.862422995266360e-03         
1.300000000000000e+00         5.888896352788301e-03         
1.306250000000000e+00         5.915545750191833e-03         
1.312500000000000e+00         5.942374049093574e-03         
1.318750000000000e+00         5.969384133763771e-03         
1.325000000000000e+00         5.996578911828176e-03         
1.331250000000000e+00         6.023961314977548e-03         
1.337500000000000e+00         6.051534299680047e-03         
1.343750000000000e+00         6.079300847900066e-03         
1.350000000000000e+00         6.107263967822990e-03         
1.356250000000000e+00         6.135426694585444e-03         
1.362500000000000e+00         6.163792091011251e-03         
1.368750000000000e+00         6.192363248354068e-03         
1.375000000000000e+00         6.221143287046074e-03         
1.381250000000000e+00         6.250135357453552e-03         
1.387500000000000e+00         6.279342640639667e-03         
1.393750000000000e+00         6.308768349132460e-03         
1.400000000000000e+00         6.338415727702700e-03         
1.406250000000000e+00         6.368288054146696e-03         
1.412500000000000e+00         6.398388640077596e-03         
1.418750000000000e+00         6.428720831725586e-03         
1.425000000000000e+00         6.459288010743122e-03         
1.431250000000000e+00         6.490093595021435e-03         
1.437500000000000e+00         6.521141039513474e-03         
1.443750000000000e+00         6.552433837065782e-03         
1.450000000000000e+00         6.583975519259030e-03         
1.456250000000000e+00         6.615769657256716e-03         
1.462500000000000e+00         6.647819862664751e-03         
1.468750000000000e+00         6.680129788397869e-03         
1.475000000000000e+00         6.712703129556638e-03         
1.481250000000000e+00         6.745543624313868e-03         
1.487500000000000e+00         6.778655054810820e-03         
1.493750000000000e+00         6.812041248062026e-03         
1.500000000000000e+00         6.845706076871514e-03         
1.506250000000000e+00         6.879653460758307e-03         
1.512500000000000e+00         6.913887366892392e-03         
1.518750000000000e+00         6.948411811040062e-03         
1.525000000000000e+00         6.983230858521598e-03         
1.531250000000000e+00         7.018348625177523e-03         
1.537500000000000e+00         7.053769278347154e-03         
1.543750000000000e+00         7.089497037855432e-03         
1.550000000000000e+00         7.125536177013987e-03         
1.556250000000000e+00         7.161891023629761e-03         
1.562500000000000e+00         7.198565961026691e-03         
1.568750000000000e+00         7.235565429077261e-03         
1.575000000000000e+00         7.272893925245814e-03         
1.581250000000000e+00         7.310556005641765e-03         
1.587500000000000e+00         7.348556286084745e-03         
1.593750000000000e+00         7.386899443180576e-03         
1.600000000000000e+00         7.425590215407406e-03         
1.606250000000000e+00         7.464633404213245e-03         
1.612500000000000e+00         7.504033875125170e-03         
1.618750000000000e+00         7.543796558867053e-03         
1.625000000000000e+00         7.583926452489869e-03         
1.631250000000000e+00         7.624428620510603e-03         
1.637500000000000e+00         7.665308196063678e-03         
1.643750000000000e+00         7.706570382059608e-03         
1.650000000000000e+00         7.748220452355377e-03         
1.656250000000000e+00         7.790263752933737e-03         
1.662500000000000e+00         7.832705703091140e-03         
1.668750000000000e+00         7.875551796634930e-03         
1.675000000000000e+00         7.918807603089236e-03         
1.681250000000000e+00         7.962478768908732e-03         
1.687500000000000e+00         8.006571018698371e-03         
1.693750000000000e+00         8.051090156442578e-03         
1.700000000000000e+00         8.096042066739547e-03         
1.706250000000000e+00         8.141432716040582e-03         
1.712500000000000e+00         8.187268153896206e-03         
1.718750000000000e+00         8.233554514205087e-03         
1.725000000000000e+00         8.280298016467475e-03         
1.731250000000000e+00         8.327504967040671e-03         
1.737500000000000e+00         8.375181760396330e-03         
1.743750000000000e+00         8.423334880378153e-03         
1.750000000000000e+00         8.471970901460062e-03         
1.756250000000000e+00         8.521096490001176e-03         
1.762500000000000e+00         8.570718405499023e-03         
1.768750000000000e+00         8.620843501837517e-03         
1.775000000000000e+00         8.671478728529827e-03         
1.781250000000000e+00         8.722631131953124e-03         
1.787500000000000e+00         8.774307856573861e-03         
1.793750000000000e+00         8.826516146163303e-03         
1.800000000000000e+00         8.879263344997992e-03         
1.806250000000000e+00         8.932556899046797e-03         
1.812500000000000e+00         8.986404357139587e-03         
1.818750000000000e+00         9.040813372116112e-03         
1.825000000000000e+00         9.095791701952377e-03         
1.831250000000000e+00         9.151347210862535e-03         
1.837500000000000e+00         9.207487870371116e-03         
1.843750000000000e+00         9.264221760355266e-03         
1.850000000000000e+00         9.321557070052257e-03         
1.856250000000000e+00         9.379502099027354e-03         
1.862500000000000e+00         9.438065258102294e-03         
1.868750000000000e+00         9.497255070234545e-03         
1.875000000000000e+00         9.557080171349298e-03         
1.881250000000000e+00         9.617549311114510e-03         
1.887500000000000e+00         9.678671353657787e-03         
1.893750000000000e+00         9.740455278216636e-03         
1.900000000000000e+00         9.802910179721087e-03         
1.906250000000000e+00         9.866045269298096e-03         
1.912500000000000e+00         9.929869874693945e-03         
1.918750000000000e+00         9.994393440610653e-03         
1.925000000000000e+00         1.005962552894328e-02         
1.931250000000000e+00         1.012557581891684e-02         
1.937500000000000e+00         1.019225410711269e-02         
1.943750000000000e+00         1.025967030737509e-02         
1.950000000000000e+00         1.032783445059161e-02         
1.956250000000000e+00         1.039675668433743e-02         
1.962500000000000e+00         1.046644727237182e-02         
1.968750000000000e+00         1.053691659398100e-02         
1.975000000000000e+00         1.060817514315190e-02         
1.981250000000000e+00         1.068023352756914e-02         
1.987500000000000e+00         1.075310246742022e-02         
1.993750000000000e+00         1.082679279399906e-02         
2.000000000000000e+00         1.090131544809203e-02         
2.006250000000000e+00         1.097668147813411e-02         
2.012500000000000e+00         1.105290203811959e-02         
2.018750000000000e+00         1.112998838525140e-02         
2.025000000000000e+00         1.120795187731368e-02         
2.031250000000000e+00         1.128680396974841e-02         
2.037500000000000e+00         1.136655621241959e-02         
2.043750000000000e+00         1.144722024604462e-02         
2.050000000000000e+00         1.152880779827349e-02         
2.056250000000000e+00         1.161133067939385e-02         
2.062500000000000e+00         1.169480077763945e-02         
2.068750000000000e+00         1.177923005407979e-02         
2.075000000000000e+00         1.186463053706515e-02         
2.081250000000000e+00         1.195101431620159e-02         
2.087500000000000e+00         1.203839353582888e-02         
2.093750000000000e+00         1.212678038797388e-02         
2.100000000000000e+00         1.221618710474758e-02         
2.106250000000000e+00         1.230662595015767e-02         
2.112500000000000e+00         1.239810921130250e-02         
2.118750000000000e+00         1.249064918891188e-02         
2.125000000000000e+00         1.258425818720183e-02         
2.131250000000000e+00         1.267894850300452e-02         
2.137500000000000e+00         1.277473241413484e-02         
2.143750000000000e+00         1.287162216695593e-02         
2.150000000000000e+00         1.296962996309935e-02         
2.156250000000000e+00         1.306876794529773e-02         
2.162500000000000e+00         1.316904818228722e-02         
2.168750000000000e+00         1.327048265272857e-02         
2.175000000000000e+00         1.337308322810416e-02         
2.181250000000000e+00         1.347686165453719e-02         
2.187500000000000e+00         1.358182953348345e-02         
2.193750000000000e+00         1.368799830124379e-02         
2.200000000000000e+00         1.379537920723929e-02         
2.206250000000000e+00         1.390398329099769e-02         
2.212500000000000e+00         1.401382135779070e-02         
2.218750000000000e+00         1.412490395286445e-02         
2.225000000000000e+00         1.423724133420236e-02         
2.231250000000000e+00         1.435084344376270e-02         
2.237500000000000e+00         1.446571987712351e-02         
2.243750000000000e+00         1.458187985147740e-02         
2.250000000000000e+00         1.469933217190986e-02         
2.256250000000000e+00         1.481808519589910e-02         
2.262500000000000e+00         1.493814679597298e-02         
2.268750000000000e+00         1.505952432046057e-02         
2.275000000000000e+00         1.518222455227456e-02         
2.281250000000000e+00         1.530625366566481e-02         
2.287500000000000e+00         1.543161718088043e-02         
2.293750000000000e+00         1.555831991668468e-02         
2.300000000000000e+00         1.568636594066453e-02         
2.306250000000000e+00         1.581575851728464e-02         
2.312500000000000e+00         1.594650005363470e-02         
2.318750000000000e+00         1.607859204282825e-02         
2.325000000000000e+00         1.621203500501033e-02         
2.331250000000000e+00         1.634682842594594e-02         
2.337500000000000e+00         1.648297069315886e-02         
2.343750000000000e+00         1.662045902960579e-02         
2.350000000000000e+00         1.675928942487693e-02         
2.356250000000000e+00         1.689945656392513e-02         
2.362500000000000e+00         1.704095375333646e-02         
2.368750000000000e+00         1.718377284516995e-02         
2.375000000000000e+00         1.732790415840790e-02         
2.381250000000000e+00         1.747333639807357e-02         
2.387500000000000e+00         1.762005657209128e-02         
2.393750000000000e+00         1.776804990598368e-02         
2.400000000000000e+00         1.791729975552244e-02         
2.406250000000000e+00         1.806778751746825e-02         
2.412500000000000e+00         1.821949253856666e-02         
2.418750000000000e+00         1.837239202298814e-02         
2.425000000000000e+00         1.852646093843143e-02         
2.431250000000000e+00         1.868167192113898e-02         
2.437500000000000e+00         1.883799518011040e-02         
2.443750000000000e+00         1.899539840082471e-02         
2.450000000000000e+00         1.915384664883232e-02         
2.456250000000000e+00         1.931330227360213e-02         
2.462500000000000e+00         1.947372481305965e-02         
2.468750000000000e+00         1.963507089929229e-02         
2.475000000000000e+00         1.979729416592857e-02         
2.481250000000000e+00         1.996034515776603e-02         
2.487500000000000e+00         2.012417124324155e-02         
2.493750000000000e+00         2.028871653040154e-02         
2.500000000000000e+00         2.045392178706686e-02         
2.506250000000000e+00         2.061972436593229e-02         
2.512500000000000e+00         2.078605813538783e-02         
2.518750000000000e+00         2.095285341688800e-02         
2.525000000000000e+00         2.112003692973675e-02         
2.531250000000000e+00         2.128753174419328e-02         
2.537500000000000e+00         2.145525724383721e-02         
2.543750000000000e+00         2.162312909815913e-02         
2.550000000000000e+00         2.179105924636754e-02         
2.556250000000000e+00         2.195895589341803e-02         
2.562500000000000e+00         2.212672351928278e-02         
2.568750000000000e+00         2.229426290247498e-02         
2.575000000000000e+00         2.246147115883713e-02         
2.581250000000000e+00         2.262824179658434e-02         
2.587500000000000e+00         2.279446478855529e-02         
2.593750000000000e+00         2.296002666258900e-02         
2.600000000000000e+00         2.312481061088387e-02         
2.606250000000000e+00         2.328869661912342e-02         
2.612500000000000e+00         2.345156161606950e-02         
2.618750000000000e+00         2.361327964421989e-02         
2.625000000000000e+00         2.377372205201409e-02         
2.631250000000000e+00         2.393275770793069e-02         
2.637500000000000e+00         2.409025323667711e-02         
2.643750000000000e+00         2.424607327750748e-02         
2.650000000000000e+00         2.440008076452095e-02         
2.656250000000000e+00         2.455213722860604e-02         
2.662500000000000e+00         2.470210312048932e-02         
2.668750000000000e+00         2.484983815413272e-02         
2.675000000000000e+00         2.499520166949929e-02         
2.681250000000000e+00         2.513805301347800e-02         
2.687500000000000e+00         2.527825193753196e-02         
2.693750000000000e+00         2.541565901038729e-02         
2.700000000000000e+00         2.555013604387387e-02         
2.706250000000000e+00         2.568154652978024e-02         
2.712500000000000e+00         2.580975608539491e-02         
2.718750000000000e+00         2.593463290520234e-02         
2.725000000000000e+00         2.605604821601301e-02         
2.731250000000000e+00         2.617387673267009e-02         
2.737500000000000e+00         2.628799711132251e-02         
2.743750000000000e+00         2.639829239716994e-02         
2.750000000000000e+00         2.650465046350597e-02         
2.756250000000000e+00         2.660696443885028e-02         
2.762500000000000e+00         2.670513311897034e-02         
2.768750000000000e+00         2.679906136062098e-02         
2.775000000000000e+00         2.688866045392907e-02         
2.781250000000000e+00         2.697384847044394e-02         
2.787500000000000e+00         2.705455058406197e-02         
2.793750000000000e+00         2.713069936220445e-02         
2.800000000000000e+00         2.720223502487545e-02         
2.806250000000000e+00         2.726910566948686e-02         
2.812500000000000e+00         2.733126745962854e-02         
2.818750000000000e+00         2.738868477628790e-02         
2.825000000000000e+00         2.744133033035305e-02         
2.831250000000000e+00         2.748918523560524e-02         
2.837500000000000e+00         2.753223904175169e-02         
2.843750000000000e+00         2.757048972744330e-02         
2.850000000000000e+00         2.760394365356999e-02         
2.856250000000000e+00         2.763261547750613e-02         
2.862500000000000e+00         2.765652802931963e-02         
2.868750000000000e+00         2.767571215129651e-02         
2.875000000000000e+00         2.769020650244269e-02         
2.881250000000000e+00         2.770005732991007e-02         
2.887500000000000e+00         2.770531820955381e-02         
2.893750000000000e+00         2.770604975804764e-02         
2.900000000000000e+00         2.770231931916598e-02         
2.906250000000000e+00         2.769420062701187e-02         
2.912500000000000e+00         2.768177344906097e-02         
2.918750000000000e+00         2.766512321198514e-02         
2.925000000000000e+00         2.764434061325178e-02         
2.931250000000000e+00         2.761952122149954e-02         
2.937500000000000e+00         2.759076506866128e-02         
2.943750000000000e+00         2.755817623674454e-02         
2.950000000000000e+00         2.752186244208351e-02         
2.956250000000000e+00         2.748193461976703e-02         
2.962500000000000e+00         2.743850651079824e-02         
2.968750000000000e+00         2.739169425438776e-02         
2.975000000000000e+00         2.734161598760170e-02         
2.981250000000000e+00         2.728839145440370e-02         
2.987500000000000e+00         2.723214162592419e-02         
2.993750000000000e+00         2.717298833359322e-02         
3.000000000000000e+00         2.711105391656645e-02         
3.006250000000000e+00         2.704646088466270e-02         
3.012500000000000e+00         2.697933159783763e-02         
3.018750000000000e+00         2.690978796300860e-02         
3.025000000000000e+00         2.683795114886990e-02         
3.031250000000000e+00         2.676394131914171e-02         
3.037500000000000e+00         2.668787738453201e-02         
3.043750000000000e+00         2.660987677353498e-02         
3.050000000000000e+00         2.653005522203338e-02         
3.056250000000000e+00         2.644852658154356e-02         
3.062500000000000e+00         2.636540264582392e-02         
3.068750000000000e+00         2.628079299545066e-02         
3.075000000000000e+00         2.619480485988355e-02         
3.081250000000000e+00         2.610754299644997e-02         
3.087500000000000e+00         2.601910958561963e-02         
3.093750000000000e+00         2.592960414187554e-02         
3.100000000000000e+00         2.583912343944952e-02         
3.106250000000000e+00         2.574776145215250e-02         
3.112500000000000e+00         2.565560930650443e-02         
3.118750000000000e+00         2.556275524735782e-02         
3.125000000000000e+00         2.546928461519769e-02         
3.131250000000000e+00         2.537527983430293e-02         
3.137500000000000e+00         2.528082041095814e-02         
3.143750000000000e+00         2.518598294092458e-02         
3.150000000000000e+00         2.509084112538582e-02         
3.156250000000000e+00         2.499546579461625e-02         
3.162500000000000e+00         2.489992493863687e-02         
3.168750000000000e+00         2.480428374415754e-02         
3.175000000000000e+00         2.470860463713163e-02         
3.181250000000000e+00         2.461294733028077e-02         
3.187500000000000e+00         2.451736887498442e-02         
3.193750000000000e+00         2.442192371695909e-02         
3.200000000000000e+00         2.432666375518807e-02         
3.206250000000000e+00         2.423163840359775e-02         
3.212500000000000e+00         2.413689465501016e-02         
3.218750000000000e+00         2.404247714693401e-02         
3.225000000000000e+00         2.394842822879225e-02         
3.231250000000000e+00         2.385478803021268e-02         
3.237500000000000e+00         2.376159453004260e-02         
3.243750000000000e+00         2.366888362577519e-02         
3.250000000000000e+00         2.357668920310461e-02         
3.256250000000000e+00         2.348504320535641e-02         
3.262500000000000e+00         2.339397570256129e-02         
3.268750000000000e+00         2.330351495996633e-02         
3.275000000000000e+00         2.321368750580325e-02         
3.281250000000000e+00         2.312451819814908e-02         
3.287500000000000e+00         2.303603029073966e-02         
3.293750000000000e+00         2.294824549761166e-02         
3.300000000000000e+00         2.286118405646784e-02         
3.306250000000000e+00         2.277486479067592e-02         
3.312500000000000e+00         2.268930516982357e-02         
3.318750000000000e+00         2.260452136877038e-02         
3.325000000000000e+00         2.252052832514502e-02         
3.331250000000000e+00         2.243733979524954e-02         
3.337500000000000e+00         2.235496840834312e-02         
3.343750000000000e+00         2.227342571928507e-02         
3.350000000000000e+00         2.219272225952615e-02         
3.356250000000000e+00         2.211286758644638e-02         
3.362500000000000e+00         2.203387033104017e-02         
3.368750000000000e+00         2.195573824395862e-02         
3.375000000000000e+00         2.187847823992449e-02         
3.381250000000000e+00         2.180209644053651e-02         
3.387500000000000e+00         2.172659821548696e-02         
3.393750000000000e+00         2.165198822221862e-02         
3.400000000000000e+00         2.157827044405002e-02         
3.406250000000000e+00         2.150544822680107e-02         
3.412500000000000e+00         2.143352431395194e-02         
3.418750000000000e+00         2.136250088037081e-02         
3.425000000000000e+00         2.129237956464944e-02         
3.431250000000000e+00         2.122316150008045e-02         
3.437500000000000e+00         2.115484734431875e-02         
3.443750000000000e+00         2.108743730776460e-02         
3.450000000000000e+00         2.102093118070754e-02         
3.456250000000000e+00         2.095532835927271e-02         
3.462500000000000e+00         2.089062787020738e-02         
3.468750000000000e+00         2.082682839454757e-02         
3.475000000000000e+00         2.076392829020582e-02         
3.481250000000000e+00         2.070192561351565e-02         
3.487500000000000e+00         2.064081813977378e-02         
3.493750000000000e+00         2.058060338281588e-02         
3.500000000000000e+00         2.052127861366417e-02         
3.506250000000000e+00         2.046284087828110e-02         
3.512500000000000e+00         2.040528701446655e-02         
3.518750000000000e+00         2.034861366793121e-02         
3.525000000000000e+00         2.029281730758084e-02         
3.531250000000000e+00         2.023789424004365e-02         
3.537500000000000e+00         2.018384062347147e-02         
3.543750000000000e+00         2.013065248064804e-02         
3.550000000000000e+00         2.007832571143131e-02         
3.556250000000000e+00         2.002685610455994e-02         
3.562500000000000e+00         1.997623934885275e-02         
3.568750000000000e+00         1.992647104382591e-02         
3.575000000000000e+00         1.987754670975523e-02         
3.581250000000000e+00         1.982946179720927e-02         
3.587500000000000e+00         1.978221169607456e-02         
3.593750000000000e+00         1.973579174410051e-02         
3.600000000000000e+00         1.969019723498174e-02         
3.606250000000000e+00         1.964542342600243e-02         
3.612500000000000e+00         1.960146554526246e-02         
3.618750000000000e+00         1.955831879850452e-02         
3.625000000000000e+00         1.951597837556204e-02         
3.631250000000000e+00         1.947443945644580e-02         
3.637500000000000e+00         1.943369721708680e-02         
3.643750000000000e+00         1.939374683475186e-02         
3.650000000000000e+00         1.935458349314821e-02         
3.656250000000000e+00         1.931620238723245e-02         
3.662500000000000e+00         1.927859872773901e-02         
3.668750000000000e+00         1.924176774544032e-02         
3.675000000000000e+00         1.920570469515528e-02         
3.681250000000000e+00         1.917040485951579e-02         
3.687500000000000e+00         1.913586355250520e-02         
3.693750000000000e+00         1.910207612277995e-02         
3.700000000000000e+00         1.906903795678622e-02         
3.706250000000000e+00         1.903674448168128e-02         
3.712500000000000e+00         1.900519116807060e-02         
3.718750000000000e+00         1.897437353256966e-02         
3.725000000000000e+00         1.894428714020054e-02         
3.731250000000000e+00         1.891492760663166e-02         
3.737500000000000e+00         1.888629060026879e-02         
3.743750000000000e+00         1.885837184420688e-02         
3.750000000000000e+00         1.883116711804850e-02         
3.756250000000000e+00         1.880467225959612e-02         
3.762500000000000e+00         1.877888316642806e-02         
3.768750000000000e+00         1.875379579736117e-02         
3.775000000000000e+00         1.872940617380911e-02         
3.781250000000000e+00         1.870571038103994e-02         
3.787500000000000e+00         1.868270456934159e-02         
3.793750000000000e+00         1.866038495509749e-02         
3.800000000000000e+00         1.863874782178110e-02         
3.806250000000000e+00         1.861778952086995e-02         
3.812500000000000e+00         1.859750647268839e-02         
3.818750000000000e+00         1.857789516718001e-02         
3.825000000000000e+00         1.855895216461589e-02         
3.831250000000000e+00         1.854067409624212e-02         
3.837500000000000e+00         1.852305766486982e-02         
3.843750000000000e+00         1.850609964541338e-02         
3.850000000000000e+00         1.848979688537725e-02         
3.856250000000000e+00         1.847414630529675e-02         
3.862500000000000e+00         1.845914489913723e-02         
3.868750000000000e+00         1.844478973464959e-02         
3.875000000000000e+00         1.843107795369233e-02         
3.881250000000000e+00         1.841800677251427e-02         
3.887500000000000e+00         1.840557348200915e-02         
3.893750000000000e+00         1.839377544793730e-02         
3.900000000000000e+00         1.838261011112192e-02         
3.906250000000000e+00         1.837207498761786e-02         
3.912500000000000e+00         1.836216766885928e-02         
3.918750000000000e+00         1.835288582178457e-02         
3.925000000000000e+00         1.834422718894194e-02         
3.931250000000000e+00         1.833618958857817e-02         
3.937500000000000e+00         1.832877091470991e-02         
3.943750000000000e+00         1.832196913718228e-02         
3.950000000000000e+00         1.831578230171343e-02         
3.956250000000000e+00         1.831020852992783e-02         
3.962500000000000e+00         1.830524601938038e-02         
3.968750000000000e+00         1.830089304357023e-02         
3.975000000000000e+00         1.829714795194892e-02         
3.981250000000000e+00         1.829400916992003e-02         
3.987500000000000e+00         1.829147519883579e-02         
3.993750000000000e+00         1.828954461598815e-02         
4.000000000000000e+00         1.828821607459689e-02         
4.006250000000001e+00         1.828748830379548e-02         
4.012500000000000e+00         1.828736010861670e-02         
4.018750000000000e+00         1.828783036997525e-02         
4.025000000000000e+00         1.828889804465433e-02         
4.031250000000000e+00         1.829056216528944e-02         
4.037500000000001e+00         1.829282184035703e-02         
4.043750000000000e+00         1.829567625416451e-02         
4.050000000000000e+00         1.829912466684301e-02         
4.056250000000000e+00         1.830316641434484e-02         
4.062500000000000e+00         1.830780090844511e-02         
4.068750000000001e+00         1.831302763674787e-02         
4.075000000000000e+00         1.831884616269840e-02         
4.081250000000000e+00         1.832525612560153e-02         
4.087500000000000e+00         1.833225724064548e-02         
4.093750000000000e+00         1.833984929893347e-02         
4.100000000000001e+00         1.834803216752349e-02         
4.106250000000000e+00         1.835680578947362e-02         
4.112500000000000e+00         1.836617018389809e-02         
4.118750000000000e+00         1.837612544603050e-02         
4.125000000000000e+00         1.838667174729573e-02         
4.131250000000001e+00         1.839780933539134e-02         
4.137500000000000e+00         1.840953853437973e-02         
4.143750000000000e+00         1.842185974478854e-02         
4.150000000000000e+00         1.843477344372184e-02         
4.156250000000000e+00         1.844828018498147e-02         
4.162500000000001e+00         1.846238059920008e-02         
4.168750000000000e+00         1.847707539398345e-02         
4.175000000000000e+00         1.849236535406530e-02         
4.181250000000000e+00         1.850825134147271e-02         
4.187500000000000e+00         1.852473429570342e-02         
4.193750000000001e+00         1.854181523391479e-02         
4.200000000000000e+00         1.855949525112484e-02         
4.206250000000000e+00         1.857777552042462e-02         
4.212500000000000e+00         1.859665729320486e-02         
4.218750000000000e+00         1.861614189939179e-02         
4.225000000000001e+00         1.863623074769904e-02         
4.231250000000000e+00         1.865692532588942e-02         
4.237500000000000e+00         1.867822720105156e-02         
4.243750000000000e+00         1.870013801988782e-02         
4.250000000000000e+00         1.872265950901657e-02         
4.256250000000001e+00         1.874579347528662e-02         
4.262500000000000e+00         1.876954180610594e-02         
4.268750000000000e+00         1.879390646978215e-02         
4.275000000000000e+00         1.881888951587799e-02         
4.281250000000000e+00         1.884449307557892e-02         
4.287500000000001e+00         1.887071936207549e-02         
4.293750000000000e+00         1.889757067095802e-02         
4.300000000000000e+00         1.892504938062547e-02         
4.306250000000000e+00         1.895315795270812e-02         
4.312500000000000e+00         1.898189893250319e-02         
4.318750000000001e+00         1.901127494942494e-02         
4.325000000000000e+00         1.904128871746778e-02         
4.331250000000000e+00         1.907194303568329e-02         
4.337500000000000e+00         1.910324078867045e-02         
4.343750000000000e+00         1.913518494708033e-02         
4.350000000000001e+00         1.916777856813370e-02         
4.356250000000000e+00         1.920102479615179e-02         
4.362500000000000e+00         1.923492686310176e-02         
4.368750000000000e+00         1.926948808915385e-02         
4.375000000000000e+00         1.930471188325374e-02         
4.381250000000001e+00         1.934060174370596e-02         
4.387500000000000e+00         1.937716125877307e-02         
4.393750000000000e+00         1.941439410728450e-02         
4.400000000000000e+00         1.945230405926129e-02         
4.406250000000000e+00         1.949089497655195e-02         
4.412500000000001e+00         1.953017081348081e-02         
4.418750000000000e+00         1.957013561750924e-02         
4.425000000000000e+00         1.961079352990881e-02         
4.431250000000000e+00         1.965214878644602e-02         
4.437500000000000e+00         1.969420571807941e-02         
4.443750000000001e+00         1.973696875166750e-02         
4.450000000000000e+00         1.978044241068773e-02         
4.456250000000000e+00         1.982463131596694e-02         
4.462500000000000e+00         1.986954018642170e-02         
4.468750000000000e+00         1.991517383980873e-02         
4.475000000000001e+00         1.996153719348609e-02         
4.481250000000000e+00         2.000863526518193e-02         
4.487500000000000e+00         2.005647317377425e-02         
4.493750000000000e+00         2.010505614007742e-02         
4.500000000000000e+00         2.015438948763742e-02         
4.506250000000001e+00         2.020447864353439e-02         
4.512500000000000e+00         2.025532913919208e-02         
4.518750000000000e+00         2.030694661119349e-02         
4.525000000000000e+00         2.035933680210196e-02         
4.531250000000000e+00         2.041250556128719e-02         
4.537500000000001e+00         2.046645884575609e-02         
4.543750000000000e+00         2.052120272098564e-02         
4.550000000000000e+00         2.057674336175983e-02         
4.556250000000000e+00         2.063308705300709e-02         
4.562500000000000e+00         2.069024019063986e-02         
4.568750000000001e+00         2.074820928239181e-02         
4.575000000000000e+00         2.080700094865600e-02         
4.581250000000000e+00         2.086662192331910e-02         
4.587500000000000e+00         2.092707905459295e-02         
4.593750000000000e+00         2.098837930584110e-02         
4.600000000000001e+00         2.105052975639832e-02         
4.606250000000000e+00         2.111353760238428e-02         
4.612500000000000e+00         2.117741015750640e-02         
4.618750000000000e+00         2.124215485385367e-02         
4.625000000000000e+00         2.130777924267722e-02         
4.631250000000001e+00         2.137429099515735e-02         
4.637500000000000e+00         2.144169790315485e-02         
4.643750000000000e+00         2.151000787994417e-02         
4.650000000000000e+00         2.157922896092707e-02         
4.656250000000000e+00         2.164936930432482e-02         
4.662500000000001e+00         2.172043719184471e-02         
4.668750000000000e+00         2.179244102932171e-02         
4.675000000000000e+00         2.186538934732975e-02         
4.681250000000000e+00         2.193929080176139e-02         
4.687500000000000e+00         2.201415417437336e-02         
4.693750000000001e+00         2.208998837329351e-02         
4.700000000000000e+00         2.216680243348812e-02         
4.706250000000000e+00         2.224460551718421e-02         
4.712500000000000e+00         2.232340691424492e-02         
4.718750000000000e+00         2.240321604249368e-02         
4.725000000000001e+00         2.248404244798341e-02         
4.731250000000000e+00         2.256589580520644e-02         
4.737500000000000e+00         2.264878591724155e-02         
4.743750000000000e+00         2.273272271583337e-02         
4.750000000000000e+00         2.281771626139905e-02         
4.756250000000001e+00         2.290377674295803e-02         
4.762500000000000e+00         2.299091447797932e-02         
4.768750000000000e+00         2.307913991214076e-02         
4.775000000000000e+00         2.316846361899469e-02         
4.781250000000000e+00         2.325889629953459e-02         
4.787500000000001e+00         2.335044878165489e-02         
4.793750000000000e+00         2.344313201950016e-02         
4.800000000000001e+00         2.353695709269261e-02         
4.806250000000000e+00         2.363193520543536e-02         
4.812500000000000e+00         2.372807768547995e-02         
4.818750000000001e+00         2.382539598295241e-02         
4.825000000000000e+00         2.392390166902977e-02         
4.831250000000001e+00         2.402360643445503e-02         
4.837500000000000e+00         2.412452208788646e-02         
4.843750000000000e+00         2.422666055406716e-02         
4.850000000000001e+00         2.433003387180785e-02         
4.856250000000000e+00         2.443465419177010e-02         
4.862500000000001e+00         2.454053377404099e-02         
4.868750000000000e+00         2.464768498548697e-02         
4.875000000000000e+00         2.475612029687344e-02         
4.881250000000001e+00         2.486585227974026e-02         
4.887500000000000e+00         2.497689360301851e-02         
4.893750000000001e+00         2.508925702937384e-02         
4.900000000000000e+00         2.520295541126393e-02         
4.906250000000000e+00         2.531800168669453e-02         
4.912500000000001e+00         2.543440887465718e-02         
4.918750000000000e+00         2.555219007023538e-02         
4.925000000000001e+00         2.567135843935760e-02         
4.931250000000000e+00         2.579192721318526e-02         
4.937500000000000e+00         2.591390968211064e-02         
4.943750000000001e+00         2.603731918935233e-02         
4.950000000000000e+00         2.616216912412296e-02         
4.956250000000001e+00         2.628847291435005e-02         
4.962500000000000e+00         2.641624401893072e-02         
4.968750000000000e+00         2.654549591949328e-02         
4.975000000000001e+00         2.667624211164710e-02         
4.981250000000000e+00         2.680849609569206e-02         
4.987500000000001e+00         2.694227136676655e-02         
4.993750000000000e+00         2.707758140440468e-02         
5.000000000000000e+00         2.721443966147790e-02         
5.006250000000001e+00         2.735285955249091e-02         
5.012500000000000e+00         2.749285444120657e-02         
5.018750000000001e+00         2.763443762756350e-02         
5.025000000000000e+00         2.777762233386348e-02         
5.031250000000000e+00         2.792242169019018e-02         
5.037500000000001e+00         2.806884871902825e-02         
5.043750000000000e+00         2.821691631905194e-02         
5.050000000000001e+00         2.836663724804196e-02         
5.056250000000000e+00         2.851802410490151e-02         
5.062500000000000e+00         2.867108931072933e-02         
5.068750000000001e+00         2.882584508891496e-02         
5.075000000000000e+00         2.898230344421578e-02         
5.081250000000001e+00         2.914047614077733e-02         
5.087500000000000e+00         2.930037467905606e-02         
5.093750000000000e+00         2.946201027160224e-02         
5.100000000000001e+00         2.962539381766209e-02         
5.106250000000000e+00         2.979053587655714e-02         
5.112500000000001e+00         2.995744663979540e-02         
5.118750000000000e+00         3.012613590187138e-02         
5.125000000000000e+00         3.029661302971275e-02         
5.131250000000001e+00         3.046888693072588e-02         
5.137500000000000e+00         3.064296601939750e-02         
5.143750000000001e+00         3.081885818240915e-02         
5.150000000000000e+00         3.099657074221754e-02         
5.156250000000000e+00         3.117611041905686e-02         
5.162500000000001e+00         3.135748329132344e-02         
5.168750000000000e+00         3.154069475429425e-02         
5.175000000000001e+00         3.172574947714376e-02         
5.181250000000000e+00         3.191265135821392e-02         
5.187500000000000e+00         3.210140347850095e-02         
5.193750000000001e+00         3.229200805332406e-02         
5.200000000000000e+00         3.248446638213807e-02         
5.206250000000001e+00         3.267877879646136e-02         
5.212500000000000e+00         3.287494460588977e-02         
5.218750000000000e+00         3.307296204217228e-02         
5.225000000000001e+00         3.327282820132681e-02         
5.231250000000000e+00         3.347453898378185e-02         
5.237500000000001e+00         3.367808903253158e-02         
5.243750000000000e+00         3.388347166930110e-02         
5.250000000000000e+00         3.409067882872221e-02         
5.256250000000001e+00         3.429970099052940e-02         
5.262500000000000e+00         3.451052710979233e-02         
5.268750000000001e+00         3.472314454521012e-02         
5.275000000000000e+00         3.493753898550345e-02         
5.281250000000000e+00         3.515369437394737e-02         
5.287500000000001e+00         3.537159283110475e-02         
5.293750000000000e+00         3.559121457582562e-02         
5.300000000000001e+00         3.581253784459674e-02         
5.306250000000000e+00         3.603553880933617e-02         
5.312500000000000e+00         3.626019149374544e-02         
5.318750000000001e+00         3.648646768834472e-02         
5.325000000000000e+00         3.671433686433784e-02         
5.331250000000001e+00         3.694376608647051e-02         
5.337500000000000e+00         3.717471992506213e-02         
5.343750000000000e+00         3.740716036741789e-02         
5.350000000000001e+00         3.764104672884482e-02         
5.356250000000000e+00         3.787633556351940e-02         
5.362500000000001e+00         3.811298057548018e-02         
5.368750000000000e+00         3.835093253004059e-02         
5.375000000000000e+00         3.859013916594371e-02         
5.381250000000001e+00         3.883054510861283e-02         
5.387500000000000e+00         3.907209178486652e-02         
5.393750000000001e+00         3.931471733950902e-02         
5.400000000000000e+00         3.955835655422382e-02         
5.406250000000000e+00         3.980294076923605e-02         
5.412500000000001e+00         4.004839780823013e-02         
5.418750000000000e+00         4.029465190704228e-02         
5.425000000000001e+00         4.054162364667795e-02         
5.431250000000000e+00         4.078922989122460e-02         
5.437500000000000e+00         4.103738373126502e-02         
5.443750000000001e+00         4.128599443341761e-02         
5.450000000000000e+00         4.153496739665528e-02         
5.456250000000001e+00         4.178420411607494e-02         
5.462500000000000e+00         4.203360215481548e-02         
5.468750000000000e+00         4.228305512482700e-02         
5.475000000000001e+00         4.253245267722288e-02         
5.481250000000000e+00         4.278168050294218e-02         
5.487500000000001e+00         4.303062034446514e-02         
5.493750000000000e+00         4.327915001931931e-02         
5.500000000000000e+00         4.352714345611407e-02         
5.506250000000001e+00         4.377447074382573e-02         
5.512500000000000e+00         4.402099819504534e-02         
5.518750000000001e+00         4.426658842387036e-02         
5.525000000000000e+00         4.451110043909893e-02         
5.531250000000000e+00         4.475438975333951e-02         
5.537500000000001e+00         4.499630850860793e-02         
5.543750000000000e+00         4.523670561892525e-02         
5.550000000000001e+00         4.547542693036919e-02         
5.556250000000000e+00         4.571231539895604e-02         
5.562500000000000e+00         4.594721128665313e-02         
5.568750000000001e+00         4.617995237572647e-02         
5.575000000000000e+00         4.641037420153153e-02         
5.581250000000001e+00         4.663831030374944e-02         
5.587500000000000e+00         4.686359249594598e-02         
5.593750000000000e+00         4.708605115322120e-02         
5.600000000000001e+00         4.730551551756863e-02         
5.606250000000000e+00         4.752181402044284e-02         
5.612500000000001e+00         4.773477462187800e-02         
5.618750000000000e+00         4.794422516536212e-02         
5.625000000000000e+00         4.814999374751559e-02         
5.631250000000001e+00         4.835190910147821e-02         
5.637500000000000e+00         4.854980099274960e-02         
5.643750000000001e+00         4.874350062608667e-02         
5.650000000000000e+00         4.893284106191083e-02         
5.656250000000000e+00         4.911765764053699e-02         
5.662500000000001e+00         4.929778841241071e-02         
5.668750000000000e+00         4.947307457240528e-02         
5.675000000000001e+00         4.964336089612656e-02         
5.681250000000000e+00         4.980849617607343e-02         
5.687500000000000e+00         4.996833365540997e-02         
5.693750000000001e+00         5.012273145705053e-02         
5.700000000000000e+00         5.027155300569738e-02         
5.706250000000001e+00         5.041466744045206e-02         
5.712500000000000e+00         5.055195001560038e-02         
5.718750000000000e+00         5.068328248720055e-02         
5.725000000000001e+00         5.080855348312524e-02         
5.731250000000000e+00         5.092765885427244e-02         
5.737500000000001e+00         5.104050200474747e-02         
5.743750000000000e+00         5.114699419891140e-02         
5.750000000000000e+00         5.124705484332572e-02         
5.756250000000001e+00         5.134061174176942e-02         
5.762500000000000e+00         5.142760132166745e-02         
5.768750000000001e+00         5.150796883045983e-02         
5.775000000000000e+00         5.158166850063727e-02         
5.781250000000000e+00         5.164866368238807e-02         
5.787500000000001e+00         5.170892694302703e-02         
5.793750000000000e+00         5.176244013261130e-02         
5.800000000000001e+00         5.180919441539197e-02         
5.806250000000000e+00         5.184919026699572e-02         
5.812500000000000e+00         5.188243743747584e-02         
5.818750000000001e+00         5.190895488061643e-02         
5.825000000000000e+00         5.192877065010898e-02         
5.831250000000001e+00         5.194192176345841e-02         
5.837500000000000e+00         5.194845403468270e-02         
5.843750000000000e+00         5.194842187708924e-02         
5.850000000000001e+00         5.194188807759496e-02         
5.856250000000000e+00         5.192892354423222e-02         
5.862500000000001e+00         5.190960702863918e-02         
5.868750000000000e+00         5.188402482546791e-02         
5.875000000000000e+00         5.185227045075930e-02         
5.881250000000001e+00         5.181444430141774e-02         
5.887500000000000e+00         5.177065329800488e-02         
5.893750000000001e+00         5.172101051310069e-02         
5.900000000000000e+00         5.166563478752137e-02         
5.906250000000000e+00         5.160465033667971e-02         
5.912500000000001e+00         5.153818634936381e-02         
5.918750000000000e+00         5.146637658116834e-02         
5.925000000000001e+00         5.138935894477062e-02         
5.931250000000000e+00         5.130727509916019e-02         
5.937500000000000e+00         5.122027003986145e-02         
5.943750000000001e+00         5.112849169207985e-02         
5.950000000000000e+00         5.103209050859845e-02         
5.956250000000001e+00         5.093121907413636e-02         
5.962500000000000e+00         5.082603171774476e-02         
5.968750000000000e+00         5.071668413469538e-02         
5.975000000000001e+00         5.060333301917344e-02         
5.981250000000000e+00         5.048613570894729e-02         
5.987500000000001e+00         5.036524984305392e-02         
5.993750000000000e+00         5.024083303339315e-02         
6.000000000000000e+00         5.011304255098873e-02         
6.006250000000001e+00         4.998203502754561e-02         
6.012500000000000e+00         4.984796617279039e-02         
6.018750000000001e+00         4.971099050797428e-02         
6.025000000000000e+00         4.957126111578215e-02         
6.031250000000000e+00         4.942892940679217e-02         
6.037500000000001e+00         4.928414490251866e-02         
6.043750000000000e+00         4.913705503497835e-02         
6.050000000000001e+00         4.898780496262398e-02         
6.056250000000000e+00         4.883653740241779e-02         
6.062500000000000e+00         4.868339247773501e-02         
6.068750000000001e+00         4.852850758172580e-02         
6.075000000000000e+00         4.837201725570990e-02         
6.081250000000001e+00         4.821405308212329e-02         
6.087500000000000e+00         4.805474359149532e-02         
6.093750000000000e+00         4.789421418290453e-02         
6.100000000000001e+00         4.773258705732500e-02         
6.106250000000000e+00         4.756998116325810e-02         
6.112500000000001e+00         4.740651215403098e-02         
6.118750000000000e+00         4.724229235612219e-02         
6.125000000000000e+00         4.707743074788352e-02         
6.131250000000001e+00         4.691203294801359e-02         
6.137500000000000e+00         4.674620121314864e-02         
6.143750000000001e+00         4.658003444394374e-02         
6.150000000000000e+00         4.641362819901947e-02         
6.156250000000000e+00         4.624707471617751e-02         
6.162500000000001e+00         4.608046294028445e-02         
6.168750000000000e+00         4.591387855725844e-02         
6.175000000000001e+00         4.574740403360440e-02         
6.181250000000000e+00         4.558111866096272e-02         
6.187500000000000e+00         4.541509860516409e-02         
6.193750000000001e+00         4.524941695930186e-02         
6.200000000000000e+00         4.508414380035813e-02         
6.206250000000001e+00         4.491934624894350e-02         
6.212500000000000e+00         4.475508853173536e-02         
6.218750000000000e+00         4.459143204622215e-02         
6.225000000000001e+00         4.442843542738360e-02         
6.231250000000000e+00         4.426615461596626e-02         
6.237500000000001e+00         4.410464292803044e-02         
6.243750000000000e+00         4.394395112546607e-02         
6.250000000000000e+00         4.378412748720931e-02         
6.256250000000001e+00         4.362521788089312e-02         
6.262500000000000e+00         4.346726583470506e-02         
6.268750000000001e+00         4.331031260922996e-02         
6.275000000000000e+00         4.315439726908445e-02         
6.281250000000000e+00         4.299955675416121e-02         
6.287500000000001e+00         4.284582595032211e-02         
6.293750000000000e+00         4.269323775939211e-02         
6.300000000000001e+00         4.254182316832696e-02         
6.306250000000000e+00         4.239161131742946e-02         
6.312500000000000e+00         4.224262956752256e-02         
6.318750000000001e+00         4.209490356597833e-02         
6.325000000000000e+00         4.194845731152813e-02         
6.331250000000001e+00         4.180331321778774e-02         
6.337500000000000e+00         4.165949217543668e-02         
6.343750000000000e+00         4.151701361300352e-02         
6.350000000000001e+00         4.137589555621999e-02         
6.356250000000000e+00         4.123615468591029e-02         
6.362500000000001e+00         4.109780639439170e-02         
6.368750000000000e+00         4.096086484036970e-02         
6.375000000000000e+00         4.082534300231735e-02         
6.381250000000001e+00         4.069125273032981e-02         
6.387500000000000e+00         4.055860479645814e-02         
6.393750000000001e+00         4.042740894352345e-02         
6.400000000000000e+00         4.029767393242051e-02         
6.406250000000000e+00         4.016940758792246e-02         
6.412500000000001e+00         4.004261684300361e-02         
6.418750000000000e+00         3.991730778169678e-02         
6.425000000000001e+00         3.979348568050505e-02         
6.431250000000000e+00         3.967115504839481e-02         
6.437500000000000e+00         3.955031966539152e-02         
6.443750000000001e+00         3.943098261980701e-02         
6.450000000000000e+00         3.931314634412339e-02         
6.456250000000001e+00         3.919681264956968e-02         
6.462500000000000e+00         3.908198275941203e-02         
6.468750000000000e+00         3.896865734099644e-02         
6.475000000000001e+00         3.885683653657360e-02         
6.481250000000000e+00         3.874651999293405e-02         
6.487500000000001e+00         3.863770688989263e-02         
6.493750000000000e+00         3.853039596764981e-02         
6.500000000000000e+00         3.842458555306482e-02         
6.506250000000001e+00         3.832027358487232e-02         
6.512500000000000e+00         3.821745763787562e-02         
6.518750000000001e+00         3.811613494614892e-02         
6.525000000000000e+00         3.801630242527856e-02         
6.531250000000000e+00         3.791795669367719e-02         
6.537500000000001e+00         3.782109409300177e-02         
6.543750000000000e+00         3.772571070770137e-02         
6.550000000000001e+00         3.763180238373358e-02         
6.556250000000000e+00         3.753936474646927e-02         
6.562500000000000e+00         3.744839321782154e-02         
6.568750000000001e+00         3.735888303262350e-02         
6.575000000000000e+00         3.727082925428397e-02         
6.581250000000001e+00         3.718422678974813e-02         
6.587500000000000e+00         3.709907040378575e-02         
6.593750000000000e+00         3.701535473263894e-02         
6.600000000000001e+00         3.693307429704924e-02         
6.606250000000000e+00         3.685222351468774e-02         
6.612500000000001e+00         3.677279671201553e-02         
6.618750000000000e+00         3.669478813559496e-02         
6.625000000000000e+00         3.661819196287255e-02         
6.631250000000001e+00         3.654300231245628e-02         
6.637500000000000e+00         3.646921325390824e-02         
6.643750000000001e+00         3.639681881707157e-02         
6.650000000000000e+00         3.632581300095122e-02         
6.656250000000000e+00         3.625618978216662e-02         
6.662500000000001e+00         3.618794312299760e-02         
6.668750000000000e+00         3.612106697903402e-02         
6.675000000000001e+00         3.605555530645384e-02         
6.681250000000000e+00         3.599140206893902e-02         
6.687500000000000e+00         3.592860124425040e-02         
6.693750000000001e+00         3.586714683047115e-02         
6.700000000000000e+00         3.580703285193877e-02         
6.706250000000001e+00         3.574825336487414e-02         
6.712500000000000e+00         3.569080246272528e-02         
6.718750000000000e+00         3.563467428123598e-02         
6.725000000000001e+00         3.557986300325349e-02         
6.731250000000000e+00         3.552636286328470e-02         
6.737500000000001e+00         3.547416815181604e-02         
6.743750000000000e+00         3.542327321940328e-02         
6.750000000000000e+00         3.537367248054689e-02         
6.756250000000001e+00         3.532536041735760e-02         
6.762500000000000e+00         3.527833158302735e-02         
6.768750000000001e+00         3.523258060511034e-02         
6.775000000000000e+00         3.518810218862598e-02         
6.781250000000000e+00         3.514489111899044e-02         
6.787500000000001e+00         3.510294226478786e-02         
6.793750000000000e+00         3.506225058038403e-02         
6.800000000000001e+00         3.502281110839588e-02         
6.806250000000000e+00         3.498461898201969e-02         
6.812500000000000e+00         3.494766942722708e-02         
6.818750000000001e+00         3.491195776483443e-02         
6.825000000000000e+00         3.487747941245195e-02         
6.831250000000001e+00         3.484422988632097e-02         
6.837500000000000e+00         3.481220480303956e-02         
6.843750000000000e+00         3.478139988118870e-02         
6.850000000000001e+00         3.475181094286062e-02         
6.856250000000000e+00         3.472343391509314e-02         
6.862500000000001e+00         3.469626483121870e-02         
6.868750000000000e+00         3.467029983212918e-02         
6.875000000000000e+00         3.464553516746397e-02         
6.881250000000001e+00         3.462196719672204e-02         
6.887500000000000e+00         3.459959239030456e-02         
6.893750000000001e+00         3.457840733049242e-02         
6.900000000000000e+00         3.455840871235894e-02         
6.906250000000000e+00         3.453959334462527e-02         
6.912500000000001e+00         3.452195815045852e-02         
6.918750000000000e+00         3.450550016821862e-02         
6.925000000000001e+00         3.449021655215431e-02         
6.931250000000000e+00         3.447610457305227e-02         
6.937500000000000e+00         3.446316161884417e-02         
6.943750000000001e+00         3.445138519516875e-02         
6.950000000000000e+00         3.444077292589763e-02         
6.956250000000001e+00         3.443132255362486e-02         
6.962500000000000e+00         3.442303194011785e-02         
6.968750000000000e+00         3.441589906674158e-02         
6.975000000000001e+00         3.440992203484763e-02         
6.981250000000000e+00         3.440509906613765e-02         
6.987500000000001e+00         3.440142850299897e-02         
6.993750000000000e+00         3.439890880881452e-02         
7.000000000000000e+00         3.439753856825127e-02         
7.006250000000001e+00         3.439731648752378e-02         
7.012500000000000e+00         3.439824139464046e-02         
7.018750000000001e+00         3.440031223962779e-02         
7.025000000000000e+00         3.440352809473765e-02         
7.031250000000000e+00         3.440788815463819e-02         
7.037500000000001e+00         3.441339173658809e-02         
7.043750000000000e+00         3.442003828059622e-02         
7.050000000000001e+00         3.442782734956719e-02         
7.056250000000000e+00         3.443675862943458e-02         
7.062500000000000e+00         3.444683192928110e-02         
7.068750000000001e+00         3.445804718144697e-02         
7.075000000000000e+00         3.447040444162847e-02         
7.081250000000001e+00         3.448390388896511e-02         
7.087500000000000e+00         3.449854582611780e-02         
7.093750000000000e+00         3.451433067933531e-02         
7.100000000000001e+00         3.453125899851628e-02         
7.106250000000000e+00         3.454933145725710e-02         
7.112500000000001e+00         3.456854885289591e-02         
7.118750000000000e+00         3.458891210654533e-02         
7.125000000000000e+00         3.461042226311860e-02         
7.131250000000001e+00         3.463308049134780e-02         
7.137500000000000e+00         3.465688808379291e-02         
7.143750000000001e+00         3.468184645684494e-02         
7.150000000000000e+00         3.470795715071864e-02         
7.156250000000000e+00         3.473522182943923e-02         
7.162500000000001e+00         3.476364228081924e-02         
7.168750000000000e+00         3.479322041642786e-02         
7.175000000000001e+00         3.482395827154997e-02         
7.181250000000000e+00         3.485585800513783e-02         
7.187500000000000e+00         3.488892189975176e-02         
7.193750000000001e+00         3.492315236149086e-02         
7.200000000000000e+00         3.495855191991342e-02         
7.206250000000001e+00         3.499512322794597e-02         
7.212500000000000e+00         3.503286906178027e-02         
7.218750000000000e+00         3.507179232075772e-02         
7.225000000000001e+00         3.511189602724065e-02         
7.231250000000000e+00         3.515318332646928e-02         
7.237500000000001e+00         3.519565748640350e-02         
7.243750000000000e+00         3.523932189754864e-02         
7.250000000000000e+00         3.528418007276433e-02         
7.256250000000001e+00         3.533023564705474e-02         
7.262500000000000e+00         3.537749237734036e-02         
7.268750000000001e+00         3.542595414220785e-02         
7.275000000000000e+00         3.547562494163986e-02         
7.281250000000000e+00         3.552650889672004e-02         
7.287500000000001e+00         3.557861024931415e-02         
7.293750000000000e+00         3.563193336172433e-02         
7.300000000000001e+00         3.568648271631625e-02         
7.306250000000000e+00         3.574226291511715e-02         
7.312500000000000e+00         3.579927867938041e-02         
7.318750000000001e+00         3.585753484911901e-02         
7.325000000000000e+00         3.591703638260398e-02         
7.331250000000001e+00         3.597778835582336e-02         
7.337500000000000e+00         3.603979596190455e-02         
7.343750000000000e+00         3.610306451049295e-02         
7.350000000000001e+00         3.616759942708828e-02         
7.356250000000000e+00         3.623340625233255e-02         
7.362500000000001e+00         3.630049064125123e-02         
7.368750000000000e+00         3.636885836244089e-02         
7.375000000000000e+00         3.643851529720387e-02         
7.381250000000001e+00         3.650946743862329e-02         
7.387500000000000e+00         3.658172089058043e-02         
7.393750000000001e+00         3.665528186670664e-02         
7.400000000000000e+00         3.673015668926816e-02         
7.406250000000000e+00         3.680635178798167e-02         
7.412500000000001e+00         3.688387369875509e-02         
7.418750000000000e+00         3.696272906234951e-02         
7.425000000000001e+00         3.704292462296267e-02         
7.431250000000000e+00         3.712446722672352e-02         
7.437500000000000e+00         3.720736382009725e-02         
7.443750000000001e+00         3.729162144819816e-02         
7.450000000000000e+00         3.737724725300134e-02         
7.456250000000001e+00         3.746424847145213e-02         
7.462500000000000e+00         3.755263243346596e-02         
7.468750000000000e+00         3.764240655981536e-02         
7.475000000000001e+00         3.773357835989773e-02         
7.481250000000000e+00         3.782615542937832e-02         
7.487500000000001e+00         3.792014544770364e-02         
7.493750000000000e+00         3.801555617547896e-02         
7.500000000000000e+00         3.811239545170070e-02         
7.506250000000001e+00         3.821067119084511e-02         
7.512500000000000e+00         3.831039137979773e-02         
7.518750000000001e+00         3.841156407462092e-02         
7.525000000000000e+00         3.851419739715500e-02         
7.531250000000000e+00         3.861829953143948e-02         
7.537500000000001e+00         3.872387871995159e-02         
7.543750000000000e+00         3.883094325965359e-02         
7.550000000000001e+00         3.893950149783739e-02         
7.556250000000000e+00         3.904956182776223e-02         
7.562500000000000e+00         3.916113268407485e-02         
7.568750000000001e+00         3.927422253800196e-02         
7.575000000000000e+00         3.938883989230879e-02         
7.581250000000001e+00         3.950499327601040e-02         
7.587500000000000e+00         3.962269123882826e-02         
7.593750000000000e+00         3.974194234538261e-02         
7.600000000000001e+00         3.986275516910513e-02         
7.606250000000000e+00         3.998513828586909e-02         
7.612500000000001e+00         4.010910026731737e-02         
7.618750000000000e+00         4.023464967388223e-02         
7.625000000000000e+00         4.036179504748294e-02         
7.631250000000001e+00         4.049054490389083e-02         
7.637500000000000e+00         4.062090772474368e-02         
7.643750000000001e+00         4.075289194920515e-02         
7.650000000000000e+00         4.088650596524837e-02         
7.656250000000000e+00         4.102175810055347e-02         
7.662500000000001e+00         4.115865661300462e-02         
7.668750000000000e+00         4.129720968077329e-02         
7.675000000000001e+00         4.143742539196906e-02         
7.681250000000000e+00         4.157931173384922e-02         
7.687500000000000e+00         4.172287658156506e-02         
7.693750000000001e+00         4.186812768643489e-02         
7.700000000000000e+00         4.201507266372324e-02         
7.706250000000001e+00         4.216371897991360e-02         
7.712500000000000e+00         4.231407393945608e-02         
7.718750000000000e+00         4.246614467097186e-02         
7.725000000000001e+00         4.261993811290102e-02         
7.731250000000000e+00         4.277546099857355e-02         
7.737500000000001e+00         4.293271984068345e-02         
7.743750000000000e+00         4.309172091515694e-02         
7.750000000000000e+00         4.325247024438537e-02         
7.756250000000001e+00         4.341497357981243e-02         
7.762500000000000e+00         4.357923638385643e-02         
7.768750000000001e+00         4.374526381114488e-02         
7.775000000000000e+00         4.391306068904899e-02         
7.781250000000000e+00         4.408263149749574e-02         
7.787500000000001e+00         4.425398034804000e-02         
7.793750000000000e+00         4.442711096217981e-02         
7.800000000000001e+00         4.460202664889541e-02         
7.806250000000000e+00         4.477873028139515e-02         
7.812500000000000e+00         4.495722427305116e-02         
7.818750000000001e+00         4.513751055250580e-02         
7.825000000000000e+00         4.531959053793606e-02         
7.831250000000001e+00         4.550346511045677e-02         
7.837500000000000e+00         4.568913458664835e-02         
7.843750000000000e+00         4.587659869019565e-02         
7.850000000000001e+00         4.606585652262304e-02         
7.856250000000000e+00         4.625690653311499e-02         
7.862500000000001e+00         4.644974648740836e-02         
7.868750000000000e+00         4.664437343574915e-02         
7.875000000000000e+00         4.684078367990199e-02         
7.881250000000001e+00         4.703897273921000e-02         
7.887500000000000e+00         4.723893531569438e-02         
7.893750000000001e+00         4.744066525819492e-02         
7.900000000000000e+00         4.764415552554815e-02         
7.906250000000000e+00         4.784939814880459e-02         
7.912500000000001e+00         4.805638419249044e-02         
7.918750000000000e+00         4.826510371491768e-02         
7.925000000000001e+00         4.847554572755529e-02         
7.931250000000000e+00         4.868769815347224e-02         
7.937500000000000e+00         4.890154778486789e-02         
7.943750000000001e+00         4.911708023971392e-02         
7.950000000000000e+00         4.933427991752876e-02         
7.956250000000001e+00         4.955312995431137e-02         
7.962500000000000e+00         4.977361217667310e-02         
7.968750000000000e+00         4.999570705520055e-02         
7.975000000000001e+00         5.021939365709488e-02         
7.981250000000000e+00         5.044464959813648e-02         
7.987500000000001e+00         5.067145099402980e-02         
7.993750000000000e+00         5.089977241118756e-02         
8.000000000000000e+00         5.112958681702467e-02         
8.006250000000000e+00         5.136086552983381e-02         
8.012500000000001e+00         5.159357816832530e-02         
8.018750000000001e+00         5.182769260092072e-02         
8.025000000000000e+00         5.206317489489557e-02         
8.031250000000000e+00         5.229998926547891e-02         
8.037500000000000e+00         5.253809802502062e-02         
8.043750000000001e+00         5.277746153235099e-02         
8.050000000000001e+00         5.301803814246515e-02         
8.056250000000000e+00         5.325978415666772e-02         
8.062500000000000e+00         5.350265377333666e-02         
8.068750000000000e+00         5.374659903946080e-02         
8.075000000000001e+00         5.399156980312160e-02         
8.081250000000001e+00         5.423751366710477e-02         
8.087500000000000e+00         5.448437594382537e-02         
8.093750000000000e+00         5.473209961177459e-02         
8.100000000000000e+00         5.498062527369488e-02         
8.106250000000001e+00         5.522989111670729e-02         
8.112500000000001e+00         5.547983287462273e-02         
8.118750000000000e+00         5.573038379267903e-02         
8.125000000000000e+00         5.598147459495501e-02         
8.131250000000000e+00         5.623303345472278e-02         
8.137500000000001e+00         5.648498596800842e-02         
8.143750000000001e+00         5.673725513063869e-02         
8.150000000000000e+00         5.698976131905886e-02         
8.156250000000000e+00         5.724242227521694e-02         
8.162500000000000e+00         5.749515309580998e-02         
8.168750000000001e+00         5.774786622619867e-02         
8.175000000000001e+00         5.800047145929688e-02         
8.181250000000000e+00         5.825287593974784e-02         
8.187500000000000e+00         5.850498417369685e-02         
8.193750000000000e+00         5.875669804447468e-02         
8.200000000000001e+00         5.900791683449935e-02         
8.206250000000001e+00         5.925853725370513e-02         
8.212500000000000e+00         5.950845347479613e-02         
8.218750000000000e+00         5.975755717561940e-02         
8.225000000000000e+00         6.000573758894293e-02         
8.231250000000001e+00         6.025288155990489e-02         
8.237500000000001e+00         6.049887361139618e-02         
8.243750000000000e+00         6.074359601761144e-02         
8.250000000000000e+00         6.098692888599196e-02         
8.256250000000000e+00         6.122875024775716e-02         
8.262500000000001e+00         6.146893615719713e-02         
8.268750000000001e+00         6.170736079987186e-02         
8.275000000000000e+00         6.194389660983101e-02         
8.281250000000000e+00         6.217841439593538e-02         
8.287500000000000e+00         6.241078347732657e-02         
8.293750000000001e+00         6.264087182804681e-02         
8.300000000000001e+00         6.286854623077931e-02         
8.306250000000000e+00         6.309367243962351e-02         
8.312500000000000e+00         6.331611535178520e-02         
8.318750000000000e+00         6.353573918800405e-02         
8.325000000000001e+00         6.375240768149631e-02         
8.331250000000001e+00         6.396598427513443e-02         
8.337500000000000e+00         6.417633232653550e-02         
8.343750000000000e+00         6.438331532067730e-02         
8.350000000000000e+00         6.458679708959700e-02         
8.356250000000001e+00         6.478664203868539e-02         
8.362500000000001e+00         6.498271537902414e-02         
8.368750000000000e+00         6.517488336516279e-02         
8.375000000000000e+00         6.536301353768169e-02         
8.381250000000000e+00         6.554697496982995e-02         
8.387500000000001e+00         6.572663851748319e-02         
8.393750000000001e+00         6.590187707161398e-02         
8.400000000000000e+00         6.607256581243107e-02         
8.406250000000000e+00         6.623858246429236e-02         
8.412500000000000e+00         6.639980755047646e-02         
8.418750000000001e+00         6.655612464684785e-02         
8.425000000000001e+00         6.670742063344366e-02         
8.431250000000000e+00         6.685358594297273e-02         
8.437500000000000e+00         6.699451480521476e-02         
8.443750000000000e+00         6.713010548629592e-02         
8.450000000000001e+00         6.726026052180968e-02         
8.456250000000001e+00         6.738488694277120e-02         
8.462500000000000e+00         6.750389649338749e-02         
8.468750000000000e+00         6.761720583966330e-02         
8.475000000000000e+00         6.772473676787517e-02         
8.481250000000001e+00         6.782641637198993e-02         
8.487500000000001e+00         6.792217722913986e-02         
8.493750000000000e+00         6.801195756231433e-02         
8.500000000000000e+00         6.809570138948691e-02         
8.506250000000000e+00         6.817335865845299e-02         
8.512500000000001e+00         6.824488536671949e-02         
8.518750000000001e+00         6.831024366586645e-02         
8.525000000000000e+00         6.836940194986819e-02         
8.531250000000000e+00         6.842233492694827e-02         
8.537500000000000e+00         6.846902367462694e-02         
8.543750000000001e+00         6.850945567770229e-02         
8.550000000000001e+00         6.854362484900310e-02         
8.556250000000000e+00         6.857153153283282e-02         
8.562500000000000e+00         6.859318249112287e-02         
8.568750000000000e+00         6.860859087240082e-02         
8.575000000000001e+00         6.861777616376714e-02         
8.581250000000001e+00         6.862076412616677e-02         
8.587500000000000e+00         6.861758671331988e-02         
8.593750000000000e+00         6.860828197476686e-02         
8.600000000000000e+00         6.859289394355186e-02         
8.606250000000001e+00         6.857147250914952e-02         
8.612500000000001e+00         6.854407327630190e-02         
8.618750000000000e+00         6.851075741050219e-02         
8.625000000000000e+00         6.847159147090927e-02         
8.631250000000000e+00         6.842664723153731e-02         
8.637500000000001e+00         6.837600149159867e-02         
8.643750000000001e+00         6.831973587592330e-02         
8.650000000000000e+00         6.825793662640033e-02         
8.656250000000000e+00         6.819069438541589e-02         
8.662500000000000e+00         6.811810397227121e-02         
8.668750000000001e+00         6.804026415357936e-02         
8.675000000000001e+00         6.795727740863650e-02         
8.681250000000000e+00         6.786924969075993e-02         
8.687500000000000e+00         6.777629018557527e-02         
8.693750000000000e+00         6.767851106721795e-02         
8.700000000000001e+00         6.757602725338981e-02         
8.706250000000001e+00         6.746895616018737e-02         
8.712500000000000e+00         6.735741745758377e-02         
8.718750000000000e+00         6.724153282640979e-02         
8.725000000000000e+00         6.712142571764119e-02         
8.731250000000001e+00         6.699722111475538e-02         
8.737500000000001e+00         6.686904529987145e-02         
8.743750000000000e+00         6.673702562434690e-02         
8.750000000000000e+00         6.660129028444310e-02         
8.756250000000000e+00         6.646196810263319e-02         
8.762500000000001e+00         6.631918831506203e-02         
8.768750000000001e+00         6.617308036562462e-02         
8.775000000000000e+00         6.602377370707159e-02         
8.781250000000000e+00         6.587139760950005e-02         
8.787500000000000e+00         6.571608097653869e-02         
8.793750000000001e+00         6.555795216948367e-02         
8.800000000000001e+00         6.539713883959336e-02         
8.806250000000000e+00         6.523376776870637e-02         
8.812500000000000e+00         6.506796471829721e-02         
8.818750000000000e+00         6.489985428704732e-02         
8.825000000000001e+00         6.472955977696110e-02         
8.831250000000001e+00         6.455720306802669e-02         
8.837500000000000e+00         6.438290450137847e-02         
8.843750000000000e+00         6.420678277088873e-02         
8.850000000000000e+00         6.402895482308552e-02         
8.856250000000001e+00         6.384953576526310e-02         
8.862500000000001e+00         6.366863878162908e-02         
8.868750000000000e+00         6.348637505730798e-02         
8.875000000000000e+00         6.330285370999966e-02         
8.881250000000000e+00         6.311818172907528e-02         
8.887500000000001e+00         6.293246392187764e-02         
8.893750000000001e+00         6.274580286697774e-02         
8.900000000000000e+00         6.255829887412945e-02         
8.906250000000000e+00         6.237004995065873e-02         
8.912500000000000e+00         6.218115177400857e-02         
8.918750000000001e+00         6.199169767016592e-02         
8.925000000000001e+00         6.180177859768461e-02         
8.931250000000000e+00         6.161148313702398e-02         
8.937500000000000e+00         6.142089748491684e-02         
8.943750000000000e+00         6.123010545348381e-02         
8.950000000000001e+00         6.103918847381490e-02         
8.956250000000001e+00         6.084822560374117e-02         
8.962500000000000e+00         6.065729353952267e-02         
8.968750000000000e+00         6.046646663118544e-02         
8.975000000000000e+00         6.027581690124886e-02         
8.981250000000001e+00         6.008541406658577e-02         
8.987500000000001e+00         5.989532556317015e-02         
8.993750000000000e+00         5.970561657347479e-02         
9.000000000000000e+00         5.951635005628435e-02         
9.006250000000000e+00         5.932758677870566e-02         
9.012500000000001e+00         5.913938535015967e-02         
9.018750000000001e+00         5.895180225815089e-02         
9.025000000000000e+00         5.876489190562080e-02         
9.031250000000000e+00         5.857870664969738e-02         
9.037500000000000e+00         5.839329684166453e-02         
9.043750000000001e+00         5.820871086798544e-02         
9.050000000000001e+00         5.802499519221776e-02         
9.056250000000000e+00         5.784219439767520e-02         
9.062500000000000e+00         5.766035123069205e-02         
9.068750000000000e+00         5.747950664435857e-02         
9.075000000000001e+00         5.729969984260410e-02         
9.081250000000001e+00         5.712096832451303e-02         
9.087500000000000e+00         5.694334792876354e-02         
9.093750000000000e+00         5.676687287809143e-02         
9.100000000000000e+00         5.659157582368492e-02         
9.106250000000001e+00         5.641748788942422e-02         
9.112500000000001e+00         5.624463871588995e-02         
9.118750000000000e+00         5.607305650406459e-02         
9.125000000000000e+00         5.590276805866277e-02         
9.131250000000000e+00         5.573379883103013e-02         
9.137500000000001e+00         5.556617296155706e-02         
9.143750000000001e+00         5.539991332155435e-02         
9.150000000000000e+00         5.523504155455382e-02         
9.156250000000000e+00         5.507157811698662e-02         
9.162500000000000e+00         5.490954231820988e-02         
9.168750000000001e+00         5.474895235985004e-02         
9.175000000000001e+00         5.458982537443451e-02         
9.181250000000000e+00         5.443217746329151e-02         
9.187500000000000e+00         5.427602373369778e-02         
9.193750000000000e+00         5.412137833525561e-02         
9.200000000000001e+00         5.396825449549233e-02         
9.206250000000001e+00         5.381666455466474e-02         
9.212500000000000e+00         5.366661999976720e-02         
9.218750000000000e+00         5.351813149773502e-02         
9.225000000000000e+00         5.337120892784007e-02         
9.231250000000001e+00         5.322586141328024e-02         
9.237500000000001e+00         5.308209735196086e-02         
9.243750000000000e+00         5.293992444647402e-02         
9.250000000000000e+00         5.279934973327734e-02         
9.256250000000000e+00         5.266037961108012e-02         
9.262500000000001e+00         5.252301986844241e-02         
9.268750000000001e+00         5.238727571059604e-02         
9.275000000000000e+00         5.225315178549841e-02         
9.281250000000000e+00         5.212065220912634e-02         
9.287500000000000e+00         5.198978059002222e-02         
9.293750000000001e+00         5.186054005310695e-02         
9.300000000000001e+00         5.173293326276759e-02         
9.306250000000000e+00         5.160696244523733e-02         
9.312500000000000e+00         5.148262941027670e-02         
9.318750000000000e+00         5.135993557217520e-02         
9.325000000000001e+00         5.123888197008135e-02         
9.331250000000001e+00         5.111946928768273e-02         
9.337500000000000e+00         5.100169787224580e-02         
9.343750000000000e+00         5.088556775303032e-02         
9.350000000000000e+00         5.077107865909776e-02         
9.356250000000001e+00         5.065823003652351e-02         
9.362500000000001e+00         5.054702106503228e-02         
9.368750000000000e+00         5.043745067406970e-02         
9.375000000000000e+00         5.032951755832433e-02         
9.381250000000000e+00         5.022322019271847e-02         
9.387500000000001e+00         5.011855684687806e-02         
9.393750000000001e+00         5.001552559910166e-02         
9.400000000000000e+00         4.991412434983795e-02         
9.406250000000000e+00         4.981435083469015e-02         
9.412500000000000e+00         4.971620263695972e-02         
9.418750000000001e+00         4.961967719974410e-02         
9.425000000000001e+00         4.952477183760122e-02         
9.431250000000000e+00         4.943148374779606e-02         
9.437500000000000e+00         4.933981002114228e-02         
9.443750000000000e+00         4.924974765244990e-02         
9.450000000000001e+00         4.916129355059529e-02         
9.456250000000001e+00         4.907444454822348e-02         
9.462500000000000e+00         4.898919741109658e-02         
9.468750000000000e+00         4.890554884709938e-02         
9.475000000000000e+00         4.882349551491409e-02         
9.481250000000001e+00         4.874303403237815e-02         
9.487500000000001e+00         4.866416098453038e-02         
9.493750000000000e+00         4.858687293136509e-02         
9.500000000000000e+00         4.851116641529588e-02         
9.506250000000000e+00         4.843703796834687e-02         
9.512500000000001e+00         4.836448411907579e-02         
9.518750000000001e+00         4.829350139924421e-02         
9.525000000000000e+00         4.822408635023945e-02         
9.531250000000000e+00         4.815623552926150e-02         
9.537500000000000e+00         4.808994551528180e-02         
9.543750000000001e+00         4.802521291478247e-02         
9.550000000000001e+00         4.796203436728697e-02         
9.556250000000000e+00         4.790040655068827e-02         
9.562500000000000e+00         4.784032618638368e-02         
9.568750000000000e+00         4.778179004422330e-02         
9.575000000000001e+00         4.772479494728077e-02         
9.581250000000001e+00         4.766933777645306e-02         
9.587500000000000e+00         4.761541547489849e-02         
9.593750000000000e+00         4.756302505231405e-02         
9.600000000000001e+00         4.751216358906746e-02         
9.606250000000001e+00         4.746282824018286e-02         
9.612500000000001e+00         4.741501623919097e-02         
9.618750000000000e+00         4.736872490184819e-02         
9.625000000000000e+00         4.732395162973054e-02         
9.631250000000001e+00         4.728069391370894e-02         
9.637500000000001e+00         4.723894933731022e-02         
9.643750000000001e+00         4.719871557997155e-02         
9.650000000000000e+00         4.715999042019009e-02         
9.656250000000000e+00         4.712277173857703e-02         
9.662500000000001e+00         4.708705752081661e-02         
9.668750000000001e+00         4.705284586053869e-02         
9.675000000000001e+00         4.702013496210703e-02         
9.681250000000000e+00         4.698892314332914e-02         
9.687500000000000e+00         4.695920883809068e-02         
9.693750000000001e+00         4.693099059891988e-02         
9.700000000000001e+00         4.690426709948533e-02         
9.706250000000001e+00         4.687903713703185e-02         
9.712500000000000e+00         4.685529963475671e-02         
9.718750000000000e+00         4.683305364413087e-02         
9.725000000000001e+00         4.681229834717023e-02         
9.731250000000001e+00         4.679303305865664e-02         
9.737500000000001e+00         4.677525722831546e-02         
9.743750000000000e+00         4.675897044295338e-02         
9.750000000000000e+00         4.674417242855378e-02         
9.756250000000001e+00         4.673086305234129e-02         
9.762500000000001e+00         4.671904232481090e-02         
9.768750000000001e+00         4.670871040173050e-02         
9.775000000000000e+00         4.669986758611377e-02         
9.781250000000000e+00         4.669251433017204e-02         
9.787500000000001e+00         4.668665123724361e-02         
9.793750000000001e+00         4.668227906370329e-02         
9.800000000000001e+00         4.667939872085868e-02         
9.806250000000000e+00         4.667801127682910e-02         
9.812500000000000e+00         4.667811795841671e-02         
9.818750000000001e+00         4.667972015296513e-02         
9.825000000000001e+00         4.668281941021282e-02         
9.831250000000001e+00         4.668741744414249e-02         
9.837500000000000e+00         4.669351613482533e-02         
9.843750000000000e+00         4.670111753026652e-02         
9.850000000000001e+00         4.671022384825189e-02         
9.856250000000001e+00         4.672083747819666e-02         
9.862500000000001e+00         4.673296098300116e-02         
9.868750000000000e+00         4.674659710091134e-02         
9.875000000000000e+00         4.676174874739059e-02         
9.881250000000001e+00         4.677841901700030e-02         
9.887500000000001e+00         4.679661118529235e-02         
9.893750000000001e+00         4.681632871071836e-02         
9.900000000000000e+00         4.683757523655119e-02         
9.906250000000000e+00         4.686035459282602e-02         
9.912500000000001e+00         4.688467079829918e-02         
9.918750000000001e+00         4.691052806242708e-02         
9.925000000000001e+00         4.693793078736853e-02         
9.931250000000000e+00         4.696688357000871e-02         
9.937500000000000e+00         4.699739120400879e-02         
9.943750000000001e+00         4.702945868188128e-02         
9.950000000000001e+00         4.706309119709393e-02         
9.956250000000001e+00         4.709829414620199e-02         
9.962500000000000e+00         4.713507313101018e-02         
9.968750000000000e+00         4.717343396076810e-02         
9.975000000000001e+00         4.721338265439658e-02         
9.981250000000001e+00         4.725492544275005e-02         
9.987500000000001e+00         4.729806877091326e-02         
9.993750000000000e+00         4.734281930053551e-02         
1.000000000000000e+01         4.738918391220243e-02         
1.000625000000000e+01         4.743716970784672e-02         
1.001250000000000e+01         4.748678401319999e-02         
1.001875000000000e+01         4.753803438028583e-02         
1.002500000000000e+01         4.759092858995490e-02         
1.003125000000000e+01         4.764547465446501e-02         
1.003750000000000e+01         4.770168082010437e-02         
1.004375000000000e+01         4.775955556986289e-02         
1.005000000000000e+01         4.781910762614907e-02         
1.005625000000000e+01         4.788034595355471e-02         
1.006250000000000e+01         4.794327976167002e-02         
1.006875000000000e+01         4.800791850794841e-02         
1.007500000000000e+01         4.807427190062027e-02         
1.008125000000000e+01         4.814234990166255e-02         
1.008750000000000e+01         4.821216272981795e-02         
1.009375000000000e+01         4.828372086366967e-02         
1.010000000000000e+01         4.835703504477074e-02         
1.010625000000000e+01         4.843211628082744e-02         
1.011250000000000e+01         4.850897584894196e-02         
1.011875000000000e+01         4.858762529890984e-02         
1.012500000000000e+01         4.866807645657618e-02         
1.013125000000000e+01         4.875034142725079e-02         
1.013750000000000e+01         4.883443259918226e-02         
1.014375000000000e+01         4.892036264709313e-02         
1.015000000000000e+01         4.900814453577419e-02         
1.015625000000000e+01         4.909779152374156e-02         
1.016250000000000e+01         4.918931716695422e-02         
1.016875000000000e+01         4.928273532259599e-02         
1.017500000000000e+01         4.937806015291627e-02         
1.018125000000000e+01         4.947530612913979e-02         
1.018750000000000e+01         4.957448803543290e-02         
1.019375000000000e+01         4.967562097293982e-02         
1.020000000000000e+01         4.977872036387850e-02         
1.020625000000000e+01         4.988380195570256e-02         
1.021250000000000e+01         4.999088182532699e-02         
1.021875000000000e+01         5.009997638341625e-02         
1.022500000000000e+01         5.021110237873920e-02         
1.023125000000000e+01         5.032427690258503e-02         
1.023750000000000e+01         5.043951739324398e-02         
1.024375000000000e+01         5.055684164054978e-02         
1.025000000000000e+01         5.067626779048609e-02         
1.025625000000000e+01         5.079781434985289e-02         
1.026250000000000e+01         5.092150019099457e-02         
1.026875000000000e+01         5.104734455658831e-02         
1.027500000000000e+01         5.117536706449068e-02         
1.028125000000000e+01         5.130558771264233e-02         
1.028750000000000e+01         5.143802688402724e-02         
1.029375000000000e+01         5.157270535168959e-02         
1.030000000000000e+01         5.170964428380093e-02         
1.030625000000000e+01         5.184886524877851e-02         
1.031250000000000e+01         5.199039022045272e-02         
1.031875000000000e+01         5.213424158328110e-02         
1.032500000000000e+01         5.228044213760354e-02         
1.033125000000000e+01         5.242901510494151e-02         
1.033750000000000e+01         5.257998413333018e-02         
1.034375000000000e+01         5.273337330268725e-02         
1.035000000000000e+01         5.288920713021115e-02         
1.035625000000000e+01         5.304751057580246e-02         
1.036250000000000e+01         5.320830904750942e-02         
1.036875000000000e+01         5.337162840698677e-02         
1.037500000000000e+01         5.353749497496679e-02         
1.038125000000000e+01         5.370593553673322e-02         
1.038750000000000e+01         5.387697734759611e-02         
1.039375000000000e+01         5.405064813835615e-02         
1.040000000000000e+01         5.422697612075415e-02         
1.040625000000000e+01         5.440598999289672e-02         
1.041250000000000e+01         5.458771894465008e-02         
1.041875000000000e+01         5.477219266299327e-02         
1.042500000000000e+01         5.495944133731899e-02         
1.043125000000000e+01         5.514949566467472e-02         
1.043750000000000e+01         5.534238685493036e-02         
1.044375000000000e+01         5.553814663586114e-02         
1.045000000000000e+01         5.573680725813378e-02         
1.045625000000000e+01         5.593840150018053e-02         
1.046250000000000e+01         5.614296267294866e-02         
1.046875000000000e+01         5.635052462450561e-02         
1.047500000000000e+01         5.656112174448843e-02         
1.048125000000000e+01         5.677478896837627e-02         
1.048750000000000e+01         5.699156178156557e-02         
1.049375000000000e+01         5.721147622323078e-02         
1.050000000000000e+01         5.743456888994715e-02         
1.050625000000000e+01         5.766087693905265e-02         
1.051250000000000e+01         5.789043809172369e-02         
1.051875000000000e+01         5.812329063573993e-02         
1.052500000000000e+01         5.835947342790915e-02         
1.053125000000000e+01         5.859902589612100e-02         
1.053750000000000e+01         5.884198804100199e-02         
1.054375000000000e+01         5.908840043713377e-02         
1.055000000000000e+01         5.933830423380127e-02         
1.055625000000000e+01         5.959174115523356e-02         
1.056250000000000e+01         5.984875350029310e-02         
1.056875000000000e+01         6.010938414157600e-02         
1.057500000000000e+01         6.037367652387390e-02         
1.058125000000000e+01         6.064167466195047e-02         
1.058750000000000e+01         6.091342313758207e-02         
1.059375000000000e+01         6.118896709580657e-02         
1.060000000000000e+01         6.146835224032611e-02         
1.060625000000000e+01         6.175162482799969e-02         
1.061250000000000e+01         6.203883166236147e-02         
1.061875000000000e+01         6.233002008610006e-02         
1.062500000000000e+01         6.262523797242148e-02         
1.063125000000000e+01         6.292453371522384e-02         
1.063750000000000e+01         6.322795621800016e-02         
1.064375000000000e+01         6.353555488138427e-02         
1.065000000000000e+01         6.384737958925173e-02         
1.065625000000000e+01         6.416348069327615e-02         
1.066250000000000e+01         6.448390899584575e-02         
1.066875000000000e+01         6.480871573122730e-02         
1.067500000000000e+01         6.513795254487180e-02         
1.068125000000000e+01         6.547167147073876e-02         
1.068750000000000e+01         6.580992490651626e-02         
1.069375000000000e+01         6.615276558660534e-02         
1.070000000000000e+01         6.650024655273001e-02         
1.070625000000000e+01         6.685242112202539e-02         
1.071250000000000e+01         6.720934285245589e-02         
1.071875000000000e+01         6.757106550539559e-02         
1.072500000000000e+01         6.793764300520470e-02         
1.073125000000000e+01         6.830912939562468e-02         
1.073750000000000e+01         6.868557879280325e-02         
1.074375000000000e+01         6.906704533475415e-02         
1.075000000000000e+01         6.945358312704790e-02         
1.075625000000000e+01         6.984524618451378e-02         
1.076250000000000e+01         7.024208836873347e-02         
1.076875000000000e+01         7.064416332108645e-02         
1.077500000000000e+01         7.105152439110368e-02         
1.078125000000000e+01         7.146422455987121e-02         
1.078750000000000e+01         7.188231635821668e-02         
1.079375000000000e+01         7.230585177940138e-02         
1.080000000000000e+01         7.273488218602368e-02         
1.080625000000000e+01         7.316945821083613e-02         
1.081250000000000e+01         7.360962965116219e-02         
1.081875000000000e+01         7.405544535658758e-02         
1.082500000000000e+01         7.450695310959181e-02         
1.083125000000000e+01         7.496419949877411e-02         
1.083750000000000e+01         7.542722978431372e-02         
1.084375000000000e+01         7.589608775530131e-02         
1.085000000000000e+01         7.637081557855946e-02         
1.085625000000000e+01         7.685145363856997e-02         
1.086250000000000e+01         7.733804036810925e-02         
1.086875000000000e+01         7.783061206919252e-02         
1.087500000000000e+01         7.832920272391544e-02         
1.088125000000000e+01         7.883384379478099e-02         
1.088750000000000e+01         7.934456401409351e-02         
1.089375000000000e+01         7.986138916200208e-02         
1.090000000000000e+01         8.038434183277483e-02         
1.090625000000000e+01         8.091344118888766e-02         
1.091250000000000e+01         8.144870270252114e-02         
1.091875000000000e+01         8.199013788406238e-02         
1.092500000000000e+01         8.253775399722325e-02         
1.093125000000000e+01         8.309155376040515e-02         
1.093750000000000e+01         8.365153503395789e-02         
1.094375000000000e+01         8.421769049300647e-02         
1.095000000000000e+01         8.479000728555047e-02         
1.095625000000000e+01         8.536846667558073e-02         
1.096250000000000e+01         8.595304367099280e-02         
1.096875000000000e+01         8.654370663613914e-02         
1.097500000000000e+01         8.714041688891044e-02         
1.098125000000000e+01         8.774312828230596e-02         
1.098750000000000e+01         8.835178677053350e-02         
1.099375000000000e+01         8.896632995975809e-02         
1.100000000000000e+01         8.958668664371799e-02         
1.100625000000000e+01         9.021277632453870e-02         
1.101250000000000e+01         9.084450871918726e-02         
1.101875000000000e+01         9.148178325214901e-02         
1.102500000000000e+01         9.212448853504994e-02         
1.103125000000000e+01         9.277250183411594e-02         
1.103750000000000e+01         9.342568852652017e-02         
1.104375000000000e+01         9.408390154688098e-02         
1.105000000000000e+01         9.474698082535871e-02         
1.105625000000000e+01         9.541475271903574e-02         
1.106250000000000e+01         9.608702943849330e-02         
1.106875000000000e+01         9.676360847175737e-02         
1.107500000000000e+01         9.744427200805297e-02         
1.108125000000000e+01         9.812878636409171e-02         
1.108750000000000e+01         9.881690141591526e-02         
1.109375000000000e+01         9.950835003963147e-02         
1.110000000000000e+01         1.002028475647010e-01         
1.110625000000000e+01         1.009000912437667e-01         
1.111250000000000e+01         1.015997597433599e-01         
1.111875000000000e+01         1.023015126601598e-01         
1.112500000000000e+01         1.030049900678292e-01         
1.113125000000000e+01         1.037098120997929e-01         
1.113750000000000e+01         1.044155785736575e-01         
1.114375000000000e+01         1.051218686632982e-01         
1.115000000000000e+01         1.058282406249321e-01         
1.115625000000000e+01         1.065342315837850e-01         
1.116250000000000e+01         1.072393573881948e-01         
1.116875000000000e+01         1.079431125382058e-01         
1.117500000000000e+01         1.086449701958587e-01         
1.118125000000000e+01         1.093443822844848e-01         
1.118750000000000e+01         1.100407796843389e-01         
1.119375000000000e+01         1.107335725318723e-01         
1.120000000000000e+01         1.114221506298054e-01         
1.120625000000000e+01         1.121058839749504e-01         
1.121250000000000e+01         1.127841234103986e-01         
1.121875000000000e+01         1.134562014082546e-01         
1.122500000000000e+01         1.141214329885411e-01         
1.123125000000000e+01         1.147791167792136e-01         
1.123750000000000e+01         1.154285362214159e-01         
1.124375000000000e+01         1.160689609231522e-01         
1.125000000000000e+01         1.166996481634751e-01         
1.125625000000000e+01         1.173198445480669e-01         
1.126250000000000e+01         1.179287878157478e-01         
1.126875000000000e+01         1.185257087939754e-01         
1.127500000000000e+01         1.191098334998068e-01         
1.128125000000000e+01         1.196803853811263e-01         
1.128750000000000e+01         1.202365876911652e-01         
1.129375000000000e+01         1.207776659875173e-01         
1.130000000000000e+01         1.213028507449904e-01         
1.130625000000000e+01         1.218113800697557e-01         
1.131250000000000e+01         1.223025025004078e-01         
1.131875000000000e+01         1.227754798797393e-01         
1.132500000000000e+01         1.232295902793243e-01         
1.133125000000000e+01         1.236641309574168e-01         
1.133750000000000e+01         1.240784213292265e-01         
1.134375000000000e+01         1.244718059274162e-01         
1.135000000000000e+01         1.248436573296481e-01         
1.135625000000000e+01         1.251933790292649e-01         
1.136250000000000e+01         1.255204082247486e-01         
1.136875000000000e+01         1.258242185034495e-01         
1.137500000000000e+01         1.261043223952919e-01         
1.138125000000000e+01         1.263602737726931e-01         
1.138750000000000e+01         1.265916700738382e-01         
1.139375000000000e+01         1.267981543277003e-01         
1.140000000000000e+01         1.269794169607761e-01         
1.140625000000000e+01         1.271351973674294e-01         
1.141250000000000e+01         1.272652852279414e-01         
1.141875000000000e+01         1.273695215608394e-01         
1.142500000000000e+01         1.274477994987895e-01         
1.143125000000000e+01         1.275000647802151e-01         
1.143750000000000e+01         1.275263159518348e-01         
1.144375000000000e+01         1.275266042804032e-01         
1.145000000000000e+01         1.275010333750721e-01         
1.145625000000000e+01         1.274497585248841e-01         
1.146250000000000e+01         1.273729857589255e-01         
1.146875000000000e+01         1.272709706395332e-01         
1.147500000000000e+01         1.271440168016582e-01         
1.148125000000000e+01         1.269924742539288e-01         
1.148750000000000e+01         1.268167374591722e-01         
1.149375000000000e+01         1.266172432140378e-01         
1.150000000000000e+01         1.263944683489427e-01         
1.150625000000000e+01         1.261489272708053e-01         
1.151250000000000e+01         1.258811693719117e-01         
1.151875000000000e+01         1.255917763288101e-01         
1.152500000000000e+01         1.252813593153323e-01         
1.153125000000000e+01         1.249505561537066e-01         
1.153750000000000e+01         1.246000284273011e-01         
1.154375000000000e+01         1.242304585778149e-01         
1.155000000000000e+01         1.238425470087504e-01         
1.155625000000000e+01         1.234370092158174e-01         
1.156250000000000e+01         1.230145729635133e-01         
1.156875000000000e+01         1.225759755255906e-01         
1.157500000000000e+01         1.221219610054501e-01         
1.158125000000000e+01         1.216532777507530e-01         
1.158750000000000e+01         1.211706758747495e-01         
1.159375000000000e+01         1.206749048949888e-01         
1.160000000000000e+01         1.201667114982820e-01         
1.160625000000000e+01         1.196468374390054e-01         
1.161250000000000e+01         1.191160175761236e-01         
1.161875000000000e+01         1.185749780526717e-01         
1.162500000000000e+01         1.180244346199068e-01         
1.163125000000000e+01         1.174650911068985e-01         
1.163750000000000e+01         1.168976380350246e-01         
1.164375000000000e+01         1.163227513756438e-01         
1.165000000000000e+01         1.157410914481689e-01         
1.165625000000000e+01         1.151533019548224e-01         
1.166250000000000e+01         1.145600091475706e-01         
1.166875000000000e+01         1.139618211220477e-01         
1.167500000000000e+01         1.133593272327316e-01         
1.168125000000000e+01         1.127530976231954e-01         
1.168750000000000e+01         1.121436828649235e-01         
1.169375000000000e+01         1.115316136979525e-01         
1.170000000000000e+01         1.109174008664517e-01         
1.170625000000000e+01         1.103015350423015e-01         
1.171250000000000e+01         1.096844868297388e-01         
1.171875000000000e+01         1.090667068442177e-01         
1.172500000000000e+01         1.084486258587678e-01         
1.173125000000000e+01         1.078306550113082e-01         
1.173750000000000e+01         1.072131860666007e-01         
1.174375000000000e+01         1.065965917267789e-01         
1.175000000000000e+01         1.059812259846532e-01         
1.175625000000000e+01         1.053674245143122e-01         
1.176250000000000e+01         1.047555050938251e-01         
1.176875000000000e+01         1.041457680551921e-01         
1.177500000000000e+01         1.035384967569884e-01         
1.178125000000000e+01         1.029339580754932e-01         
1.178750000000000e+01         1.023324029103986e-01         
1.179375000000000e+01         1.017340667015102e-01         
1.180000000000000e+01         1.011391699531640e-01         
1.180625000000000e+01         1.005479187633674e-01         
1.181250000000000e+01         9.996050535496792e-02         
1.181875000000000e+01         9.937710860641112e-02         
1.182500000000000e+01         9.879789457991740e-02         
1.183125000000000e+01         9.822301704513976e-02         
1.183750000000000e+01         9.765261799660037e-02         
1.184375000000000e+01         9.708682816341042e-02         
1.185000000000000e+01         9.652576750998221e-02         
1.185625000000000e+01         9.596954572661642e-02         
1.186250000000000e+01         9.541826270902930e-02         
1.186875000000000e+01         9.487200902602781e-02         
1.187500000000000e+01         9.433086637469378e-02         
1.188125000000000e+01         9.379490802255983e-02         
1.188750000000000e+01         9.326419923638307e-02         
1.189375000000000e+01         9.273879769722407e-02         
1.190000000000000e+01         9.221875390163906e-02         
1.190625000000000e+01         9.170411154887446e-02         
1.191250000000000e+01         9.119490791403048e-02         
1.191875000000000e+01         9.069117420723009e-02         
1.192500000000000e+01         9.019293591888272e-02         
1.193125000000000e+01         8.970021315119318e-02         
1.193750000000000e+01         8.921302093609886e-02         
1.194375000000000e+01         8.873136953986883e-02         
1.195000000000000e+01         8.825526475462306e-02         
1.195625000000000e+01         8.778470817706027e-02         
1.196250000000000e+01         8.731969747470673e-02         
1.196875000000000e+01         8.686022664001485e-02         
1.197500000000000e+01         8.640628623265457e-02         
1.198125000000000e+01         8.595786361035726e-02         
1.198750000000000e+01         8.551494314866706e-02         
1.199375000000000e+01         8.507750644998033e-02         
1.200000000000000e+01         8.464553254223373e-02         
1.200625000000000e+01         8.421899806761926e-02         
1.201250000000000e+01         8.379787746169810e-02         
1.201875000000000e+01         8.338214312327753e-02         
1.202500000000000e+01         8.297176557542132e-02         
1.203125000000000e+01         8.256671361794547e-02         
1.203750000000000e+01         8.216695447176008e-02         
1.204375000000000e+01         8.177245391539720e-02         
1.205000000000000e+01         8.138317641406403e-02         
1.205625000000000e+01         8.099908524155183e-02         
1.206250000000000e+01         8.062014259531840e-02         
1.206875000000000e+01         8.024630970505781e-02         
1.207500000000000e+01         7.987754693505474e-02         
1.208125000000000e+01         7.951381388061936e-02         
1.208750000000000e+01         7.915506945888094e-02         
1.209375000000000e+01         7.880127199421341e-02         
1.210000000000000e+01         7.845237929855331e-02         
1.210625000000000e+01         7.810834874686455e-02         
1.211250000000000e+01         7.776913734798740e-02         
1.211875000000000e+01         7.743470181111017e-02         
1.212500000000000e+01         7.710499860807994e-02         
1.213125000000000e+01         7.677998403177236e-02         
1.213750000000000e+01         7.645961425071932e-02         
1.214375000000000e+01         7.614384536019449e-02         
1.215000000000000e+01         7.583263342994138e-02         
1.215625000000000e+01         7.552593454872290e-02         
1.216250000000000e+01         7.522370486586484e-02         
1.216875000000000e+01         7.492590062995200e-02         
1.217500000000000e+01         7.463247822483755e-02         
1.218125000000000e+01         7.434339420310840e-02         
1.218750000000000e+01         7.405860531715026e-02         
1.219375000000000e+01         7.377806854794548e-02         
1.220000000000000e+01         7.350174113173019e-02         
1.220625000000000e+01         7.322958058463522e-02         
1.221250000000000e+01         7.296154472542088e-02         
1.221875000000000e+01         7.269759169641991e-02         
1.222500000000000e+01         7.243767998278890e-02         
1.223125000000000e+01         7.218176843016978e-02         
1.223750000000000e+01         7.192981626085164e-02         
1.224375000000000e+01         7.168178308852488e-02         
1.225000000000000e+01         7.143762893170934e-02         
1.225625000000000e+01         7.119731422593814e-02         
1.226250000000000e+01         7.096079983477166e-02         
1.226875000000000e+01         7.072804705971263e-02         
1.227500000000000e+01         7.049901764909157e-02         
1.228125000000000e+01         7.027367380598648e-02         
1.228750000000000e+01         7.005197819523615e-02         
1.229375000000000e+01         6.983389394960593e-02         
1.230000000000000e+01         6.961938467515973e-02         
1.230625000000000e+01         6.940841445589065e-02         
1.231250000000000e+01         6.920094785765490e-02         
1.231875000000000e+01         6.899694993146123e-02         
1.232500000000000e+01         6.879638621615347e-02         
1.233125000000000e+01         6.859922274053006e-02         
1.233750000000000e+01         6.840542602493831e-02         
1.234375000000000e+01         6.821496308238029e-02         
1.235000000000000e+01         6.802780141916490e-02         
1.235625000000000e+01         6.784390903513531e-02         
1.236250000000000e+01         6.766325442351011e-02         
1.236875000000000e+01         6.748580657035748e-02         
1.237500000000000e+01         6.731153495373704e-02         
1.238125000000000e+01         6.714040954253071e-02         
1.238750000000000e+01         6.697240079498989e-02         
1.239375000000000e+01         6.680747965701750e-02         
1.240000000000000e+01         6.664561756021058e-02         
1.240625000000000e+01         6.648678641968236e-02         
1.241250000000000e+01         6.633095863167966e-02         
1.241875000000000e+01         6.617810707101854e-02         
1.242500000000000e+01         6.602820508835137e-02         
1.243125000000000e+01         6.588122650728137e-02         
1.243750000000000e+01         6.573714562134123e-02         
1.244375000000000e+01         6.559593719084814e-02         
1.245000000000000e+01         6.545757643964835e-02         
1.245625000000000e+01         6.532203905176526e-02         
1.246250000000000e+01         6.518930116795875e-02         
1.246875000000000e+01         6.505933938221163e-02         
1.247500000000000e+01         6.493213073814780e-02         
1.248125000000000e+01         6.480765272539672e-02         
1.248750000000000e+01         6.468588327590906e-02         
1.249375000000000e+01         6.456680076023412e-02         
1.250000000000000e+01         6.445038398376599e-02         
1.250625000000000e+01         6.433661218296431e-02         
1.251250000000000e+01         6.422546502156062e-02         
1.251875000000000e+01         6.411692258675049e-02         
1.252500000000000e+01         6.401096538538252e-02         
1.253125000000000e+01         6.390757434014735e-02         
1.253750000000000e+01         6.380673078577150e-02         
1.254375000000000e+01         6.370841646522256e-02         
1.255000000000000e+01         6.361261352592684e-02         
1.255625000000000e+01         6.351930451600803e-02         
1.256250000000000e+01         6.342847238054698e-02         
1.256875000000000e+01         6.334010045786760e-02         
1.257500000000000e+01         6.325417247585152e-02         
1.258125000000000e+01         6.317067254828575e-02         
1.258750000000000e+01         6.308958517124508e-02         
1.259375000000000e+01         6.301089521951055e-02         
1.260000000000000e+01         6.293458794303022e-02         
1.260625000000000e+01         6.286064896341848e-02         
1.261250000000000e+01         6.278906427050272e-02         
1.261875000000000e+01         6.271982021891255e-02         
1.262500000000000e+01         6.265290352471869e-02         
1.263125000000000e+01         6.258830126211803e-02         
1.263750000000000e+01         6.252600086017096e-02         
1.264375000000000e+01         6.246599009958811e-02         
1.265000000000000e+01         6.240825710957058e-02         
1.265625000000000e+01         6.235279036470220e-02         
1.266250000000000e+01         6.229957868189612e-02         
1.266875000000000e+01         6.224861121739615e-02         
1.267500000000000e+01         6.219987746383319e-02         
1.268125000000000e+01         6.215336724733756e-02         
1.268750000000000e+01         6.210907072470688e-02         
1.269375000000000e+01         6.206697838063139e-02         
1.270000000000000e+01         6.202708102497552e-02         
1.270625000000000e+01         6.198936979011611e-02         
1.271250000000000e+01         6.195383612833845e-02         
1.271875000000000e+01         6.192047180928863e-02         
1.272500000000000e+01         6.188926891748365e-02         
1.273125000000000e+01         6.186021984987929e-02         
1.273750000000000e+01         6.183331731349193e-02         
1.274375000000000e+01         6.180855432308136e-02         
1.275000000000000e+01         6.178592419888710e-02         
1.275625000000000e+01         6.176542056442101e-02         
1.276250000000000e+01         6.174703734431888e-02         
1.276875000000000e+01         6.173076876224309e-02         
1.277500000000000e+01         6.171660933884474e-02         
1.278125000000000e+01         6.170455388977762e-02         
1.278750000000000e+01         6.169459752376752e-02         
1.279375000000000e+01         6.168673564073598e-02         
1.280000000000000e+01         6.168096392997603e-02         
1.280625000000000e+01         6.167727836838134e-02         
1.281250000000000e+01         6.167567521872711e-02         
1.281875000000000e+01         6.167615102800247e-02         
1.282500000000000e+01         6.167870262579431e-02         
1.283125000000000e+01         6.168332712271904e-02         
1.283750000000000e+01         6.169002190890646e-02         
1.284375000000000e+01         6.169878465252958e-02         
1.285000000000000e+01         6.170961329838402e-02         
1.285625000000000e+01         6.172250606651364e-02         
1.286250000000000e+01         6.173746145088164e-02         
1.286875000000000e+01         6.175447821808764e-02         
1.287500000000000e+01         6.177355540612881e-02         
1.288125000000000e+01         6.179469232320425e-02         
1.288750000000000e+01         6.181788854656182e-02         
1.289375000000000e+01         6.184314392138576e-02         
1.290000000000000e+01         6.187045855972519e-02         
1.290625000000000e+01         6.189983283946169e-02         
1.291250000000000e+01         6.193126740331603e-02         
1.291875000000000e+01         6.196476315788829e-02         
1.292500000000000e+01         6.200032127273915e-02         
1.293125000000000e+01         6.203794317950086e-02         
1.293750000000000e+01         6.207763057102523e-02         
1.294375000000000e+01         6.211938540056086e-02         
1.295000000000000e+01         6.216320988096287e-02         
1.295625000000000e+01         6.220910648393157e-02         
1.296250000000000e+01         6.225707793927841e-02         
1.296875000000000e+01         6.230712723421963e-02         
1.297500000000000e+01         6.235925761269316e-02         
1.298125000000000e+01         6.241347257470101e-02         
1.298750000000000e+01         6.246977587567124e-02         
1.299375000000000e+01         6.252817152584154e-02         
1.300000000000000e+01         6.258866378966030e-02         
1.300625000000000e+01         6.265125718520544e-02         
1.301250000000000e+01         6.271595648361598e-02         
1.301875000000000e+01         6.278276670853822e-02         
1.302500000000000e+01         6.285169313558145e-02         
1.303125000000000e+01         6.292274129178352e-02         
1.303750000000000e+01         6.299591695508169e-02         
1.304375000000000e+01         6.307122615378932e-02         
1.305000000000000e+01         6.314867516607317e-02         
1.305625000000000e+01         6.322827051943064e-02         
1.306250000000000e+01         6.331001899016551e-02         
1.306875000000000e+01         6.339392760285684e-02         
1.307500000000000e+01         6.348000362982012e-02         
1.308125000000000e+01         6.356825459055843e-02         
1.308750000000000e+01         6.365868825119782e-02         
1.309375000000000e+01         6.375131262390922e-02         
1.310000000000000e+01         6.384613596630699e-02         
1.310625000000000e+01         6.394316678082726e-02         
1.311250000000000e+01         6.404241381407777e-02         
1.311875000000000e+01         6.414388605615932e-02         
1.312500000000000e+01         6.424759273995295e-02         
1.313125000000000e+01         6.435354334036911e-02         
1.313750000000000e+01         6.446174757355745e-02         
1.314375000000000e+01         6.457221539606851e-02         
1.315000000000000e+01         6.468495700396884e-02         
1.315625000000000e+01         6.479998283189960e-02         
1.316250000000000e+01         6.491730355207775e-02         
1.316875000000000e+01         6.503693007323319e-02         
1.317500000000000e+01         6.515887353947782e-02         
1.318125000000000e+01         6.528314532910098e-02         
1.318750000000000e+01         6.540975705328543e-02         
1.319375000000000e+01         6.553872055473910e-02         
1.320000000000000e+01         6.567004790623554e-02         
1.320625000000000e+01         6.580375140905907e-02         
1.321250000000000e+01         6.593984359134575e-02         
1.321875000000000e+01         6.607833720631513e-02         
1.322500000000000e+01         6.621924523038591e-02         
1.323125000000000e+01         6.636258086116759e-02         
1.323750000000000e+01         6.650835751532150e-02         
1.324375000000000e+01         6.665658882628299e-02         
1.325000000000000e+01         6.680728864183694e-02         
1.325625000000000e+01         6.696047102153758e-02         
1.326250000000000e+01         6.711615023396510e-02         
1.326875000000000e+01         6.727434075380957e-02         
1.327500000000000e+01         6.743505725877232e-02         
1.328125000000000e+01         6.759831462627450e-02         
1.328750000000000e+01         6.776412792996453e-02         
1.329375000000000e+01         6.793251243601303e-02         
1.330000000000000e+01         6.810348359918174e-02         
1.330625000000000e+01         6.827705705866020e-02         
1.331250000000000e+01         6.845324863365343e-02         
1.331875000000000e+01         6.863207431871059e-02         
1.332500000000000e+01         6.881355027878241e-02         
1.333125000000000e+01         6.899769284399188e-02         
1.333750000000000e+01         6.918451850410579e-02         
1.334375000000000e+01         6.937404390269407e-02         
1.335000000000000e+01         6.956628583095933e-02         
1.335625000000000e+01         6.976126122122298e-02         
1.336250000000000e+01         6.995898714005176e-02         
1.336875000000000e+01         7.015948078100756e-02         
1.337500000000000e+01         7.036275945700365e-02         
1.338125000000000e+01         7.056884059224959e-02         
1.338750000000000e+01         7.077774171376643e-02         
1.339375000000000e+01         7.098948044245217e-02         
1.340000000000000e+01         7.120407448368019e-02         
1.340625000000000e+01         7.142154161740578e-02         
1.341250000000000e+01         7.164189968776474e-02         
1.341875000000000e+01         7.186516659213839e-02         
1.342500000000000e+01         7.209136026966267e-02         
1.343125000000000e+01         7.232049868916063e-02         
1.343750000000000e+01         7.255259983647121e-02         
1.344375000000000e+01         7.278768170115028e-02         
1.345000000000000e+01         7.302576226251842e-02         
1.345625000000000e+01         7.326685947502827e-02         
1.346250000000000e+01         7.351099125292521e-02         
1.346875000000000e+01         7.375817545417077e-02         
1.347500000000000e+01         7.400842986360361e-02         
1.348125000000000e+01         7.426177217530271e-02         
1.348750000000000e+01         7.451821997412746e-02         
1.349375000000000e+01         7.477779071639842e-02         
1.350000000000000e+01         7.504050170969008e-02         
1.350625000000000e+01         7.530637009169781e-02         
1.351250000000000e+01         7.557541280815112e-02         
1.351875000000000e+01         7.584764658973031e-02         
1.352500000000000e+01         7.612308792795662e-02         
1.353125000000000e+01         7.640175305001737e-02         
1.353750000000000e+01         7.668365789248739e-02         
1.354375000000000e+01         7.696881807390911e-02         
1.355000000000000e+01         7.725724886619359e-02         
1.355625000000000e+01         7.754896516480009e-02         
1.356250000000000e+01         7.784398145765585e-02         
1.356875000000000e+01         7.814231179277410e-02         
1.357500000000000e+01         7.844396974452895e-02         
1.358125000000000e+01         7.874896837854359e-02         
1.358750000000000e+01         7.905732021515172e-02         
1.359375000000000e+01         7.936903719138680e-02         
1.360000000000000e+01         7.968413062145679e-02         
1.360625000000000e+01         8.000261115566158e-02         
1.361250000000000e+01         8.032448873770662e-02         
1.361875000000000e+01         8.064977256037378e-02         
1.362500000000000e+01         8.097847101950124e-02         
1.363125000000000e+01         8.131059166623283e-02         
1.363750000000000e+01         8.164614115749244e-02         
1.364375000000000e+01         8.198512520464107e-02         
1.365000000000000e+01         8.232754852027674e-02         
1.365625000000000e+01         8.267341476313650e-02         
1.366250000000000e+01         8.302272648106011e-02         
1.366875000000000e+01         8.337548505198017e-02         
1.367500000000000e+01         8.373169062290128e-02         
1.368125000000000e+01         8.409134204683519e-02         
1.368750000000000e+01         8.445443681765981e-02         
1.369375000000000e+01         8.482097100287421e-02         
1.370000000000000e+01         8.519093917422231e-02         
1.370625000000000e+01         8.556433433616338e-02         
1.371250000000000e+01         8.594114785217202e-02         
1.371875000000000e+01         8.632136936884992e-02         
1.372500000000000e+01         8.670498673784090e-02         
1.373125000000000e+01         8.709198593554518e-02         
1.373750000000000e+01         8.748235098063160e-02         
1.374375000000000e+01         8.787606384935395e-02         
1.375000000000000e+01         8.827310438868798e-02         
1.375625000000000e+01         8.867345022730523e-02         
1.376250000000000e+01         8.907707668441556e-02         
1.376875000000000e+01         8.948395667651173e-02         
1.377500000000000e+01         8.989406062206570e-02         
1.378125000000000e+01         9.030735634422887e-02         
1.378750000000000e+01         9.072380897160480e-02         
1.379375000000000e+01         9.114338083717223e-02         
1.380000000000000e+01         9.156603137544571e-02         
1.380625000000000e+01         9.199171701798033e-02         
1.381250000000000e+01         9.242039108733230e-02         
1.381875000000000e+01         9.285200368961136e-02         
1.382500000000000e+01         9.328650160576742e-02         
1.383125000000000e+01         9.372382818177614e-02         
1.383750000000000e+01         9.416392321790237e-02         
1.384375000000000e+01         9.460672285724070e-02         
1.385000000000000e+01         9.505215947374702e-02         
1.385625000000000e+01         9.550016156000012e-02         
1.386250000000000e+01         9.595065361494955e-02         
1.386875000000000e+01         9.640355603192795e-02         
1.387500000000000e+01         9.685878498722716e-02         
1.388125000000000e+01         9.731625232956417e-02         
1.388750000000000e+01         9.777586547078096e-02         
1.389375000000000e+01         9.823752727814998e-02         
1.390000000000000e+01         9.870113596868289e-02         
1.390625000000000e+01         9.916658500585983e-02         
1.391250000000000e+01         9.963376299922976e-02         
1.391875000000000e+01         1.001025536073480e-01         
1.392500000000000e+01         1.005728354445540e-01         
1.393125000000000e+01         1.010444819921089e-01         
1.393750000000000e+01         1.015173615142427e-01         
1.394375000000000e+01         1.019913369796844e-01         
1.395000000000000e+01         1.024662659892721e-01         
1.395625000000000e+01         1.029420007102647e-01         
1.396250000000000e+01         1.034183878179976e-01         
1.396875000000000e+01         1.038952684455501e-01         
1.397500000000000e+01         1.043724781421012e-01         
1.398125000000000e+01         1.048498468406826e-01         
1.398750000000000e+01         1.053271988360403e-01         
1.399375000000000e+01         1.058043527733340e-01         
1.400000000000000e+01         1.062811216484142e-01         
1.400625000000000e+01         1.067573128204186e-01         
1.401250000000000e+01         1.072327280374410e-01         
1.401875000000000e+01         1.077071634760105e-01         
1.402500000000000e+01         1.081804097951309e-01         
1.403125000000000e+01         1.086522522056030e-01         
1.403750000000000e+01         1.091224705553511e-01         
1.404375000000000e+01         1.095908394314433e-01         
1.405000000000000e+01         1.100571282794769e-01         
1.405625000000000e+01         1.105211015409626e-01         
1.406250000000000e+01         1.109825188093048e-01         
1.406875000000000e+01         1.114411350049264e-01         
1.407500000000000e+01         1.118967005700416e-01         
1.408125000000000e+01         1.123489616835100e-01         
1.408750000000000e+01         1.127976604961477e-01         
1.409375000000000e+01         1.132425353867914e-01         
1.410000000000000e+01         1.136833212393347e-01         
1.410625000000000e+01         1.141197497408640e-01         
1.411250000000000e+01         1.145515497009285e-01         
1.411875000000000e+01         1.149784473918727e-01         
1.412500000000000e+01         1.154001669100589e-01         
1.413125000000000e+01         1.158164305576806e-01         
1.413750000000000e+01         1.162269592447603e-01         
1.414375000000000e+01         1.166314729107886e-01         
1.415000000000000e+01         1.170296909653404e-01         
1.415625000000000e+01         1.174213327468641e-01         
1.416250000000000e+01         1.178061179987070e-01         
1.416875000000000e+01         1.181837673613038e-01         
1.417500000000000e+01         1.185540028793157e-01         
1.418125000000000e+01         1.189165485223695e-01         
1.418750000000000e+01         1.192711307179099e-01         
1.419375000000000e+01         1.196174788945528e-01         
1.420000000000000e+01         1.199553260341871e-01         
1.420625000000000e+01         1.202844092309656e-01         
1.421250000000000e+01         1.206044702551985e-01         
1.421875000000000e+01         1.209152561200657e-01         
1.422500000000000e+01         1.212165196489618e-01         
1.423125000000000e+01         1.215080200412133e-01         
1.423750000000000e+01         1.217895234338232e-01         
1.424375000000000e+01         1.220608034568554e-01         
1.425000000000000e+01         1.223216417800153e-01         
1.425625000000000e+01         1.225718286479704e-01         
1.426250000000000e+01         1.228111634019348e-01         
1.426875000000000e+01         1.230394549850572e-01         
1.427500000000000e+01         1.232565224291790e-01         
1.428125000000000e+01         1.234621953205687e-01         
1.428750000000000e+01         1.236563142423142e-01         
1.429375000000000e+01         1.238387311911260e-01         
1.430000000000000e+01         1.240093099664182e-01         
1.430625000000000e+01         1.241679265296402e-01         
1.431250000000000e+01         1.243144693319869e-01         
1.431875000000000e+01         1.244488396087470e-01         
1.432500000000000e+01         1.245709516387378e-01         
1.433125000000000e+01         1.246807329674431e-01         
1.433750000000000e+01         1.247781245926708e-01         
1.434375000000000e+01         1.248630811117517e-01         
1.435000000000000e+01         1.249355708295123e-01         
1.435625000000000e+01         1.249955758264799e-01         
1.436250000000000e+01         1.250430919869949e-01         
1.436875000000000e+01         1.250781289871434e-01         
1.437500000000000e+01         1.251007102426433e-01         
1.438125000000000e+01         1.251108728170477e-01         
1.438750000000000e+01         1.251086672908508e-01         
1.439375000000000e+01         1.250941575923031e-01         
1.440000000000000e+01         1.250674207909436e-01         
1.440625000000000e+01         1.250285468550636e-01         
1.441250000000000e+01         1.249776383745056e-01         
1.441875000000000e+01         1.249148102503675e-01         
1.442500000000000e+01         1.248401893533562e-01         
1.443125000000000e+01         1.247539141526694e-01         
1.443750000000000e+01         1.246561343174158e-01         
1.444375000000000e+01         1.245470102927062e-01         
1.445000000000000e+01         1.244267128526207e-01         
1.445625000000000e+01         1.242954226323542e-01         
1.446250000000000e+01         1.241533296418860e-01         
1.446875000000000e+01         1.240006327635636e-01         
1.447500000000000e+01         1.238375392360067e-01         
1.448125000000000e+01         1.236642641267467e-01         
1.448750000000000e+01         1.234810297960000e-01         
1.449375000000000e+01         1.232880653539363e-01         
1.450000000000000e+01         1.230856061137732e-01         
1.450625000000000e+01         1.228738930429504e-01         
1.451250000000000e+01         1.226531722145769e-01         
1.451875000000000e+01         1.224236942612539e-01         
1.452500000000000e+01         1.221857138332840e-01         
1.453125000000000e+01         1.219394890631646e-01         
1.453750000000000e+01         1.216852810381665e-01         
1.454375000000000e+01         1.214233532826620e-01         
1.455000000000000e+01         1.211539712517529e-01         
1.455625000000000e+01         1.208774018376211e-01         
1.456250000000000e+01         1.205939128898902e-01         
1.456875000000000e+01         1.203037727511531e-01         
1.457500000000000e+01         1.200072498086989e-01         
1.458125000000000e+01         1.197046120633244e-01         
1.458750000000000e+01         1.193961267160045e-01         
1.459375000000000e+01         1.190820597730539e-01         
1.460000000000000e+01         1.187626756702999e-01         
1.460625000000000e+01         1.184382369166664e-01         
1.461250000000000e+01         1.181090037574469e-01         
1.461875000000000e+01         1.177752338574482e-01         
1.462500000000000e+01         1.174371820040778e-01         
1.463125000000000e+01         1.170950998303511e-01         
1.463750000000000e+01         1.167492355577112e-01         
1.464375000000000e+01         1.163998337584622e-01         
1.465000000000000e+01         1.160471351375542e-01         
1.465625000000000e+01         1.156913763333725e-01         
1.466250000000000e+01         1.153327897371359e-01         
1.466875000000000e+01         1.149716033304470e-01         
1.467500000000000e+01         1.146080405404888e-01         
1.468125000000000e+01         1.142423201123175e-01         
1.468750000000000e+01         1.138746559976721e-01         
1.469375000000000e+01         1.135052572596806e-01         
1.470000000000000e+01         1.131343279928277e-01         
1.470625000000000e+01         1.127620672575239e-01         
1.471250000000000e+01         1.123886690285997e-01         
1.471875000000000e+01         1.120143221570443e-01         
1.472500000000000e+01         1.116392103443005e-01         
1.473125000000000e+01         1.112635121284195e-01         
1.473750000000000e+01         1.108874008813970e-01         
1.474375000000000e+01         1.105110448169983e-01         
1.475000000000000e+01         1.101346070084009e-01         
1.475625000000000e+01         1.097582454149956e-01         
1.476250000000000e+01         1.093821129176859e-01         
1.476875000000000e+01         1.090063573620650e-01         
1.477500000000000e+01         1.086311216088387e-01         
1.478125000000000e+01         1.082565435909066e-01         
1.478750000000000e+01         1.078827563765187e-01         
1.479375000000000e+01         1.075098882379472e-01         
1.480000000000000e+01         1.071380627251466e-01         
1.480625000000000e+01         1.067673987438806e-01         
1.481250000000000e+01         1.063980106378300e-01         
1.481875000000000e+01         1.060300082742148e-01         
1.482500000000000e+01         1.056634971324867e-01         
1.483125000000000e+01         1.052985783956683e-01         
1.483750000000000e+01         1.049353490439505e-01         
1.484375000000000e+01         1.045739019501628e-01         
1.485000000000000e+01         1.042143259767740e-01         
1.485625000000000e+01         1.038567060740870e-01         
1.486250000000000e+01         1.035011233793225e-01         
1.486875000000000e+01         1.031476553163041e-01         
1.487500000000000e+01         1.027963756954744e-01         
1.488125000000000e+01         1.024473548139995e-01         
1.488750000000000e+01         1.021006595557269e-01         
1.489375000000000e+01         1.017563534907919e-01         
1.490000000000000e+01         1.014144969746738e-01         
1.490625000000000e+01         1.010751472465304e-01         
1.491250000000000e+01         1.007383585266434e-01         
1.491875000000000e+01         1.004041821128351e-01         
1.492500000000000e+01         1.000726664757207e-01         
1.493125000000000e+01         9.974385735267947e-02         
1.493750000000000e+01         9.941779784043760e-02         
1.494375000000000e+01         9.909452848617363e-02         
1.495000000000000e+01         9.877408737705930e-02         
1.495625000000000e+01         9.845651022816705e-02         
1.496250000000000e+01         9.814183046868279e-02         
1.496875000000000e+01         9.783007932637140e-02         
1.497500000000000e+01         9.752128591024915e-02         
1.498125000000000e+01         9.721547729143376e-02         
1.498750000000000e+01         9.691267858213529e-02         
1.499375000000000e+01         9.661291301277389e-02         
1.500000000000000e+01         9.631620200720663e-02         
1.500625000000000e+01         9.602256525605470e-02         
1.501250000000000e+01         9.573202078812688e-02         
1.501875000000000e+01         9.544458503994317e-02         
1.502500000000000e+01         9.516027292336232e-02         
1.503125000000000e+01         9.487909789132151e-02         
1.503750000000000e+01         9.460107200170748e-02         
1.504375000000000e+01         9.432620597936950e-02         
1.505000000000000e+01         9.405450927630044e-02         
1.505625000000000e+01         9.378599013000351e-02         
1.506250000000000e+01         9.352065562007279e-02         
1.506875000000000e+01         9.325851172301447e-02         
1.507500000000000e+01         9.299956336533477e-02         
1.508125000000000e+01         9.274381447493181e-02         
1.508750000000000e+01         9.249126803081631e-02         
1.509375000000000e+01         9.224192611119847e-02         
1.510000000000000e+01         9.199578993997422e-02         
1.510625000000000e+01         9.175285993164606e-02         
1.511250000000000e+01         9.151313573471417e-02         
1.511875000000000e+01         9.127661627357246e-02         
1.512500000000000e+01         9.104329978894969e-02         
1.513125000000000e+01         9.081318387692808e-02         
1.513750000000000e+01         9.058626552657849e-02         
1.514375000000000e+01         9.036254115625111e-02         
1.515000000000000e+01         9.014200664855271e-02         
1.515625000000000e+01         8.992465738405339e-02         
1.516250000000000e+01         8.971048827375530e-02         
1.516875000000000e+01         8.949949379035940e-02         
1.517500000000000e+01         8.929166799836963e-02         
1.518125000000000e+01         8.908700458306457e-02         
1.518750000000000e+01         8.888549687837558e-02         
1.519375000000000e+01         8.868713789370314e-02         
1.520000000000000e+01         8.849192033970529e-02         
1.520625000000000e+01         8.829983665309463e-02         
1.521250000000000e+01         8.811087902047011e-02         
1.521875000000000e+01         8.792503940122225e-02         
1.522500000000000e+01         8.774230954953678e-02         
1.523125000000000e+01         8.756268103553314e-02         
1.523750000000000e+01         8.738614526556140e-02         
1.524375000000000e+01         8.721269350169279e-02         
1.525000000000000e+01         8.704231688042798e-02         
1.525625000000000e+01         8.687500643065256e-02         
1.526250000000000e+01         8.671075309086609e-02         
1.526875000000000e+01         8.654954772571219e-02         
1.527500000000000e+01         8.639138114183256e-02         
1.528125000000000e+01         8.623624410307379e-02         
1.528750000000000e+01         8.608412734506761e-02         
1.529375000000000e+01         8.593502158920888e-02         
1.530000000000000e+01         8.578891755605604e-02         
1.530625000000000e+01         8.564580597817358e-02         
1.531250000000000e+01         8.550567761243869e-02         
1.531875000000000e+01         8.536852325183458e-02         
1.532500000000000e+01         8.523433373674776e-02         
1.533125000000000e+01         8.510309996579155e-02         
1.533750000000000e+01         8.497481290617276e-02         
1.534375000000000e+01         8.484946360361920e-02         
1.535000000000000e+01         8.472704319189046e-02         
1.535625000000000e+01         8.460754290188140e-02         
1.536250000000000e+01         8.449095407034141e-02         
1.536875000000000e+01         8.437726814822348e-02         
1.537500000000000e+01         8.426647670867610e-02         
1.538125000000000e+01         8.415857145469477e-02         
1.538750000000000e+01         8.405354422645156e-02         
1.539375000000000e+01         8.395138700830641e-02         
1.540000000000000e+01         8.385209193552486e-02         
1.540625000000000e+01         8.375565130070685e-02         
1.541250000000000e+01         8.366205755994427e-02         
1.541875000000000e+01         8.357130333871501e-02         
1.542500000000000e+01         8.348338143752961e-02         
1.543125000000000e+01         8.339828483733730e-02         
1.543750000000000e+01         8.331600670470569e-02         
1.544375000000000e+01         8.323654039678124e-02         
1.545000000000000e+01         8.315987946604292e-02         
1.545625000000000e+01         8.308601766485911e-02         
1.546250000000000e+01         8.301494894985316e-02         
1.546875000000000e+01         8.294666748609096e-02         
1.547500000000000e+01         8.288116765109650e-02         
1.548125000000000e+01         8.281844403870167e-02         
1.548750000000000e+01         8.275849146274675e-02         
1.549375000000000e+01         8.270130496062579e-02         
1.550000000000000e+01         8.264687979669630e-02         
1.550625000000000e+01         8.259521146555399e-02         
1.551250000000000e+01         8.254629569517874e-02         
1.551875000000000e+01         8.250012844996275e-02         
1.552500000000000e+01         8.245670593362261e-02         
1.553125000000000e+01         8.241602459200321e-02         
1.553750000000000e+01         8.237808111577809e-02         
1.554375000000000e+01         8.234287244305341e-02         
1.555000000000000e+01         8.231039576187868e-02         
1.555625000000000e+01         8.228064851266977e-02         
1.556250000000000e+01         8.225362839055095e-02         
1.556875000000000e+01         8.222933334761602e-02         
1.557500000000000e+01         8.220776159511667e-02         
1.558125000000000e+01         8.218891160558207e-02         
1.558750000000000e+01         8.217278211487047e-02         
1.559375000000000e+01         8.215937212416018e-02         
1.560000000000000e+01         8.214868090188032e-02         
1.560625000000000e+01         8.214070798558702e-02         
1.561250000000000e+01         8.213545318378675e-02         
1.561875000000000e+01         8.213291657771092e-02         
1.562500000000000e+01         8.213309852304314e-02         
1.563125000000000e+01         8.213599965160315e-02         
1.563750000000000e+01         8.214162087298950e-02         
1.564375000000000e+01         8.214996337618155e-02         
1.565000000000000e+01         8.216102863110743e-02         
1.565625000000000e+01         8.217481839017379e-02         
1.566250000000000e+01         8.219133468976543e-02         
1.566875000000000e+01         8.221057985171173e-02         
1.567500000000000e+01         8.223255648472330e-02         
1.568125000000000e+01         8.225726748580224e-02         
1.568750000000000e+01         8.228471604162207e-02         
1.569375000000000e+01         8.231490562988567e-02         
1.570000000000000e+01         8.234784002065414e-02         
1.570625000000000e+01         8.238352327765634e-02         
1.571250000000000e+01         8.242195975957005e-02         
1.571875000000000e+01         8.246315412128427e-02         
1.572500000000000e+01         8.250711131513809e-02         
1.573125000000000e+01         8.255383659213511e-02         
1.573750000000000e+01         8.260333550314178e-02         
1.574375000000000e+01         8.265561390005750e-02         
1.575000000000000e+01         8.271067793696670e-02         
1.575625000000000e+01         8.276853407126855e-02         
1.576250000000000e+01         8.282918906478176e-02         
1.576875000000000e+01         8.289264998482952e-02         
1.577500000000000e+01         8.295892420529723e-02         
1.578125000000000e+01         8.302801940766942e-02         
1.578750000000000e+01         8.309994358203626e-02         
1.579375000000000e+01         8.317470502807850e-02         
1.580000000000000e+01         8.325231235601917e-02         
1.580625000000000e+01         8.333277448755036e-02         
1.581250000000000e+01         8.341610065672517e-02         
1.581875000000000e+01         8.350230041081746e-02         
1.582500000000000e+01         8.359138361114871e-02         
1.583125000000000e+01         8.368336043387477e-02         
1.583750000000000e+01         8.377824137073367e-02         
1.584375000000000e+01         8.387603722975324e-02         
1.585000000000000e+01         8.397675913591106e-02         
1.585625000000000e+01         8.408041853174884e-02         
1.586250000000000e+01         8.418702717793421e-02         
1.586875000000000e+01         8.429659715376928e-02         
1.587500000000000e+01         8.440914085764073e-02         
1.588125000000000e+01         8.452467100740788e-02         
1.588750000000000e+01         8.464320064072661e-02         
1.589375000000000e+01         8.476474311529981e-02         
1.590000000000000e+01         8.488931210905712e-02         
1.590625000000000e+01         8.501692162025183e-02         
1.591250000000000e+01         8.514758596747507e-02         
1.591875000000000e+01         8.528131978958040e-02         
1.592500000000000e+01         8.541813804551028e-02         
1.593125000000000e+01         8.555805601402354e-02         
1.593750000000000e+01         8.570108929331333e-02         
1.594375000000000e+01         8.584725380051081e-02         
1.595000000000000e+01         8.599656577106765e-02         
1.595625000000000e+01         8.614904175800911e-02         
1.596250000000000e+01         8.630469863105039e-02         
1.596875000000000e+01         8.646355357556861e-02         
1.597500000000000e+01         8.662562409142180e-02         
1.598125000000000e+01         8.679092799160487e-02         
1.598750000000000e+01         8.695948340073464e-02         
1.599375000000000e+01         8.713130875335381e-02         
1.600000000000000e+01         8.730642279204288e-02         
1.600625000000000e+01         8.748484456532919e-02         
1.601250000000000e+01         8.766659342538503e-02         
1.601875000000000e+01         8.785168902549671e-02         
1.602500000000000e+01         8.804015131729842e-02         
1.603125000000000e+01         8.823200054775547e-02         
1.603750000000000e+01         8.842725725588198e-02         
1.604375000000000e+01         8.862594226918262e-02         
1.605000000000000e+01         8.882807669979950e-02         
1.605625000000000e+01         8.903368194035231e-02         
1.606250000000000e+01         8.924277965945314e-02         
1.606875000000000e+01         8.945539179688114e-02         
1.607500000000000e+01         8.967154055839846e-02         
1.608125000000000e+01         8.989124841018889e-02         
1.608750000000000e+01         9.011453807290198e-02         
1.609375000000000e+01         9.034143251527950e-02         
1.610000000000000e+01         9.057195494734767e-02         
1.610625000000000e+01         9.080612881314959e-02         
1.611250000000000e+01         9.104397778299844e-02         
1.611875000000000e+01         9.128552574522665e-02         
1.612500000000000e+01         9.153079679740646e-02         
1.613125000000000e+01         9.177981523701660e-02         
1.613750000000000e+01         9.203260555152941e-02         
1.614375000000000e+01         9.228919240789037e-02         
1.615000000000000e+01         9.254960064136036e-02         
1.615625000000000e+01         9.281385524369454e-02         
1.616250000000000e+01         9.308198135062060e-02         
1.616875000000000e+01         9.335400422859166e-02         
1.617500000000000e+01         9.362994926077446e-02         
1.618125000000000e+01         9.390984193224190e-02         
1.618750000000000e+01         9.419370781433242e-02         
1.619375000000000e+01         9.448157254813869e-02         
1.620000000000000e+01         9.477346182708765e-02         
1.620625000000000e+01         9.506940137857268e-02         
1.621250000000000e+01         9.536941694459414e-02         
1.621875000000000e+01         9.567353426136729e-02         
1.622500000000000e+01         9.598177903785121e-02         
1.623125000000000e+01         9.629417693315577e-02         
1.623750000000000e+01         9.661075353277571e-02         
1.624375000000000e+01         9.693153432360398e-02         
1.625000000000000e+01         9.725654466767539e-02         
1.625625000000000e+01         9.758580977458331e-02         
1.626250000000000e+01         9.791935467252204e-02         
1.626875000000000e+01         9.825720417789473e-02         
1.627500000000000e+01         9.859938286342729e-02         
1.628125000000000e+01         9.894591502473819e-02         
1.628750000000000e+01         9.929682464529119e-02         
1.629375000000000e+01         9.965213535968241e-02         
1.630000000000000e+01         1.000118704151825e-01         
1.630625000000000e+01         1.003760526314836e-01         
1.631250000000000e+01         1.007447043585731e-01         
1.631875000000000e+01         1.011178474326671e-01         
1.632500000000000e+01         1.014955031301415e-01         
1.633125000000000e+01         1.018776921193744e-01         
1.633750000000000e+01         1.022644344104442e-01         
1.634375000000000e+01         1.026557493025905e-01         
1.635000000000000e+01         1.030516553293794e-01         
1.635625000000000e+01         1.034521702014850e-01         
1.636250000000000e+01         1.038573107470120e-01         
1.636875000000000e+01         1.042670928492863e-01         
1.637500000000000e+01         1.046815313820253e-01         
1.638125000000000e+01         1.051006401418173e-01         
1.638750000000000e+01         1.055244317778241e-01         
1.639375000000000e+01         1.059529177186274e-01         
1.640000000000000e+01         1.063861080961456e-01         
1.640625000000000e+01         1.068240116665313e-01         
1.641250000000000e+01         1.072666357279794e-01         
1.641875000000000e+01         1.077139860353670e-01         
1.642500000000000e+01         1.081660667116439e-01         
1.643125000000000e+01         1.086228801559090e-01         
1.643750000000000e+01         1.090844269480934e-01         
1.644375000000000e+01         1.095507057501846e-01         
1.645000000000000e+01         1.100217132039266e-01         
1.645625000000000e+01         1.104974438249349e-01         
1.646250000000000e+01         1.109778898931695e-01         
1.646875000000000e+01         1.114630413397111e-01         
1.647500000000000e+01         1.119528856298031e-01         
1.648125000000000e+01         1.124474076421113e-01         
1.648750000000000e+01         1.129465895441757e-01         
1.649375000000000e+01         1.134504106640317e-01         
1.650000000000000e+01         1.139588473579816e-01         
1.650625000000000e+01         1.144718728745238e-01         
1.651250000000000e+01         1.149894572144341e-01         
1.651875000000000e+01         1.155115669870339e-01         
1.652500000000000e+01         1.160381652626700e-01         
1.653125000000000e+01         1.165692114214608e-01         
1.653750000000000e+01         1.171046609983713e-01         
1.654375000000000e+01         1.176444655247021e-01         
1.655000000000000e+01         1.181885723660990e-01         
1.655625000000000e+01         1.187369245571966e-01         
1.656250000000000e+01         1.192894606330522e-01         
1.656875000000000e+01         1.198461144575307e-01         
1.657500000000000e+01         1.204068150488409e-01         
1.658125000000000e+01         1.209714864024411e-01         
1.658750000000000e+01         1.215400473115667e-01         
1.659375000000000e+01         1.221124111856631e-01         
1.660000000000000e+01         1.226884858670305e-01         
1.660625000000000e+01         1.232681734460364e-01         
1.661250000000000e+01         1.238513700752780e-01         
1.661875000000000e+01         1.244379657831129e-01         
1.662500000000000e+01         1.250278442870253e-01         
1.663125000000000e+01         1.256208828073251e-01         
1.663750000000000e+01         1.262169518817346e-01         
1.664375000000000e+01         1.268159151814416e-01         
1.665000000000000e+01         1.274176293292668e-01         
1.665625000000000e+01         1.280219437206267e-01         
1.666250000000000e+01         1.286287003480188e-01         
1.666875000000000e+01         1.292377336298233e-01         
1.667500000000000e+01         1.298488702442432e-01         
1.668125000000000e+01         1.304619289692714e-01         
1.668750000000000e+01         1.310767205296222e-01         
1.669375000000000e+01         1.316930474516043e-01         
1.670000000000000e+01         1.323107039269829e-01         
1.670625000000000e+01         1.329294756869020e-01         
1.671250000000000e+01         1.335491398870157e-01         
1.671875000000000e+01         1.341694650049956e-01         
1.672500000000000e+01         1.347902107516406e-01         
1.673125000000000e+01         1.354111279968621e-01         
1.673750000000000e+01         1.360319587118290e-01         
1.674375000000000e+01         1.366524359286232e-01         
1.675000000000000e+01         1.372722837187564e-01         
1.675625000000000e+01         1.378912171919364e-01         
1.676250000000000e+01         1.385089425164846e-01         
1.676875000000000e+01         1.391251569628034e-01         
1.677500000000000e+01         1.397395489713192e-01         
1.678125000000000e+01         1.403517982462770e-01         
1.678750000000000e+01         1.409615758767928e-01         
1.679375000000000e+01         1.415685444864972e-01         
1.680000000000000e+01         1.421723584130880e-01         
1.680625000000000e+01         1.427726639190597e-01         
1.681250000000000e+01         1.433690994347894e-01         
1.681875000000000e+01         1.439612958351104e-01         
1.682500000000000e+01         1.445488767503815e-01         
1.683125000000000e+01         1.451314589129819e-01         
1.683750000000000e+01         1.457086525400162e-01         
1.684375000000000e+01         1.462800617528829e-01         
1.685000000000000e+01         1.468452850342208e-01         
1.685625000000000e+01         1.474039157225522e-01         
1.686250000000000e+01         1.479555425447867e-01         
1.686875000000000e+01         1.484997501865282e-01         
1.687500000000000e+01         1.490361198999282e-01         
1.688125000000000e+01         1.495642301485997e-01         
1.688750000000000e+01         1.500836572888613e-01         
1.689375000000000e+01         1.505939762863432e-01         
1.690000000000000e+01         1.510947614667153e-01         
1.690625000000000e+01         1.515855872990360e-01         
1.691250000000000e+01         1.520660292099516e-01         
1.691875000000000e+01         1.525356644266882e-01         
1.692500000000000e+01         1.529940728465115e-01         
1.693125000000000e+01         1.534408379300424e-01         
1.693750000000000e+01         1.538755476155557e-01         
1.694375000000000e+01         1.542977952511090e-01         
1.695000000000000e+01         1.547071805411036e-01         
1.695625000000000e+01         1.551033105036399e-01         
1.696250000000000e+01         1.554858004347862e-01         
1.696875000000000e+01         1.558542748756984e-01         
1.697500000000000e+01         1.562083685783218e-01         
1.698125000000000e+01         1.565477274652633e-01         
1.698750000000000e+01         1.568720095792934e-01         
1.699375000000000e+01         1.571808860178268e-01         
1.700000000000000e+01         1.574740418476833e-01         
1.700625000000000e+01         1.577511769953964e-01         
1.701250000000000e+01         1.580120071083399e-01         
1.701875000000000e+01         1.582562643820117e-01         
1.702500000000000e+01         1.584836983488778e-01         
1.703125000000000e+01         1.586940766243356e-01         
1.703750000000000e+01         1.588871856054994e-01         
1.704375000000000e+01         1.590628311187471e-01         
1.705000000000000e+01         1.592208390121926e-01         
1.705625000000000e+01         1.593610556895460e-01         
1.706250000000000e+01         1.594833485821441e-01         
1.706875000000000e+01         1.595876065562721e-01         
1.707500000000000e+01         1.596737402533016e-01         
1.708125000000000e+01         1.597416823605451e-01         
1.708750000000000e+01         1.597913878111846e-01         
1.709375000000000e+01         1.598228339120523e-01         
1.710000000000000e+01         1.598360203985080e-01         
1.710625000000000e+01         1.598309694161269e-01         
1.711250000000000e+01         1.598077254293579e-01         
1.711875000000000e+01         1.597663550578046e-01         
1.712500000000000e+01         1.597069468412126e-01         
1.713125000000000e+01         1.596296109347073e-01         
1.713750000000000e+01         1.595344787362558e-01         
1.714375000000000e+01         1.594217024487240e-01         
1.715000000000000e+01         1.592914545792952e-01         
1.715625000000000e+01         1.591439273793668e-01         
1.716250000000000e+01         1.589793322283660e-01         
1.716875000000000e+01         1.587978989652204e-01         
1.717500000000000e+01         1.585998751714627e-01         
1.718125000000000e+01         1.583855254101769e-01         
1.718750000000000e+01         1.581551304251597e-01         
1.719375000000000e+01         1.579089863048140e-01         
1.720000000000000e+01         1.576474036153826e-01         
1.720625000000000e+01         1.573707065081900e-01         
1.721250000000000e+01         1.570792318055783e-01         
1.721875000000000e+01         1.567733280702019e-01         
1.722500000000000e+01         1.564533546622880e-01         
1.723125000000000e+01         1.561196807893890e-01         
1.723750000000000e+01         1.557726845530189e-01         
1.724375000000000e+01         1.554127519964305e-01         
1.725000000000000e+01         1.550402761576034e-01         
1.725625000000000e+01         1.546556561313178e-01         
1.726250000000000e+01         1.542592961439772e-01         
1.726875000000000e+01         1.538516046445903e-01         
1.727500000000000e+01         1.534329934151022e-01         
1.728125000000000e+01         1.530038767029718e-01         
1.728750000000000e+01         1.525646703786504e-01         
1.729375000000000e+01         1.521157911203416e-01         
1.730000000000000e+01         1.516576556281343e-01         
1.730625000000000e+01         1.511906798693503e-01         
1.731250000000000e+01         1.507152783566623e-01         
1.731875000000000e+01         1.502318634602783e-01         
1.732500000000000e+01         1.497408447552446e-01         
1.733125000000000e+01         1.492426284046493e-01         
1.733750000000000e+01         1.487376165792972e-01         
1.734375000000000e+01         1.482262069141813e-01         
1.735000000000000e+01         1.477087920018786e-01         
1.735625000000000e+01         1.471857589227965e-01         
1.736250000000000e+01         1.466574888120046e-01         
1.736875000000000e+01         1.461243564622353e-01         
1.737500000000000e+01         1.455867299624619e-01         
1.738125000000000e+01         1.450449703713416e-01         
1.738750000000000e+01         1.444994314246822e-01         
1.739375000000000e+01         1.439504592759687e-01         
1.740000000000000e+01         1.433983922689210e-01         
1.740625000000000e+01         1.428435607409370e-01         
1.741250000000000e+01         1.422862868562380e-01         
1.741875000000000e+01         1.417268844674610e-01         
1.742500000000000e+01         1.411656590044024e-01         
1.743125000000000e+01         1.406029073885953e-01         
1.743750000000000e+01         1.400389179723622e-01         
1.744375000000000e+01         1.394739705009950e-01         
1.745000000000000e+01         1.389083360966945e-01         
1.745625000000000e+01         1.383422772629150e-01         
1.746250000000000e+01         1.377760479077706e-01         
1.746875000000000e+01         1.372098933851749e-01         
1.747500000000000e+01         1.366440505524173e-01         
1.748125000000000e+01         1.360787478429043e-01         
1.748750000000000e+01         1.355142053528261e-01         
1.749375000000000e+01         1.349506349405561e-01         
1.750000000000000e+01         1.343882403376162e-01         
1.750625000000000e+01         1.338272172701034e-01         
1.751250000000000e+01         1.332677535894992e-01         
1.751875000000000e+01         1.327100294118477e-01         
1.752500000000000e+01         1.321542172643214e-01         
1.753125000000000e+01         1.316004822382546e-01         
1.753750000000000e+01         1.310489821477611e-01         
1.754375000000000e+01         1.304998676931165e-01         
1.755000000000000e+01         1.299532826281173e-01         
1.755625000000000e+01         1.294093639306904e-01         
1.756250000000000e+01         1.288682419760663e-01         
1.756875000000000e+01         1.283300407118763e-01         
1.757500000000000e+01         1.277948778345824e-01         
1.758125000000000e+01         1.272628649666870e-01         
1.758750000000000e+01         1.267341078342133e-01         
1.759375000000000e+01         1.262087064439903e-01         
1.760000000000000e+01         1.256867552603108e-01         
1.760625000000000e+01         1.251683433805716e-01         
1.761250000000000e+01         1.246535547095391e-01         
1.761875000000000e+01         1.241424681319121e-01         
1.762500000000000e+01         1.236351576829019e-01         
1.763125000000000e+01         1.231316927165533e-01         
1.763750000000000e+01         1.226321380715886e-01         
1.764375000000000e+01         1.221365542345579e-01         
1.765000000000000e+01         1.216449975001231e-01         
1.765625000000000e+01         1.211575201283146e-01         
1.766250000000000e+01         1.206741704986259e-01         
1.766875000000000e+01         1.201949932608361e-01         
1.767500000000000e+01         1.197200294824581e-01         
1.768125000000000e+01         1.192493167927436e-01         
1.768750000000000e+01         1.187828895231776e-01         
1.769375000000000e+01         1.183207788444197e-01         
1.770000000000000e+01         1.178630128996589e-01         
1.770625000000000e+01         1.174096169343627e-01         
1.771250000000000e+01         1.169606134224149e-01         
1.771875000000000e+01         1.165160221886423e-01         
1.772500000000000e+01         1.160758605277433e-01         
1.773125000000000e+01         1.156401433196426e-01         
1.773750000000000e+01         1.152088831412959e-01         
1.774375000000000e+01         1.147820903749874e-01         
1.775000000000000e+01         1.143597733131533e-01         
1.775625000000000e+01         1.139419382597892e-01         
1.776250000000000e+01         1.135285896284862e-01         
1.776875000000000e+01         1.131197300371561e-01         
1.777500000000000e+01         1.127153603995067e-01         
1.778125000000000e+01         1.123154800133283e-01         
1.778750000000000e+01         1.119200866456598e-01         
1.779375000000000e+01         1.115291766149042e-01         
1.780000000000000e+01         1.111427448699599e-01         
1.780625000000000e+01         1.107607850664438e-01         
1.781250000000000e+01         1.103832896400759e-01         
1.781875000000000e+01         1.100102498773031e-01         
1.782500000000000e+01         1.096416559832302e-01         
1.783125000000000e+01         1.092774971469394e-01         
1.783750000000000e+01         1.089177616042676e-01         
1.784375000000000e+01         1.085624366981176e-01         
1.785000000000000e+01         1.082115089363783e-01         
1.785625000000000e+01         1.078649640475227e-01         
1.786250000000000e+01         1.075227870339616e-01         
1.786875000000000e+01         1.071849622232219e-01         
1.787500000000000e+01         1.068514733170162e-01         
1.788125000000000e+01         1.065223034382830e-01         
1.788750000000000e+01         1.061974351762543e-01         
1.789375000000000e+01         1.058768506296270e-01         
1.790000000000000e+01         1.055605314478976e-01         
1.790625000000000e+01         1.052484588709278e-01         
1.791250000000000e+01         1.049406137668037e-01         
1.791875000000000e+01         1.046369766680461e-01         
1.792500000000000e+01         1.043375278062411e-01         
1.793125000000000e+01         1.040422471451362e-01         
1.793750000000000e+01         1.037511144122719e-01         
1.794375000000000e+01         1.034641091291957e-01         
1.795000000000000e+01         1.031812106403156e-01         
1.795625000000000e+01         1.029023981404457e-01         
1.796250000000000e+01         1.026276507010921e-01         
1.796875000000000e+01         1.023569472955333e-01         
1.797500000000000e+01         1.020902668227377e-01         
1.798125000000000e+01         1.018275881301678e-01         
1.798750000000000e+01         1.015688900355151e-01         
1.799375000000000e+01         1.013141513474099e-01         
1.800000000000000e+01         1.010633508851452e-01         
1.800625000000000e+01         1.008164674974603e-01         
1.801250000000000e+01         1.005734800804189e-01         
1.801875000000000e+01         1.003343675944222e-01         
1.802500000000000e+01         1.000991090803927e-01         
1.803125000000000e+01         9.986768367516421e-02         
1.803750000000000e+01         9.964007062611352e-02         
1.804375000000000e+01         9.941624930506375e-02         
1.805000000000000e+01         9.919619922149518e-02         
1.805625000000000e+01         9.897990003509016e-02         
1.806250000000000e+01         9.876733156764521e-02         
1.806875000000000e+01         9.855847381437575e-02         
1.807500000000000e+01         9.835330695464350e-02         
1.808125000000000e+01         9.815181136213026e-02         
1.808750000000000e+01         9.795396761448624e-02         
1.809375000000000e+01         9.775975650247577e-02         
1.810000000000000e+01         9.756915903864301e-02         
1.810625000000000e+01         9.738215646552360e-02         
1.811250000000000e+01         9.719873026341984e-02         
1.811875000000000e+01         9.701886215776359e-02         
1.812500000000000e+01         9.684253412608453e-02         
1.813125000000000e+01         9.666972840460734e-02         
1.813750000000000e+01         9.650042749448950e-02         
1.814375000000000e+01         9.633461416772347e-02         
1.815000000000000e+01         9.617227147271999e-02         
1.815625000000000e+01         9.601338273958314e-02         
1.816250000000000e+01         9.585793158510222e-02         
1.816875000000000e+01         9.570590191746657e-02         
1.817500000000000e+01         9.555727794072497e-02         
1.818125000000000e+01         9.541204415899888e-02         
1.818750000000000e+01         9.527018538046550e-02         
1.819375000000000e+01         9.513168672112331e-02         
1.820000000000000e+01         9.499653360835057e-02         
1.820625000000000e+01         9.486471178427294e-02         
1.821250000000000e+01         9.473620730894508e-02         
1.821875000000000e+01         9.461100656336416e-02         
1.822500000000000e+01         9.448909625232209e-02         
1.823125000000000e+01         9.437046340710552e-02         
1.823750000000000e+01         9.425509538805629e-02         
1.824375000000000e+01         9.414297988700071e-02         
1.825000000000000e+01         9.403410492955384e-02         
1.825625000000000e+01         9.392845887731315e-02         
1.826250000000000e+01         9.382603042994368e-02         
1.826875000000000e+01         9.372680862716508e-02         
1.827500000000000e+01         9.363078285065052e-02         
1.828125000000000e+01         9.353794282584039e-02         
1.828750000000000e+01         9.344827862368109e-02         
1.829375000000000e+01         9.336178066229384e-02         
1.830000000000000e+01         9.327843970858039e-02         
1.830625000000000e+01         9.319824687977325e-02         
1.831250000000000e+01         9.312119364493290e-02         
1.831875000000000e+01         9.304727182640316e-02         
1.832500000000000e+01         9.297647360122285e-02         
1.833125000000000e+01         9.290879150250733e-02         
1.833750000000000e+01         9.284421842079806e-02         
1.834375000000000e+01         9.278274760538854e-02         
1.835000000000000e+01         9.272437266563179e-02         
1.835625000000000e+01         9.266908757223025e-02         
1.836250000000000e+01         9.261688665851860e-02         
1.836875000000000e+01         9.256776462173553e-02         
1.837500000000000e+01         9.252171652429765e-02         
1.838125000000000e+01         9.247873779507119e-02         
1.838750000000000e+01         9.243882423064999e-02         
1.839375000000000e+01         9.240197199664443e-02         
1.840000000000000e+01         9.236817762897805e-02         
1.840625000000000e+01         9.233743803520424e-02         
1.841250000000000e+01         9.230975049583959e-02         
1.841875000000000e+01         9.228511266571894e-02         
1.842500000000000e+01         9.226352257537744e-02         
1.843125000000000e+01         9.224497863245799e-02         
1.843750000000000e+01         9.222947962315189e-02         
1.844375000000000e+01         9.221702471367164e-02         
1.845000000000000e+01         9.220761345176044e-02         
1.845625000000000e+01         9.220124576824035e-02         
1.846250000000000e+01         9.219792197860209e-02         
1.846875000000000e+01         9.219764278463817e-02         
1.847500000000000e+01         9.220040927612336e-02         
1.848125000000000e+01         9.220622293254077e-02         
1.848750000000000e+01         9.221508562486276e-02         
1.849375000000000e+01         9.222699961737986e-02         
1.850000000000000e+01         9.224196756958920e-02         
1.850625000000000e+01         9.225999253813645e-02         
1.851250000000000e+01         9.228107797881850e-02         
1.851875000000000e+01         9.230522774864731e-02         
1.852500000000000e+01         9.233244610797453e-02         
1.853125000000000e+01         9.236273772268314e-02         
1.853750000000000e+01         9.239610766644479e-02         
1.854375000000000e+01         9.243256142304483e-02         
1.855000000000000e+01         9.247210488877809e-02         
1.855625000000000e+01         9.251474437491612e-02         
1.856250000000000e+01         9.256048661024721e-02         
1.856875000000000e+01         9.260933874369286e-02         
1.857500000000000e+01         9.266130834699932e-02         
1.858125000000000e+01         9.271640341750806e-02         
1.858750000000000e+01         9.277463238100511e-02         
1.859375000000000e+01         9.283600409465294e-02         
1.860000000000000e+01         9.290052785000405e-02         
1.860625000000000e+01         9.296821337609748e-02         
1.861250000000000e+01         9.303907084264283e-02         
1.861875000000000e+01         9.311311086329008e-02         
1.862500000000000e+01         9.319034449898651e-02         
1.863125000000000e+01         9.327078326142535e-02         
1.863750000000000e+01         9.335443911658262e-02         
1.864375000000000e+01         9.344132448834745e-02         
1.865000000000000e+01         9.353145226224502e-02         
1.865625000000000e+01         9.362483578925368e-02         
1.866250000000000e+01         9.372148888971778e-02         
1.866875000000000e+01         9.382142585735666e-02         
1.867500000000000e+01         9.392466146337114e-02         
1.868125000000000e+01         9.403121096064959e-02         
1.868750000000000e+01         9.414109008807207e-02         
1.869375000000000e+01         9.425431507491641e-02         
1.870000000000000e+01         9.437090264536413e-02         
1.870625000000000e+01         9.449087002311039e-02         
1.871250000000000e+01         9.461423493607583e-02         
1.871875000000000e+01         9.474101562122234e-02         
1.872500000000000e+01         9.487123082947327e-02         
1.873125000000000e+01         9.500489983073986e-02         
1.873750000000000e+01         9.514204241905065e-02         
1.874375000000000e+01         9.528267891779034e-02         
1.875000000000000e+01         9.542683018504250e-02         
1.875625000000000e+01         9.557451761904127e-02         
1.876250000000000e+01         9.572576316372777e-02         
1.876875000000000e+01         9.588058931441593e-02         
1.877500000000000e+01         9.603901912356563e-02         
1.878125000000000e+01         9.620107620666107e-02         
1.878750000000000e+01         9.636678474819814e-02         
1.879375000000000e+01         9.653616950777930e-02         
1.880000000000000e+01         9.670925582631204e-02         
1.880625000000000e+01         9.688606963231711e-02         
1.881250000000000e+01         9.706663744833903e-02         
1.881875000000000e+01         9.725098639746245e-02         
1.882500000000000e+01         9.743914420993230e-02         
1.883125000000000e+01         9.763113922987621e-02         
1.883750000000000e+01         9.782700042212655e-02         
1.884375000000000e+01         9.802675737914468e-02         
1.885000000000000e+01         9.823044032804060e-02         
1.885625000000000e+01         9.843808013768969e-02         
1.886250000000000e+01         9.864970832594341e-02         
1.886875000000000e+01         9.886535706692907e-02         
1.887500000000000e+01         9.908505919844117e-02         
1.888125000000000e+01         9.930884822941599e-02         
1.888750000000000e+01         9.953675834748855e-02         
1.889375000000000e+01         9.976882442662961e-02         
1.890000000000000e+01         1.000050820348553e-01         
1.890625000000000e+01         1.002455674420075e-01         
1.891250000000000e+01         1.004903176276008e-01         
1.891875000000000e+01         1.007393702887281e-01         
1.892500000000000e+01         1.009927638480219e-01         
1.893125000000000e+01         1.012505374616636e-01         
1.893750000000000e+01         1.015127310274357e-01         
1.894375000000000e+01         1.017793851928075e-01         
1.895000000000000e+01         1.020505413630488e-01         
1.895625000000000e+01         1.023262417093639e-01         
1.896250000000000e+01         1.026065291770329e-01         
1.896875000000000e+01         1.028914474935563e-01         
1.897500000000000e+01         1.031810411767878e-01         
1.898125000000000e+01         1.034753555430463e-01         
1.898750000000000e+01         1.037744367151986e-01         
1.899375000000000e+01         1.040783316306904e-01         
1.900000000000000e+01         1.043870880495259e-01         
1.900625000000000e+01         1.047007545621670e-01         
1.901250000000000e+01         1.050193805973480e-01         
1.901875000000000e+01         1.053430164297833e-01         
1.902500000000000e+01         1.056717131877494e-01         
1.903125000000000e+01         1.060055228605290e-01         
1.903750000000000e+01         1.063444983056874e-01         
1.904375000000000e+01         1.066886932561681e-01         
1.905000000000000e+01         1.070381623271792e-01         
1.905625000000000e+01         1.073929610228486e-01         
1.906250000000000e+01         1.077531457426206e-01         
1.906875000000000e+01         1.081187737873670e-01         
1.907500000000000e+01         1.084899033651829e-01         
1.908125000000000e+01         1.088665935968348e-01         
1.908750000000000e+01         1.092489045208282e-01         
1.909375000000000e+01         1.096368970980598e-01         
1.910000000000000e+01         1.100306332160152e-01         
1.910625000000000e+01         1.104301756924721e-01         
1.911250000000000e+01         1.108355882786669e-01         
1.911875000000000e+01         1.112469356618800e-01         
1.912500000000000e+01         1.116642834673897e-01         
1.913125000000000e+01         1.120876982597444e-01         
1.913750000000000e+01         1.125172475433025e-01         
1.914375000000000e+01         1.129529997619749e-01         
1.915000000000000e+01         1.133950242981186e-01         
1.915625000000000e+01         1.138433914705108e-01         
1.916250000000000e+01         1.142981725313358e-01         
1.916875000000000e+01         1.147594396621161e-01         
1.917500000000000e+01         1.152272659685081e-01         
1.918125000000000e+01         1.157017254738813e-01         
1.918750000000000e+01         1.161828931115993e-01         
1.919375000000000e+01         1.166708447159056e-01         
1.920000000000000e+01         1.171656570113283e-01         
1.920625000000000e+01         1.176674076004894e-01         
1.921250000000000e+01         1.181761749502260e-01         
1.921875000000000e+01         1.186920383759010e-01         
1.922500000000000e+01         1.192150780237866e-01         
1.923125000000000e+01         1.197453748513973e-01         
1.923750000000000e+01         1.202830106056378e-01         
1.924375000000000e+01         1.208280677986247e-01         
1.925000000000000e+01         1.213806296810380e-01         
1.925625000000000e+01         1.219407802128442e-01         
1.926250000000000e+01         1.225086040312283e-01         
1.926875000000000e+01         1.230841864155605e-01         
1.927500000000000e+01         1.236676132492226e-01         
1.928125000000000e+01         1.242589709780902e-01         
1.928750000000000e+01         1.248583465654851e-01         
1.929375000000000e+01         1.254658274433752e-01         
1.930000000000000e+01         1.260815014596054e-01         
1.930625000000000e+01         1.267054568209255e-01         
1.931250000000000e+01         1.273377820315661e-01         
1.931875000000000e+01         1.279785658271178e-01         
1.932500000000000e+01         1.286278971034250e-01         
1.933125000000000e+01         1.292858648402344e-01         
1.933750000000000e+01         1.299525580192853e-01         
1.934375000000000e+01         1.306280655365409e-01         
1.935000000000000e+01         1.313124761082378e-01         
1.935625000000000e+01         1.320058781704091e-01         
1.936250000000000e+01         1.327083597715384e-01         
1.936875000000000e+01         1.334200084579689e-01         
1.937500000000000e+01         1.341409111516858e-01         
1.938125000000000e+01         1.348711540200776e-01         
1.938750000000000e+01         1.356108223372488e-01         
1.939375000000000e+01         1.363600003364734e-01         
1.940000000000000e+01         1.371187710533137e-01         
1.940625000000000e+01         1.378872161589667e-01         
1.941250000000000e+01         1.386654157833385e-01         
1.941875000000000e+01         1.394534483273587e-01         
1.942500000000000e+01         1.402513902640217e-01         
1.943125000000000e+01         1.410593159276194e-01         
1.943750000000000e+01         1.418772972906358e-01         
1.944375000000000e+01         1.427054037277263e-01         
1.945000000000000e+01         1.435437017662304e-01         
1.945625000000000e+01         1.443922548226191e-01         
1.946250000000000e+01         1.452511229242881e-01         
1.946875000000000e+01         1.461203624160935e-01         
1.947500000000000e+01         1.470000256510109e-01         
1.948125000000000e+01         1.478901606643072e-01         
1.948750000000000e+01         1.487908108305993e-01         
1.949375000000000e+01         1.497020145031747e-01         
1.950000000000000e+01         1.506238046349617e-01         
1.950625000000000e+01         1.515562083805252e-01         
1.951250000000000e+01         1.524992466784975e-01         
1.951875000000000e+01         1.534529338138402e-01         
1.952500000000000e+01         1.544172769593867e-01         
1.953125000000000e+01         1.553922756961049e-01         
1.953750000000000e+01         1.563779215115837e-01         
1.954375000000000e+01         1.573741972762638e-01         
1.955000000000000e+01         1.583810766969871e-01         
1.955625000000000e+01         1.593985237475110e-01         
1.956250000000000e+01         1.604264920756567e-01         
1.956875000000000e+01         1.614649243868935e-01         
1.957500000000000e+01         1.625137518041929e-01         
1.958125000000000e+01         1.635728932041160e-01         
1.958750000000000e+01         1.646422545292134e-01         
1.959375000000000e+01         1.657217280769013e-01         
1.960000000000000e+01         1.668111917651838e-01         
1.960625000000000e+01         1.679105083756758e-01         
1.961250000000000e+01         1.690195247746077e-01         
1.961875000000000e+01         1.701380711126702e-01         
1.962500000000000e+01         1.712659600047377e-01         
1.963125000000000e+01         1.724029856907980e-01         
1.963750000000000e+01         1.735489231795979e-01         
1.964375000000000e+01         1.747035273768517e-01         
1.965000000000000e+01         1.758665322001040e-01         
1.965625000000000e+01         1.770376496826704e-01         
1.966250000000000e+01         1.782165690694434e-01         
1.966875000000000e+01         1.794029559076586e-01         
1.967500000000000e+01         1.805964511361633e-01         
1.968125000000000e+01         1.817966701770762e-01         
1.968750000000000e+01         1.830032020341902e-01         
1.969375000000000e+01         1.842156084029162e-01         
1.970000000000000e+01         1.854334227969882e-01         
1.970625000000000e+01         1.866561496976898e-01         
1.971250000000000e+01         1.878832637317913e-01         
1.971875000000000e+01         1.891142088849240e-01         
1.972500000000000e+01         1.903483977576137e-01         
1.973125000000000e+01         1.915852108716688e-01         
1.973750000000000e+01         1.928239960351656e-01         
1.974375000000000e+01         1.940640677746922e-01         
1.975000000000000e+01         1.953047068440265e-01         
1.975625000000000e+01         1.965451598188178e-01         
1.976250000000000e+01         1.977846387872473e-01         
1.976875000000000e+01         1.990223211469998e-01         
1.977500000000000e+01         2.002573495191269e-01         
1.978125000000000e+01         2.014888317896384e-01         
1.978750000000000e+01         2.027158412897568e-01         
1.979375000000000e+01         2.039374171258257e-01         
1.980000000000000e+01         2.051525646697784e-01         
1.980625000000000e+01         2.063602562208864e-01         
1.981250000000000e+01         2.075594318491817e-01         
1.981875000000000e+01         2.087490004304615e-01         
1.982500000000000e+01         2.099278408821725e-01         
1.983125000000000e+01         2.110948036086528e-01         
1.983750000000000e+01         2.122487121632516e-01         
1.984375000000000e+01         2.133883651336652e-01         
1.985000000000000e+01         2.145125382554993e-01         
1.985625000000000e+01         2.156199867575107e-01         
1.986250000000000e+01         2.167094479402471e-01         
1.986875000000000e+01         2.177796439879084e-01         
1.987500000000000e+01         2.188292850111148e-01         
1.988125000000000e+01         2.198570723160547e-01         
1.988750000000000e+01         2.208617018930366e-01         
1.989375000000000e+01         2.218418681149544e-01         
1.990000000000000e+01         2.227962676335447e-01         
1.990625000000000e+01         2.237236034585895e-01         
1.991250000000000e+01         2.246225892025206e-01         
1.991875000000000e+01         2.254919534701154e-01         
1.992500000000000e+01         2.263304443703335e-01         
1.993125000000000e+01         2.271368341247492e-01         
1.993750000000000e+01         2.279099237445989e-01         
1.994375000000000e+01         2.286485477462580e-01         
1.995000000000000e+01         2.293515788729358e-01         
1.995625000000000e+01         2.300179327887225e-01         
1.996250000000000e+01         2.306465727097580e-01         
1.996875000000000e+01         2.312365139363226e-01         
1.997500000000000e+01         2.317868282491380e-01         
1.998125000000000e+01         2.322966481330487e-01         
1.998750000000000e+01         2.327651707916816e-01         
1.999375000000000e+01         2.331916619175563e-01         
2.000000000000000e+01         2.335754591835074e-01         
2.000625000000000e+01         2.339159754231858e-01         
2.001250000000000e+01         2.342127014707567e-01         
2.001875000000000e+01         2.344652086327622e-01         
2.002500000000000e+01         2.346731507683534e-01         
2.003125000000000e+01         2.348362659577316e-01         
2.003750000000000e+01         2.349543777425988e-01         
2.004375000000000e+01         2.350273959266191e-01         
2.005000000000000e+01         2.350553169283179e-01         
2.005625000000000e+01         2.350382236833696e-01         
2.006250000000000e+01         2.349762850977984e-01         
2.006875000000000e+01         2.348697550581772e-01         
2.007500000000000e+01         2.347189710093376e-01         
2.008125000000000e+01         2.345243521143684e-01         
2.008750000000000e+01         2.342863970157019e-01         
2.009375000000000e+01         2.340056812197726e-01         
2.010000000000000e+01         2.336828541310881e-01         
2.010625000000000e+01         2.333186357644634e-01         
2.011250000000000e+01         2.329138131666565e-01         
2.011875000000000e+01         2.324692365806371e-01         
2.012500000000000e+01         2.319858153872402e-01         
2.013125000000000e+01         2.314645138599663e-01         
2.013750000000000e+01         2.309063467692198e-01         
2.014375000000000e+01         2.303123748723132e-01         
2.015000000000000e+01         2.296837003251723e-01         
2.015625000000000e+01         2.290214620508252e-01         
2.016250000000000e+01         2.283268310985474e-01         
2.016875000000000e+01         2.276010060259669e-01         
2.017500000000000e+01         2.268452083345428e-01         
2.018125000000000e+01         2.260606779867288e-01         
2.018750000000000e+01         2.252486690307890e-01         
2.019375000000000e+01         2.244104453567410e-01         
2.020000000000000e+01         2.235472766043307e-01         
2.020625000000000e+01         2.226604342412503e-01         
2.021250000000000e+01         2.217511878271793e-01         
2.021875000000000e+01         2.208208014765404e-01         
2.022500000000000e+01         2.198705305302944e-01         
2.023125000000000e+01         2.189016184445709e-01         
2.023750000000000e+01         2.179152939015598e-01         
2.024375000000000e+01         2.169127681458284e-01         
2.025000000000000e+01         2.158952325471311e-01         
2.025625000000000e+01         2.148638563888649e-01         
2.026250000000000e+01         2.138197848795622e-01         
2.026875000000000e+01         2.127641373832609e-01         
2.027500000000000e+01         2.116980058632064e-01         
2.028125000000000e+01         2.106224535321535e-01         
2.028750000000000e+01         2.095385137015152e-01         
2.029375000000000e+01         2.084471888207747e-01         
2.030000000000000e+01         2.073494496978937e-01         
2.030625000000000e+01         2.062462348909418e-01         
2.031250000000000e+01         2.051384502607884e-01         
2.031875000000000e+01         2.040269686744689e-01         
2.032500000000000e+01         2.029126298487007e-01         
2.033125000000000e+01         2.017962403230384e-01         
2.033750000000000e+01         2.006785735522116e-01         
2.034375000000000e+01         1.995603701073886e-01         
2.035000000000000e+01         1.984423379763229e-01         
2.035625000000000e+01         1.973251529526604e-01         
2.036250000000000e+01         1.962094591050341e-01         
2.036875000000000e+01         1.950958693169465e-01         
2.037500000000000e+01         1.939849658889057e-01         
2.038125000000000e+01         1.928773011946808e-01         
2.038750000000000e+01         1.917733983840458e-01         
2.039375000000000e+01         1.906737521248363e-01         
2.040000000000000e+01         1.895788293776084e-01         
2.040625000000000e+01         1.884890701967061e-01         
2.041250000000000e+01         1.874048885519526e-01         
2.041875000000000e+01         1.863266731656986e-01         
2.042500000000000e+01         1.852547883603729e-01         
2.043125000000000e+01         1.841895749121078e-01         
2.043750000000000e+01         1.831313509064654e-01         
2.044375000000000e+01         1.820804125926275e-01         
2.045000000000000e+01         1.810370352328478e-01         
2.045625000000000e+01         1.800014739442644e-01         
2.046250000000000e+01         1.789739645305471e-01         
2.046875000000000e+01         1.779547243011460e-01         
2.047500000000000e+01         1.769439528761864e-01         
2.048125000000000e+01         1.759418329753662e-01         
2.048750000000000e+01         1.749485311894078e-01         
2.049375000000000e+01         1.739641987328922e-01         
2.050000000000000e+01         1.729889721774963e-01         
2.050625000000000e+01         1.720229741648261e-01         
2.051250000000000e+01         1.710663140982663e-01         
2.051875000000000e+01         1.701190888133595e-01         
2.052500000000000e+01         1.691813832264314e-01         
2.053125000000000e+01         1.682532709612664e-01         
2.053750000000000e+01         1.673348149537684e-01         
2.054375000000000e+01         1.664260680346510e-01         
2.055000000000000e+01         1.655270734902652e-01         
2.055625000000000e+01         1.646378656017904e-01         
2.056250000000000e+01         1.637584701630425e-01         
2.056875000000000e+01         1.628889049772427e-01         
2.057500000000000e+01         1.620291803331348e-01         
2.058125000000000e+01         1.611792994608615e-01         
2.058750000000000e+01         1.603392589680871e-01         
2.059375000000000e+01         1.595090492568359e-01         
2.060000000000000e+01         1.586886549215832e-01         
2.060625000000000e+01         1.578780551291264e-01         
2.061250000000000e+01         1.570772239807785e-01         
2.061875000000000e+01         1.562861308574678e-01         
2.062500000000000e+01         1.555047407482777e-01         
2.063125000000000e+01         1.547330145630288e-01         
2.063750000000000e+01         1.539709094294404e-01         
2.064375000000000e+01         1.532183789754681e-01         
2.065000000000000e+01         1.524753735973513e-01         
2.065625000000000e+01         1.517418407139429e-01         
2.066250000000000e+01         1.510177250078663e-01         
2.066875000000000e+01         1.503029686540192e-01         
2.067500000000000e+01         1.495975115359763e-01         
2.068125000000000e+01         1.489012914507745e-01         
2.068750000000000e+01         1.482142443026072e-01         
2.069375000000000e+01         1.475363042858970e-01         
2.070000000000000e+01         1.468674040582209e-01         
2.070625000000000e+01         1.462074749035629e-01         
2.071250000000000e+01         1.455564468863104e-01         
2.071875000000000e+01         1.449142489964514e-01         
2.072500000000000e+01         1.442808092863653e-01         
2.073125000000000e+01         1.436560549996208e-01         
2.073750000000000e+01         1.430399126921586e-01         
2.074375000000000e+01         1.424323083462267e-01         
2.075000000000000e+01         1.418331674774391e-01         
2.075625000000000e+01         1.412424152352760e-01         
2.076250000000000e+01         1.406599764973770e-01         
2.076875000000000e+01         1.400857759579266e-01         
2.077500000000000e+01         1.395197382104344e-01         
2.078125000000000e+01         1.389617878252095e-01         
2.078750000000000e+01         1.384118494217884e-01         
2.079375000000000e+01         1.378698477365934e-01         
2.080000000000000e+01         1.373357076860671e-01         
2.080625000000000e+01         1.368093544255198e-01         
2.081250000000000e+01         1.362907134039326e-01         
2.081875000000000e+01         1.357797104149132e-01         
2.082500000000000e+01         1.352762716440393e-01         
2.083125000000000e+01         1.347803237127610e-01         
2.083750000000000e+01         1.342917937190745e-01         
2.084375000000000e+01         1.338106092751322e-01         
2.085000000000000e+01         1.333366985419641e-01         
2.085625000000000e+01         1.328699902614789e-01         
2.086250000000000e+01         1.324104137858909e-01         
2.086875000000000e+01         1.319578991047262e-01         
2.087500000000000e+01         1.315123768695451e-01         
2.088125000000000e+01         1.310737784165140e-01         
2.088750000000000e+01         1.306420357869533e-01         
2.089375000000000e+01         1.302170817459774e-01         
2.090000000000000e+01         1.297988497993478e-01         
2.090625000000000e+01         1.293872742086379e-01         
2.091250000000000e+01         1.289822900048180e-01         
2.091875000000000e+01         1.285838330003517e-01         
2.092500000000000e+01         1.281918397999023e-01         
2.093125000000000e+01         1.278062478097290e-01         
2.093750000000000e+01         1.274269952458555e-01         
2.094375000000000e+01         1.270540211410979e-01         
2.095000000000000e+01         1.266872653510107e-01         
2.095625000000000e+01         1.263266685588336e-01         
2.096250000000000e+01         1.259721722794968e-01         
2.096875000000000e+01         1.256237188627516e-01         
2.097500000000000e+01         1.252812514954822e-01         
2.098125000000000e+01         1.249447142032551e-01         
2.098750000000000e+01         1.246140518511607e-01         
2.099375000000000e+01         1.242892101439936e-01         
2.100000000000000e+01         1.239701356258206e-01         
2.100625000000000e+01         1.236567756789788e-01         
2.101250000000000e+01         1.233490785225496e-01         
2.101875000000000e+01         1.230469932103408e-01         
2.102500000000000e+01         1.227504696284221e-01         
2.103125000000000e+01         1.224594584922427e-01         
2.103750000000000e+01         1.221739113433684e-01         
2.104375000000000e+01         1.218937805458653e-01         
2.105000000000000e+01         1.216190192823642e-01         
2.105625000000000e+01         1.213495815498268e-01         
2.106250000000000e+01         1.210854221550483e-01         
2.106875000000000e+01         1.208264967099114e-01         
2.107500000000000e+01         1.205727616264230e-01         
2.108125000000000e+01         1.203241741115495e-01         
2.108750000000000e+01         1.200806921618726e-01         
2.109375000000000e+01         1.198422745580875e-01         
2.110000000000000e+01         1.196088808593559e-01         
2.110625000000000e+01         1.193804713975373e-01         
2.111250000000000e+01         1.191570072713076e-01         
2.111875000000000e+01         1.189384503401841e-01         
2.112500000000000e+01         1.187247632184710e-01         
2.113125000000000e+01         1.185159092691336e-01         
2.113750000000000e+01         1.183118525976213e-01         
2.114375000000000e+01         1.181125580456406e-01         
2.115000000000000e+01         1.179179911849003e-01         
2.115625000000000e+01         1.177281183108263e-01         
2.116250000000000e+01         1.175429064362672e-01         
2.116875000000000e+01         1.173623232851889e-01         
2.117500000000000e+01         1.171863372863748e-01         
2.118125000000000e+01         1.170149175671320e-01         
2.118750000000000e+01         1.168480339470156e-01         
2.119375000000000e+01         1.166856569315742e-01         
2.120000000000000e+01         1.165277577061239e-01         
2.120625000000000e+01         1.163743081295553e-01         
2.121250000000000e+01         1.162252807281816e-01         
2.121875000000000e+01         1.160806486896265e-01         
2.122500000000000e+01         1.159403858567627e-01         
2.123125000000000e+01         1.158044667216989e-01         
2.123750000000000e+01         1.156728664198257e-01         
2.124375000000000e+01         1.155455607239152e-01         
2.125000000000000e+01         1.154225260382853e-01         
2.125625000000000e+01         1.153037393930250e-01         
2.126250000000000e+01         1.151891784382876e-01         
2.126875000000000e+01         1.150788214386519e-01         
2.127500000000000e+01         1.149726472675511e-01         
2.128125000000000e+01         1.148706354017777e-01         
2.128750000000000e+01         1.147727659160564e-01         
2.129375000000000e+01         1.146790194776947e-01         
2.130000000000000e+01         1.145893773413074e-01         
2.130625000000000e+01         1.145038213436168e-01         
2.131250000000000e+01         1.144223338983307e-01         
2.131875000000000e+01         1.143448979910959e-01         
2.132500000000000e+01         1.142714971745306e-01         
2.133125000000000e+01         1.142021155633332e-01         
2.133750000000000e+01         1.141367378294686e-01         
2.134375000000000e+01         1.140753491974331e-01         
2.135000000000000e+01         1.140179354395945e-01         
2.135625000000000e+01         1.139644828716105e-01         
2.136250000000000e+01         1.139149783479228e-01         
2.136875000000000e+01         1.138694092573256e-01         
2.137500000000000e+01         1.138277635186106e-01         
2.138125000000000e+01         1.137900295762846e-01         
2.138750000000000e+01         1.137561963963600e-01         
2.139375000000000e+01         1.137262534622179e-01         
2.140000000000000e+01         1.137001907705406e-01         
2.140625000000000e+01         1.136779988273147e-01         
2.141250000000000e+01         1.136596686439005e-01         
2.141875000000000e+01         1.136451917331700e-01         
2.142500000000000e+01         1.136345601057073e-01         
2.143125000000000e+01         1.136277662660737e-01         
2.143750000000000e+01         1.136248032091346e-01         
2.144375000000000e+01         1.136256644164437e-01         
2.145000000000000e+01         1.136303438526876e-01         
2.145625000000000e+01         1.136388359621854e-01         
2.146250000000000e+01         1.136511356654386e-01         
2.146875000000000e+01         1.136672383557377e-01         
2.147500000000000e+01         1.136871398958127e-01         
2.148125000000000e+01         1.137108366145336e-01         
2.148750000000000e+01         1.137383253036536e-01         
2.149375000000000e+01         1.137696032145938e-01         
2.150000000000000e+01         1.138046680552669e-01         
2.150625000000000e+01         1.138435179869363e-01         
2.151250000000000e+01         1.138861516211109e-01         
2.151875000000000e+01         1.139325680164665e-01         
2.152500000000000e+01         1.139827666757970e-01         
2.153125000000000e+01         1.140367475429886e-01         
2.153750000000000e+01         1.140945110000138e-01         
2.154375000000000e+01         1.141560578639454e-01         
2.155000000000000e+01         1.142213893839808e-01         
2.155625000000000e+01         1.142905072384787e-01         
2.156250000000000e+01         1.143634135320012e-01         
2.156875000000000e+01         1.144401107923587e-01         
2.157500000000000e+01         1.145206019676526e-01         
2.158125000000000e+01         1.146048904233131e-01         
2.158750000000000e+01         1.146929799391265e-01         
2.159375000000000e+01         1.147848747062466e-01         
2.160000000000000e+01         1.148805793241904e-01         
2.160625000000000e+01         1.149800987978063e-01         
2.161250000000000e+01         1.150834385342155e-01         
2.161875000000000e+01         1.151906043397187e-01         
2.162500000000000e+01         1.153016024166648e-01         
2.163125000000000e+01         1.154164393602730e-01         
2.163750000000000e+01         1.155351221554068e-01         
2.164375000000000e+01         1.156576581732904e-01         
2.165000000000000e+01         1.157840551681640e-01         
2.165625000000000e+01         1.159143212738707e-01         
2.166250000000000e+01         1.160484650003678e-01         
2.166875000000000e+01         1.161864952301576e-01         
2.167500000000000e+01         1.163284212146302e-01         
2.168125000000000e+01         1.164742525703091e-01         
2.168750000000000e+01         1.166239992749964e-01         
2.169375000000000e+01         1.167776716638057e-01         
2.170000000000000e+01         1.169352804250767e-01         
2.170625000000000e+01         1.170968365961653e-01         
2.171250000000000e+01         1.172623515590948e-01         
2.171875000000000e+01         1.174318370360666e-01         
2.172500000000000e+01         1.176053050848180e-01         
2.173125000000000e+01         1.177827680938135e-01         
2.173750000000000e+01         1.179642387772713e-01         
2.174375000000000e+01         1.181497301699985e-01         
2.175000000000000e+01         1.183392556220437e-01         
2.175625000000000e+01         1.185328287931365e-01         
2.176250000000000e+01         1.187304636469207e-01         
2.176875000000000e+01         1.189321744449568e-01         
2.177500000000000e+01         1.191379757404868e-01         
2.178125000000000e+01         1.193478823719515e-01         
2.178750000000000e+01         1.195619094562404e-01         
2.179375000000000e+01         1.197800723816697e-01         
2.180000000000000e+01         1.200023868006658e-01         
2.180625000000000e+01         1.202288686221480e-01         
2.181250000000000e+01         1.204595340035921e-01         
2.181875000000000e+01         1.206943993427560e-01         
2.182500000000000e+01         1.209334812690617e-01         
2.183125000000000e+01         1.211767966346071e-01         
2.183750000000000e+01         1.214243625047962e-01         
2.184375000000000e+01         1.216761961485714e-01         
2.185000000000000e+01         1.219323150282240e-01         
2.185625000000000e+01         1.221927367887756e-01         
2.186250000000000e+01         1.224574792468961e-01         
2.186875000000000e+01         1.227265603793545e-01         
2.187500000000000e+01         1.229999983109695e-01         
2.188125000000000e+01         1.232778113020461e-01         
2.188750000000000e+01         1.235600177352775e-01         
2.189375000000000e+01         1.238466361020816e-01         
2.190000000000000e+01         1.241376849883618e-01         
2.190625000000000e+01         1.244331830596554e-01         
2.191250000000000e+01         1.247331490456551e-01         
2.191875000000000e+01         1.250376017240765e-01         
2.192500000000000e+01         1.253465599038391e-01         
2.193125000000000e+01         1.256600424075452e-01         
2.193750000000000e+01         1.259780680532195e-01         
2.194375000000000e+01         1.263006556352891e-01         
2.195000000000000e+01         1.266278239047695e-01         
2.195625000000000e+01         1.269595915486281e-01         
2.196250000000000e+01         1.272959771683009e-01         
2.196875000000000e+01         1.276369992573195e-01         
2.197500000000000e+01         1.279826761780295e-01         
2.198125000000000e+01         1.283330261373565e-01         
2.198750000000000e+01         1.286880671615953e-01         
2.199375000000000e+01         1.290478170701795e-01         
2.200000000000000e+01         1.294122934484039e-01         
2.200625000000000e+01         1.297815136190605e-01         
2.201250000000000e+01         1.301554946129503e-01         
2.201875000000000e+01         1.305342531382367e-01         
2.202500000000000e+01         1.309178055485981e-01         
2.203125000000000e+01         1.313061678101499e-01         
2.203750000000000e+01         1.316993554670833e-01         
2.204375000000000e+01         1.320973836059928e-01         
2.205000000000000e+01         1.325002668188487e-01         
2.205625000000000e+01         1.329080191645657e-01         
2.206250000000000e+01         1.333206541291403e-01         
2.206875000000000e+01         1.337381845843011e-01         
2.207500000000000e+01         1.341606227446407e-01         
2.208125000000000e+01         1.345879801231770e-01         
2.208750000000000e+01         1.350202674853104e-01         
2.209375000000000e+01         1.354574948011257e-01         
2.210000000000000e+01         1.358996711960007e-01         
2.210625000000000e+01         1.363468048994771e-01         
2.211250000000000e+01         1.367989031923502e-01         
2.211875000000000e+01         1.372559723519352e-01         
2.212500000000000e+01         1.377180175954700e-01         
2.213125000000000e+01         1.381850430216092e-01         
2.213750000000000e+01         1.386570515499717e-01         
2.214375000000000e+01         1.391340448587012e-01         
2.215000000000000e+01         1.396160233199999e-01         
2.215625000000000e+01         1.401029859335991e-01         
2.216250000000000e+01         1.405949302581313e-01         
2.216875000000000e+01         1.410918523403658e-01         
2.217500000000000e+01         1.415937466422821e-01         
2.218125000000000e+01         1.421006059659447e-01         
2.218750000000000e+01         1.426124213761565e-01         
2.219375000000000e+01         1.431291821208642e-01         
2.220000000000000e+01         1.436508755492918e-01         
2.220625000000000e+01         1.441774870277923e-01         
2.221250000000000e+01         1.447089998533941e-01         
2.221875000000000e+01         1.452453951650387e-01         
2.222500000000000e+01         1.457866518525015e-01         
2.223125000000000e+01         1.463327464629983e-01         
2.223750000000000e+01         1.468836531054794e-01         
2.224375000000000e+01         1.474393433526272e-01         
2.225000000000000e+01         1.479997861405728e-01         
2.225625000000000e+01         1.485649476663553e-01         
2.226250000000000e+01         1.491347912831609e-01         
2.226875000000000e+01         1.497092773933795e-01         
2.227500000000000e+01         1.502883633395276e-01         
2.228125000000000e+01         1.508720032931001e-01         
2.228750000000000e+01         1.514601481414167e-01         
2.229375000000000e+01         1.520527453725440e-01         
2.230000000000000e+01         1.526497389583841e-01         
2.230625000000000e+01         1.532510692360318e-01         
2.231250000000000e+01         1.538566727875197e-01         
2.231875000000000e+01         1.544664823180714e-01         
2.232500000000000e+01         1.550804265330200e-01         
2.233125000000000e+01         1.556984300135373e-01         
2.233750000000000e+01         1.563204130913543e-01         
2.234375000000000e+01         1.569462917226632e-01         
2.235000000000000e+01         1.575759773614051e-01         
2.235625000000000e+01         1.582093768321751e-01         
2.236250000000000e+01         1.588463922029794e-01         
2.236875000000000e+01         1.594869206581210e-01         
2.237500000000000e+01         1.601308543714853e-01         
2.238125000000000e+01         1.607780803805370e-01         
2.238750000000000e+01         1.614284804613561e-01         
2.239375000000000e+01         1.620819310050475e-01         
2.240000000000000e+01         1.627383028959186e-01         
2.240625000000000e+01         1.633974613917890e-01         
2.241250000000000e+01         1.640592660068734e-01         
2.241875000000000e+01         1.647235703976655e-01         
2.242500000000000e+01         1.653902222522826e-01         
2.243125000000000e+01         1.660590631837760e-01         
2.243750000000000e+01         1.667299286278958e-01         
2.244375000000000e+01         1.674026477458689e-01         
2.245000000000000e+01         1.680770433327250e-01         
2.245625000000000e+01         1.687529317317755e-01         
2.246250000000000e+01         1.694301227558324e-01         
2.246875000000000e+01         1.701084196157955e-01         
2.247500000000000e+01         1.707876188572662e-01         
2.248125000000000e+01         1.714675103058315e-01         
2.248750000000000e+01         1.721478770217217e-01         
2.249375000000000e+01         1.728284952645295e-01         
2.250000000000000e+01         1.735091344687008e-01         
2.250625000000000e+01         1.741895572305363e-01         
2.251250000000000e+01         1.748695193074183e-01         
2.251875000000000e+01         1.755487696300236e-01         
2.252500000000000e+01         1.762270503282503e-01         
2.253125000000000e+01         1.769040967716133e-01         
2.253750000000000e+01         1.775796376248474e-01         
2.254375000000000e+01         1.782533949194443e-01         
2.255000000000000e+01         1.789250841418615e-01         
2.255625000000000e+01         1.795944143390876e-01         
2.256250000000000e+01         1.802610882422687e-01         
2.256875000000000e+01         1.809248024090410e-01         
2.257500000000000e+01         1.815852473851980e-01         
2.258125000000000e+01         1.822421078862903e-01         
2.258750000000000e+01         1.828950629996912e-01         
2.259375000000000e+01         1.835437864076390e-01         
2.260000000000000e+01         1.841879466316869e-01         
2.260625000000000e+01         1.848272072989465e-01         
2.261250000000000e+01         1.854612274304426e-01         
2.261875000000000e+01         1.860896617518044e-01         
2.262500000000000e+01         1.867121610264695e-01         
2.263125000000000e+01         1.873283724114537e-01         
2.263750000000000e+01         1.879379398356846e-01         
2.264375000000000e+01         1.885405044007593e-01         
2.265000000000000e+01         1.891357048039219e-01         
2.265625000000000e+01         1.897231777829127e-01         
2.266250000000000e+01         1.903025585822478e-01         
2.266875000000000e+01         1.908734814403658e-01         
2.267500000000000e+01         1.914355800969450e-01         
2.268125000000000e+01         1.919884883195906e-01         
2.268750000000000e+01         1.925318404489371e-01         
2.269375000000000e+01         1.930652719611087e-01         
2.270000000000000e+01         1.935884200463336e-01         
2.270625000000000e+01         1.941009242023805e-01         
2.271250000000000e+01         1.946024268413747e-01         
2.271875000000000e+01         1.950925739083969e-01         
2.272500000000000e+01         1.955710155101749e-01         
2.273125000000000e+01         1.960374065520439e-01         
2.273750000000000e+01         1.964914073812443e-01         
2.274375000000000e+01         1.969326844345280e-01         
2.275000000000000e+01         1.973609108879322e-01         
2.275625000000000e+01         1.977757673065159e-01         
2.276250000000000e+01         1.981769422917549e-01         
2.276875000000000e+01         1.985641331242425e-01         
2.277500000000000e+01         1.989370463992856e-01         
2.278125000000000e+01         1.992953986529398e-01         
2.278750000000000e+01         1.996389169760177e-01         
2.279375000000000e+01         1.999673396135771e-01         
2.280000000000000e+01         2.002804165474160e-01         
2.280625000000000e+01         2.005779100591171e-01         
2.281250000000000e+01         2.008595952712156e-01         
2.281875000000000e+01         2.011252606641373e-01         
2.282500000000000e+01         2.013747085666015e-01         
2.283125000000000e+01         2.016077556172923e-01         
2.283750000000000e+01         2.018242331956921e-01         
2.284375000000000e+01         2.020239878200916e-01         
2.285000000000000e+01         2.022068815109342e-01         
2.285625000000000e+01         2.023727921177883e-01         
2.286250000000000e+01         2.025216136084121e-01         
2.286875000000000e+01         2.026532563185431e-01         
2.287500000000000e+01         2.027676471612308e-01         
2.288125000000000e+01         2.028647297947275e-01         
2.288750000000000e+01         2.029444647481447e-01         
2.289375000000000e+01         2.030068295043019e-01         
2.290000000000000e+01         2.030518185393964e-01         
2.290625000000000e+01         2.030794433193414e-01         
2.291250000000000e+01         2.030897322528393e-01         
2.291875000000000e+01         2.030827306014645e-01         
2.292500000000000e+01         2.030585003472483e-01         
2.293125000000000e+01         2.030171200184688e-01         
2.293750000000000e+01         2.029586844745386e-01         
2.294375000000000e+01         2.028833046510995e-01         
2.295000000000000e+01         2.027911072665993e-01         
2.295625000000000e+01         2.026822344918087e-01         
2.296250000000000e+01         2.025568435839072e-01         
2.296875000000000e+01         2.024151064869068e-01         
2.297500000000000e+01         2.022572094003254e-01         
2.298125000000000e+01         2.020833523181443e-01         
2.298750000000000e+01         2.018937485401897e-01         
2.299375000000000e+01         2.016886241581719e-01         
2.300000000000000e+01         2.014682175186878e-01         
2.300625000000000e+01         2.012327786655543e-01         
2.301250000000000e+01         2.009825687638801e-01         
2.301875000000000e+01         2.007178595083149e-01         
2.302500000000000e+01         2.004389325179171e-01         
2.303125000000000e+01         2.001460787200829e-01         
2.303750000000000e+01         1.998395977259601e-01         
2.304375000000000e+01         1.995197971997292e-01         
2.305000000000000e+01         1.991869922240978e-01         
2.305625000000000e+01         1.988415046642805e-01         
2.306250000000000e+01         1.984836625326834e-01         
2.306875000000000e+01         1.981137993564121e-01         
2.307500000000000e+01         1.977322535496428e-01         
2.308125000000000e+01         1.973393677927974e-01         
2.308750000000000e+01         1.969354884203459e-01         
2.309375000000000e+01         1.965209648189636e-01         
2.310000000000000e+01         1.960961488376383e-01         
2.310625000000000e+01         1.956613942112102e-01         
2.311250000000000e+01         1.952170559987038e-01         
2.311875000000000e+01         1.947634900376814e-01         
2.312500000000000e+01         1.943010524157247e-01         
2.313125000000000e+01         1.938300989600288e-01         
2.313750000000000e+01         1.933509847459594e-01         
2.314375000000000e+01         1.928640636253134e-01         
2.315000000000000e+01         1.923696877748948e-01         
2.315625000000000e+01         1.918682072659041e-01         
2.316250000000000e+01         1.913599696545285e-01         
2.316875000000000e+01         1.908453195940113e-01         
2.317500000000000e+01         1.903245984683768e-01         
2.318125000000000e+01         1.897981440478856e-01         
2.318750000000000e+01         1.892662901662099e-01         
2.319375000000000e+01         1.887293664192276e-01         
2.320000000000000e+01         1.881876978852502e-01         
2.320625000000000e+01         1.876416048664393e-01         
2.321250000000000e+01         1.870914026510760e-01         
2.321875000000000e+01         1.865374012963075e-01         
2.322500000000000e+01         1.859799054309283e-01         
2.323125000000000e+01         1.854192140776992e-01         
2.323750000000000e+01         1.848556204946757e-01         
2.324375000000000e+01         1.842894120349678e-01         
2.325000000000000e+01         1.837208700243241e-01         
2.325625000000000e+01         1.831502696559066e-01         
2.326250000000000e+01         1.825778799015964e-01         
2.326875000000000e+01         1.820039634391570e-01         
2.327500000000000e+01         1.814287765945588e-01         
2.328125000000000e+01         1.808525692987773e-01         
2.328750000000000e+01         1.802755850583441e-01         
2.329375000000000e+01         1.796980609389575e-01         
2.330000000000000e+01         1.791202275614400e-01         
2.330625000000000e+01         1.785423091093407e-01         
2.331250000000000e+01         1.779645233474972e-01         
2.331875000000000e+01         1.773870816508560e-01         
2.332500000000000e+01         1.768101890428991e-01         
2.333125000000000e+01         1.762340442430003e-01         
2.333750000000000e+01         1.756588397220809e-01         
2.334375000000000e+01         1.750847617659316e-01         
2.335000000000000e+01         1.745119905455957e-01         
2.335625000000000e+01         1.739407001942294e-01         
2.336250000000000e+01         1.733710588898628e-01         
2.336875000000000e+01         1.728032289435258e-01         
2.337500000000000e+01         1.722373668922075e-01         
2.338125000000000e+01         1.716736235961474e-01         
2.338750000000000e+01         1.711121443399843e-01         
2.339375000000000e+01         1.705530689372918e-01         
2.340000000000000e+01         1.699965318380843e-01         
2.340625000000000e+01         1.694426622388581e-01         
2.341250000000000e+01         1.688915841947971e-01         
2.341875000000000e+01         1.683434167337582e-01         
2.342500000000000e+01         1.677982739716959e-01         
2.343125000000000e+01         1.672562652292034e-01         
2.343750000000000e+01         1.667174951488451e-01         
2.344375000000000e+01         1.661820638130204e-01         
2.345000000000000e+01         1.656500668620672e-01         
2.345625000000000e+01         1.651215956123691e-01         
2.346250000000000e+01         1.645967371742355e-01         
2.346875000000000e+01         1.640755745693308e-01         
2.347500000000000e+01         1.635581868474738e-01         
2.348125000000000e+01         1.630446492026034e-01         
2.348750000000000e+01         1.625350330877667e-01         
2.349375000000000e+01         1.620294063289662e-01         
2.350000000000000e+01         1.615278332377284e-01         
2.350625000000000e+01         1.610303747222816e-01         
2.351250000000000e+01         1.605370883972119e-01         
2.351875000000000e+01         1.600480286915211e-01         
2.352500000000000e+01         1.595632469549779e-01         
2.353125000000000e+01         1.590827915626939e-01         
2.353750000000000e+01         1.586067080178611e-01         
2.354375000000000e+01         1.581350390525774e-01         
2.355000000000000e+01         1.576678247267305e-01         
2.355625000000000e+01         1.572051025248769e-01         
2.356250000000000e+01         1.567469074511011e-01         
2.356875000000000e+01         1.562932721218149e-01         
2.357500000000000e+01         1.558442268564808e-01         
2.358125000000000e+01         1.553997997662519e-01         
2.358750000000000e+01         1.549600168405038e-01         
2.359375000000000e+01         1.545249020312756e-01         
2.360000000000000e+01         1.540944773356014e-01         
2.360625000000000e+01         1.536687628757549e-01         
2.361250000000000e+01         1.532477769774059e-01         
2.361875000000000e+01         1.528315362457072e-01         
2.362500000000000e+01         1.524200556393300e-01         
2.363125000000000e+01         1.520133485424610e-01         
2.363750000000000e+01         1.516114268347966e-01         
2.364375000000000e+01         1.512143009595431e-01         
2.365000000000000e+01         1.508219799894648e-01         
2.365625000000000e+01         1.504344716910027e-01         
2.366250000000000e+01         1.500517825864918e-01         
2.366875000000000e+01         1.496739180145202e-01         
2.367500000000000e+01         1.493008821884484e-01         
2.368125000000000e+01         1.489326782531419e-01         
2.368750000000000e+01         1.485693083399373e-01         
2.369375000000000e+01         1.482107736198852e-01         
2.370000000000000e+01         1.478570743553125e-01         
2.370625000000000e+01         1.475082099497276e-01         
2.371250000000000e+01         1.471641789961255e-01         
2.371875000000000e+01         1.468249793237140e-01         
2.372500000000000e+01         1.464906080431090e-01         
2.373125000000000e+01         1.461610615900381e-01         
2.373750000000000e+01         1.458363357675826e-01         
2.374375000000000e+01         1.455164257870108e-01         
2.375000000000000e+01         1.452013263072219e-01         
2.375625000000000e+01         1.448910314728587e-01         
2.376250000000000e+01         1.445855349511120e-01         
2.376875000000000e+01         1.442848299672554e-01         
2.377500000000000e+01         1.439889093389608e-01         
2.378125000000000e+01         1.436977655094110e-01         
2.378750000000000e+01         1.434113905792622e-01         
2.379375000000000e+01         1.431297763374797e-01         
2.380000000000000e+01         1.428529142910910e-01         
2.380625000000000e+01         1.425807956938845e-01         
2.381250000000000e+01         1.423134115740849e-01         
2.381875000000000e+01         1.420507527610521e-01         
2.382500000000000e+01         1.417928099110127e-01         
2.383125000000000e+01         1.415395735318806e-01         
2.383750000000000e+01         1.412910340071794e-01         
2.384375000000000e+01         1.410471816191040e-01         
2.385000000000000e+01         1.408080065707525e-01         
2.385625000000000e+01         1.405734990075503e-01         
2.386250000000000e+01         1.403436490379049e-01         
2.386875000000000e+01         1.401184467531075e-01         
2.387500000000000e+01         1.398978822465166e-01         
2.388125000000000e+01         1.396819456320469e-01         
2.388750000000000e+01         1.394706270619850e-01         
2.389375000000000e+01         1.392639167441659e-01         
2.390000000000000e+01         1.390618049585234e-01         
2.390625000000000e+01         1.388642820730454e-01         
2.391250000000000e+01         1.386713385591545e-01         
2.391875000000000e+01         1.384829650065357e-01         
2.392500000000000e+01         1.382991521374327e-01         
2.393125000000000e+01         1.381198908204336e-01         
2.393750000000000e+01         1.379451720837672e-01         
2.394375000000000e+01         1.377749871281285e-01         
2.395000000000000e+01         1.376093273390518e-01         
2.395625000000000e+01         1.374481842988531e-01         
2.396250000000000e+01         1.372915497981557e-01         
2.396875000000000e+01         1.371394158470186e-01         
2.397500000000000e+01         1.369917746856841e-01         
2.398125000000000e+01         1.368486187949616e-01         
2.398750000000000e+01         1.367099409062621e-01         
2.399375000000000e+01         1.365757340112999e-01         
2.400000000000000e+01         1.364459913714753e-01         
2.400625000000000e+01         1.363207065269533e-01         
2.401250000000000e+01         1.361998733054531e-01         
2.401875000000000e+01         1.360834858307589e-01         
2.402500000000000e+01         1.359715385309712e-01         
2.403125000000000e+01         1.358640261464997e-01         
2.403750000000000e+01         1.357609437378255e-01         
2.404375000000000e+01         1.356622866930310e-01         
2.405000000000000e+01         1.355680507351154e-01         
2.405625000000000e+01         1.354782319291060e-01         
2.406250000000000e+01         1.353928266889750e-01         
2.406875000000000e+01         1.353118317843738e-01         
2.407500000000000e+01         1.352352443471906e-01         
2.408125000000000e+01         1.351630618779481e-01         
2.408750000000000e+01         1.350952822520426e-01         
2.409375000000000e+01         1.350319037258392e-01         
2.410000000000000e+01         1.349729249426302e-01         
2.410625000000000e+01         1.349183449384620e-01         
2.411250000000000e+01         1.348681631478451e-01         
2.411875000000000e+01         1.348223794093487e-01         
2.412500000000000e+01         1.347809939710891e-01         
2.413125000000000e+01         1.347440074961239e-01         
2.413750000000000e+01         1.347114210677500e-01         
2.414375000000000e+01         1.346832361947208e-01         
2.415000000000000e+01         1.346594548163845e-01         
2.415625000000000e+01         1.346400793077500e-01         
2.416250000000000e+01         1.346251124844883e-01         
2.416875000000000e+01         1.346145576078739e-01         
2.417500000000000e+01         1.346084183896714e-01         
2.418125000000000e+01         1.346066989969735e-01         
2.418750000000000e+01         1.346094040569970e-01         
2.419375000000000e+01         1.346165386618365e-01         
2.420000000000000e+01         1.346281083731890e-01         
2.420625000000000e+01         1.346441192270445e-01         
2.421250000000000e+01         1.346645777383545e-01         
2.421875000000000e+01         1.346894909056799e-01         
2.422500000000000e+01         1.347188662158200e-01         
2.423125000000000e+01         1.347527116484304e-01         
2.423750000000000e+01         1.347910356806308e-01         
2.424375000000000e+01         1.348338472916084e-01         
2.425000000000000e+01         1.348811559672155e-01         
2.425625000000000e+01         1.349329717045722e-01         
2.426250000000000e+01         1.349893050166690e-01         
2.426875000000000e+01         1.350501669369774e-01         
2.427500000000000e+01         1.351155690240694e-01         
2.428125000000000e+01         1.351855233662477e-01         
2.428750000000000e+01         1.352600425861912e-01         
2.429375000000000e+01         1.353391398456138e-01         
2.430000000000000e+01         1.354228288499430e-01         
2.430625000000000e+01         1.355111238530184e-01         
2.431250000000000e+01         1.356040396618078e-01         
2.431875000000000e+01         1.357015916411511e-01         
2.432500000000000e+01         1.358037957185228e-01         
2.433125000000000e+01         1.359106683888236e-01         
2.433750000000000e+01         1.360222267191952e-01         
2.434375000000000e+01         1.361384883538620e-01         
2.435000000000000e+01         1.362594715190004e-01         
2.435625000000000e+01         1.363851950276355e-01         
2.436250000000000e+01         1.365156782845632e-01         
2.436875000000000e+01         1.366509412913037e-01         
2.437500000000000e+01         1.367910046510774e-01         
2.438125000000000e+01         1.369358895738108e-01         
2.438750000000000e+01         1.370856178811673e-01         
2.439375000000000e+01         1.372402120116020e-01         
2.440000000000000e+01         1.373996950254419e-01         
2.440625000000000e+01         1.375640906099864e-01         
2.441250000000000e+01         1.377334230846310e-01         
2.441875000000000e+01         1.379077174060082e-01         
2.442500000000000e+01         1.380869991731434e-01         
2.443125000000000e+01         1.382712946326295e-01         
2.443750000000000e+01         1.384606306838075e-01         
2.444375000000000e+01         1.386550348839581e-01         
2.445000000000000e+01         1.388545354534989e-01         
2.445625000000000e+01         1.390591612811787e-01         
2.446250000000000e+01         1.392689419292744e-01         
2.446875000000000e+01         1.394839076387731e-01         
2.447500000000000e+01         1.397040893345506e-01         
2.448125000000000e+01         1.399295186305232e-01         
2.448750000000000e+01         1.401602278347822e-01         
2.449375000000000e+01         1.403962499546976e-01         
2.450000000000000e+01         1.406376187019834e-01         
2.450625000000000e+01         1.408843684977239e-01         
2.451250000000000e+01         1.411365344773443e-01         
2.451875000000000e+01         1.413941524955276e-01         
2.452500000000000e+01         1.416572591310606e-01         
2.453125000000000e+01         1.419258916916041e-01         
2.453750000000000e+01         1.422000882183785e-01         
2.454375000000000e+01         1.424798874907479e-01         
2.455000000000000e+01         1.427653290307020e-01         
2.455625000000000e+01         1.430564531072135e-01         
2.456250000000000e+01         1.433533007404633e-01         
2.456875000000000e+01         1.436559137059231e-01         
2.457500000000000e+01         1.439643345382721e-01         
2.458125000000000e+01         1.442786065351450e-01         
2.458750000000000e+01         1.445987737606823e-01         
2.459375000000000e+01         1.449248810488779e-01         
2.460000000000000e+01         1.452569740066967e-01         
2.460625000000000e+01         1.455950990169475e-01         
2.461250000000000e+01         1.459393032408952e-01         
2.461875000000000e+01         1.462896346205790e-01         
2.462500000000000e+01         1.466461418808302e-01         
2.463125000000000e+01         1.470088745309502e-01         
2.463750000000000e+01         1.473778828660377e-01         
2.464375000000000e+01         1.477532179679259e-01         
2.465000000000000e+01         1.481349317057132e-01         
2.465625000000000e+01         1.485230767358513e-01         
2.466250000000000e+01         1.489177065017582e-01         
2.466875000000000e+01         1.493188752329338e-01         
2.467500000000000e+01         1.497266379435277e-01         
2.468125000000000e+01         1.501410504303398e-01         
2.468750000000000e+01         1.505621692702021e-01         
2.469375000000000e+01         1.509900518167071e-01         
2.470000000000000e+01         1.514247561962466e-01         
2.470625000000000e+01         1.518663413032977e-01         
2.471250000000000e+01         1.523148667949368e-01         
2.471875000000000e+01         1.527703930845014e-01         
2.472500000000000e+01         1.532329813343752e-01         
2.473125000000000e+01         1.537026934478226e-01         
2.473750000000000e+01         1.541795920598259e-01         
2.474375000000000e+01         1.546637405268629e-01         
2.475000000000000e+01         1.551552029155551e-01         
2.475625000000000e+01         1.556540439901327e-01         
2.476250000000000e+01         1.561603291986339e-01         
2.476875000000000e+01         1.566741246577714e-01         
2.477500000000000e+01         1.571954971363929e-01         
2.478125000000000e+01         1.577245140374436e-01         
2.478750000000000e+01         1.582612433783608e-01         
2.479375000000000e+01         1.588057537697991e-01         
2.480000000000000e+01         1.593581143925991e-01         
2.480625000000000e+01         1.599183949729069e-01         
2.481250000000000e+01         1.604866657553296e-01         
2.481875000000000e+01         1.610629974740368e-01         
2.482500000000000e+01         1.616474613216780e-01         
2.483125000000000e+01         1.622401289160191e-01         
2.483750000000000e+01         1.628410722641563e-01         
2.484375000000000e+01         1.634503637241931e-01         
2.485000000000000e+01         1.640680759642451e-01         
2.485625000000000e+01         1.646942819186233e-01         
2.486250000000000e+01         1.653290547410660e-01         
2.486875000000000e+01         1.659724677548531e-01         
2.487500000000000e+01         1.666245943996528e-01         
2.488125000000000e+01         1.672855081749331e-01         
2.488750000000000e+01         1.679552825797638e-01         
2.489375000000000e+01         1.686339910488376e-01         
2.490000000000000e+01         1.693217068845073e-01         
2.490625000000000e+01         1.700185031846671e-01         
2.491250000000000e+01         1.707244527662570e-01         
2.491875000000000e+01         1.714396280841917e-01         
2.492500000000000e+01         1.721641011454922e-01         
2.493125000000000e+01         1.728979434183935e-01         
2.493750000000000e+01         1.736412257362024e-01         
2.494375000000000e+01         1.743940181956490e-01         
2.495000000000000e+01         1.751563900494951e-01         
2.495625000000000e+01         1.759284095931336e-01         
2.496250000000000e+01         1.767101440449108e-01         
2.496875000000000e+01         1.775016594199008e-01         
2.497500000000000e+01         1.783030203968417e-01         
2.498125000000000e+01         1.791142901779463e-01         
2.498750000000000e+01         1.799355303412829e-01         
2.499375000000000e+01         1.807668006854220e-01         
2.500000000000000e+01         1.816081590660276e-01         
2.500625000000000e+01         1.824596612240782e-01         
2.501250000000000e+01         1.833213606053749e-01         
2.501875000000000e+01         1.841933081710173e-01         
2.502500000000000e+01         1.850755521984907e-01         
2.503125000000000e+01         1.859681380730253e-01         
2.503750000000000e+01         1.868711080688762e-01         
2.504375000000000e+01         1.877845011201697e-01         
2.505000000000000e+01         1.887083525809562e-01         
2.505625000000000e+01         1.896426939741264e-01         
2.506250000000000e+01         1.905875527288128e-01         
2.506875000000000e+01         1.915429519059455e-01         
2.507500000000000e+01         1.925089099115978e-01         
2.508125000000000e+01         1.934854401977814e-01         
2.508750000000000e+01         1.944725509503630e-01         
2.509375000000000e+01         1.954702447637607e-01         
2.510000000000000e+01         1.964785183021260e-01         
2.510625000000000e+01         1.974973619467039e-01         
2.511250000000000e+01         1.985267594290992e-01         
2.511875000000000e+01         1.995666874501944e-01         
2.512500000000000e+01         2.006171152844913e-01         
2.513125000000000e+01         2.016780043696828e-01         
2.513750000000000e+01         2.027493078812902e-01         
2.514375000000000e+01         2.038309702922483e-01         
2.515000000000000e+01         2.049229269173638e-01         
2.515625000000000e+01         2.060251034426188e-01         
2.516250000000000e+01         2.071374154393578e-01         
2.516875000000000e+01         2.082597678634507e-01         
2.517500000000000e+01         2.093920545396018e-01         
2.518125000000000e+01         2.105341576310494e-01         
2.518750000000000e+01         2.116859470949833e-01         
2.519375000000000e+01         2.128472801241109e-01         
2.520000000000000e+01         2.140180005748927e-01         
2.520625000000000e+01         2.151979383830820e-01         
2.521250000000000e+01         2.163869089673430e-01         
2.521875000000000e+01         2.175847126218100e-01         
2.522500000000000e+01         2.187911338986394e-01         
2.523125000000000e+01         2.200059409817172e-01         
2.523750000000000e+01         2.212288850528717e-01         
2.524375000000000e+01         2.224596996520927e-01         
2.525000000000000e+01         2.236981000334554e-01         
2.525625000000000e+01         2.249437825186321e-01         
2.526250000000000e+01         2.261964238500755e-01         
2.526875000000000e+01         2.274556805461788e-01         
2.527500000000000e+01         2.287211882609321e-01         
2.528125000000000e+01         2.299925611508195e-01         
2.528750000000000e+01         2.312693912519722e-01         
2.529375000000000e+01         2.325512478707918e-01         
2.530000000000000e+01         2.338376769915536e-01         
2.530625000000000e+01         2.351282007047368e-01         
2.531250000000000e+01         2.364223166600799e-01         
2.531875000000000e+01         2.377194975486621e-01         
2.532500000000000e+01         2.390191906185053e-01         
2.533125000000000e+01         2.403208172285226e-01         
2.533750000000000e+01         2.416237724458258e-01         
2.534375000000000e+01         2.429274246916839e-01         
2.535000000000000e+01         2.442311154416380e-01         
2.535625000000000e+01         2.455341589854762e-01         
2.536250000000000e+01         2.468358422529938e-01         
2.536875000000000e+01         2.481354247115820e-01         
2.537500000000000e+01         2.494321383418595e-01         
2.538125000000000e+01         2.507251876976377e-01         
2.538750000000000e+01         2.520137500565619e-01         
2.539375000000000e+01         2.532969756678145e-01         
2.540000000000000e+01         2.545739881031671e-01         
2.540625000000000e+01         2.558438847176389e-01         
2.541250000000000e+01         2.571057372257982e-01         
2.541875000000000e+01         2.583585923995547e-01         
2.542500000000000e+01         2.596014728929789e-01         
2.543125000000000e+01         2.608333781992922e-01         
2.543750000000000e+01         2.620532857447505e-01         
2.544375000000000e+01         2.632601521235438e-01         
2.545000000000000e+01         2.644529144772683e-01         
2.545625000000000e+01         2.656304920217432e-01         
2.546250000000000e+01         2.667917877231833e-01         
2.546875000000000e+01         2.679356901248046e-01         
2.547500000000000e+01         2.690610753239607e-01         
2.548125000000000e+01         2.701668090988463e-01         
2.548750000000000e+01         2.712517491826185e-01         
2.549375000000000e+01         2.723147476815952e-01         
2.550000000000000e+01         2.733546536328670e-01         
2.550625000000000e+01         2.743703156953197e-01         
2.551250000000000e+01         2.753605849666928e-01         
2.551875000000000e+01         2.763243179178353e-01         
2.552500000000000e+01         2.772603794339372e-01         
2.553125000000000e+01         2.781676459510352e-01         
2.553750000000000e+01         2.790450086747233e-01         
2.554375000000000e+01         2.798913768665939e-01         
2.555000000000000e+01         2.807056811826533e-01         
2.555625000000000e+01         2.814868770467289e-01         
2.556250000000000e+01         2.822339480407421e-01         
2.556875000000000e+01         2.829459092927659e-01         
2.557500000000000e+01         2.836218108429048e-01         
2.558125000000000e+01         2.842607409663637e-01         
2.558750000000000e+01         2.848618294325955e-01         
2.559375000000000e+01         2.854242506790770e-01         
2.560000000000000e+01         2.859472268782301e-01         
2.560625000000000e+01         2.864300308760991e-01         
2.561250000000000e+01         2.868719889818113e-01         
2.561875000000000e+01         2.872724835874381e-01         
2.562500000000000e+01         2.876309555987144e-01         
2.563125000000000e+01         2.879469066581922e-01         
2.563750000000000e+01         2.882199011436754e-01         
2.564375000000000e+01         2.884495679263368e-01         
2.565000000000000e+01         2.886356018746233e-01         
2.565625000000000e+01         2.887777650919734e-01         
2.566250000000000e+01         2.888758878784234e-01         
2.566875000000000e+01         2.889298694083737e-01         
2.567500000000000e+01         2.889396781190870e-01         
2.568125000000000e+01         2.889053518068495e-01         
2.568750000000000e+01         2.888269974301421e-01         
2.569375000000000e+01         2.887047906215849e-01         
2.570000000000000e+01         2.885389749128031e-01         
2.570625000000000e+01         2.883298606787090e-01         
2.571250000000000e+01         2.880778238099213e-01         
2.571875000000000e+01         2.877833041241980e-01         
2.572500000000000e+01         2.874468035297121e-01         
2.573125000000000e+01         2.870688839548389e-01         
2.573750000000000e+01         2.866501650607292e-01         
2.574375000000000e+01         2.861913217543712e-01         
2.575000000000000e+01         2.856930815210337e-01         
2.575625000000000e+01         2.851562215959497e-01         
2.576250000000000e+01         2.845815659958384e-01         
2.576875000000000e+01         2.839699824313403e-01         
2.577500000000000e+01         2.833223791217155e-01         
2.578125000000000e+01         2.826397015331877e-01         
2.578750000000000e+01         2.819229290621079e-01         
2.579375000000000e+01         2.811730716837524e-01         
2.580000000000000e+01         2.803911665869503e-01         
2.580625000000000e+01         2.795782748140028e-01         
2.581250000000000e+01         2.787354779244369e-01         
2.581875000000000e+01         2.778638747000775e-01         
2.582500000000000e+01         2.769645779077718e-01         
2.583125000000000e+01         2.760387111348419e-01         
2.583750000000000e+01         2.750874057110088e-01         
2.584375000000000e+01         2.741117977291640e-01         
2.585000000000000e+01         2.731130251759398e-01         
2.585625000000000e+01         2.720922251816308e-01         
2.586250000000000e+01         2.710505313975802e-01         
2.586875000000000e+01         2.699890715077634e-01         
2.587500000000000e+01         2.689089648799508e-01         
2.588125000000000e+01         2.678113203604989e-01         
2.588750000000000e+01         2.666972342155886e-01         
2.589375000000000e+01         2.655677882205473e-01         
2.590000000000000e+01         2.644240478977649e-01         
2.590625000000000e+01         2.632670609027292e-01         
2.591250000000000e+01         2.620978555567180e-01         
2.591875000000000e+01         2.609174395238804e-01         
2.592500000000000e+01         2.597267986296509e-01         
2.593125000000000e+01         2.585268958167686e-01         
2.593750000000000e+01         2.573186702346170e-01         
2.594375000000000e+01         2.561030364570475e-01         
2.595000000000000e+01         2.548808838234943e-01         
2.595625000000000e+01         2.536530758977998e-01         
2.596250000000000e+01         2.524204500389202e-01         
2.596875000000000e+01         2.511838170775129e-01         
2.597500000000000e+01         2.499439610922125e-01         
2.598125000000000e+01         2.487016392794056e-01         
2.598750000000000e+01         2.474575819102285e-01         
2.599375000000000e+01         2.462124923685794e-01         
2.600000000000000e+01         2.449670472640052e-01         
2.600625000000000e+01         2.437218966134056e-01         
2.601250000000000e+01         2.424776640856753e-01         
2.601875000000000e+01         2.412349473035497e-01         
2.602500000000000e+01         2.399943181971153e-01         
2.603125000000000e+01         2.387563234036715e-01         
2.603750000000000e+01         2.375214847088375e-01         
2.604375000000000e+01         2.362902995240632e-01         
2.605000000000000e+01         2.350632413959135e-01         
2.605625000000000e+01         2.338407605427886e-01         
2.606250000000000e+01         2.326232844149711e-01         
2.606875000000000e+01         2.314112182741461e-01         
2.607500000000000e+01         2.302049457888172e-01         
2.608125000000000e+01         2.290048296422622e-01         
2.608750000000000e+01         2.278112121499383e-01         
2.609375000000000e+01         2.266244158834787e-01         
2.610000000000000e+01         2.254447442986483e-01         
2.610625000000000e+01         2.242724823648621e-01         
2.611250000000000e+01         2.231078971940677e-01         
2.611875000000000e+01         2.219512386670115e-01         
2.612500000000000e+01         2.208027400550971e-01         
2.613125000000000e+01         2.196626186362244e-01         
2.613750000000000e+01         2.185310763031816e-01         
2.614375000000000e+01         2.174083001633181e-01         
2.615000000000000e+01         2.162944631283808e-01         
2.615625000000000e+01         2.151897244935469e-01         
2.616250000000000e+01         2.140942305048045e-01         
2.616875000000000e+01         2.130081149139849e-01         
2.617500000000000e+01         2.119314995208199e-01         
2.618125000000000e+01         2.108644947015539e-01         
2.618750000000000e+01         2.098071999237049e-01         
2.619375000000000e+01         2.087597042466565e-01         
2.620000000000000e+01         2.077220868078798e-01         
2.620625000000000e+01         2.066944172946011e-01         
2.621250000000000e+01         2.056767564008528e-01         
2.621875000000000e+01         2.046691562698744e-01         
2.622500000000000e+01         2.036716609218896e-01         
2.623125000000000e+01         2.026843066673403e-01         
2.623750000000000e+01         2.017071225056975e-01         
2.624375000000000e+01         2.007401305100046e-01         
2.625000000000000e+01         1.997833461973495e-01         
2.625625000000000e+01         1.988367788854820e-01         
2.626250000000000e+01         1.979004320358261e-01         
2.626875000000000e+01         1.969743035831514e-01         
2.627500000000000e+01         1.960583862521941e-01         
2.628125000000000e+01         1.951526678615249e-01         
2.628750000000000e+01         1.942571316149810e-01         
2.629375000000000e+01         1.933717563809806e-01         
2.630000000000000e+01         1.924965169600578e-01         
2.630625000000000e+01         1.916313843409494e-01         
2.631250000000000e+01         1.907763259455748e-01         
2.631875000000000e+01         1.899313058632567e-01         
2.632500000000000e+01         1.890962850745166e-01         
2.633125000000000e+01         1.882712216647930e-01         
2.633750000000000e+01         1.874560710284231e-01         
2.634375000000000e+01         1.866507860632229e-01         
2.635000000000000e+01         1.858553173559979e-01         
2.635625000000000e+01         1.850696133593135e-01         
2.636250000000000e+01         1.842936205598548e-01         
2.636875000000000e+01         1.835272836386780e-01         
2.637500000000000e+01         1.827705456236802e-01         
2.638125000000000e+01         1.820233480345804e-01         
2.638750000000000e+01         1.812856310207121e-01         
2.639375000000000e+01         1.805573334919196e-01         
2.640000000000000e+01         1.798383932428279e-01         
2.640625000000000e+01         1.791287470707778e-01         
2.641250000000000e+01         1.784283308876719e-01         
2.641875000000000e+01         1.777370798260028e-01         
2.642500000000000e+01         1.770549283393106e-01         
2.643125000000000e+01         1.763818102973013e-01         
2.643750000000000e+01         1.757176590758760e-01         
2.644375000000000e+01         1.750624076422762e-01         
2.645000000000000e+01         1.744159886355858e-01         
2.645625000000000e+01         1.737783344427759e-01         
2.646250000000000e+01         1.731493772705111e-01         
2.646875000000000e+01         1.725290492129089e-01         
2.647500000000000e+01         1.719172823154290e-01         
2.648125000000000e+01         1.713140086350906e-01         
2.648750000000000e+01         1.707191602971729e-01         
2.649375000000000e+01         1.701326695485755e-01         
2.650000000000000e+01         1.695544688080008e-01         
2.650625000000000e+01         1.689844907130955e-01         
2.651250000000000e+01         1.684226681647231e-01         
2.651875000000000e+01         1.678689343684825e-01         
2.652500000000000e+01         1.673232228736257e-01         
2.653125000000000e+01         1.667854676094980e-01         
2.653750000000000e+01         1.662556029196194e-01         
2.654375000000000e+01         1.657335635935374e-01         
2.655000000000000e+01         1.652192848965494e-01         
2.655625000000000e+01         1.647127025974199e-01         
2.656250000000000e+01         1.642137529941787e-01         
2.656875000000000e+01         1.637223729381131e-01         
2.657500000000000e+01         1.632384998560440e-01         
2.658125000000000e+01         1.627620717709690e-01         
2.658750000000000e+01         1.622930273211747e-01         
2.659375000000000e+01         1.618313057778816e-01         
2.660000000000000e+01         1.613768470615166e-01         
2.660625000000000e+01         1.609295917566785e-01         
2.661250000000000e+01         1.604894811258676e-01         
2.661875000000000e+01         1.600564571220577e-01         
2.662500000000000e+01         1.596304624001589e-01         
2.663125000000000e+01         1.592114403274528e-01         
2.663750000000000e+01         1.587993349930376e-01         
2.664375000000000e+01         1.583940912163611e-01         
2.665000000000000e+01         1.579956545548764e-01         
2.665625000000000e+01         1.576039713108828e-01         
2.666250000000000e+01         1.572189885375987e-01         
2.666875000000000e+01         1.568406540445051e-01         
2.667500000000000e+01         1.564689164020172e-01         
2.668125000000000e+01         1.561037249455104e-01         
2.668750000000000e+01         1.557450297787540e-01         
2.669375000000000e+01         1.553927817767835e-01         
2.670000000000000e+01         1.550469325882441e-01         
2.670625000000000e+01         1.547074346372523e-01         
2.671250000000000e+01         1.543742411247914e-01         
2.671875000000000e+01         1.540473060296868e-01         
2.672500000000000e+01         1.537265841091809e-01         
2.673125000000000e+01         1.534120308991383e-01         
2.673750000000000e+01         1.531036027139106e-01         
2.674375000000000e+01         1.528012566458789e-01         
2.675000000000000e+01         1.525049505647083e-01         
2.675625000000000e+01         1.522146431163248e-01         
2.676250000000000e+01         1.519302937216480e-01         
2.676875000000000e+01         1.516518625750913e-01         
2.677500000000000e+01         1.513793106428515e-01         
2.678125000000000e+01         1.511125996610110e-01         
2.678750000000000e+01         1.508516921334599e-01         
2.679375000000000e+01         1.505965513296664e-01         
2.680000000000000e+01         1.503471412823014e-01         
2.680625000000000e+01         1.501034267847366e-01         
2.681250000000000e+01         1.498653733884318e-01         
2.681875000000000e+01         1.496329474002193e-01         
2.682500000000000e+01         1.494061158795050e-01         
2.683125000000000e+01         1.491848466353906e-01         
2.683750000000000e+01         1.489691082237361e-01         
2.684375000000000e+01         1.487588699441666e-01         
2.685000000000000e+01         1.485541018370363e-01         
2.685625000000000e+01         1.483547746803633e-01         
2.686250000000000e+01         1.481608599867345e-01         
2.686875000000000e+01         1.479723300002006e-01         
2.687500000000000e+01         1.477891576931607e-01         
2.688125000000000e+01         1.476113167632490e-01         
2.688750000000000e+01         1.474387816302294e-01         
2.689375000000000e+01         1.472715274329026e-01         
2.690000000000000e+01         1.471095300260390e-01         
2.690625000000000e+01         1.469527659773345e-01         
2.691250000000000e+01         1.468012125644032e-01         
2.691875000000000e+01         1.466548477718068e-01         
2.692500000000000e+01         1.465136502881288e-01         
2.693125000000000e+01         1.463775995030986e-01         
2.693750000000000e+01         1.462466755047667e-01         
2.694375000000000e+01         1.461208590767422e-01         
2.695000000000000e+01         1.460001316954877e-01         
2.695625000000000e+01         1.458844755276840e-01         
2.696250000000000e+01         1.457738734276630e-01         
2.696875000000000e+01         1.456683089349139e-01         
2.697500000000000e+01         1.455677662716663e-01         
2.698125000000000e+01         1.454722303405530e-01         
2.698750000000000e+01         1.453816867223550e-01         
2.699375000000000e+01         1.452961216738320e-01         
2.700000000000000e+01         1.452155221256415e-01         
2.700625000000000e+01         1.451398756803474e-01         
2.701250000000000e+01         1.450691706105205e-01         
2.701875000000000e+01         1.450033958569359e-01         
2.702500000000000e+01         1.449425410268663e-01         
2.703125000000000e+01         1.448865963924727e-01         
2.703750000000000e+01         1.448355528892976e-01         
2.704375000000000e+01         1.447894021148593e-01         
2.705000000000000e+01         1.447481363273504e-01         
2.705625000000000e+01         1.447117484444410e-01         
2.706250000000000e+01         1.446802320421896e-01         
2.706875000000000e+01         1.446535813540607e-01         
2.707500000000000e+01         1.446317912700522e-01         
2.708125000000000e+01         1.446148573359334e-01         
2.708750000000000e+01         1.446027757525935e-01         
2.709375000000000e+01         1.445955433755025e-01         
2.710000000000000e+01         1.445931577142858e-01         
2.710625000000000e+01         1.445956169324128e-01         
2.711250000000000e+01         1.446029198469997e-01         
2.711875000000000e+01         1.446150659287278e-01         
2.712500000000000e+01         1.446320553018780e-01         
2.713125000000000e+01         1.446538887444835e-01         
2.713750000000000e+01         1.446805676885961e-01         
2.714375000000000e+01         1.447120942206737e-01         
2.715000000000000e+01         1.447484710820842e-01         
2.715625000000000e+01         1.447897016697280e-01         
2.716250000000000e+01         1.448357900367787e-01         
2.716875000000000e+01         1.448867408935436e-01         
2.717500000000000e+01         1.449425596084423e-01         
2.718125000000000e+01         1.450032522091057e-01         
2.718750000000000e+01         1.450688253835931e-01         
2.719375000000000e+01         1.451392864817282e-01         
2.720000000000000e+01         1.452146435165563e-01         
2.720625000000000e+01         1.452949051659176e-01         
2.721250000000000e+01         1.453800807741434e-01         
2.721875000000000e+01         1.454701803538657e-01         
2.722500000000000e+01         1.455652145879501e-01         
2.723125000000000e+01         1.456651948315442e-01         
2.723750000000000e+01         1.457701331142431e-01         
2.724375000000000e+01         1.458800421423734e-01         
2.725000000000000e+01         1.459949353013930e-01         
2.725625000000000e+01         1.461148266584069e-01         
2.726250000000000e+01         1.462397309647969e-01         
2.726875000000000e+01         1.463696636589672e-01         
2.727500000000000e+01         1.465046408692025e-01         
2.728125000000000e+01         1.466446794166379e-01         
2.728750000000000e+01         1.467897968183408e-01         
2.729375000000000e+01         1.469400112905022e-01         
2.730000000000000e+01         1.470953417517375e-01         
2.730625000000000e+01         1.472558078264928e-01         
2.731250000000000e+01         1.474214298485585e-01         
2.731875000000000e+01         1.475922288646863e-01         
2.732500000000000e+01         1.477682266383077e-01         
2.733125000000000e+01         1.479494456533538e-01         
2.733750000000000e+01         1.481359091181715e-01         
2.734375000000000e+01         1.483276409695378e-01         
2.735000000000000e+01         1.485246658767653e-01         
2.735625000000000e+01         1.487270092458984e-01         
2.736250000000000e+01         1.489346972239999e-01         
2.736875000000000e+01         1.491477567035186e-01         
2.737500000000000e+01         1.493662153267424e-01         
2.738125000000000e+01         1.495901014903267e-01         
2.738750000000000e+01         1.498194443498985e-01         
2.739375000000000e+01         1.500542738247314e-01         
2.740000000000000e+01         1.502946206024862e-01         
2.740625000000000e+01         1.505405161440140e-01         
2.741250000000000e+01         1.507919926882161e-01         
2.741875000000000e+01         1.510490832569563e-01         
2.742500000000000e+01         1.513118216600204e-01         
2.743125000000000e+01         1.515802425001154e-01         
2.743750000000000e+01         1.518543811779052e-01         
2.744375000000000e+01         1.521342738970726e-01         
2.745000000000000e+01         1.524199576694062e-01         
2.745625000000000e+01         1.527114703198978e-01         
2.746250000000000e+01         1.530088504918494e-01         
2.746875000000000e+01         1.533121376519773e-01         
2.747500000000000e+01         1.536213720955047e-01         
2.748125000000000e+01         1.539365949512364e-01         
2.748750000000000e+01         1.542578481866040e-01         
2.749375000000000e+01         1.545851746126698e-01         
2.750000000000000e+01         1.549186178890822e-01         
2.750625000000000e+01         1.552582225289649e-01         
2.751250000000000e+01         1.556040339037376e-01         
2.751875000000000e+01         1.559560982478415e-01         
2.752500000000000e+01         1.563144626633697e-01         
2.753125000000000e+01         1.566791751245772e-01         
2.753750000000000e+01         1.570502844822622e-01         
2.754375000000000e+01         1.574278404679984e-01         
2.755000000000000e+01         1.578118936982006e-01         
2.755625000000000e+01         1.582024956780125e-01         
2.756250000000000e+01         1.585996988049847e-01         
2.756875000000000e+01         1.590035563725366e-01         
2.757500000000000e+01         1.594141225731720e-01         
2.758125000000000e+01         1.598314525014248e-01         
2.758750000000000e+01         1.602556021565220e-01         
2.759375000000000e+01         1.606866284447212e-01         
2.760000000000000e+01         1.611245891813159e-01         
2.760625000000000e+01         1.615695430922642e-01         
2.761250000000000e+01         1.620215498154185e-01         
2.761875000000000e+01         1.624806699013299e-01         
2.762500000000000e+01         1.629469648135820e-01         
2.763125000000000e+01         1.634204969286333e-01         
2.763750000000000e+01         1.639013295351207e-01         
2.764375000000000e+01         1.643895268325944e-01         
2.765000000000000e+01         1.648851539296388e-01         
2.765625000000000e+01         1.653882768413358e-01         
2.766250000000000e+01         1.658989624860356e-01         
2.766875000000000e+01         1.664172786813718e-01         
2.767500000000000e+01         1.669432941394898e-01         
2.768125000000000e+01         1.674770784614205e-01         
2.768750000000000e+01         1.680187021305544e-01         
2.769375000000000e+01         1.685682365051592e-01         
2.770000000000000e+01         1.691257538098699e-01         
2.770625000000000e+01         1.696913271261046e-01         
2.771250000000000e+01         1.702650303813232e-01         
2.771875000000000e+01         1.708469383370699e-01         
2.772500000000000e+01         1.714371265757241e-01         
2.773125000000000e+01         1.720356714858760e-01         
2.773750000000000e+01         1.726426502462584e-01         
2.774375000000000e+01         1.732581408081359e-01         
2.775000000000000e+01         1.738822218760762e-01         
2.775625000000000e+01         1.745149728869986e-01         
2.776250000000000e+01         1.751564739874082e-01         
2.776875000000000e+01         1.758068060087168e-01         
2.777500000000000e+01         1.764660504405304e-01         
2.778125000000000e+01         1.771342894018092e-01         
2.778750000000000e+01         1.778116056097632e-01         
2.779375000000000e+01         1.784980823463772e-01         
2.780000000000000e+01         1.791938034224239e-01         
2.780625000000000e+01         1.798988531388404e-01         
2.781250000000000e+01         1.806133162453182e-01         
2.781875000000000e+01         1.813372778959675e-01         
2.782500000000000e+01         1.820708236018959e-01         
2.783125000000000e+01         1.828140391805473e-01         
2.783750000000000e+01         1.835670107016284e-01         
2.784375000000000e+01         1.843298244294485e-01         
2.785000000000000e+01         1.851025667614967e-01         
2.785625000000000e+01         1.858853241630601e-01         
2.786250000000000e+01         1.866781830976852e-01         
2.786875000000000e+01         1.874812299532885e-01         
2.787500000000000e+01         1.882945509636800e-01         
2.788125000000000e+01         1.891182321253059e-01         
2.788750000000000e+01         1.899523591089508e-01         
2.789375000000000e+01         1.907970171661846e-01         
2.790000000000000e+01         1.916522910302893e-01         
2.790625000000000e+01         1.925182648114075e-01         
2.791250000000000e+01         1.933950218856647e-01         
2.791875000000000e+01         1.942826447779598e-01         
2.792500000000000e+01         1.951812150381640e-01         
2.793125000000000e+01         1.960908131104222e-01         
2.793750000000000e+01         1.970115181952437e-01         
2.794375000000000e+01         1.979434081040929e-01         
2.795000000000000e+01         1.988865591061263e-01         
2.795625000000000e+01         1.998410457667743e-01         
2.796250000000000e+01         2.008069407778009e-01         
2.796875000000000e+01         2.017843147785133e-01         
2.797500000000000e+01         2.027732361677497e-01         
2.798125000000000e+01         2.037737709062835e-01         
2.798750000000000e+01         2.047859823092816e-01         
2.799375000000000e+01         2.058099308284232e-01         
2.800000000000000e+01         2.068456738233027e-01         
2.800625000000000e+01         2.078932653217334e-01         
2.801250000000000e+01         2.089527557685390e-01         
2.801875000000000e+01         2.100241917624675e-01         
2.802500000000000e+01         2.111076157807920e-01         
2.803125000000000e+01         2.122030658912457e-01         
2.803750000000000e+01         2.133105754508466e-01         
2.804375000000000e+01         2.144301727912699e-01         
2.805000000000000e+01         2.155618808903376e-01         
2.805625000000000e+01         2.167057170292790e-01         
2.806250000000000e+01         2.178616924353763e-01         
2.806875000000000e+01         2.190298119096511e-01         
2.807500000000000e+01         2.202100734392459e-01         
2.808125000000000e+01         2.214024677941879e-01         
2.808750000000000e+01         2.226069781082433e-01         
2.809375000000000e+01         2.238235794435905e-01         
2.810000000000000e+01         2.250522383390689e-01         
2.810625000000000e+01         2.262929123418384e-01         
2.811250000000000e+01         2.275455495222460e-01         
2.811875000000000e+01         2.288100879718417e-01         
2.812500000000000e+01         2.300864552844447e-01         
2.813125000000000e+01         2.313745680203069e-01         
2.813750000000000e+01         2.326743311534110e-01         
2.814375000000000e+01         2.339856375020756e-01         
2.815000000000000e+01         2.353083671430933e-01         
2.815625000000000e+01         2.366423868097028e-01         
2.816250000000000e+01         2.379875492738486e-01         
2.816875000000000e+01         2.393436927132240e-01         
2.817500000000000e+01         2.407106400637573e-01         
2.818125000000000e+01         2.420881983583278e-01         
2.818750000000000e+01         2.434761580525915e-01         
2.819375000000000e+01         2.448742923390169e-01         
2.820000000000000e+01         2.462823564503149e-01         
2.820625000000000e+01         2.477000869536858e-01         
2.821250000000000e+01         2.491272010374490e-01         
2.821875000000000e+01         2.505633957918074e-01         
2.822500000000000e+01         2.520083474857630e-01         
2.823125000000000e+01         2.534617108423285e-01         
2.823750000000000e+01         2.549231183145022e-01         
2.824375000000000e+01         2.563921793646342e-01         
2.825000000000000e+01         2.578684797501014e-01         
2.825625000000000e+01         2.593515808184799e-01         
2.826250000000000e+01         2.608410188156133e-01         
2.826875000000000e+01         2.623363042103211e-01         
2.827500000000000e+01         2.638369210397175e-01         
2.828125000000000e+01         2.653423262794087e-01         
2.828750000000000e+01         2.668519492431535e-01         
2.829375000000000e+01         2.683651910167928e-01         
2.830000000000000e+01         2.698814239316186e-01         
2.830625000000000e+01         2.713999910825494e-01         
2.831250000000000e+01         2.729202058968045e-01         
2.831875000000000e+01         2.744413517590095e-01         
2.832500000000000e+01         2.759626816988775e-01         
2.833125000000000e+01         2.774834181478761e-01         
2.833750000000000e+01         2.790027527714450e-01         
2.834375000000000e+01         2.805198463834922e-01         
2.835000000000000e+01         2.820338289500637e-01         
2.835625000000000e+01         2.835437996890996e-01         
2.836250000000000e+01         2.850488272732989e-01         
2.836875000000000e+01         2.865479501430357e-01         
2.837500000000000e+01         2.880401769362549e-01         
2.838125000000000e+01         2.895244870420827e-01         
2.838750000000000e+01         2.909998312847253e-01         
2.839375000000000e+01         2.924651327439176e-01         
2.840000000000000e+01         2.939192877178315e-01         
2.840625000000000e+01         2.953611668338875e-01         
2.841250000000000e+01         2.967896163124084e-01         
2.841875000000000e+01         2.982034593873603e-01         
2.842500000000000e+01         2.996014978877720e-01         
2.843125000000000e+01         3.009825139825210e-01         
2.843750000000000e+01         3.023452720903139e-01         
2.844375000000000e+01         3.036885209556187e-01         
2.845000000000000e+01         3.050109958902307e-01         
2.845625000000000e+01         3.063114211789159e-01         
2.846250000000000e+01         3.075885126463211e-01         
2.846875000000000e+01         3.088409803809411e-01         
2.847500000000000e+01         3.100675316105438e-01         
2.848125000000000e+01         3.112668737219238e-01         
2.848750000000000e+01         3.124377174163835e-01         
2.849375000000000e+01         3.135787799907516e-01         
2.850000000000000e+01         3.146887887322002e-01         
2.850625000000000e+01         3.157664844135965e-01         
2.851250000000000e+01         3.168106248745886e-01         
2.851875000000000e+01         3.178199886721666e-01         
2.852500000000000e+01         3.187933787830725e-01         
2.853125000000000e+01         3.197296263391117e-01         
2.853750000000000e+01         3.206275943752915e-01         
2.854375000000000e+01         3.214861815696389e-01         
2.855000000000000e+01         3.223043259527441e-01         
2.855625000000000e+01         3.230810085643614e-01         
2.856250000000000e+01         3.238152570339367e-01         
2.856875000000000e+01         3.245061490617088e-01         
2.857500000000000e+01         3.251528157769705e-01         
2.858125000000000e+01         3.257544449503501e-01         
2.858750000000000e+01         3.263102840374218e-01         
2.859375000000000e+01         3.268196430317099e-01         
2.860000000000000e+01         3.272818971061251e-01         
2.860625000000000e+01         3.276964890231305e-01         
2.861250000000000e+01         3.280629312953925e-01         
2.861875000000000e+01         3.283808080803929e-01         
2.862500000000000e+01         3.286497767943741e-01         
2.863125000000000e+01         3.288695694331090e-01         
2.863750000000000e+01         3.290399935892255e-01         
2.864375000000000e+01         3.291609331582235e-01         
2.865000000000000e+01         3.292323487278121e-01         
2.865625000000000e+01         3.292542776477522e-01         
2.866250000000000e+01         3.292268337800016e-01         
2.866875000000000e+01         3.291502069315493e-01         
2.867500000000000e+01         3.290246619748908e-01         
2.868125000000000e+01         3.288505376635941e-01         
2.868750000000000e+01         3.286282451528027e-01         
2.869375000000000e+01         3.283582662367752e-01         
2.870000000000000e+01         3.280411513176735e-01         
2.870625000000000e+01         3.276775171217171e-01         
2.871250000000000e+01         3.272680441805453e-01         
2.871875000000000e+01         3.268134740970992e-01         
2.872500000000000e+01         3.263146066165906e-01         
2.873125000000000e+01         3.257722965241410e-01         
2.873750000000000e+01         3.251874503913948e-01         
2.874375000000000e+01         3.245610231949344e-01         
2.875000000000000e+01         3.238940148295715e-01         
2.875625000000000e+01         3.231874665395771e-01         
2.876250000000000e+01         3.224424572907182e-01         
2.876875000000000e+01         3.216601001054942e-01         
2.877500000000000e+01         3.208415383833683e-01         
2.878125000000000e+01         3.199879422268984e-01         
2.878750000000000e+01         3.191005047937536e-01         
2.879375000000000e+01         3.181804386934253e-01         
2.880000000000000e+01         3.172289724461952e-01         
2.880625000000000e+01         3.162473470205898e-01         
2.881250000000000e+01         3.152368124641396e-01         
2.881875000000000e+01         3.141986246407323e-01         
2.882500000000000e+01         3.131340420864207e-01         
2.883125000000000e+01         3.120443229939388e-01         
2.883750000000000e+01         3.109307223347689e-01         
2.884375000000000e+01         3.097944891259860e-01         
2.885000000000000e+01         3.086368638477981e-01         
2.885625000000000e+01         3.074590760161588e-01         
2.886250000000000e+01         3.062623419136160e-01         
2.886875000000000e+01         3.050478624801975e-01         
2.887500000000000e+01         3.038168213650218e-01         
2.888125000000000e+01         3.025703831381754e-01         
2.888750000000000e+01         3.013096916614288e-01         
2.889375000000000e+01         3.000358686154133e-01         
2.890000000000000e+01         2.987500121800947e-01         
2.890625000000000e+01         2.974531958646258e-01         
2.891250000000000e+01         2.961464674820646e-01         
2.891875000000000e+01         2.948308482638285e-01         
2.892500000000000e+01         2.935073321084199e-01         
2.893125000000000e+01         2.921768849584441e-01         
2.893750000000000e+01         2.908404442997781e-01         
2.894375000000000e+01         2.894989187764332e-01         
2.895000000000000e+01         2.881531879145637e-01         
2.895625000000000e+01         2.868041019489551e-01         
2.896250000000000e+01         2.854524817452996e-01         
2.896875000000000e+01         2.840991188116133e-01         
2.897500000000000e+01         2.827447753921679e-01         
2.898125000000000e+01         2.813901846374617e-01         
2.898750000000000e+01         2.800360508438978e-01         
2.899375000000000e+01         2.786830497569480e-01         
2.900000000000000e+01         2.773318289318918e-01         
2.900625000000000e+01         2.759830081463125e-01         
2.901250000000000e+01         2.746371798588905e-01         
2.901875000000000e+01         2.732949097091838e-01         
2.902500000000000e+01         2.719567370534086e-01         
2.903125000000000e+01         2.706231755314915e-01         
2.903750000000000e+01         2.692947136608885e-01         
2.904375000000000e+01         2.679718154530151e-01         
2.905000000000000e+01         2.666549210483155e-01         
2.905625000000000e+01         2.653444473663413e-01         
2.906250000000000e+01         2.640407887674260e-01         
2.906875000000000e+01         2.627443177227907e-01         
2.907500000000000e+01         2.614553854902246e-01         
2.908125000000000e+01         2.601743227926365e-01         
2.908750000000000e+01         2.589014404970716e-01         
2.909375000000000e+01         2.576370302919920e-01         
2.910000000000000e+01         2.563813653607910e-01         
2.910625000000000e+01         2.551347010497819e-01         
2.911250000000000e+01         2.538972755290026e-01         
2.911875000000000e+01         2.526693104444605e-01         
2.912500000000000e+01         2.514510115604837e-01         
2.913125000000000e+01         2.502425693911274e-01         
2.913750000000000e+01         2.490441598196416e-01         
2.914375000000000e+01         2.478559447051674e-01         
2.915000000000000e+01         2.466780724759763e-01         
2.915625000000000e+01         2.455106787086556e-01         
2.916250000000000e+01         2.443538866927593e-01         
2.916875000000000e+01         2.432078079805545e-01         
2.917500000000000e+01         2.420725429215465e-01         
2.918125000000000e+01         2.409481811816202e-01         
2.918750000000000e+01         2.398348022465992e-01         
2.919375000000000e+01         2.387324759102212e-01         
2.920000000000000e+01         2.376412627464770e-01         
2.920625000000000e+01         2.365612145663823e-01         
2.921250000000000e+01         2.354923748592720e-01         
2.921875000000000e+01         2.344347792187664e-01         
2.922500000000000e+01         2.333884557535758e-01         
2.923125000000000e+01         2.323534254833671e-01         
2.923750000000000e+01         2.313297027199219e-01         
2.924375000000000e+01         2.303172954338738e-01         
2.925000000000000e+01         2.293162056072752e-01         
2.925625000000000e+01         2.283264295723542e-01         
2.926250000000000e+01         2.273479583367208e-01         
2.926875000000000e+01         2.263807778954178e-01         
2.927500000000000e+01         2.254248695301047e-01         
2.928125000000000e+01         2.244802100957718e-01         
2.928750000000000e+01         2.235467722953038e-01         
2.929375000000000e+01         2.226245249422786e-01         
2.930000000000000e+01         2.217134332123512e-01         
2.930625000000000e+01         2.208134588835798e-01         
2.931250000000000e+01         2.199245605660683e-01         
2.931875000000000e+01         2.190466939212763e-01         
2.932500000000000e+01         2.181798118713414e-01         
2.933125000000000e+01         2.173238647987881e-01         
2.933750000000000e+01         2.164788007369418e-01         
2.934375000000000e+01         2.156445655514139e-01         
2.935000000000000e+01         2.148211031129663e-01         
2.935625000000000e+01         2.140083554621059e-01         
2.936250000000000e+01         2.132062629657110e-01         
2.936875000000000e+01         2.124147644660044e-01         
2.937500000000000e+01         2.116337974221923e-01         
2.938125000000000e+01         2.108632980450409e-01         
2.938750000000000e+01         2.101032014246978e-01         
2.939375000000000e+01         2.093534416520302e-01         
2.940000000000000e+01         2.086139519337497e-01         
2.940625000000000e+01         2.078846647015905e-01         
2.941250000000000e+01         2.071655117157880e-01         
2.941875000000000e+01         2.064564241631168e-01         
2.942500000000000e+01         2.057573327497100e-01         
2.943125000000000e+01         2.050681677889006e-01         
2.943750000000000e+01         2.043888592843015e-01         
2.944375000000000e+01         2.037193370083381e-01         
2.945000000000000e+01         2.030595305764416e-01         
2.945625000000000e+01         2.024093695170916e-01         
2.946250000000000e+01         2.017687833379158e-01         
2.946875000000000e+01         2.011377015880107e-01         
2.947500000000000e+01         2.005160539166707e-01         
2.948125000000000e+01         1.999037701286940e-01         
2.948750000000000e+01         1.993007802364196e-01         
2.949375000000000e+01         1.987070145086630e-01         
2.950000000000000e+01         1.981224035166883e-01         
2.950625000000000e+01         1.975468781773682e-01         
2.951250000000000e+01         1.969803697936643e-01         
2.951875000000000e+01         1.964228100925592e-01         
2.952500000000000e+01         1.958741312605733e-01         
2.953125000000000e+01         1.953342659769693e-01         
2.953750000000000e+01         1.948031474447853e-01         
2.954375000000000e+01         1.942807094197807e-01         
2.955000000000000e+01         1.937668862374191e-01         
2.955625000000000e+01         1.932616128379756e-01         
2.956250000000000e+01         1.927648247898784e-01         
2.956875000000000e+01         1.922764583113604e-01         
2.957500000000000e+01         1.917964502905241e-01         
2.958125000000000e+01         1.913247383038901e-01         
2.958750000000000e+01         1.908612606335224e-01         
2.959375000000000e+01         1.904059562827933e-01         
2.960000000000000e+01         1.899587649908700e-01         
2.960625000000000e+01         1.895196272459910e-01         
2.961250000000000e+01         1.890884842975940e-01         
2.961875000000000e+01         1.886652781673602e-01         
2.962500000000000e+01         1.882499516592419e-01         
2.963125000000000e+01         1.878424483685154e-01         
2.963750000000000e+01         1.874427126899331e-01         
2.964375000000000e+01         1.870506898250085e-01         
2.965000000000000e+01         1.866663257884941e-01         
2.965625000000000e+01         1.862895674140980e-01         
2.966250000000000e+01         1.859203623594822e-01         
2.966875000000000e+01         1.855586591105812e-01         
2.967500000000000e+01         1.852044069852918e-01         
2.968125000000000e+01         1.848575561365609e-01         
2.968750000000000e+01         1.845180575549172e-01         
2.969375000000000e+01         1.841858630704731e-01         
2.970000000000000e+01         1.838609253544387e-01         
2.970625000000000e+01         1.835431979201708e-01         
2.971250000000000e+01         1.832326351237928e-01         
2.971875000000000e+01         1.829291921644095e-01         
2.972500000000000e+01         1.826328250839478e-01         
2.973125000000000e+01         1.823434907666432e-01         
2.973750000000000e+01         1.820611469382009e-01         
2.974375000000000e+01         1.817857521646531e-01         
2.975000000000000e+01         1.815172658509312e-01         
2.975625000000000e+01         1.812556482391779e-01         
2.976250000000000e+01         1.810008604068158e-01         
2.976875000000000e+01         1.807528642643902e-01         
2.977500000000000e+01         1.805116225532054e-01         
2.978125000000000e+01         1.802770988427694e-01         
2.978750000000000e+01         1.800492575280639e-01         
2.979375000000000e+01         1.798280638266508e-01         
2.980000000000000e+01         1.796134837756366e-01         
2.980625000000000e+01         1.794054842284944e-01         
2.981250000000000e+01         1.792040328517708e-01         
2.981875000000000e+01         1.790090981216783e-01         
2.982500000000000e+01         1.788206493205893e-01         
2.983125000000000e+01         1.786386565334393e-01         
2.983750000000000e+01         1.784630906440482e-01         
2.984375000000000e+01         1.782939233313754e-01         
2.985000000000000e+01         1.781311270657041e-01         
2.985625000000000e+01         1.779746751047770e-01         
2.986250000000000e+01         1.778245414898791e-01         
2.986875000000000e+01         1.776807010418811e-01         
2.987500000000000e+01         1.775431293572471e-01         
2.988125000000000e+01         1.774118028040123e-01         
2.988750000000000e+01         1.772866985177375e-01         
2.989375000000000e+01         1.771677943974432e-01         
2.990000000000000e+01         1.770550691015273e-01         
2.990625000000000e+01         1.769485020436783e-01         
2.991250000000000e+01         1.768480733887714e-01         
2.991875000000000e+01         1.767537640487714e-01         
2.992500000000000e+01         1.766655556786268e-01         
2.993125000000000e+01         1.765834306721696e-01         
2.993750000000000e+01         1.765073721580193e-01         
2.994375000000000e+01         1.764373639954913e-01         
2.995000000000000e+01         1.763733907705145e-01         
2.995625000000000e+01         1.763154377915576e-01         
2.996250000000000e+01         1.762634910855659e-01         
2.996875000000000e+01         1.762175373939095e-01         
2.997500000000000e+01         1.761775641683421e-01         
2.998125000000000e+01         1.761435595669733e-01         
2.998750000000000e+01         1.761155124502506e-01         
2.999375000000000e+01         1.760934123769553e-01         
3.000000000000000e+01         1.760772496002079e-01         
3.000625000000000e+01         1.760670150634848e-01         
3.001250000000000e+01         1.760627003966433e-01         
3.001875000000000e+01         1.760642979119546e-01         
3.002500000000000e+01         1.760718006001455e-01         
3.003125000000000e+01         1.760852021264403e-01         
3.003750000000000e+01         1.761044968266115e-01         
3.004375000000000e+01         1.761296797030240e-01         
3.005000000000000e+01         1.761607464206848e-01         
3.005625000000000e+01         1.761976933032803e-01         
3.006250000000000e+01         1.762405173292137e-01         
3.006875000000000e+01         1.762892161276242e-01         
3.007500000000000e+01         1.763437879743986e-01         
3.008125000000000e+01         1.764042317881589e-01         
3.008750000000000e+01         1.764705471262334e-01         
3.009375000000000e+01         1.765427341805984e-01         
3.010000000000000e+01         1.766207937737902e-01         
3.010625000000000e+01         1.767047273547824e-01         
3.011250000000000e+01         1.767945369948242e-01         
3.011875000000000e+01         1.768902253832300e-01         
3.012500000000000e+01         1.769917958231237e-01         
3.013125000000000e+01         1.770992522271199e-01         
3.013750000000000e+01         1.772125991129497e-01         
3.014375000000000e+01         1.773318415990128e-01         
3.015000000000000e+01         1.774569853998555e-01         
3.015625000000000e+01         1.775880368215670e-01         
3.016250000000000e+01         1.777250027570866e-01         
3.016875000000000e+01         1.778678906814131e-01         
3.017500000000000e+01         1.780167086467087e-01         
3.018125000000000e+01         1.781714652772924e-01         
3.018750000000000e+01         1.783321697645096e-01         
3.019375000000000e+01         1.784988318614706e-01         
3.020000000000000e+01         1.786714618776542e-01         
3.020625000000000e+01         1.788500706733551e-01         
3.021250000000000e+01         1.790346696539780e-01         
3.021875000000000e+01         1.792252707641581e-01         
3.022500000000000e+01         1.794218864817042e-01         
3.023125000000000e+01         1.796245298113474e-01         
3.023750000000000e+01         1.798332142782875e-01         
3.024375000000000e+01         1.800479539215257e-01         
3.025000000000000e+01         1.802687632869654e-01         
3.025625000000000e+01         1.804956574202749e-01         
3.026250000000000e+01         1.807286518594949e-01         
3.026875000000000e+01         1.809677626273767e-01         
3.027500000000000e+01         1.812130062234373e-01         
3.028125000000000e+01         1.814643996157148e-01         
3.028750000000000e+01         1.817219602322139e-01         
3.029375000000000e+01         1.819857059520151e-01         
3.030000000000000e+01         1.822556550960419e-01         
3.030625000000000e+01         1.825318264174601e-01         
3.031250000000000e+01         1.828142390916963e-01         
3.031875000000000e+01         1.831029127060533e-01         
3.032500000000000e+01         1.833978672489055e-01         
3.033125000000000e+01         1.836991230984573e-01         
3.033750000000000e+01         1.840067010110289e-01         
3.034375000000000e+01         1.843206221088735e-01         
3.035000000000000e+01         1.846409078674776e-01         
3.035625000000000e+01         1.849675801023382e-01         
3.036250000000000e+01         1.853006609551861e-01         
3.036875000000000e+01         1.856401728796345e-01         
3.037500000000000e+01         1.859861386262227e-01         
3.038125000000000e+01         1.863385812268330e-01         
3.038750000000000e+01         1.866975239784513e-01         
3.039375000000000e+01         1.870629904262454e-01         
3.040000000000000e+01         1.874350043459270e-01         
3.040625000000000e+01         1.878135897253773e-01         
3.041250000000000e+01         1.881987707454905e-01         
3.041875000000000e+01         1.885905717602245e-01         
3.042500000000000e+01         1.889890172757996e-01         
3.043125000000000e+01         1.893941319290372e-01         
3.043750000000000e+01         1.898059404647827e-01         
3.044375000000000e+01         1.902244677123947e-01         
3.045000000000000e+01         1.906497385612459e-01         
3.045625000000000e+01         1.910817779352127e-01         
3.046250000000000e+01         1.915206107661072e-01         
3.046875000000000e+01         1.919662619660090e-01         
3.047500000000000e+01         1.924187563984600e-01         
3.048125000000000e+01         1.928781188484826e-01         
3.048750000000000e+01         1.933443739913655e-01         
3.049375000000000e+01         1.938175463601885e-01         
3.050000000000000e+01         1.942976603120241e-01         
3.050625000000000e+01         1.947847399927845e-01         
3.051250000000000e+01         1.952788093006502e-01         
3.051875000000000e+01         1.957798918480447e-01         
3.052500000000000e+01         1.962880109220970e-01         
3.053125000000000e+01         1.968031894435377e-01         
3.053750000000000e+01         1.973254499239880e-01         
3.054375000000000e+01         1.978548144215723e-01         
3.055000000000000e+01         1.983913044948107e-01         
3.055625000000000e+01         1.989349411547327e-01         
3.056250000000000e+01         1.994857448151496e-01         
3.056875000000000e+01         2.000437352410406e-01         
3.057500000000000e+01         2.006089314949760e-01         
3.058125000000000e+01         2.011813518815360e-01         
3.058750000000000e+01         2.017610138896504e-01         
3.059375000000000e+01         2.023479341328090e-01         
3.060000000000000e+01         2.029421282870710e-01         
3.060625000000000e+01         2.035436110268230e-01         
3.061250000000000e+01         2.041523959582094e-01         
3.061875000000000e+01         2.047684955501852e-01         
3.062500000000000e+01         2.053919210631193e-01         
3.063125000000000e+01         2.060226824748913e-01         
3.063750000000000e+01         2.066607884044132e-01         
3.064375000000000e+01         2.073062460325176e-01         
3.065000000000000e+01         2.079590610201516e-01         
3.065625000000000e+01         2.086192374238094e-01         
3.066250000000000e+01         2.092867776081479e-01         
3.066875000000000e+01         2.099616821557249e-01         
3.067500000000000e+01         2.106439497738040e-01         
3.068125000000000e+01         2.113335771981625e-01         
3.068750000000000e+01         2.120305590938583e-01         
3.069375000000000e+01         2.127348879529000e-01         
3.070000000000000e+01         2.134465539887678e-01         
3.070625000000000e+01         2.141655450277416e-01         
3.071250000000000e+01         2.148918463969998e-01         
3.071875000000000e+01         2.156254408094348e-01         
3.072500000000000e+01         2.163663082451721e-01         
3.073125000000000e+01         2.171144258297385e-01         
3.073750000000000e+01         2.178697677088831e-01         
3.074375000000000e+01         2.186323049200019e-01         
3.075000000000000e+01         2.194020052601859e-01         
3.075625000000000e+01         2.201788331508613e-01         
3.076250000000000e+01         2.209627494990371e-01         
3.076875000000000e+01         2.217537115551722e-01         
3.077500000000000e+01         2.225516727676809e-01         
3.078125000000000e+01         2.233565826340975e-01         
3.078750000000000e+01         2.241683865489593e-01         
3.079375000000000e+01         2.249870256484375e-01         
3.080000000000000e+01         2.258124366518054e-01         
3.080625000000000e+01         2.266445516997924e-01         
3.081250000000000e+01         2.274832981899486e-01         
3.081875000000000e+01         2.283285986090896e-01         
3.082500000000000e+01         2.291803703629818e-01         
3.083125000000000e+01         2.300385256033738e-01         
3.083750000000000e+01         2.309029710525562e-01         
3.084375000000000e+01         2.317736078256097e-01         
3.085000000000000e+01         2.326503312505539e-01         
3.085625000000000e+01         2.335330306865944e-01         
3.086250000000000e+01         2.344215893407312e-01         
3.086875000000000e+01         2.353158840829719e-01         
3.087500000000000e+01         2.362157852604585e-01         
3.088125000000000e+01         2.371211565107899e-01         
3.088750000000000e+01         2.380318545749294e-01         
3.089375000000000e+01         2.389477291100120e-01         
3.090000000000000e+01         2.398686225024922e-01         
3.090625000000000e+01         2.407943696820330e-01         
3.091250000000000e+01         2.417247979366094e-01         
3.091875000000000e+01         2.426597267293091e-01         
3.092500000000000e+01         2.435989675173552e-01         
3.093125000000000e+01         2.445423235739115e-01         
3.093750000000000e+01         2.454895898132521e-01         
3.094375000000000e+01         2.464405526199286e-01         
3.095000000000000e+01         2.473949896825947e-01         
3.095625000000000e+01         2.483526698331696e-01         
3.096250000000000e+01         2.493133528920997e-01         
3.096875000000000e+01         2.502767895204490e-01         
3.097500000000000e+01         2.512427210796538e-01         
3.098125000000000e+01         2.522108794997515e-01         
3.098750000000000e+01         2.531809871569663e-01         
3.099375000000000e+01         2.541527567615573e-01         
3.100000000000000e+01         2.551258912568459e-01         
3.100625000000000e+01         2.561000837304109e-01         
3.101250000000000e+01         2.570750173384281e-01         
3.101875000000000e+01         2.580503652441647e-01         
3.102500000000000e+01         2.590257905717030e-01         
3.103125000000000e+01         2.600009463759118e-01         
3.103750000000000e+01         2.609754756297867e-01         
3.104375000000000e+01         2.619490112302125e-01         
3.105000000000000e+01         2.629211760232811e-01         
3.105625000000000e+01         2.638915828502550e-01         
3.106250000000000e+01         2.648598346152732e-01         
3.106875000000000e+01         2.658255243759239e-01         
3.107500000000000e+01         2.667882354577354e-01         
3.108125000000000e+01         2.677475415936885e-01         
3.108750000000000e+01         2.687030070897640e-01         
3.109375000000000e+01         2.696541870175449e-01         
3.110000000000000e+01         2.706006274348539e-01         
3.110625000000000e+01         2.715418656353172e-01         
3.111250000000000e+01         2.724774304277505e-01         
3.111875000000000e+01         2.734068424461404e-01         
3.112500000000000e+01         2.743296144909509e-01         
3.113125000000000e+01         2.752452519024037e-01         
3.113750000000000e+01         2.761532529662531e-01         
3.114375000000000e+01         2.770531093525326e-01         
3.115000000000000e+01         2.779443065875573e-01         
3.115625000000000e+01         2.788263245594471e-01         
3.116250000000000e+01         2.796986380571902e-01         
3.116875000000000e+01         2.805607173432235e-01         
3.117500000000000e+01         2.814120287593045e-01         
3.118125000000000e+01         2.822520353653072e-01         
3.118750000000000e+01         2.830801976104020e-01         
3.119375000000000e+01         2.838959740359276e-01         
3.120000000000000e+01         2.846988220090587e-01         
3.120625000000000e+01         2.854881984862150e-01         
3.121250000000000e+01         2.862635608049380e-01         
3.121875000000000e+01         2.870243675028218e-01         
3.122500000000000e+01         2.877700791618175e-01         
3.123125000000000e+01         2.885001592761262e-01         
3.123750000000000e+01         2.892140751416105e-01         
3.124375000000000e+01         2.899112987645501e-01         
3.125000000000000e+01         2.905913077873075e-01         
3.125625000000000e+01         2.912535864283451e-01         
3.126250000000000e+01         2.918976264338229e-01         
3.126875000000000e+01         2.925229280378642e-01         
3.127500000000000e+01         2.931290009284124e-01         
3.128125000000000e+01         2.937153652154632e-01         
3.128750000000000e+01         2.942815523983247e-01         
3.129375000000000e+01         2.948271063284676e-01         
3.130000000000000e+01         2.953515841643928e-01         
3.130625000000000e+01         2.958545573149179e-01         
3.131250000000000e+01         2.963356123671862e-01         
3.131875000000000e+01         2.967943519957063e-01         
3.132500000000000e+01         2.972303958486830e-01         
3.133125000000000e+01         2.976433814079481e-01         
3.133750000000000e+01         2.980329648188154e-01         
3.134375000000000e+01         2.983988216862486e-01         
3.135000000000000e+01         2.987406478338278e-01         
3.135625000000000e+01         2.990581600221035e-01         
3.136250000000000e+01         2.993510966230640e-01         
3.136875000000000e+01         2.996192182476074e-01         
3.137500000000000e+01         2.998623083230867e-01         
3.138125000000000e+01         3.000801736182113e-01         
3.138750000000000e+01         3.002726447128032e-01         
3.139375000000000e+01         3.004395764101672e-01         
3.140000000000000e+01         3.005808480900841e-01         
3.140625000000000e+01         3.006963640007300e-01         
3.141250000000000e+01         3.007860534881036e-01         
3.141875000000000e+01         3.008498711618668e-01         
3.142500000000000e+01         3.008877969967942e-01         
3.143125000000000e+01         3.008998363693720e-01         
3.143750000000000e+01         3.008860200293956e-01         
3.144375000000000e+01         3.008464040067386e-01         
3.145000000000000e+01         3.007810694538021e-01         
3.145625000000000e+01         3.006901224244597e-01         
3.146250000000000e+01         3.005736935906334e-01         
3.146875000000000e+01         3.004319378979323e-01         
3.147500000000000e+01         3.002650341620850e-01         
3.148125000000000e+01         3.000731846081647e-01         
3.148750000000000e+01         2.998566143548715e-01         
3.149375000000000e+01         2.996155708463814e-01         
3.150000000000000e+01         2.993503232344882e-01         
3.150625000000000e+01         2.990611617139707e-01         
3.151250000000000e+01         2.987483968142948e-01         
3.151875000000000e+01         2.984123586509202e-01         
3.152500000000000e+01         2.980533961396043e-01         
3.153125000000000e+01         2.976718761772161e-01         
3.153750000000000e+01         2.972681827926412e-01         
3.154375000000000e+01         2.968427162714315e-01         
3.155000000000000e+01         2.963958922578711e-01         
3.155625000000000e+01         2.959281408381562e-01         
3.156250000000000e+01         2.954399056083579e-01         
3.156875000000000e+01         2.949316427308123e-01         
3.157500000000000e+01         2.944038199825187e-01         
3.158125000000000e+01         2.938569157990550e-01         
3.158750000000000e+01         2.932914183174156e-01         
3.159375000000000e+01         2.927078244210799e-01         
3.160000000000000e+01         2.921066387904716e-01         
3.160625000000000e+01         2.914883729618498e-01         
3.161250000000000e+01         2.908535443974969e-01         
3.161875000000000e+01         2.902026755699273e-01         
3.162500000000000e+01         2.895362930626449e-01         
3.163125000000000e+01         2.888549266898242e-01         
3.163750000000000e+01         2.881591086370751e-01         
3.164375000000000e+01         2.874493726252983e-01         
3.165000000000000e+01         2.867262530994099e-01         
3.165625000000000e+01         2.859902844435628e-01         
3.166250000000000e+01         2.852420002242632e-01         
3.166875000000000e+01         2.844819324626325e-01         
3.167500000000000e+01         2.837106109368415e-01         
3.168125000000000e+01         2.829285625155967e-01         
3.168750000000000e+01         2.821363105233646e-01         
3.169375000000000e+01         2.813343741378622e-01         
3.170000000000000e+01         2.805232678201646e-01         
3.170625000000000e+01         2.797035007776562e-01         
3.171250000000000e+01         2.788755764598724e-01         
3.171875000000000e+01         2.780399920871715e-01         
3.172500000000000e+01         2.771972382120214e-01         
3.173125000000000e+01         2.763477983126010e-01         
3.173750000000000e+01         2.754921484182659e-01         
3.174375000000000e+01         2.746307567663624e-01         
3.175000000000000e+01         2.737640834897663e-01         
3.175625000000000e+01         2.728925803344417e-01         
3.176250000000000e+01         2.720166904062449e-01         
3.176875000000000e+01         2.711368479461411e-01         
3.177500000000000e+01         2.702534781329282e-01         
3.178125000000000e+01         2.693669969125355e-01         
3.178750000000000e+01         2.684778108529097e-01         
3.179375000000000e+01         2.675863170234808e-01         
3.180000000000000e+01         2.666929028981656e-01         
3.180625000000000e+01         2.657979462808493e-01         
3.181250000000000e+01         2.649018152522895e-01         
3.181875000000000e+01         2.640048681373514e-01         
3.182500000000000e+01         2.631074534915139e-01         
3.183125000000000e+01         2.622099101055626e-01         
3.183750000000000e+01         2.613125670274176e-01         
3.184375000000000e+01         2.604157436000426e-01         
3.185000000000000e+01         2.595197495143932e-01         
3.185625000000000e+01         2.586248848764057e-01         
3.186250000000000e+01         2.577314402870251e-01         
3.186875000000000e+01         2.568396969343002e-01         
3.187500000000000e+01         2.559499266966265e-01         
3.188125000000000e+01         2.550623922561989e-01         
3.188750000000000e+01         2.541773472218221e-01         
3.189375000000000e+01         2.532950362602043e-01         
3.190000000000000e+01         2.524156952349403e-01         
3.190625000000000e+01         2.515395513523920e-01         
3.191250000000000e+01         2.506668233137103e-01         
3.191875000000000e+01         2.497977214723050e-01         
3.192500000000000e+01         2.489324479960623e-01         
3.193125000000000e+01         2.480711970336717e-01         
3.193750000000000e+01         2.472141548844604e-01         
3.194375000000000e+01         2.463615001711341e-01         
3.195000000000000e+01         2.455134040149075e-01         
3.195625000000000e+01         2.446700302124803e-01         
3.196250000000000e+01         2.438315354144097e-01         
3.196875000000000e+01         2.429980693043974e-01         
3.197500000000000e+01         2.421697747790947e-01         
3.198125000000000e+01         2.413467881280239e-01         
3.198750000000000e+01         2.405292392132494e-01         
3.199375000000000e+01         2.397172516484671e-01         
3.200000000000000e+01         2.389109429772041e-01         
3.200625000000000e+01         2.381104248498309e-01         
3.201250000000000e+01         2.373158031991442e-01         
3.201875000000000e+01         2.365271784142540e-01         
3.202500000000000e+01         2.357446455125916e-01         
3.203125000000000e+01         2.349682943098076e-01         
3.203750000000000e+01         2.341982095874099e-01         
3.204375000000000e+01         2.334344712579636e-01         
3.205000000000000e+01         2.326771545277292e-01         
3.205625000000000e+01         2.319263300566030e-01         
3.206250000000000e+01         2.311820641152473e-01         
3.206875000000000e+01         2.304444187393391e-01         
3.207500000000000e+01         2.297134518808249e-01         
3.208125000000000e+01         2.289892175561426e-01         
3.208750000000000e+01         2.282717659913341e-01         
3.209375000000000e+01         2.275611437640215e-01         
3.210000000000000e+01         2.268573939422011e-01         
3.210625000000000e+01         2.261605562198297e-01         
3.211250000000000e+01         2.254706670492059e-01         
3.211875000000000e+01         2.247877597701161e-01         
3.212500000000000e+01         2.241118647357558e-01         
3.213125000000000e+01         2.234430094354447e-01         
3.213750000000000e+01         2.227812186141285e-01         
3.214375000000000e+01         2.221265143887051e-01         
3.215000000000000e+01         2.214789163611840e-01         
3.215625000000000e+01         2.208384417287339e-01         
3.216250000000000e+01         2.202051053906193e-01         
3.216875000000000e+01         2.195789200520910e-01         
3.217500000000000e+01         2.189598963252647e-01         
3.218125000000000e+01         2.183480428270236e-01         
3.218750000000000e+01         2.177433662740041e-01         
3.219375000000000e+01         2.171458715747083e-01         
3.220000000000000e+01         2.165555619187983e-01         
3.220625000000000e+01         2.159724388636216e-01         
3.221250000000000e+01         2.153965024180232e-01         
3.221875000000000e+01         2.148277511235145e-01         
3.222500000000000e+01         2.142661821328281e-01         
3.223125000000000e+01         2.137117912859492e-01         
3.223750000000000e+01         2.131645731836554e-01         
3.224375000000000e+01         2.126245212586432e-01         
3.225000000000000e+01         2.120916278442899e-01         
3.225625000000000e+01         2.115658842411119e-01         
3.226250000000000e+01         2.110472807809872e-01         
3.226875000000000e+01         2.105358068891864e-01         
3.227500000000000e+01         2.100314511442885e-01         
3.228125000000000e+01         2.095342013360230e-01         
3.228750000000000e+01         2.090440445211141e-01         
3.229375000000000e+01         2.085609670771690e-01         
3.230000000000000e+01         2.080849547546725e-01         
3.230625000000000e+01         2.076159927271550e-01         
3.231250000000000e+01         2.071540656395689e-01         
3.231875000000000e+01         2.066991576549430e-01         
3.232500000000000e+01         2.062512524993676e-01         
3.233125000000000e+01         2.058103335053527e-01         
3.233750000000000e+01         2.053763836536262e-01         
3.234375000000000e+01         2.049493856134064e-01         
3.235000000000000e+01         2.045293217812165e-01         
3.235625000000000e+01         2.041161743182718e-01         
3.236250000000000e+01         2.037099251865001e-01         
3.236875000000000e+01         2.033105561832409e-01         
3.237500000000000e+01         2.029180489746593e-01         
3.238125000000000e+01         2.025323851279296e-01         
3.238750000000000e+01         2.021535461422290e-01         
3.239375000000000e+01         2.017815134785824e-01         
3.240000000000000e+01         2.014162685885986e-01         
3.240625000000000e+01         2.010577929421408e-01         
3.241250000000000e+01         2.007060680539731e-01         
3.241875000000000e+01         2.003610755094125e-01         
3.242500000000000e+01         2.000227969890312e-01         
3.243125000000000e+01         1.996912142924464e-01         
3.243750000000000e+01         1.993663093612241e-01         
3.244375000000000e+01         1.990480643009386e-01         
3.245000000000000e+01         1.987364614024199e-01         
3.245625000000000e+01         1.984314831622199e-01         
3.246250000000000e+01         1.981331123023265e-01         
3.246875000000000e+01         1.978413317891615e-01         
3.247500000000000e+01         1.975561248518869e-01         
3.248125000000000e+01         1.972774750000519e-01         
3.248750000000000e+01         1.970053660406040e-01         
3.249375000000000e+01         1.967397820942935e-01         
3.250000000000000e+01         1.964807076115051e-01         
3.250625000000000e+01         1.962281273875226e-01         
3.251250000000000e+01         1.959820265772727e-01         
3.251875000000000e+01         1.957423907095587e-01         
3.252500000000000e+01         1.955092057008110e-01         
3.253125000000000e+01         1.952824578683753e-01         
3.253750000000000e+01         1.950621339433649e-01         
3.254375000000000e+01         1.948482210830902e-01         
3.255000000000000e+01         1.946407068830915e-01         
3.255625000000000e+01         1.944395793887946e-01         
3.256250000000000e+01         1.942448271068064e-01         
3.256875000000000e+01         1.940564390158674e-01         
3.257500000000000e+01         1.938744045774829e-01         
3.258125000000000e+01         1.936987137462478e-01         
3.258750000000000e+01         1.935293569798830e-01         
3.259375000000000e+01         1.933663252489983e-01         
3.260000000000000e+01         1.932096100465960e-01         
3.260625000000000e+01         1.930592033973374e-01         
3.261250000000000e+01         1.929150978665770e-01         
3.261875000000000e+01         1.927772865691869e-01         
3.262500000000000e+01         1.926457631781811e-01         
3.263125000000000e+01         1.925205219331539e-01         
3.263750000000000e+01         1.924015576485450e-01         
3.264375000000000e+01         1.922888657217451e-01         
3.265000000000000e+01         1.921824421410545e-01         
3.265625000000000e+01         1.920822834935033e-01         
3.266250000000000e+01         1.919883869725476e-01         
3.266875000000000e+01         1.919007503856525e-01         
3.267500000000000e+01         1.918193721617720e-01         
3.268125000000000e+01         1.917442513587357e-01         
3.268750000000000e+01         1.916753876705547e-01         
3.269375000000000e+01         1.916127814346513e-01         
3.270000000000000e+01         1.915564336390308e-01         
3.270625000000000e+01         1.915063459293939e-01         
3.271250000000000e+01         1.914625206162087e-01         
3.271875000000000e+01         1.914249606817444e-01         
3.272500000000000e+01         1.913936697870757e-01         
3.273125000000000e+01         1.913686522790715e-01         
3.273750000000000e+01         1.913499131973682e-01         
3.274375000000000e+01         1.913374582813414e-01         
3.275000000000000e+01         1.913312939770807e-01         
3.275625000000000e+01         1.913314274443739e-01         
3.276250000000000e+01         1.913378665637125e-01         
3.276875000000000e+01         1.913506199433178e-01         
3.277500000000000e+01         1.913696969262038e-01         
3.278125000000000e+01         1.913951075972739e-01         
3.278750000000000e+01         1.914268627904638e-01         
3.279375000000000e+01         1.914649740959358e-01         
3.280000000000000e+01         1.915094538673298e-01         
3.280625000000000e+01         1.915603152290746e-01         
3.281250000000000e+01         1.916175720837716e-01         
3.281875000000000e+01         1.916812391196490e-01         
3.282500000000000e+01         1.917513318180959e-01         
3.283125000000000e+01         1.918278664612823e-01         
3.283750000000000e+01         1.919108601398675e-01         
3.284375000000000e+01         1.920003307608047e-01         
3.285000000000000e+01         1.920962970552417e-01         
3.285625000000000e+01         1.921987785865296e-01         
3.286250000000000e+01         1.923077957583378e-01         
3.286875000000000e+01         1.924233698228836e-01         
3.287500000000000e+01         1.925455228892778e-01         
3.288125000000000e+01         1.926742779319926e-01         
3.288750000000000e+01         1.928096587994566e-01         
3.289375000000000e+01         1.929516902227763e-01         
3.290000000000000e+01         1.931003978245936e-01         
3.290625000000000e+01         1.932558081280806e-01         
3.291250000000000e+01         1.934179485660714e-01         
3.291875000000000e+01         1.935868474903419e-01         
3.292500000000000e+01         1.937625341810351e-01         
3.293125000000000e+01         1.939450388562361e-01         
3.293750000000000e+01         1.941343926817019e-01         
3.294375000000000e+01         1.943306277807453e-01         
3.295000000000000e+01         1.945337772442799e-01         
3.295625000000000e+01         1.947438751410231e-01         
3.296250000000000e+01         1.949609565278673e-01         
3.296875000000000e+01         1.951850574604125e-01         
3.297500000000000e+01         1.954162150036685e-01         
3.298125000000000e+01         1.956544672429270e-01         
3.298750000000000e+01         1.958998532948044e-01         
3.299375000000000e+01         1.961524133184574e-01         
3.300000000000000e+01         1.964121885269720e-01         
3.300625000000000e+01         1.966792211989292e-01         
3.301250000000000e+01         1.969535546901423e-01         
3.301875000000000e+01         1.972352334455744e-01         
3.302500000000000e+01         1.975243030114312e-01         
3.303125000000000e+01         1.978208100474293e-01         
3.303750000000000e+01         1.981248023392399e-01         
3.304375000000000e+01         1.984363288111099e-01         
3.305000000000000e+01         1.987554395386567e-01         
3.305625000000000e+01         1.990821857618354e-01         
3.306250000000000e+01         1.994166198980792e-01         
3.306875000000000e+01         1.997587955556084e-01         
3.307500000000000e+01         2.001087675469051e-01         
3.308125000000000e+01         2.004665919023559e-01         
3.308750000000000e+01         2.008323258840518e-01         
3.309375000000000e+01         2.012060279997497e-01         
3.310000000000000e+01         2.015877580169808e-01         
3.310625000000000e+01         2.019775769773109e-01         
3.311250000000000e+01         2.023755472107462e-01         
3.311875000000000e+01         2.027817323502682e-01         
3.312500000000000e+01         2.031961973465050e-01         
3.313125000000000e+01         2.036190084825227e-01         
3.313750000000000e+01         2.040502333887300e-01         
3.314375000000000e+01         2.044899410578924e-01         
3.315000000000000e+01         2.049382018602356e-01         
3.315625000000000e+01         2.053950875586449e-01         
3.316250000000000e+01         2.058606713239242e-01         
3.316875000000000e+01         2.063350277501283e-01         
3.317500000000000e+01         2.068182328699397e-01         
3.318125000000000e+01         2.073103641700737e-01         
3.318750000000000e+01         2.078115006067080e-01         
3.319375000000000e+01         2.083217226209088e-01         
3.320000000000000e+01         2.088411121540392e-01         
3.320625000000000e+01         2.093697526631303e-01         
3.321250000000000e+01         2.099077291361928e-01         
3.321875000000000e+01         2.104551281074521e-01         
3.322500000000000e+01         2.110120376724657e-01         
3.323125000000000e+01         2.115785475031210e-01         
3.323750000000000e+01         2.121547488624665e-01         
3.324375000000000e+01         2.127407346193499e-01         
3.325000000000000e+01         2.133365992628431e-01         
3.325625000000000e+01         2.139424389163990e-01         
3.326250000000000e+01         2.145583513517264e-01         
3.326875000000000e+01         2.151844360023223e-01         
3.327500000000000e+01         2.158207939766353e-01         
3.328125000000000e+01         2.164675280708148e-01         
3.328750000000000e+01         2.171247427809821e-01         
3.329375000000000e+01         2.177925443149966e-01         
3.330000000000000e+01         2.184710406036453e-01         
3.330625000000000e+01         2.191603413112105e-01         
3.331250000000000e+01         2.198605578453405e-01         
3.331875000000000e+01         2.205718033661767e-01         
3.332500000000000e+01         2.212941927946534e-01         
3.333125000000000e+01         2.220278428199032e-01         
3.333750000000000e+01         2.227728719056921e-01         
3.334375000000000e+01         2.235294002957997e-01         
3.335000000000000e+01         2.242975500182532e-01         
3.335625000000000e+01         2.250774448883290e-01         
3.336250000000000e+01         2.258692105102214e-01         
3.336875000000000e+01         2.266729742772736e-01         
3.337500000000000e+01         2.274888653706543e-01         
3.338125000000000e+01         2.283170147563736e-01         
3.338750000000000e+01         2.291575551805085e-01         
3.339375000000000e+01         2.300106211625016e-01         
3.340000000000000e+01         2.308763489864012e-01         
3.340625000000000e+01         2.317548766898944e-01         
3.341250000000000e+01         2.326463440509715e-01         
3.341875000000000e+01         2.335508925720581e-01         
3.342500000000000e+01         2.344686654614498e-01         
3.343125000000000e+01         2.353998076118496e-01         
3.343750000000000e+01         2.363444655758258e-01         
3.344375000000000e+01         2.373027875379720e-01         
3.345000000000000e+01         2.382749232835667e-01         
3.345625000000000e+01         2.392610241634930e-01         
3.346250000000000e+01         2.402612430551663e-01         
3.346875000000000e+01         2.412757343192408e-01         
3.347500000000000e+01         2.423046537517986e-01         
3.348125000000000e+01         2.433481585317455e-01         
3.348750000000000e+01         2.444064071631223e-01         
3.349375000000000e+01         2.454795594119984e-01         
3.350000000000000e+01         2.465677762376378e-01         
3.350625000000000e+01         2.476712197175512e-01         
3.351250000000000e+01         2.487900529661088e-01         
3.351875000000000e+01         2.499244400462933e-01         
3.352500000000000e+01         2.510745458741924e-01         
3.353125000000000e+01         2.522405361158161e-01         
3.353750000000000e+01         2.534225770757692e-01         
3.354375000000000e+01         2.546208355773152e-01         
3.355000000000000e+01         2.558354788333377e-01         
3.355625000000000e+01         2.570666743076737e-01         
3.356250000000000e+01         2.583145895662847e-01         
3.356875000000000e+01         2.595793921176667e-01         
3.357500000000000e+01         2.608612492419403e-01         
3.358125000000000e+01         2.621603278079698e-01         
3.358750000000000e+01         2.634767940778573e-01         
3.359375000000000e+01         2.648108134981450e-01         
3.360000000000000e+01         2.661625504770072e-01         
3.360625000000000e+01         2.675321681466749e-01         
3.361250000000000e+01         2.689198281103465e-01         
3.361875000000000e+01         2.703256901727606e-01         
3.362500000000000e+01         2.717499120536067e-01         
3.363125000000000e+01         2.731926490828880e-01         
3.363750000000000e+01         2.746540538773612e-01         
3.364375000000000e+01         2.761342759971021e-01         
3.365000000000000e+01         2.776334615812479e-01         
3.365625000000000e+01         2.791517529618990e-01         
3.366250000000000e+01         2.806892882551812e-01         
3.366875000000000e+01         2.822462009283991e-01         
3.367500000000000e+01         2.838226193421909e-01         
3.368125000000000e+01         2.854186662665852e-01         
3.368750000000000e+01         2.870344583698333e-01         
3.369375000000000e+01         2.886701056788155e-01         
3.370000000000000e+01         2.903257110099023e-01         
3.370625000000000e+01         2.920013693690350e-01         
3.371250000000000e+01         2.936971673198351e-01         
3.371875000000000e+01         2.954131823185223e-01         
3.372500000000000e+01         2.971494820144242e-01         
3.373125000000000e+01         2.989061235148824e-01         
3.373750000000000e+01         3.006831526133182e-01         
3.374375000000000e+01         3.024806029793018e-01         
3.375000000000000e+01         3.042984953094737e-01         
3.375625000000000e+01         3.061368364381492e-01         
3.376250000000000e+01         3.079956184065998e-01         
3.376875000000000e+01         3.098748174899536e-01         
3.377500000000000e+01         3.117743931807943e-01         
3.378125000000000e+01         3.136942871286003e-01         
3.378750000000000e+01         3.156344220342822e-01         
3.379375000000000e+01         3.175947004992175e-01         
3.380000000000000e+01         3.195750038282573e-01         
3.380625000000000e+01         3.215751907864422e-01         
3.381250000000000e+01         3.235950963092756e-01         
3.381875000000000e+01         3.256345301666398e-01         
3.382500000000000e+01         3.276932755806862e-01         
3.383125000000000e+01         3.297710877983027e-01         
3.383750000000000e+01         3.318676926190559e-01         
3.384375000000000e+01         3.339827848798197e-01         
3.385000000000000e+01         3.361160268977065e-01         
3.385625000000000e+01         3.382670468733095e-01         
3.386250000000000e+01         3.404354372566977e-01         
3.386875000000000e+01         3.426207530790829e-01         
3.387500000000000e+01         3.448225102536566e-01         
3.388125000000000e+01         3.470401838496002e-01         
3.388750000000000e+01         3.492732063439079e-01         
3.389375000000000e+01         3.515209658563628e-01         
3.390000000000000e+01         3.537828043736400e-01         
3.390625000000000e+01         3.560580159693227e-01         
3.391250000000000e+01         3.583458450273378e-01         
3.391875000000000e+01         3.606454844772493e-01         
3.392500000000000e+01         3.629560740506386e-01         
3.393125000000000e+01         3.652766985687135e-01         
3.393750000000000e+01         3.676063862723002e-01         
3.394375000000000e+01         3.699441072062545e-01         
3.395000000000000e+01         3.722887716713433e-01         
3.395625000000000e+01         3.746392287576780e-01         
3.396250000000000e+01         3.769942649747133e-01         
3.396875000000000e+01         3.793526029938782e-01         
3.397500000000000e+01         3.817129005207690e-01         
3.398125000000000e+01         3.840737493149089e-01         
3.398750000000000e+01         3.864336743758136e-01         
3.399375000000000e+01         3.887911333149364e-01         
3.400000000000000e+01         3.911445159338525e-01         
3.400625000000000e+01         3.934921440295198e-01         
3.401250000000000e+01         3.958322714479905e-01         
3.401875000000000e+01         3.981630844082498e-01         
3.402500000000000e+01         4.004827021179209e-01         
3.403125000000000e+01         4.027891777025690e-01         
3.403750000000000e+01         4.050804994698868e-01         
3.404375000000000e+01         4.073545925296206e-01         
3.405000000000000e+01         4.096093207890681e-01         
3.405625000000000e+01         4.118424893428904e-01         
3.406250000000000e+01         4.140518472744155e-01         
3.406875000000000e+01         4.162350908837729e-01         
3.407500000000000e+01         4.183898673559743e-01         
3.408125000000000e+01         4.205137788793718e-01         
3.408750000000000e+01         4.226043872220446e-01         
3.409375000000000e+01         4.246592187702080e-01         
3.410000000000000e+01         4.266757700289590e-01         
3.410625000000000e+01         4.286515135816862e-01         
3.411250000000000e+01         4.305839044998692e-01         
3.411875000000000e+01         4.324703871903424e-01         
3.412500000000000e+01         4.343084026620112e-01         
3.413125000000000e+01         4.360953961888163e-01         
3.413750000000000e+01         4.378288253403623e-01         
3.414375000000000e+01         4.395061683460912e-01         
3.415000000000000e+01         4.411249327535237e-01         
3.415625000000000e+01         4.426826643356232e-01         
3.416250000000000e+01         4.441769561971342e-01         
3.416875000000000e+01         4.456054580248901e-01         
3.417500000000000e+01         4.469658854224313e-01         
3.418125000000000e+01         4.482560292652703e-01         
3.418750000000000e+01         4.494737650095746e-01         
3.419375000000000e+01         4.506170618842705e-01         
3.420000000000000e+01         4.516839918944547e-01         
3.420625000000000e+01         4.526727385627700e-01         
3.421250000000000e+01         4.535816053351179e-01         
3.421875000000000e+01         4.544090235776668e-01         
3.422500000000000e+01         4.551535600937776e-01         
3.423125000000000e+01         4.558139240920808e-01         
3.423750000000000e+01         4.563889735406184e-01         
3.424375000000000e+01         4.568777208465579e-01         
3.425000000000000e+01         4.572793378065502e-01         
3.425625000000000e+01         4.575931597792561e-01         
3.426250000000000e+01         4.578186890387361e-01         
3.426875000000000e+01         4.579555972753051e-01         
3.427500000000000e+01         4.580037272188529e-01         
3.428125000000000e+01         4.579630933685045e-01         
3.428750000000000e+01         4.578338818215768e-01         
3.429375000000000e+01         4.576164492040186e-01         
3.430000000000000e+01         4.573113207137157e-01         
3.430625000000000e+01         4.569191872970092e-01         
3.431250000000000e+01         4.564409019874283e-01         
3.431875000000000e+01         4.558774754437998e-01         
3.432500000000000e+01         4.552300707324133e-01         
3.433125000000000e+01         4.544999974047613e-01         
3.433750000000000e+01         4.536887049283360e-01         
3.434375000000000e+01         4.527977755330546e-01         
3.435000000000000e+01         4.518289165400231e-01         
3.435625000000000e+01         4.507839522424569e-01         
3.436250000000000e+01         4.496648154107201e-01         
3.436875000000000e+01         4.484735384945633e-01         
3.437500000000000e+01         4.472122445957898e-01         
3.438125000000000e+01         4.458831382838234e-01         
3.438750000000000e+01         4.444884963249618e-01         
3.439375000000000e+01         4.430306583937036e-01         
3.440000000000000e+01         4.415120178313690e-01         
3.440625000000000e+01         4.399350125134377e-01         
3.441250000000000e+01         4.383021158827846e-01         
3.441875000000000e+01         4.366158282012166e-01         
3.442500000000000e+01         4.348786680667390e-01         
3.443125000000000e+01         4.330931642386678e-01         
3.443750000000000e+01         4.312618478073414e-01         
3.444375000000000e+01         4.293872447397927e-01         
3.445000000000000e+01         4.274718688272704e-01         
3.445625000000000e+01         4.255182150553268e-01         
3.446250000000000e+01         4.235287534120407e-01         
3.446875000000000e+01         4.215059231451287e-01         
3.447500000000000e+01         4.194521274741141e-01         
3.448125000000000e+01         4.173697287594602e-01         
3.448750000000000e+01         4.152610441267219e-01         
3.449375000000000e+01         4.131283415401701e-01         
3.450000000000000e+01         4.109738363172140e-01         
3.450625000000000e+01         4.087996880721960e-01         
3.451250000000000e+01         4.066079980756372e-01         
3.451875000000000e+01         4.044008070130689e-01         
3.452500000000000e+01         4.021800931258396e-01         
3.453125000000000e+01         3.999477707149754e-01         
3.453750000000000e+01         3.977056889881295e-01         
3.454375000000000e+01         3.954556312288881e-01         
3.455000000000000e+01         3.931993142673224e-01         
3.455625000000000e+01         3.909383882303589e-01         
3.456250000000000e+01         3.886744365505861e-01         
3.456875000000000e+01         3.864089762123655e-01         
3.457500000000000e+01         3.841434582143402e-01         
3.458125000000000e+01         3.818792682280951e-01         
3.458750000000000e+01         3.796177274332539e-01         
3.459375000000000e+01         3.773600935100841e-01         
3.460000000000000e+01         3.751075617714812e-01         
3.460625000000000e+01         3.728612664170460e-01         
3.461250000000000e+01         3.706222818929765e-01         
3.461875000000000e+01         3.683916243423536e-01         
3.462500000000000e+01         3.661702531314291e-01         
3.463125000000000e+01         3.639590724384971e-01         
3.463750000000000e+01         3.617589328928768e-01         
3.464375000000000e+01         3.595706332525069e-01         
3.465000000000000e+01         3.573949221095807e-01         
3.465625000000000e+01         3.552324996145820e-01         
3.466250000000000e+01         3.530840192099313e-01         
3.466875000000000e+01         3.509500893652878e-01         
3.467500000000000e+01         3.488312753073815e-01         
3.468125000000000e+01         3.467281007380048e-01         
3.468750000000000e+01         3.446410495344571e-01         
3.469375000000000e+01         3.425705674274937e-01         
3.470000000000000e+01         3.405170636523884e-01         
3.470625000000000e+01         3.384809125693310e-01         
3.471250000000000e+01         3.364624552499327e-01         
3.471875000000000e+01         3.344620010270750e-01         
3.472500000000000e+01         3.324798290058821e-01         
3.473125000000000e+01         3.305161895338912e-01         
3.473750000000000e+01         3.285713056289868e-01         
3.474375000000000e+01         3.266453743639864e-01         
3.475000000000000e+01         3.247385682070348e-01         
3.475625000000000e+01         3.228510363173088e-01         
3.476250000000000e+01         3.209829057957629e-01         
3.476875000000000e+01         3.191342828908496e-01         
3.477500000000000e+01         3.173052541593914e-01         
3.478125000000000e+01         3.154958875829248e-01         
3.478750000000000e+01         3.137062336400252e-01         
3.479375000000000e+01         3.119363263352017e-01         
3.480000000000000e+01         3.101861841851157e-01         
3.480625000000000e+01         3.084558111629725e-01         
3.481250000000000e+01         3.067451976019742e-01         
3.481875000000000e+01         3.050543210588447e-01         
3.482500000000000e+01         3.033831471384544e-01         
3.483125000000000e+01         3.017316302806453e-01         
3.483750000000000e+01         3.000997145103642e-01         
3.484375000000000e+01         2.984873341522442e-01         
3.485000000000000e+01         2.968944145108340e-01         
3.485625000000000e+01         2.953208725175906e-01         
3.486250000000000e+01         2.937666173458497e-01         
3.486875000000000e+01         2.922315509949279e-01         
3.487500000000000e+01         2.907155688445222e-01         
3.488125000000000e+01         2.892185601805634e-01         
3.488750000000000e+01         2.877404086936342e-01         
3.489375000000000e+01         2.862809929510983e-01         
3.490000000000000e+01         2.848401868440131e-01         
3.490625000000000e+01         2.834178600098843e-01         
3.491250000000000e+01         2.820138782323479e-01         
3.491875000000000e+01         2.806281038187370e-01         
3.492500000000000e+01         2.792603959565670e-01         
3.493125000000000e+01         2.779106110498651e-01         
3.493750000000000e+01         2.765786030362917e-01         
3.494375000000000e+01         2.752642236859429e-01         
3.495000000000000e+01         2.739673228826824e-01         
3.495625000000000e+01         2.726877488888760e-01         
3.496250000000000e+01         2.714253485942926e-01         
3.496875000000000e+01         2.701799677499624e-01         
3.497500000000000e+01         2.689514511877547e-01         
3.498125000000000e+01         2.677396430263481e-01         
3.498750000000000e+01         2.665443868643195e-01         
3.499375000000000e+01         2.653655259609771e-01         
3.500000000000000e+01         2.642029034055899e-01         
3.500625000000000e+01         2.630563622756059e-01         
3.501250000000000e+01         2.619257457844225e-01         
3.501875000000000e+01         2.608108974192923e-01         
3.502500000000000e+01         2.597116610698499e-01         
3.503125000000000e+01         2.586278811477939e-01         
3.503750000000000e+01         2.575594026981783e-01         
3.504375000000000e+01         2.565060715027959e-01         
3.505000000000000e+01         2.554677341760586e-01         
3.505625000000000e+01         2.544442382538113e-01         
3.506250000000000e+01         2.534354322754582e-01         
3.506875000000000e+01         2.524411658597967e-01         
3.507500000000000e+01         2.514612897748900e-01         
3.508125000000000e+01         2.504956560023323e-01         
3.508750000000000e+01         2.495441177962326e-01         
3.509375000000000e+01         2.486065297372112e-01         
3.510000000000000e+01         2.476827477817038e-01         
3.510625000000000e+01         2.467726293068592e-01         
3.511250000000000e+01         2.458760331512734e-01         
3.511875000000000e+01         2.449928196518258e-01         
3.512500000000000e+01         2.441228506768361e-01         
3.513125000000000e+01         2.432659896557909e-01         
3.513750000000000e+01         2.424221016058196e-01         
3.514375000000000e+01         2.415910531551382e-01         
3.515000000000000e+01         2.407727125636576e-01         
3.515625000000000e+01         2.399669497409135e-01         
3.516250000000000e+01         2.391736362615073e-01         
3.516875000000000e+01         2.383926453782143e-01         
3.517500000000000e+01         2.376238520329012e-01         
3.518125000000000e+01         2.368671328654143e-01         
3.518750000000000e+01         2.361223662205533e-01         
3.519375000000000e+01         2.353894321532859e-01         
3.520000000000000e+01         2.346682124322949e-01         
3.520625000000000e+01         2.339585905419946e-01         
3.521250000000000e+01         2.332604516831188e-01         
3.521875000000000e+01         2.325736827719762e-01         
3.522500000000000e+01         2.318981724384796e-01         
3.523125000000000e+01         2.312338110230299e-01         
3.523750000000000e+01         2.305804905723556e-01         
3.524375000000000e+01         2.299381048343694e-01         
3.525000000000000e+01         2.293065492521312e-01         
3.525625000000000e+01         2.286857209569937e-01         
3.526250000000000e+01         2.280755187609814e-01         
3.526875000000000e+01         2.274758431484844e-01         
3.527500000000000e+01         2.268865962673140e-01         
3.528125000000000e+01         2.263076819191868e-01         
3.528750000000000e+01         2.257390055496868e-01         
3.529375000000000e+01         2.251804742377484e-01         
3.530000000000000e+01         2.246319966847238e-01         
3.530625000000000e+01         2.240934832030606e-01         
3.531250000000000e+01         2.235648457046437e-01         
3.531875000000000e+01         2.230459976888390e-01         
3.532500000000000e+01         2.225368542302692e-01         
3.533125000000000e+01         2.220373319663639e-01         
3.533750000000000e+01         2.215473490847069e-01         
3.534375000000000e+01         2.210668253102262e-01         
3.535000000000000e+01         2.205956818922370e-01         
3.535625000000000e+01         2.201338415913752e-01         
3.536250000000000e+01         2.196812286664482e-01         
3.536875000000000e+01         2.192377688612145e-01         
3.537500000000000e+01         2.188033893911266e-01         
3.538125000000000e+01         2.183780189300503e-01         
3.538750000000000e+01         2.179615875969814e-01         
3.539375000000000e+01         2.175540269427760e-01         
3.540000000000000e+01         2.171552699369133e-01         
3.540625000000000e+01         2.167652509543034e-01         
3.541250000000000e+01         2.163839057621589e-01         
3.541875000000000e+01         2.160111715069353e-01         
3.542500000000000e+01         2.156469867013626e-01         
3.543125000000000e+01         2.152912912115722e-01         
3.543750000000000e+01         2.149440262443304e-01         
3.544375000000000e+01         2.146051343343924e-01         
3.545000000000000e+01         2.142745593319833e-01         
3.545625000000000e+01         2.139522463904109e-01         
3.546250000000000e+01         2.136381419538253e-01         
3.546875000000000e+01         2.133321937451233e-01         
3.547500000000000e+01         2.130343507540157e-01         
3.548125000000000e+01         2.127445632252510e-01         
3.548750000000000e+01         2.124627826470070e-01         
3.549375000000000e+01         2.121889617394578e-01         
3.550000000000000e+01         2.119230544435144e-01         
3.550625000000000e+01         2.116650159097468e-01         
3.551250000000000e+01         2.114148024874898e-01         
3.551875000000000e+01         2.111723717141372e-01         
3.552500000000000e+01         2.109376823046243e-01         
3.553125000000000e+01         2.107106941411027e-01         
3.553750000000000e+01         2.104913682628130e-01         
3.554375000000000e+01         2.102796668561493e-01         
3.555000000000000e+01         2.100755532449251e-01         
3.555625000000000e+01         2.098789918808372e-01         
3.556250000000000e+01         2.096899483341303e-01         
3.556875000000000e+01         2.095083892844613e-01         
3.557500000000000e+01         2.093342825119692e-01         
3.558125000000000e+01         2.091675968885413e-01         
3.558750000000000e+01         2.090083023692889e-01         
3.559375000000000e+01         2.088563699842180e-01         
3.560000000000000e+01         2.087117718301082e-01         
3.560625000000000e+01         2.085744810625904e-01         
3.561250000000000e+01         2.084444718884261e-01         
3.561875000000000e+01         2.083217195579889e-01         
3.562500000000000e+01         2.082062003579443e-01         
3.563125000000000e+01         2.080978916041306e-01         
3.563750000000000e+01         2.079967716346352e-01         
3.564375000000000e+01         2.079028198030722e-01         
3.565000000000000e+01         2.078160164720509e-01         
3.565625000000000e+01         2.077363430068417e-01         
3.566250000000000e+01         2.076637817692347e-01         
3.566875000000000e+01         2.075983161115892e-01         
3.567500000000000e+01         2.075399303710733e-01         
3.568125000000000e+01         2.074886098640908e-01         
3.568750000000000e+01         2.074443408808952e-01         
3.569375000000000e+01         2.074071106803883e-01         
3.570000000000000e+01         2.073769074850997e-01         
3.570625000000000e+01         2.073537204763483e-01         
3.571250000000000e+01         2.073375397895798e-01         
3.571875000000000e+01         2.073283565098823e-01         
3.572500000000000e+01         2.073261626676732e-01         
3.573125000000000e+01         2.073309512345587e-01         
3.573750000000000e+01         2.073427161193622e-01         
3.574375000000000e+01         2.073614521643161e-01         
3.575000000000000e+01         2.073871551414201e-01         
3.575625000000000e+01         2.074198217489573e-01         
3.576250000000000e+01         2.074594496081716e-01         
3.576875000000000e+01         2.075060372600953e-01         
3.577500000000000e+01         2.075595841625321e-01         
3.578125000000000e+01         2.076200906871877e-01         
3.578750000000000e+01         2.076875581169447e-01         
3.579375000000000e+01         2.077619886432820e-01         
3.580000000000000e+01         2.078433853638299e-01         
3.580625000000000e+01         2.079317522800638e-01         
3.581250000000000e+01         2.080270942951259e-01         
3.581875000000000e+01         2.081294172117778e-01         
3.582500000000000e+01         2.082387277304742e-01         
3.583125000000000e+01         2.083550334475594e-01         
3.583750000000000e+01         2.084783428535765e-01         
3.584375000000000e+01         2.086086653316897e-01         
3.585000000000000e+01         2.087460111562139e-01         
3.585625000000000e+01         2.088903914912450e-01         
3.586250000000000e+01         2.090418183893885e-01         
3.586875000000000e+01         2.092003047905816e-01         
3.587500000000000e+01         2.093658645210015e-01         
3.588125000000000e+01         2.095385122920565e-01         
3.588750000000000e+01         2.097182636994529e-01         
3.589375000000000e+01         2.099051352223341e-01         
3.590000000000000e+01         2.100991442224843e-01         
3.590625000000000e+01         2.103003089435888e-01         
3.591250000000000e+01         2.105086485105510e-01         
3.591875000000000e+01         2.107241829288508e-01         
3.592500000000000e+01         2.109469330839431e-01         
3.593125000000000e+01         2.111769207406901e-01         
3.593750000000000e+01         2.114141685428143e-01         
3.594375000000000e+01         2.116587000123688e-01         
3.595000000000000e+01         2.119105395492168e-01         
3.595625000000000e+01         2.121697124305092e-01         
3.596250000000000e+01         2.124362448101537e-01         
3.596875000000000e+01         2.127101637182649e-01         
3.597500000000000e+01         2.129914970605870e-01         
3.598125000000000e+01         2.132802736178775e-01         
3.598750000000000e+01         2.135765230452433e-01         
3.599375000000000e+01         2.138802758714160e-01         
3.600000000000000e+01         2.141915634979605e-01         
3.600625000000000e+01         2.145104181983938e-01         
3.601250000000000e+01         2.148368731172157e-01         
3.601875000000000e+01         2.151709622688300e-01         
3.602500000000000e+01         2.155127205363408e-01         
3.603125000000000e+01         2.158621836702186e-01         
3.603750000000000e+01         2.162193882868134e-01         
3.604375000000000e+01         2.165843718667047e-01         
3.605000000000000e+01         2.169571727528680e-01         
3.605625000000000e+01         2.173378301486443e-01         
3.606250000000000e+01         2.177263841154985e-01         
3.606875000000000e+01         2.181228755705365e-01         
3.607500000000000e+01         2.185273462837777e-01         
3.608125000000000e+01         2.189398388751512e-01         
3.608750000000000e+01         2.193603968112023e-01         
3.609375000000000e+01         2.197890644014818e-01         
3.610000000000000e+01         2.202258867945998e-01         
3.610625000000000e+01         2.206709099739237e-01         
3.611250000000000e+01         2.211241807528830e-01         
3.611875000000000e+01         2.215857467698709e-01         
3.612500000000000e+01         2.220556564827099e-01         
3.613125000000000e+01         2.225339591626448e-01         
3.613750000000000e+01         2.230207048878522e-01         
3.614375000000000e+01         2.235159445364163e-01         
3.615000000000000e+01         2.240197297787612e-01         
3.615625000000000e+01         2.245321130694789e-01         
3.616250000000000e+01         2.250531476385497e-01         
3.616875000000000e+01         2.255828874818946e-01         
3.617500000000000e+01         2.261213873512337e-01         
3.618125000000000e+01         2.266687027432105e-01         
3.618750000000000e+01         2.272248898877405e-01         
3.619375000000000e+01         2.277900057355396e-01         
3.620000000000000e+01         2.283641079447913e-01         
3.620625000000000e+01         2.289472548669057e-01         
3.621250000000000e+01         2.295395055313258e-01         
3.621875000000000e+01         2.301409196293175e-01         
3.622500000000000e+01         2.307515574967134e-01         
3.623125000000000e+01         2.313714800955354e-01         
3.623750000000000e+01         2.320007489944549e-01         
3.624375000000000e+01         2.326394263480205e-01         
3.625000000000000e+01         2.332875748746007e-01         
3.625625000000000e+01         2.339452578329745e-01         
3.626250000000000e+01         2.346125389975010e-01         
3.626875000000000e+01         2.352894826318086e-01         
3.627500000000000e+01         2.359761534609189e-01         
3.628125000000000e+01         2.366726166417481e-01         
3.628750000000000e+01         2.373789377318884e-01         
3.629375000000000e+01         2.380951826566078e-01         
3.630000000000000e+01         2.388214176739806e-01         
3.630625000000000e+01         2.395577093380487e-01         
3.631250000000000e+01         2.403041244599472e-01         
3.631875000000000e+01         2.410607300668853e-01         
3.632500000000000e+01         2.418275933588865e-01         
3.633125000000000e+01         2.426047816632017e-01         
3.633750000000000e+01         2.433923623862753e-01         
3.634375000000000e+01         2.441904029631758e-01         
3.635000000000000e+01         2.449989708043544e-01         
3.635625000000000e+01         2.458181332396495e-01         
3.636250000000000e+01         2.466479574593949e-01         
3.636875000000000e+01         2.474885104525149e-01         
3.637500000000000e+01         2.483398589414905e-01         
3.638125000000000e+01         2.492020693140526e-01         
3.638750000000000e+01         2.500752075514771e-01         
3.639375000000000e+01         2.509593391533389e-01         
3.640000000000000e+01         2.518545290585875e-01         
3.640625000000000e+01         2.527608415627970e-01         
3.641250000000000e+01         2.536783402314268e-01         
3.641875000000000e+01         2.546070878089602e-01         
3.642500000000000e+01         2.555471461237499e-01         
3.643125000000000e+01         2.564985759883973e-01         
3.643750000000000e+01         2.574614370955260e-01         
3.644375000000000e+01         2.584357879087472e-01         
3.645000000000000e+01         2.594216855486691e-01         
3.645625000000000e+01         2.604191856737501e-01         
3.646250000000000e+01         2.614283423558312e-01         
3.646875000000000e+01         2.624492079501552e-01         
3.647500000000000e+01         2.634818329596766e-01         
3.648125000000000e+01         2.645262658934850e-01         
3.648750000000000e+01         2.655825531191406e-01         
3.649375000000000e+01         2.666507387087300e-01         
3.650000000000000e+01         2.677308642784312e-01         
3.650625000000000e+01         2.688229688214084e-01         
3.651250000000000e+01         2.699270885338261e-01         
3.651875000000000e+01         2.710432566337732e-01         
3.652500000000000e+01         2.721715031729152e-01         
3.653125000000000e+01         2.733118548406681e-01         
3.653750000000000e+01         2.744643347606753e-01         
3.654375000000000e+01         2.756289622794304e-01         
3.655000000000000e+01         2.768057527468226e-01         
3.655625000000000e+01         2.779947172884301e-01         
3.656250000000000e+01         2.791958625693745e-01         
3.656875000000000e+01         2.804091905495564e-01         
3.657500000000000e+01         2.816346982301210e-01         
3.658125000000000e+01         2.828723773909673e-01         
3.658750000000000e+01         2.841222143191720e-01         
3.659375000000000e+01         2.853841895281879e-01         
3.660000000000000e+01         2.866582774676880e-01         
3.660625000000000e+01         2.879444462239432e-01         
3.661250000000000e+01         2.892426572106652e-01         
3.661875000000000e+01         2.905528648502214e-01         
3.662500000000000e+01         2.918750162451835e-01         
3.663125000000000e+01         2.932090508401827e-01         
3.663750000000000e+01         2.945549000740817e-01         
3.664375000000000e+01         2.959124870224910e-01         
3.665000000000000e+01         2.972817260306825e-01         
3.665625000000000e+01         2.986625223370291e-01         
3.666250000000000e+01         3.000547716870807e-01         
3.666875000000000e+01         3.014583599384693e-01         
3.667500000000000e+01         3.028731626568723e-01         
3.668125000000000e+01         3.042990447033012e-01         
3.668750000000000e+01         3.057358598130584e-01         
3.669375000000000e+01         3.071834501667094e-01         
3.670000000000000e+01         3.086416459535666e-01         
3.670625000000000e+01         3.101102649281580e-01         
3.671250000000000e+01         3.115891119602610e-01         
3.671875000000000e+01         3.130779785791783e-01         
3.672500000000000e+01         3.145766425129576e-01         
3.673125000000000e+01         3.160848672233751e-01         
3.673750000000000e+01         3.176024014375965e-01         
3.674375000000000e+01         3.191289786774837e-01         
3.675000000000000e+01         3.206643167876542e-01         
3.675625000000000e+01         3.222081174634470e-01         
3.676250000000000e+01         3.237600657801226e-01         
3.676875000000000e+01         3.253198297246747e-01         
3.677500000000000e+01         3.268870597317538e-01         
3.678125000000000e+01         3.284613882253521e-01         
3.678750000000000e+01         3.300424291679787e-01         
3.679375000000000e+01         3.316297776191822e-01         
3.680000000000000e+01         3.332230093054329e-01         
3.680625000000000e+01         3.348216802034579e-01         
3.681250000000000e+01         3.364253261392856e-01         
3.681875000000000e+01         3.380334624053382e-01         
3.682500000000000e+01         3.396455833981025e-01         
3.683125000000000e+01         3.412611622789745e-01         
3.683750000000000e+01         3.428796506610018e-01         
3.684375000000000e+01         3.445004783244225e-01         
3.685000000000000e+01         3.461230529639150e-01         
3.685625000000000e+01         3.477467599706915e-01         
3.686250000000000e+01         3.493709622525578e-01         
3.686875000000000e+01         3.509950000952363e-01         
3.687500000000000e+01         3.526181910682981e-01         
3.688125000000000e+01         3.542398299790665e-01         
3.688750000000000e+01         3.558591888780162e-01         
3.689375000000000e+01         3.574755171191099e-01         
3.690000000000000e+01         3.590880414786108e-01         
3.690625000000000e+01         3.606959663358622e-01         
3.691250000000000e+01         3.622984739195134e-01         
3.691875000000000e+01         3.638947246226422e-01         
3.692500000000000e+01         3.654838573900856e-01         
3.693125000000000e+01         3.670649901812598e-01         
3.693750000000000e+01         3.686372205115710e-01         
3.694375000000000e+01         3.701996260753260e-01         
3.695000000000000e+01         3.717512654529370e-01         
3.695625000000000e+01         3.732911789048806e-01         
3.696250000000000e+01         3.748183892546655e-01         
3.696875000000000e+01         3.763319028627220e-01         
3.697500000000000e+01         3.778307106927834e-01         
3.698125000000000e+01         3.793137894719769e-01         
3.698750000000000e+01         3.807801029453493e-01         
3.699375000000000e+01         3.822286032251750e-01         
3.700000000000000e+01         3.836582322348424e-01         
3.700625000000000e+01         3.850679232465917e-01         
3.701250000000000e+01         3.864566025118369e-01         
3.701875000000000e+01         3.878231909821940e-01         
3.702500000000000e+01         3.891666061187182e-01         
3.703125000000000e+01         3.904857637862122e-01         
3.703750000000000e+01         3.917795802287984e-01         
3.704375000000000e+01         3.930469741222987e-01         
3.705000000000000e+01         3.942868686982425e-01         
3.705625000000000e+01         3.954981939336580e-01         
3.706250000000000e+01         3.966798888001287e-01         
3.706875000000000e+01         3.978309035648961e-01         
3.707500000000000e+01         3.989502021361618e-01         
3.708125000000000e+01         4.000367644441041e-01         
3.708750000000000e+01         4.010895888485211e-01         
3.709375000000000e+01         4.021076945634808e-01         
3.710000000000000e+01         4.030901240888088e-01         
3.710625000000000e+01         4.040359456378613e-01         
3.711250000000000e+01         4.049442555505862e-01         
3.711875000000000e+01         4.058141806805854e-01         
3.712500000000000e+01         4.066448807446668e-01         
3.713125000000000e+01         4.074355506231920e-01         
3.713750000000000e+01         4.081854225994886e-01         
3.714375000000000e+01         4.088937685266087e-01         
3.715000000000000e+01         4.095599019098369e-01         
3.715625000000000e+01         4.101831798935894e-01         
3.716250000000000e+01         4.107630051416297e-01         
3.716875000000000e+01         4.112988275999991e-01         
3.717500000000000e+01         4.117901461325245e-01         
3.718125000000000e+01         4.122365100194023e-01         
3.718750000000000e+01         4.126375203100624e-01         
3.719375000000000e+01         4.129928310222745e-01         
3.720000000000000e+01         4.133021501803614e-01         
3.720625000000000e+01         4.135652406862779e-01         
3.721250000000000e+01         4.137819210183444e-01         
3.721875000000000e+01         4.139520657534491e-01         
3.722500000000000e+01         4.140756059096357e-01         
3.723125000000000e+01         4.141525291071100e-01         
3.723750000000000e+01         4.141828795468395e-01         
3.724375000000000e+01         4.141667578070719e-01         
3.725000000000000e+01         4.141043204592366e-01         
3.725625000000000e+01         4.139957795058200e-01         
3.726250000000000e+01         4.138414016439103e-01         
3.726875000000000e+01         4.136415073591715e-01         
3.727500000000000e+01         4.133964698559984e-01         
3.728125000000000e+01         4.131067138305733e-01         
3.728750000000000e+01         4.127727140944339e-01         
3.729375000000000e+01         4.123949940569417e-01         
3.730000000000000e+01         4.119741240757982e-01         
3.730625000000000e+01         4.115107196853623e-01         
3.731250000000000e+01         4.110054397131053e-01         
3.731875000000000e+01         4.104589842949318e-01         
3.732500000000000e+01         4.098720928005010e-01         
3.733125000000000e+01         4.092455416799149e-01         
3.733750000000000e+01         4.085801422432757e-01         
3.734375000000000e+01         4.078767383847055e-01         
3.735000000000000e+01         4.071362042623863e-01         
3.735625000000000e+01         4.063594419460322e-01         
3.736250000000000e+01         4.055473790430334e-01         
3.736875000000000e+01         4.047009663142056e-01         
3.737500000000000e+01         4.038211752897622e-01         
3.738125000000000e+01         4.029089958956468e-01         
3.738750000000000e+01         4.019654340999507e-01         
3.739375000000000e+01         4.009915095885914e-01         
3.740000000000000e+01         3.999882534788366e-01         
3.740625000000000e+01         3.989567060786925e-01         
3.741250000000000e+01         3.978979146995186e-01         
3.741875000000000e+01         3.968129315286067e-01         
3.742500000000000e+01         3.957028115677549e-01         
3.743125000000000e+01         3.945686106432423e-01         
3.743750000000000e+01         3.934113834919350e-01         
3.744375000000000e+01         3.922321819275500e-01         
3.745000000000000e+01         3.910320530905131e-01         
3.745625000000000e+01         3.898120377841576e-01         
3.746250000000000e+01         3.885731688994587e-01         
3.746875000000000e+01         3.873164699298295e-01         
3.747500000000000e+01         3.860429535770259e-01         
3.748125000000000e+01         3.847536204486359e-01         
3.748750000000000e+01         3.834494578471194e-01         
3.749375000000000e+01         3.821314386499525e-01         
3.750000000000000e+01         3.808005202799414e-01         
3.750625000000000e+01         3.794576437644568e-01         
3.751250000000000e+01         3.781037328818979e-01         
3.751875000000000e+01         3.767396933934486e-01         
3.752500000000000e+01         3.753664123578975e-01         
3.753125000000000e+01         3.739847575269932e-01         
3.753750000000000e+01         3.725955768186708e-01         
3.754375000000000e+01         3.711996978652630e-01         
3.755000000000000e+01         3.697979276336570e-01         
3.755625000000000e+01         3.683910521142713e-01         
3.756250000000000e+01         3.669798360755950e-01         
3.756875000000000e+01         3.655650228810426e-01         
3.757500000000000e+01         3.641473343647253e-01         
3.758125000000000e+01         3.627274707628308e-01         
3.758750000000000e+01         3.613061106972608e-01         
3.759375000000000e+01         3.598839112081778e-01         
3.760000000000000e+01         3.584615078321891e-01         
3.760625000000000e+01         3.570395147229509e-01         
3.761250000000000e+01         3.556185248109901e-01         
3.761875000000000e+01         3.541991099996862e-01         
3.762500000000000e+01         3.527818213943975e-01         
3.763125000000000e+01         3.513671895618480e-01         
3.763750000000000e+01         3.499557248169473e-01         
3.764375000000000e+01         3.485479175343720e-01         
3.765000000000000e+01         3.471442384823152e-01         
3.765625000000000e+01         3.457451391759696e-01         
3.766250000000000e+01         3.443510522483583e-01         
3.766875000000000e+01         3.429623918363146e-01         
3.767500000000000e+01         3.415795539795067e-01         
3.768125000000000e+01         3.402029170305058e-01         
3.768750000000000e+01         3.388328420740195e-01         
3.769375000000000e+01         3.374696733535840e-01         
3.770000000000000e+01         3.361137387040111e-01         
3.770625000000000e+01         3.347653499881061e-01         
3.771250000000000e+01         3.334248035362194e-01         
3.771875000000000e+01         3.320923805873229e-01         
3.772500000000000e+01         3.307683477303901e-01         
3.773125000000000e+01         3.294529573449543e-01         
3.773750000000000e+01         3.281464480398486e-01         
3.774375000000000e+01         3.268490450891601e-01         
3.775000000000000e+01         3.255609608645583e-01         
3.775625000000000e+01         3.242823952632508e-01         
3.776250000000000e+01         3.230135361308343e-01         
3.776875000000000e+01         3.217545596784482e-01         
3.777500000000000e+01         3.205056308936691e-01         
3.778125000000000e+01         3.192669039446659e-01         
3.778750000000000e+01         3.180385225771775e-01         
3.779375000000000e+01         3.168206205039400e-01         
3.780000000000000e+01         3.156133217862730e-01         
3.780625000000000e+01         3.144167412075164e-01         
3.781250000000000e+01         3.132309846381234e-01         
3.781875000000000e+01         3.120561493922155e-01         
3.782500000000000e+01         3.108923245754694e-01         
3.783125000000000e+01         3.097395914242183e-01         
3.783750000000000e+01         3.085980236356932e-01         
3.784375000000000e+01         3.074676876893840e-01         
3.785000000000000e+01         3.063486431594803e-01         
3.785625000000000e+01         3.052409430184169e-01         
3.786250000000000e+01         3.041446339315526e-01         
3.786875000000000e+01         3.030597565430475e-01         
3.787500000000000e+01         3.019863457529972e-01         
3.788125000000000e+01         3.009244309859185e-01         
3.788750000000000e+01         2.998740364507068e-01         
3.789375000000000e+01         2.988351813921583e-01         
3.790000000000000e+01         2.978078803342065e-01         
3.790625000000000e+01         2.967921433150004e-01         
3.791250000000000e+01         2.957879761139894e-01         
3.791875000000000e+01         2.947953804711515e-01         
3.792500000000000e+01         2.938143542985368e-01         
3.793125000000000e+01         2.928448918843022e-01         
3.793750000000000e+01         2.918869840893984e-01         
3.794375000000000e+01         2.909406185370791e-01         
3.795000000000000e+01         2.900057797954401e-01         
3.795625000000000e+01         2.890824495531307e-01         
3.796250000000000e+01         2.881706067884442e-01         
3.796875000000000e+01         2.872702279319572e-01         
3.797500000000000e+01         2.863812870229147e-01         
3.798125000000000e+01         2.855037558595194e-01         
3.798750000000000e+01         2.846376041433182e-01         
3.799375000000000e+01         2.837827996178763e-01         
3.800000000000000e+01         2.829393082018862e-01         
3.800625000000000e+01         2.821070941169183e-01         
3.801250000000000e+01         2.812861200099591e-01         
3.801875000000000e+01         2.804763470709269e-01         
3.802500000000000e+01         2.796777351453225e-01         
3.803125000000000e+01         2.788902428421696e-01         
3.803750000000000e+01         2.781138276374351e-01         
3.804375000000000e+01         2.773484459730484e-01         
3.805000000000000e+01         2.765940533517033e-01         
3.805625000000000e+01         2.758506044275755e-01         
3.806250000000000e+01         2.751180530931174e-01         
3.806875000000000e+01         2.743963525620585e-01         
3.807500000000000e+01         2.736854554487534e-01         
3.808125000000000e+01         2.729853138440303e-01         
3.808750000000000e+01         2.722958793876452e-01         
3.809375000000000e+01         2.716171033374853e-01         
3.810000000000000e+01         2.709489366356562e-01         
3.810625000000000e+01         2.702913299715440e-01         
3.811250000000000e+01         2.696442338420028e-01         
3.811875000000000e+01         2.690075986087534e-01         
3.812500000000000e+01         2.683813745531257e-01         
3.813125000000000e+01         2.677655119282373e-01         
3.813750000000000e+01         2.671599610087100e-01         
3.814375000000000e+01         2.665646721380411e-01         
3.815000000000000e+01         2.659795957737051e-01         
3.815625000000000e+01         2.654046825300878e-01         
3.816250000000000e+01         2.648398832193515e-01         
3.816875000000000e+01         2.642851488903002e-01         
3.817500000000000e+01         2.637404308653447e-01         
3.818125000000000e+01         2.632056807756340e-01         
3.818750000000000e+01         2.626808505944525e-01         
3.819375000000000e+01         2.621658926689279e-01         
3.820000000000000e+01         2.616607597501509e-01         
3.820625000000000e+01         2.611654050217606e-01         
3.821250000000000e+01         2.606797821270634e-01         
3.821875000000000e+01         2.602038451947585e-01         
3.822500000000000e+01         2.597375488633197e-01         
3.823125000000000e+01         2.592808483041102e-01         
3.823750000000000e+01         2.588336992432684e-01         
3.824375000000000e+01         2.583960579824329e-01         
3.825000000000000e+01         2.579678814183613e-01         
3.825625000000000e+01         2.575491270614823e-01         
3.826250000000000e+01         2.571397530534414e-01         
3.826875000000000e+01         2.567397181836801e-01         
3.827500000000000e+01         2.563489819051001e-01         
3.828125000000000e+01         2.559675043488505e-01         
3.828750000000000e+01         2.555952463382803e-01         
3.829375000000000e+01         2.552321694021004e-01         
3.830000000000000e+01         2.548782357867888e-01         
3.830625000000000e+01         2.545334084682781e-01         
3.831250000000000e+01         2.541976511629591e-01         
3.831875000000000e+01         2.538709283380349e-01         
3.832500000000000e+01         2.535532052212594e-01         
3.833125000000000e+01         2.532444478100879e-01         
3.833750000000000e+01         2.529446228802710e-01         
3.834375000000000e+01         2.526536979939225e-01         
3.835000000000000e+01         2.523716415070818e-01         
3.835625000000000e+01         2.520984225768065e-01         
3.836250000000000e+01         2.518340111678090e-01         
3.836875000000000e+01         2.515783780586702e-01         
3.837500000000000e+01         2.513314948476467e-01         
3.838125000000000e+01         2.510933339580954e-01         
3.838750000000000e+01         2.508638686435376e-01         
3.839375000000000e+01         2.506430729923772e-01         
3.840000000000001e+01         2.504309219322998e-01         
3.840625000000000e+01         2.502273912343604e-01         
3.841250000000000e+01         2.500324575167854e-01         
3.841875000000000e+01         2.498460982485012e-01         
3.842500000000000e+01         2.496682917524031e-01         
3.843125000000001e+01         2.494990172083830e-01         
3.843750000000000e+01         2.493382546561268e-01         
3.844375000000000e+01         2.491859849976959e-01         
3.845000000000000e+01         2.490421899999037e-01         
3.845625000000000e+01         2.489068522965009e-01         
3.846250000000001e+01         2.487799553901786e-01         
3.846875000000000e+01         2.486614836544010e-01         
3.847500000000000e+01         2.485514223350765e-01         
3.848125000000000e+01         2.484497575520780e-01         
3.848750000000000e+01         2.483564763006174e-01         
3.849375000000001e+01         2.482715664524876e-01         
3.850000000000000e+01         2.481950167571746e-01         
3.850625000000000e+01         2.481268168428494e-01         
3.851250000000000e+01         2.480669572172451e-01         
3.851875000000000e+01         2.480154292684260e-01         
3.852500000000001e+01         2.479722252654520e-01         
3.853125000000000e+01         2.479373383589464e-01         
3.853750000000000e+01         2.479107625815688e-01         
3.854375000000000e+01         2.478924928483979e-01         
3.855000000000000e+01         2.478825249572290e-01         
3.855625000000001e+01         2.478808555887866e-01         
3.856250000000000e+01         2.478874823068570e-01         
3.856875000000000e+01         2.479024035583426e-01         
3.857500000000000e+01         2.479256186732388e-01         
3.858125000000000e+01         2.479571278645337e-01         
3.858750000000001e+01         2.479969322280370e-01         
3.859375000000000e+01         2.480450337421305e-01         
3.860000000000000e+01         2.481014352674449e-01         
3.860625000000000e+01         2.481661405464647e-01         
3.861250000000000e+01         2.482391542030527e-01         
3.861875000000001e+01         2.483204817419008e-01         
3.862500000000000e+01         2.484101295479021e-01         
3.863125000000000e+01         2.485081048854390e-01         
3.863750000000000e+01         2.486144158975910e-01         
3.864375000000000e+01         2.487290716052538e-01         
3.865000000000001e+01         2.488520819061709e-01         
3.865625000000000e+01         2.489834575738668e-01         
3.866250000000000e+01         2.491232102564868e-01         
3.866875000000000e+01         2.492713524755299e-01         
3.867500000000000e+01         2.494278976244755e-01         
3.868125000000001e+01         2.495928599672933e-01         
3.868750000000000e+01         2.497662546368357e-01         
3.869375000000000e+01         2.499480976331011e-01         
3.870000000000000e+01         2.501384058213605e-01         
3.870625000000000e+01         2.503371969301461e-01         
3.871250000000001e+01         2.505444895490861e-01         
3.871875000000000e+01         2.507603031265789e-01         
3.872500000000000e+01         2.509846579673016e-01         
3.873125000000000e+01         2.512175752295358e-01         
3.873750000000000e+01         2.514590769223071e-01         
3.874375000000001e+01         2.517091859023184e-01         
3.875000000000000e+01         2.519679258706762e-01         
3.875625000000000e+01         2.522353213693893e-01         
3.876250000000000e+01         2.525113977776254e-01         
3.876875000000000e+01         2.527961813077217e-01         
3.877500000000001e+01         2.530896990009238e-01         
3.878125000000000e+01         2.533919787228443e-01         
3.878750000000000e+01         2.537030491586221e-01         
3.879375000000000e+01         2.540229398077680e-01         
3.880000000000000e+01         2.543516809786776e-01         
3.880625000000001e+01         2.546893037827899e-01         
3.881250000000000e+01         2.550358401283792e-01         
3.881875000000000e+01         2.553913227139546e-01         
3.882500000000000e+01         2.557557850212486e-01         
3.883125000000000e+01         2.561292613077680e-01         
3.883750000000001e+01         2.565117865988931e-01         
3.884375000000000e+01         2.569033966794937e-01         
3.885000000000000e+01         2.573041280850351e-01         
3.885625000000000e+01         2.577140180921565e-01         
3.886250000000000e+01         2.581331047086878e-01         
3.886875000000001e+01         2.585614266630781e-01         
3.887500000000000e+01         2.589990233932020e-01         
3.888125000000000e+01         2.594459350345228e-01         
3.888750000000000e+01         2.599022024075725e-01         
3.889375000000000e+01         2.603678670047099e-01         
3.890000000000001e+01         2.608429709761387e-01         
3.890625000000000e+01         2.613275571151309e-01         
3.891250000000000e+01         2.618216688424315e-01         
3.891875000000000e+01         2.623253501897905e-01         
3.892500000000000e+01         2.628386457826001e-01         
3.893125000000001e+01         2.633616008215791e-01         
3.893750000000000e+01         2.638942610634604e-01         
3.894375000000000e+01         2.644366728006499e-01         
3.895000000000000e+01         2.649888828397953e-01         
3.895625000000000e+01         2.655509384792122e-01         
3.896250000000001e+01         2.661228874851361e-01         
3.896875000000000e+01         2.667047780667230e-01         
3.897500000000000e+01         2.672966588497616e-01         
3.898125000000000e+01         2.678985788490205e-01         
3.898750000000000e+01         2.685105874391970e-01         
3.899375000000001e+01         2.691327343243806e-01         
3.900000000000000e+01         2.697650695059746e-01         
3.900625000000000e+01         2.704076432490224e-01         
3.901250000000000e+01         2.710605060468529e-01         
3.901875000000000e+01         2.717237085839787e-01         
3.902500000000001e+01         2.723973016971772e-01         
3.903125000000000e+01         2.730813363346800e-01         
3.903750000000000e+01         2.737758635133854e-01         
3.904375000000000e+01         2.744809342740123e-01         
3.905000000000000e+01         2.751965996341216e-01         
3.905625000000001e+01         2.759229105389094e-01         
3.906250000000000e+01         2.766599178096877e-01         
3.906875000000000e+01         2.774076720899495e-01         
3.907500000000000e+01         2.781662237889448e-01         
3.908125000000000e+01         2.789356230226516e-01         
3.908750000000001e+01         2.797159195520389e-01         
3.909375000000000e+01         2.805071627185394e-01         
3.910000000000000e+01         2.813094013766069e-01         
3.910625000000000e+01         2.821226838232481e-01         
3.911250000000000e+01         2.829470577244286e-01         
3.911875000000001e+01         2.837825700382345e-01         
3.912500000000000e+01         2.846292669346657e-01         
3.913125000000000e+01         2.854871937119386e-01         
3.913750000000000e+01         2.863563947091894e-01         
3.914375000000000e+01         2.872369132154384e-01         
3.915000000000001e+01         2.881287913746840e-01         
3.915625000000000e+01         2.890320700870039e-01         
3.916250000000000e+01         2.899467889055364e-01         
3.916875000000000e+01         2.908729859291760e-01         
3.917500000000000e+01         2.918106976908769e-01         
3.918125000000001e+01         2.927599590414099e-01         
3.918750000000000e+01         2.937208030284310e-01         
3.919375000000000e+01         2.946932607707123e-01         
3.920000000000000e+01         2.956773613273995e-01         
3.920625000000000e+01         2.966731315621551e-01         
3.921250000000001e+01         2.976805960020137e-01         
3.921875000000000e+01         2.986997766908300e-01         
3.922500000000000e+01         2.997306930371610e-01         
3.923125000000000e+01         3.007733616564368e-01         
3.923750000000000e+01         3.018277962072589e-01         
3.924375000000001e+01         3.028940072217127e-01         
3.925000000000000e+01         3.039720019295257e-01         
3.925625000000000e+01         3.050617840759320e-01         
3.926250000000000e+01         3.061633537331169e-01         
3.926875000000000e+01         3.072767071051088e-01         
3.927500000000001e+01         3.084018363259806e-01         
3.928125000000000e+01         3.095387292512312e-01         
3.928750000000000e+01         3.106873692422584e-01         
3.929375000000000e+01         3.118477349437896e-01         
3.930000000000000e+01         3.130198000541683e-01         
3.930625000000001e+01         3.142035330884252e-01         
3.931250000000000e+01         3.153988971340391e-01         
3.931875000000000e+01         3.166058495993294e-01         
3.932500000000000e+01         3.178243419544006e-01         
3.933125000000000e+01         3.190543194646444e-01         
3.933750000000001e+01         3.202957209167413e-01         
3.934375000000000e+01         3.215484783371613e-01         
3.935000000000000e+01         3.228125167031929e-01         
3.935625000000000e+01         3.240877536465434e-01         
3.936250000000000e+01         3.253740991495375e-01         
3.936875000000001e+01         3.266714552340415e-01         
3.937500000000000e+01         3.279797156432115e-01         
3.938125000000000e+01         3.292987655162165e-01         
3.938750000000000e+01         3.306284810560977e-01         
3.939375000000000e+01         3.319687291910058e-01         
3.940000000000001e+01         3.333193672290658e-01         
3.940625000000000e+01         3.346802425071265e-01         
3.941250000000000e+01         3.360511920337754e-01         
3.941875000000000e+01         3.374320421269864e-01         
3.942500000000000e+01         3.388226080468069e-01         
3.943125000000001e+01         3.402226936236025e-01         
3.943750000000000e+01         3.416320908823791e-01         
3.944375000000000e+01         3.430505796637834e-01         
3.945000000000000e+01         3.444779272424196e-01         
3.945625000000000e+01         3.459138879432309e-01         
3.946250000000001e+01         3.473582027567201e-01         
3.946875000000000e+01         3.488105989538641e-01         
3.947500000000000e+01         3.502707897016429e-01         
3.948125000000000e+01         3.517384736802099e-01         
3.948750000000000e+01         3.532133347027846e-01         
3.949375000000001e+01         3.546950413394011e-01         
3.950000000000000e+01         3.561832465457957e-01         
3.950625000000000e+01         3.576775872987671e-01         
3.951250000000000e+01         3.591776842393829e-01         
3.951875000000000e+01         3.606831413255947e-01         
3.952500000000001e+01         3.621935454958333e-01         
3.953125000000000e+01         3.637084663452740e-01         
3.953750000000000e+01         3.652274558165395e-01         
3.954375000000000e+01         3.667500479067236e-01         
3.955000000000000e+01         3.682757583926994e-01         
3.955625000000001e+01         3.698040845767134e-01         
3.956250000000000e+01         3.713345050544344e-01         
3.956875000000000e+01         3.728664795076654e-01         
3.957500000000000e+01         3.743994485239549e-01         
3.958125000000000e+01         3.759328334455316e-01         
3.958750000000001e+01         3.774660362499370e-01         
3.959375000000000e+01         3.789984394648746e-01         
3.960000000000000e+01         3.805294061197704e-01         
3.960625000000000e+01         3.820582797366490e-01         
3.961250000000000e+01         3.835843843629429e-01         
3.961875000000001e+01         3.851070246488076e-01         
3.962500000000000e+01         3.866254859716348e-01         
3.963125000000000e+01         3.881390346103434e-01         
3.963750000000000e+01         3.896469179720790e-01         
3.964375000000000e+01         3.911483648738412e-01         
3.965000000000001e+01         3.926425858815724e-01         
3.965625000000000e+01         3.941287737091214e-01         
3.966250000000000e+01         3.956061036793734e-01         
3.966875000000000e+01         3.970737342497757e-01         
3.967500000000000e+01         3.985308076042942e-01         
3.968125000000001e+01         3.999764503137040e-01         
3.968750000000000e+01         4.014097740658648e-01         
3.969375000000000e+01         4.028298764674973e-01         
3.970000000000000e+01         4.042358419186740e-01         
3.970625000000000e+01         4.056267425609565e-01         
3.971250000000001e+01         4.070016392998756e-01         
3.971875000000000e+01         4.083595829020760e-01         
3.972500000000000e+01         4.096996151671230e-01         
3.973125000000000e+01         4.110207701735674e-01         
3.973750000000000e+01         4.123220755985292e-01         
3.974375000000001e+01         4.136025541095983e-01         
3.975000000000000e+01         4.148612248273919e-01         
3.975625000000000e+01         4.160971048567363e-01         
3.976250000000000e+01         4.173092108838923e-01         
3.976875000000000e+01         4.184965608367928e-01         
3.977500000000001e+01         4.196581756047907e-01         
3.978125000000000e+01         4.207930808138793e-01         
3.978750000000000e+01         4.219003086529041e-01         
3.979375000000000e+01         4.229788997457172e-01         
3.980000000000000e+01         4.240279050638334e-01         
3.980625000000001e+01         4.250463878736112e-01         
3.981250000000000e+01         4.260334257115210e-01         
3.981875000000000e+01         4.269881123806903e-01         
3.982500000000000e+01         4.279095599614477e-01         
3.983125000000000e+01         4.287969008282619e-01         
3.983750000000001e+01         4.296492896650899e-01         
3.984375000000000e+01         4.304659054709162e-01         
3.985000000000000e+01         4.312459535469841e-01         
3.985625000000000e+01         4.319886674570074e-01         
3.986250000000000e+01         4.326933109515875e-01         
3.986875000000001e+01         4.333591798479033e-01         
3.987500000000000e+01         4.339856038557953e-01         
3.988125000000000e+01         4.345719483413535e-01         
3.988750000000000e+01         4.351176160193047e-01         
3.989375000000000e+01         4.356220485656369e-01         
3.990000000000001e+01         4.360847281421488e-01         
3.990625000000000e+01         4.365051788249838e-01         
3.991250000000000e+01         4.368829679295537e-01         
3.991875000000000e+01         4.372177072247190e-01         
3.992500000000000e+01         4.375090540296438e-01         
3.993125000000001e+01         4.377567121872765e-01         
3.993750000000000e+01         4.379604329090722e-01         
3.994375000000000e+01         4.381200154862294e-01         
3.995000000000000e+01         4.382353078634538e-01         
3.995625000000000e+01         4.383062070720151e-01         
3.996250000000001e+01         4.383326595196451e-01         
3.996875000000000e+01         4.383146611356599e-01         
3.997500000000000e+01         4.382522573704942e-01         
3.998125000000000e+01         4.381455430496861e-01         
3.998750000000000e+01         4.379946620831801e-01         
3.999375000000001e+01         4.377998070316491e-01         
4.000000000000000e+01         4.375612185323385e-01         
4.000625000000000e+01         4.372791845877240e-01         
4.001250000000000e+01         4.369540397210455e-01         
4.001875000000000e+01         4.365861640034728e-01         
4.002500000000001e+01         4.361759819583532e-01         
4.003125000000000e+01         4.357239613486124e-01         
4.003750000000000e+01         4.352306118539322e-01         
4.004375000000000e+01         4.346964836448812e-01         
4.005000000000000e+01         4.341221658615632e-01         
4.005625000000001e+01         4.335082850047910e-01         
4.006250000000000e+01         4.328555032480718e-01         
4.006875000000000e+01         4.321645166789474e-01         
4.007500000000000e+01         4.314360534784281e-01         
4.008125000000000e+01         4.306708720473423e-01         
4.008750000000001e+01         4.298697590884922e-01         
4.009375000000000e+01         4.290335276534852e-01         
4.010000000000000e+01         4.281630151630060e-01         
4.010625000000000e+01         4.272590814091911e-01         
4.011250000000000e+01         4.263226065485339e-01         
4.011875000000001e+01         4.253544890935239e-01         
4.012500000000000e+01         4.243556439109283e-01         
4.013125000000000e+01         4.233270002342659e-01         
4.013750000000000e+01         4.222694996976983e-01         
4.014375000000000e+01         4.211840943980880e-01         
4.015000000000001e+01         4.200717449916053e-01         
4.015625000000000e+01         4.189334188307801e-01         
4.016250000000000e+01         4.177700881474153e-01         
4.016875000000000e+01         4.165827282863298e-01         
4.017500000000000e+01         4.153723159943695e-01         
4.018125000000001e+01         4.141398277686562e-01         
4.018750000000000e+01         4.128862382675493e-01         
4.019375000000000e+01         4.116125187872938e-01         
4.020000000000000e+01         4.103196358068907e-01         
4.020625000000000e+01         4.090085496031991e-01         
4.021250000000001e+01         4.076802129378849e-01         
4.021875000000000e+01         4.063355698173834e-01         
4.022500000000000e+01         4.049755543266036e-01         
4.023125000000000e+01         4.036010895367642e-01         
4.023750000000000e+01         4.022130864873243e-01         
4.024375000000001e+01         4.008124432416827e-01         
4.025000000000000e+01         3.994000440159633e-01         
4.025625000000000e+01         3.979767583799250e-01         
4.026250000000000e+01         3.965434405287886e-01         
4.026875000000000e+01         3.951009286244834e-01         
4.027500000000001e+01         3.936500442046557e-01         
4.028125000000000e+01         3.921915916575436e-01         
4.028750000000000e+01         3.907263577607009e-01         
4.029375000000000e+01         3.892551112813785e-01         
4.030000000000000e+01         3.877786026362480e-01         
4.030625000000001e+01         3.862975636081015e-01         
4.031250000000000e+01         3.848127071170183e-01         
4.031875000000000e+01         3.833247270434770e-01         
4.032500000000000e+01         3.818342981008627e-01         
4.033125000000000e+01         3.803420757547209e-01         
4.033750000000001e+01         3.788486961862033e-01         
4.034375000000000e+01         3.773547762970738e-01         
4.035000000000000e+01         3.758609137537172e-01         
4.035625000000000e+01         3.743676870675922e-01         
4.036250000000000e+01         3.728756557096160e-01         
4.036875000000001e+01         3.713853602560427e-01         
4.037500000000000e+01         3.698973225634231e-01         
4.038125000000000e+01         3.684120459703077e-01         
4.038750000000000e+01         3.669300155234730e-01         
4.039375000000000e+01         3.654516982264220e-01         
4.040000000000001e+01         3.639775433081158e-01         
4.040625000000000e+01         3.625079825098802e-01         
4.041250000000000e+01         3.610434303885685e-01         
4.041875000000000e+01         3.595842846341336e-01         
4.042500000000000e+01         3.581309263998360e-01         
4.043125000000001e+01         3.566837206434526e-01         
4.043750000000000e+01         3.552430164778639e-01         
4.044375000000000e+01         3.538091475295611e-01         
4.045000000000000e+01         3.523824323036562e-01         
4.045625000000000e+01         3.509631745540784e-01         
4.046250000000001e+01         3.495516636577174e-01         
4.046875000000000e+01         3.481481749913674e-01         
4.047500000000000e+01         3.467529703103960e-01         
4.048125000000000e+01         3.453662981281478e-01         
4.048750000000000e+01         3.439883940951486e-01         
4.049375000000001e+01         3.426194813772731e-01         
4.050000000000000e+01         3.412597710320963e-01         
4.050625000000000e+01         3.399094623827004e-01         
4.051250000000000e+01         3.385687433883020e-01         
4.051875000000000e+01         3.372377910111080e-01         
4.052500000000001e+01         3.359167715788458e-01         
4.053125000000000e+01         3.346058411425153e-01         
4.053750000000000e+01         3.333051458289125e-01         
4.054375000000000e+01         3.320148221875646e-01         
4.055000000000000e+01         3.307349975317187e-01         
4.055625000000001e+01         3.294657902731081e-01         
4.056250000000000e+01         3.282073102502436e-01         
4.056875000000000e+01         3.269596590500035e-01         
4.057500000000000e+01         3.257229303223507e-01         
4.058125000000000e+01         3.244972100880393e-01         
4.058750000000001e+01         3.232825770391629e-01         
4.059375000000000e+01         3.220791028324909e-01         
4.060000000000000e+01         3.208868523754961e-01         
4.060625000000000e+01         3.197058841050727e-01         
4.061250000000000e+01         3.185362502588759e-01         
4.061875000000001e+01         3.173779971393250e-01         
4.062500000000000e+01         3.162311653702826e-01         
4.063125000000000e+01         3.150957901464204e-01         
4.063750000000000e+01         3.139719014753592e-01         
4.064375000000000e+01         3.128595244126182e-01         
4.065000000000001e+01         3.117586792894685e-01         
4.065625000000000e+01         3.106693819337698e-01         
4.066250000000000e+01         3.095916438838817e-01         
4.066875000000000e+01         3.085254725957823e-01         
4.067500000000000e+01         3.074708716434639e-01         
4.068125000000001e+01         3.064278409127659e-01         
4.068750000000000e+01         3.053963767887468e-01         
4.069375000000000e+01         3.043764723367325e-01         
4.070000000000000e+01         3.033681174771785e-01         
4.070625000000000e+01         3.023712991544669e-01         
4.071250000000001e+01         3.013860014998109e-01         
4.071875000000000e+01         3.004122059883656e-01         
4.072500000000000e+01         2.994498915907182e-01         
4.073125000000000e+01         2.984990349189068e-01         
4.073750000000000e+01         2.975596103670778e-01         
4.074375000000001e+01         2.966315902469637e-01         
4.075000000000000e+01         2.957149449183034e-01         
4.075625000000000e+01         2.948096429143591e-01         
4.076250000000000e+01         2.939156510626673e-01         
4.076875000000000e+01         2.930329346011632e-01         
4.077500000000001e+01         2.921614572898336e-01         
4.078125000000000e+01         2.913011815180105e-01         
4.078750000000000e+01         2.904520684074629e-01         
4.079375000000000e+01         2.896140779114195e-01         
4.080000000000000e+01         2.887871689096419e-01         
4.080625000000001e+01         2.879712992996857e-01         
4.081250000000000e+01         2.871664260844756e-01         
4.081875000000000e+01         2.863725054563281e-01         
4.082500000000000e+01         2.855894928775227e-01         
4.083125000000000e+01         2.848173431575569e-01         
4.083750000000001e+01         2.840560105272083e-01         
4.084375000000000e+01         2.833054487094886e-01         
4.085000000000000e+01         2.825656109876347e-01         
4.085625000000000e+01         2.818364502702173e-01         
4.086250000000000e+01         2.811179191534971e-01         
4.086875000000001e+01         2.804099699811029e-01         
4.087500000000000e+01         2.797125549011584e-01         
4.088125000000000e+01         2.790256259209327e-01         
4.088750000000000e+01         2.783491349591309e-01         
4.089375000000000e+01         2.776830338958897e-01         
4.090000000000001e+01         2.770272746205866e-01         
4.090625000000000e+01         2.763818090775488e-01         
4.091250000000000e+01         2.757465893097270e-01         
4.091875000000000e+01         2.751215675004317e-01         
4.092500000000000e+01         2.745066960132126e-01         
4.093125000000001e+01         2.739019274299369e-01         
4.093750000000000e+01         2.733072145871609e-01         
4.094375000000000e+01         2.727225106108524e-01         
4.095000000000000e+01         2.721477689495453e-01         
4.095625000000000e+01         2.715829434059739e-01         
4.096250000000001e+01         2.710279881672675e-01         
4.096875000000000e+01         2.704828578337664e-01         
4.097500000000000e+01         2.699475074465038e-01         
4.098125000000000e+01         2.694218925134285e-01         
4.098750000000000e+01         2.689059690344180e-01         
4.099375000000001e+01         2.683996935251345e-01         
4.100000000000000e+01         2.679030230397731e-01         
4.100625000000000e+01         2.674159151927571e-01         
4.101250000000000e+01         2.669383281794365e-01         
4.101875000000000e+01         2.664702207958117e-01         
4.102500000000001e+01         2.660115524573530e-01         
4.103125000000000e+01         2.655622832169516e-01         
4.103750000000000e+01         2.651223737820313e-01         
4.104375000000000e+01         2.646917855308809e-01         
4.105000000000000e+01         2.642704805282295e-01         
4.105625000000001e+01         2.638584215401168e-01         
4.106250000000000e+01         2.634555720480796e-01         
4.106875000000000e+01         2.630618962626982e-01         
4.107500000000000e+01         2.626773591365384e-01         
4.108125000000000e+01         2.623019263765141e-01         
4.108750000000001e+01         2.619355644557031e-01         
4.109375000000000e+01         2.615782406246489e-01         
4.110000000000000e+01         2.612299229221816e-01         
4.110625000000000e+01         2.608905801857700e-01         
4.111250000000000e+01         2.605601820614467e-01         
4.111875000000001e+01         2.602386990133320e-01         
4.112500000000000e+01         2.599261023327658e-01         
4.113125000000000e+01         2.596223641470893e-01         
4.113750000000000e+01         2.593274574280896e-01         
4.114375000000000e+01         2.590413560001332e-01         
4.115000000000001e+01         2.587640345480053e-01         
4.115625000000000e+01         2.584954686244801e-01         
4.116250000000000e+01         2.582356346576422e-01         
4.116875000000000e+01         2.579845099579739e-01         
4.117500000000000e+01         2.577420727252270e-01         
4.118125000000001e+01         2.575083020551047e-01         
4.118750000000000e+01         2.572831779457615e-01         
4.119375000000000e+01         2.570666813041382e-01         
4.120000000000000e+01         2.568587939521571e-01         
4.120625000000000e+01         2.566594986327825e-01         
4.121250000000001e+01         2.564687790159643e-01         
4.121875000000000e+01         2.562866197044814e-01         
4.122500000000000e+01         2.561130062396985e-01         
4.123125000000000e+01         2.559479251072460e-01         
4.123750000000000e+01         2.557913637426373e-01         
4.124375000000001e+01         2.556433105368399e-01         
4.125000000000000e+01         2.555037548418077e-01         
4.125625000000000e+01         2.553726869759862e-01         
4.126250000000000e+01         2.552500982298038e-01         
4.126875000000000e+01         2.551359808711608e-01         
4.127500000000001e+01         2.550303281509254e-01         
4.128125000000000e+01         2.549331343084433e-01         
4.128750000000000e+01         2.548443945770780e-01         
4.129375000000000e+01         2.547641051897871e-01         
4.130000000000000e+01         2.546922633847418e-01         
4.130625000000001e+01         2.546288674110037e-01         
4.131250000000000e+01         2.545739165342650e-01         
4.131875000000000e+01         2.545274110426601e-01         
4.132500000000000e+01         2.544893522526557e-01         
4.133125000000000e+01         2.544597425150332e-01         
4.133750000000001e+01         2.544385852209645e-01         
4.134375000000000e+01         2.544258848081911e-01         
4.135000000000000e+01         2.544216467673160e-01         
4.135625000000000e+01         2.544258776482137e-01         
4.136250000000000e+01         2.544385850665636e-01         
4.136875000000001e+01         2.544597777105181e-01         
4.137500000000000e+01         2.544894653475077e-01         
4.138125000000000e+01         2.545276588311940e-01         
4.138750000000000e+01         2.545743701085703e-01         
4.139375000000000e+01         2.546296122272242e-01         
4.140000000000001e+01         2.546933993427630e-01         
4.140625000000000e+01         2.547657467264084e-01         
4.141250000000000e+01         2.548466707727687e-01         
4.141875000000000e+01         2.549361890077909e-01         
4.142500000000000e+01         2.550343200969010e-01         
4.143125000000001e+01         2.551410838533376e-01         
4.143750000000000e+01         2.552565012466821e-01         
4.144375000000000e+01         2.553805944115956e-01         
4.145000000000000e+01         2.555133866567584e-01         
4.145625000000000e+01         2.556549024740289e-01         
4.146250000000001e+01         2.558051675478195e-01         
4.146875000000000e+01         2.559642087646929e-01         
4.147500000000000e+01         2.561320542231925e-01         
4.148125000000000e+01         2.563087332438994e-01         
4.148750000000000e+01         2.564942763797313e-01         
4.149375000000001e+01         2.566887154264815e-01         
4.150000000000000e+01         2.568920834336053e-01         
4.150625000000000e+01         2.571044147152560e-01         
4.151250000000000e+01         2.573257448615762e-01         
4.151875000000000e+01         2.575561107502481e-01         
4.152500000000001e+01         2.577955505583073e-01         
4.153125000000000e+01         2.580441037742220e-01         
4.153750000000000e+01         2.583018112102447e-01         
4.154375000000000e+01         2.585687150150363e-01         
4.155000000000000e+01         2.588448586865686e-01         
4.155625000000001e+01         2.591302870853093e-01         
4.156250000000000e+01         2.594250464476891e-01         
4.156875000000000e+01         2.597291843998595e-01         
4.157500000000000e+01         2.600427499717362e-01         
4.158125000000000e+01         2.603657936113424e-01         
4.158750000000001e+01         2.606983671994428e-01         
4.159375000000000e+01         2.610405240644784e-01         
4.160000000000000e+01         2.613923189978034e-01         
4.160625000000000e+01         2.617538082692225e-01         
4.161250000000000e+01         2.621250496428337e-01         
4.161875000000001e+01         2.625061023931791e-01         
4.162500000000000e+01         2.628970273217036e-01         
4.163125000000000e+01         2.632978867735202e-01         
4.163750000000000e+01         2.637087446544884e-01         
4.164375000000000e+01         2.641296664486002e-01         
4.165000000000001e+01         2.645607192356819e-01         
4.165625000000000e+01         2.650019717094002e-01         
4.166250000000000e+01         2.654534941955836e-01         
4.166875000000000e+01         2.659153586708534e-01         
4.167500000000000e+01         2.663876387815589e-01         
4.168125000000001e+01         2.668704098630243e-01         
4.168750000000000e+01         2.673637489590978e-01         
4.169375000000000e+01         2.678677348420047e-01         
4.170000000000000e+01         2.683824480324958e-01         
4.170625000000000e+01         2.689079708202937e-01         
4.171250000000001e+01         2.694443872848323e-01         
4.171875000000000e+01         2.699917833162768e-01         
4.172500000000000e+01         2.705502466368283e-01         
4.173125000000000e+01         2.711198668223007e-01         
4.173750000000000e+01         2.717007353239635e-01         
4.174375000000001e+01         2.722929454906466e-01         
4.175000000000000e+01         2.728965925910875e-01         
4.175625000000000e+01         2.735117738365321e-01         
4.176250000000000e+01         2.741385884035464e-01         
4.176875000000000e+01         2.747771374570581e-01         
4.177500000000001e+01         2.754275241736017e-01         
4.178125000000000e+01         2.760898537647437e-01         
4.178750000000000e+01         2.767642335006922e-01         
4.179375000000000e+01         2.774507727340562e-01         
4.180000000000000e+01         2.781495829237454e-01         
4.180625000000001e+01         2.788607776589899e-01         
4.181250000000000e+01         2.795844726834497e-01         
4.181875000000000e+01         2.803207859194089e-01         
4.182500000000000e+01         2.810698374920011e-01         
4.183125000000000e+01         2.818317497534675e-01         
4.183750000000001e+01         2.826066473073991e-01         
4.184375000000000e+01         2.833946570329376e-01         
4.185000000000000e+01         2.841959081089028e-01         
4.185625000000000e+01         2.850105320377989e-01         
4.186250000000000e+01         2.858386626696825e-01         
4.186875000000001e+01         2.866804362258197e-01         
4.187500000000000e+01         2.875359913221103e-01         
4.188125000000000e+01         2.884054689922290e-01         
4.188750000000000e+01         2.892890127104092e-01         
4.189375000000000e+01         2.901867684138427e-01         
4.190000000000001e+01         2.910988845246136e-01         
4.190625000000000e+01         2.920255119711218e-01         
4.191250000000000e+01         2.929668042089049e-01         
4.191875000000000e+01         2.939229172408023e-01         
4.192500000000000e+01         2.948940096363863e-01         
4.193125000000001e+01         2.958802425505592e-01         
4.193750000000000e+01         2.968817797412492e-01         
4.194375000000000e+01         2.978987875860982e-01         
4.195000000000000e+01         2.989314350980393e-01         
4.195625000000000e+01         2.999798939396716e-01         
4.196250000000001e+01         3.010443384362999e-01         
4.196875000000000e+01         3.021249455875398e-01         
4.197500000000000e+01         3.032218950773359e-01         
4.198125000000000e+01         3.043353692822736e-01         
4.198750000000000e+01         3.054655532780379e-01         
4.199375000000001e+01         3.066126348438548e-01         
4.200000000000000e+01         3.077768044647607e-01         
4.200625000000000e+01         3.089582553315308e-01         
4.201250000000000e+01         3.101571833380529e-01         
4.201875000000000e+01         3.113737870759976e-01         
4.202500000000001e+01         3.126082678265337e-01         
4.203125000000000e+01         3.138608295488939e-01         
4.203750000000000e+01         3.151316788655477e-01         
4.204375000000000e+01         3.164210250437334e-01         
4.205000000000000e+01         3.177290799730900e-01         
4.205625000000001e+01         3.190560581391197e-01         
4.206250000000000e+01         3.204021765921592e-01         
4.206875000000000e+01         3.217676549115865e-01         
4.207500000000000e+01         3.231527151649013e-01         
4.208125000000000e+01         3.245575818613490e-01         
4.208750000000001e+01         3.259824818997170e-01         
4.209375000000000e+01         3.274276445099047e-01         
4.210000000000000e+01         3.288933011878806e-01         
4.210625000000000e+01         3.303796856235490e-01         
4.211250000000000e+01         3.318870336211155e-01         
4.211875000000001e+01         3.334155830114384e-01         
4.212500000000000e+01         3.349655735558574e-01         
4.213125000000000e+01         3.365372468409762e-01         
4.213750000000000e+01         3.381308461638114e-01         
4.214375000000000e+01         3.397466164067247e-01         
4.215000000000001e+01         3.413848039015036e-01         
4.215625000000000e+01         3.430456562819189e-01         
4.216250000000000e+01         3.447294223240918e-01         
4.216875000000000e+01         3.464363517738792e-01         
4.217500000000000e+01         3.481666951605719e-01         
4.218125000000001e+01         3.499207035960524e-01         
4.218750000000000e+01         3.516986285585705e-01         
4.219375000000000e+01         3.535007216602595e-01         
4.220000000000000e+01         3.553272343974388e-01         
4.220625000000000e+01         3.571784178827218e-01         
4.221250000000001e+01         3.590545225579326e-01         
4.221875000000000e+01         3.609557978867157e-01         
4.222500000000000e+01         3.628824920257557e-01         
4.223125000000000e+01         3.648348514733958e-01         
4.223750000000000e+01         3.668131206944713e-01         
4.224375000000001e+01         3.688175417200624e-01         
4.225000000000000e+01         3.708483537208335e-01         
4.225625000000000e+01         3.729057925526045e-01         
4.226250000000000e+01         3.749900902726864e-01         
4.226875000000000e+01         3.771014746255314e-01         
4.227500000000001e+01         3.792401684961225e-01         
4.228125000000000e+01         3.814063893295342e-01         
4.228750000000000e+01         3.836003485150170e-01         
4.229375000000000e+01         3.858222507328803e-01         
4.230000000000000e+01         3.880722932624771e-01         
4.230625000000001e+01         3.903506652494603e-01         
4.231250000000000e+01         3.926575469304974e-01         
4.231875000000000e+01         3.949931088135592e-01         
4.232500000000000e+01         3.973575108118706e-01         
4.233125000000000e+01         3.997509013296061e-01         
4.233750000000001e+01         4.021734162973335e-01         
4.234375000000000e+01         4.046251781552551e-01         
4.235000000000000e+01         4.071062947822637e-01         
4.235625000000000e+01         4.096168583687743e-01         
4.236250000000000e+01         4.121569442314529e-01         
4.236875000000001e+01         4.147266095678175e-01         
4.237500000000000e+01         4.173258921488545e-01         
4.238125000000000e+01         4.199548089477867e-01         
4.238750000000000e+01         4.226133547032218e-01         
4.239375000000000e+01         4.253015004150379e-01         
4.240000000000001e+01         4.280191917713939e-01         
4.240625000000000e+01         4.307663475055213e-01         
4.241250000000000e+01         4.335428576810178e-01         
4.241875000000000e+01         4.363485819046083e-01         
4.242500000000000e+01         4.391833474655896e-01         
4.243125000000001e+01         4.420469474014267e-01         
4.243750000000000e+01         4.449391384892853e-01         
4.244375000000000e+01         4.478596391636350e-01         
4.245000000000000e+01         4.508081273604650e-01         
4.245625000000000e+01         4.537842382891222e-01         
4.246250000000001e+01         4.567875621332577e-01         
4.246875000000000e+01         4.598176416829238e-01         
4.247500000000000e+01         4.628739699005519e-01         
4.248125000000000e+01         4.659559874241216e-01         
4.248750000000000e+01         4.690630800116783e-01         
4.249375000000001e+01         4.721945759321358e-01         
4.250000000000000e+01         4.753497433081808e-01         
4.250625000000000e+01         4.785277874181229e-01         
4.251250000000000e+01         4.817278479644663e-01         
4.251875000000000e+01         4.849489963182567e-01         
4.252500000000001e+01         4.881902327493168e-01         
4.253125000000000e+01         4.914504836538006e-01         
4.253750000000000e+01         4.947285987918977e-01         
4.254375000000000e+01         4.980233485498340e-01         
4.255000000000000e+01         5.013334212418668e-01         
4.255625000000001e+01         5.046574204695191e-01         
4.256250000000000e+01         5.079938625568075e-01         
4.256875000000000e+01         5.113411740819545e-01         
4.257500000000000e+01         5.146976895275864e-01         
4.258125000000000e+01         5.180616490732612e-01         
4.258750000000001e+01         5.214311965556646e-01         
4.259375000000000e+01         5.248043776234836e-01         
4.260000000000000e+01         5.281791381156294e-01         
4.260625000000000e+01         5.315533226928104e-01         
4.261250000000000e+01         5.349246737539612e-01         
4.261875000000001e+01         5.382908306702494e-01         
4.262500000000000e+01         5.416493293703712e-01         
4.263125000000000e+01         5.449976023117984e-01         
4.263750000000000e+01         5.483329788730514e-01         
4.264375000000000e+01         5.516526862025805e-01         
4.265000000000001e+01         5.549538505595515e-01         
4.265625000000000e+01         5.582334991814577e-01         
4.266250000000000e+01         5.614885627126540e-01         
4.266875000000000e+01         5.647158782263483e-01         
4.267500000000000e+01         5.679121928709014e-01         
4.268125000000001e+01         5.710741681686057e-01         
4.268750000000000e+01         5.741983849922373e-01         
4.269375000000000e+01         5.772813492408875e-01         
4.270000000000000e+01         5.803194982322220e-01         
4.270625000000000e+01         5.833092078234996e-01         
4.271250000000001e+01         5.862468002678556e-01         
4.271875000000000e+01         5.891285528062137e-01         
4.272500000000000e+01         5.919507069882490e-01         
4.273125000000000e+01         5.947094787083705e-01         
4.273750000000000e+01         5.974010689347724e-01         
4.274375000000001e+01         6.000216751010855e-01         
4.275000000000000e+01         6.025675031215317e-01         
4.275625000000000e+01         6.050347799814030e-01         
4.276250000000000e+01         6.074197668455557e-01         
4.276875000000000e+01         6.097187726186570e-01         
4.277500000000001e+01         6.119281678818582e-01         
4.278125000000000e+01         6.140443991221196e-01         
4.278750000000000e+01         6.160640031623100e-01         
4.279375000000000e+01         6.179836216928889e-01         
4.280000000000000e+01         6.198000157994826e-01         
4.280625000000001e+01         6.215100803751890e-01         
4.281250000000000e+01         6.231108583022743e-01         
4.281875000000000e+01         6.245995542849698e-01         
4.282500000000000e+01         6.259735482136926e-01         
4.283125000000000e+01         6.272304079411950e-01         
4.283750000000001e+01         6.283679013529919e-01         
4.284375000000000e+01         6.293840076179409e-01         
4.285000000000000e+01         6.302769275101361e-01         
4.285625000000000e+01         6.310450927002447e-01         
4.286250000000000e+01         6.316871739229927e-01         
4.286875000000001e+01         6.322020879376326e-01         
4.287500000000000e+01         6.325890032097223e-01         
4.288125000000000e+01         6.328473442552819e-01         
4.288750000000000e+01         6.329767946020923e-01         
4.289375000000000e+01         6.329772983374493e-01         
4.290000000000001e+01         6.328490602266899e-01         
4.290625000000000e+01         6.325925444021424e-01         
4.291250000000000e+01         6.322084716374394e-01         
4.291875000000000e+01         6.316978152371846e-01         
4.292500000000000e+01         6.310617955864390e-01         
4.293125000000001e+01         6.303018734182223e-01         
4.293750000000000e+01         6.294197418699300e-01         
4.294375000000000e+01         6.284173174110267e-01         
4.295000000000000e+01         6.272967297345110e-01         
4.295625000000000e+01         6.260603107132143e-01         
4.296250000000001e+01         6.247105825289233e-01         
4.296875000000000e+01         6.232502450876357e-01         
4.297500000000000e+01         6.216821628377576e-01         
4.298125000000000e+01         6.200093511099851e-01         
4.298750000000000e+01         6.182349620977123e-01         
4.299375000000001e+01         6.163622705955362e-01         
4.300000000000000e+01         6.143946596105616e-01         
4.300625000000000e+01         6.123356059569731e-01         
4.301250000000000e+01         6.101886659390705e-01         
4.301875000000000e+01         6.079574612214911e-01         
4.302500000000001e+01         6.056456649780949e-01         
4.303125000000000e+01         6.032569884030734e-01         
4.303750000000000e+01         6.007951676593356e-01         
4.304375000000000e+01         5.982639513305251e-01         
4.305000000000000e+01         5.956670884338914e-01         
4.305625000000001e+01         5.930083170424030e-01         
4.306250000000000e+01         5.902913535554762e-01         
4.306875000000000e+01         5.875198826491230e-01         
4.307500000000000e+01         5.846975479279378e-01         
4.308125000000000e+01         5.818279432934805e-01         
4.308750000000001e+01         5.789146050362947e-01         
4.309375000000000e+01         5.759610046518661e-01         
4.310000000000000e+01         5.729705423747008e-01         
4.310625000000000e+01         5.699465414191491e-01         
4.311250000000000e+01         5.668922429105145e-01         
4.311875000000001e+01         5.638108014858455e-01         
4.312500000000000e+01         5.607052815400499e-01         
4.313125000000000e+01         5.575786540899695e-01         
4.313750000000000e+01         5.544337942265301e-01         
4.314375000000000e+01         5.512734791231962e-01         
4.315000000000001e+01         5.481003865676056e-01         
4.315625000000000e+01         5.449170939822355e-01         
4.316250000000000e+01         5.417260778995072e-01         
4.316875000000000e+01         5.385297138567180e-01         
4.317500000000000e+01         5.353302766762159e-01         
4.318125000000001e+01         5.321299410969718e-01         
4.318750000000000e+01         5.289307827243710e-01         
4.319375000000000e+01         5.257347792661223e-01         
4.320000000000000e+01         5.225438120233246e-01         
4.320625000000000e+01         5.193596676070392e-01         
4.321250000000001e+01         5.161840398522760e-01         
4.321875000000000e+01         5.130185319026590e-01         
4.322500000000000e+01         5.098646584407223e-01         
4.323125000000000e+01         5.067238480403832e-01         
4.323750000000000e+01         5.035974456197323e-01         
4.324375000000001e+01         5.004867149738667e-01         
4.325000000000000e+01         4.973928413691444e-01         
4.325625000000000e+01         4.943169341817589e-01         
4.326250000000000e+01         4.912600295650172e-01         
4.326875000000000e+01         4.882230931311594e-01         
4.327500000000001e+01         4.852070226349749e-01         
4.328125000000000e+01         4.822126506477926e-01         
4.328750000000000e+01         4.792407472115766e-01         
4.329375000000000e+01         4.762920224641883e-01         
4.330000000000000e+01         4.733671292278582e-01         
4.330625000000001e+01         4.704666655539762e-01         
4.331250000000000e+01         4.675911772182758e-01         
4.331875000000000e+01         4.647411601613446e-01         
4.332500000000000e+01         4.619170628702804e-01         
4.333125000000000e+01         4.591192886978976e-01         
4.333750000000001e+01         4.563481981167430e-01         
4.334375000000000e+01         4.536041109057203e-01         
4.335000000000000e+01         4.508873082676342e-01         
4.335625000000000e+01         4.481980348765592e-01         
4.336250000000000e+01         4.455365008543437e-01         
4.336875000000001e+01         4.429028836759387e-01         
4.337500000000000e+01         4.402973300036416e-01         
4.338125000000000e+01         4.377199574506214e-01         
4.338750000000000e+01         4.351708562744339e-01         
4.339375000000000e+01         4.326500910013527e-01         
4.340000000000001e+01         4.301577019826565e-01         
4.340625000000000e+01         4.276937068841798e-01         
4.341250000000000e+01         4.252581021104945e-01         
4.341875000000000e+01         4.228508641653136e-01         
4.342500000000000e+01         4.204719509497707e-01         
4.343125000000001e+01         4.181213030002788e-01         
4.343750000000000e+01         4.157988446677826e-01         
4.344375000000000e+01         4.135044852402289e-01         
4.345000000000000e+01         4.112381200101641e-01         
4.345625000000000e+01         4.089996312892906e-01         
4.346250000000001e+01         4.067888893719148e-01         
4.346875000000000e+01         4.046057534491698e-01         
4.347500000000000e+01         4.024500724759021e-01         
4.348125000000000e+01         4.003216859920840e-01         
4.348750000000000e+01         3.982204249005519e-01         
4.349375000000001e+01         3.961461122029498e-01         
4.350000000000000e+01         3.940985636955809e-01         
4.350625000000000e+01         3.920775886269093e-01         
4.351250000000000e+01         3.900829903184556e-01         
4.351875000000000e+01         3.881145667506486e-01         
4.352500000000001e+01         3.861721111152799e-01         
4.353125000000000e+01         3.842554123360908e-01         
4.353750000000000e+01         3.823642555590003e-01         
4.354375000000000e+01         3.804984226134121e-01         
4.355000000000000e+01         3.786576924459780e-01         
4.355625000000001e+01         3.768418415282109e-01         
4.356250000000000e+01         3.750506442391961e-01         
4.356875000000000e+01         3.732838732246507e-01         
4.357500000000000e+01         3.715412997335709e-01         
4.358125000000000e+01         3.698226939335464e-01         
4.358750000000001e+01         3.681278252058976e-01         
4.359375000000000e+01         3.664564624216419e-01         
4.360000000000000e+01         3.648083741993391e-01         
4.360625000000000e+01         3.631833291457502e-01         
4.361250000000000e+01         3.615810960802169e-01         
4.361875000000001e+01         3.600014442436856e-01         
4.362500000000000e+01         3.584441434931611e-01         
4.363125000000000e+01         3.569089644824198e-01         
4.363750000000000e+01         3.553956788297256e-01         
4.364375000000000e+01         3.539040592732905e-01         
4.365000000000001e+01         3.524338798151486e-01         
4.365625000000000e+01         3.509849158540992e-01         
4.366250000000000e+01         3.495569443083662e-01         
4.366875000000000e+01         3.481497437285362e-01         
4.367500000000000e+01         3.467630944013559e-01         
4.368125000000001e+01         3.453967784449021e-01         
4.368750000000000e+01         3.440505798956651e-01         
4.369375000000000e+01         3.427242847879881e-01         
4.370000000000000e+01         3.414176812263376e-01         
4.370625000000000e+01         3.401305594508407e-01         
4.371250000000001e+01         3.388627118964853e-01         
4.371875000000000e+01         3.376139332463743e-01         
4.372500000000000e+01         3.363840204794023e-01         
4.373125000000000e+01         3.351727729127128e-01         
4.373750000000000e+01         3.339799922392450e-01         
4.374375000000001e+01         3.328054825606832e-01         
4.375000000000000e+01         3.316490504161284e-01         
4.375625000000000e+01         3.305105048067323e-01         
4.376250000000000e+01         3.293896572165879e-01         
4.376875000000000e+01         3.282863216301053e-01         
4.377500000000001e+01         3.272003145461146e-01         
4.378125000000000e+01         3.261314549889216e-01         
4.378750000000000e+01         3.250795645165052e-01         
4.379375000000000e+01         3.240444672260890e-01         
4.380000000000000e+01         3.230259897572389e-01         
4.380625000000001e+01         3.220239612926713e-01         
4.381250000000000e+01         3.210382135569567e-01         
4.381875000000000e+01         3.200685808132436e-01         
4.382500000000000e+01         3.191148998581793e-01         
4.383125000000000e+01         3.181770100151350e-01         
4.383750000000001e+01         3.172547531258992e-01         
4.384375000000000e+01         3.163479735409372e-01         
4.385000000000000e+01         3.154565181083319e-01         
4.385625000000000e+01         3.145802361615409e-01         
4.386250000000000e+01         3.137189795060368e-01         
4.386875000000001e+01         3.128726024049548e-01         
4.387500000000000e+01         3.120409615638148e-01         
4.388125000000000e+01         3.112239161144247e-01         
4.388750000000000e+01         3.104213275980345e-01         
4.389375000000000e+01         3.096330599478024e-01         
4.390000000000001e+01         3.088589794706699e-01         
4.390625000000000e+01         3.080989548286953e-01         
4.391250000000000e+01         3.073528570198970e-01         
4.391875000000000e+01         3.066205593586960e-01         
4.392500000000000e+01         3.059019374559769e-01         
4.393125000000001e+01         3.051968691988428e-01         
4.393750000000000e+01         3.045052347300929e-01         
4.394375000000000e+01         3.038269164274860e-01         
4.395000000000000e+01         3.031617988828153e-01         
4.395625000000000e+01         3.025097688808385e-01         
4.396250000000001e+01         3.018707153781020e-01         
4.396875000000000e+01         3.012445294816889e-01         
4.397500000000000e+01         3.006311044279230e-01         
4.398125000000000e+01         3.000303355610591e-01         
4.398750000000000e+01         2.994421203119828e-01         
4.399375000000001e+01         2.988663581769542e-01         
4.400000000000000e+01         2.983029506963998e-01         
4.400625000000000e+01         2.977518014337998e-01         
4.401250000000000e+01         2.972128159546681e-01         
4.401875000000000e+01         2.966859018056565e-01         
4.402500000000001e+01         2.961709684937930e-01         
4.403125000000000e+01         2.956679274658761e-01         
4.403750000000000e+01         2.951766920880313e-01         
4.404375000000000e+01         2.946971776254533e-01         
4.405000000000000e+01         2.942293012223359e-01         
4.405625000000001e+01         2.937729818820052e-01         
4.406250000000000e+01         2.933281404472672e-01         
4.406875000000000e+01         2.928946995809759e-01         
4.407500000000000e+01         2.924725837468313e-01         
4.408125000000000e+01         2.920617191904167e-01         
4.408750000000001e+01         2.916620339204739e-01         
4.409375000000000e+01         2.912734576904355e-01         
4.410000000000000e+01         2.908959219802055e-01         
4.410625000000000e+01         2.905293599782014e-01         
4.411250000000000e+01         2.901737065636585e-01         
4.411875000000001e+01         2.898288982892006e-01         
4.412500000000000e+01         2.894948733636788e-01         
4.413125000000000e+01         2.891715716352790e-01         
4.413750000000000e+01         2.888589345749064e-01         
4.414375000000000e+01         2.885569052598401e-01         
4.415000000000001e+01         2.882654283576631e-01         
4.415625000000000e+01         2.879844501104681e-01         
4.416250000000000e+01         2.877139183193353e-01         
4.416875000000000e+01         2.874537823290897e-01         
4.417500000000000e+01         2.872039930133291e-01         
4.418125000000001e+01         2.869645027597246e-01         
4.418750000000000e+01         2.867352654555960e-01         
4.419375000000000e+01         2.865162364737519e-01         
4.420000000000000e+01         2.863073726586060e-01         
4.420625000000000e+01         2.861086323125516e-01         
4.421250000000001e+01         2.859199751826062e-01         
4.421875000000000e+01         2.857413624473129e-01         
4.422500000000000e+01         2.855727567039035e-01         
4.423125000000000e+01         2.854141219557153e-01         
4.423750000000000e+01         2.852654235998612e-01         
4.424375000000001e+01         2.851266284151482e-01         
4.425000000000000e+01         2.849977045502413e-01         
4.425625000000000e+01         2.848786215120678e-01         
4.426250000000000e+01         2.847693501544622e-01         
4.426875000000000e+01         2.846698626670404e-01         
4.427500000000001e+01         2.845801325643061e-01         
4.428125000000000e+01         2.845001346749814e-01         
4.428750000000000e+01         2.844298451315537e-01         
4.429375000000000e+01         2.843692413600437e-01         
4.430000000000000e+01         2.843183020699789e-01         
4.430625000000001e+01         2.842770072445738e-01         
4.431250000000000e+01         2.842453381311091e-01         
4.431875000000000e+01         2.842232772315069e-01         
4.432500000000000e+01         2.842108082930921e-01         
4.433125000000000e+01         2.842079162995371e-01         
4.433750000000001e+01         2.842145874619865e-01         
4.434375000000000e+01         2.842308092103479e-01         
4.435000000000000e+01         2.842565701847492e-01         
4.435625000000000e+01         2.842918602271557e-01         
4.436250000000000e+01         2.843366703731361e-01         
4.436875000000001e+01         2.843909928437724e-01         
4.437500000000000e+01         2.844548210377112e-01         
4.438125000000000e+01         2.845281495233402e-01         
4.438750000000000e+01         2.846109740310914e-01         
4.439375000000000e+01         2.847032914458580e-01         
4.440000000000001e+01         2.848050997995178e-01         
4.440625000000000e+01         2.849163982635588e-01         
4.441250000000000e+01         2.850371871417913e-01         
4.441875000000000e+01         2.851674678631472e-01         
4.442500000000000e+01         2.853072429745496e-01         
4.443125000000001e+01         2.854565161338479e-01         
4.443750000000000e+01         2.856152921028092e-01         
4.444375000000000e+01         2.857835767401538e-01         
4.445000000000000e+01         2.859613769946278e-01         
4.445625000000000e+01         2.861487008981004e-01         
4.446250000000001e+01         2.863455575586766e-01         
4.446875000000000e+01         2.865519571538143e-01         
4.447500000000000e+01         2.867679109234337e-01         
4.448125000000000e+01         2.869934311630091e-01         
4.448750000000000e+01         2.872285312166297e-01         
4.449375000000001e+01         2.874732254700187e-01         
4.450000000000000e+01         2.877275293434950e-01         
4.450625000000000e+01         2.879914592848664e-01         
4.451250000000000e+01         2.882650327622461e-01         
4.451875000000000e+01         2.885482682567624e-01         
4.452500000000001e+01         2.888411852551699e-01         
4.453125000000000e+01         2.891438042423253e-01         
4.453750000000000e+01         2.894561466935275e-01         
4.454375000000000e+01         2.897782350666989e-01         
4.455000000000000e+01         2.901100927943928e-01         
4.455625000000001e+01         2.904517442756103e-01         
4.456250000000000e+01         2.908032148674082e-01         
4.456875000000000e+01         2.911645308762800e-01         
4.457500000000000e+01         2.915357195492912e-01         
4.458125000000000e+01         2.919168090649465e-01         
4.458750000000001e+01         2.923078285237755e-01         
4.459375000000000e+01         2.927088079386048e-01         
4.460000000000000e+01         2.931197782245084e-01         
4.460625000000000e+01         2.935407711883953e-01         
4.461250000000000e+01         2.939718195182336e-01         
4.461875000000001e+01         2.944129567718694e-01         
4.462500000000000e+01         2.948642173654161e-01         
4.463125000000000e+01         2.953256365612004e-01         
4.463750000000000e+01         2.957972504552263e-01         
4.464375000000000e+01         2.962790959641344e-01         
4.465000000000001e+01         2.967712108116227e-01         
4.465625000000000e+01         2.972736335143042e-01         
4.466250000000000e+01         2.977864033669734e-01         
4.466875000000000e+01         2.983095604272306e-01         
4.467500000000000e+01         2.988431454994580e-01         
4.468125000000001e+01         2.993872001180922e-01         
4.468750000000000e+01         2.999417665301650e-01         
4.469375000000000e+01         3.005068876770730e-01         
4.470000000000000e+01         3.010826071755418e-01         
4.470625000000000e+01         3.016689692977434e-01         
4.471250000000001e+01         3.022660189505165e-01         
4.471875000000000e+01         3.028738016536641e-01         
4.472500000000000e+01         3.034923635172743e-01         
4.473125000000000e+01         3.041217512180088e-01         
4.473750000000000e+01         3.047620119743388e-01         
4.474375000000001e+01         3.054131935206497e-01         
4.475000000000000e+01         3.060753440801866e-01         
4.475625000000000e+01         3.067485123367735e-01         
4.476250000000000e+01         3.074327474052613e-01         
4.476875000000000e+01         3.081280988006486e-01         
4.477500000000001e+01         3.088346164058040e-01         
4.478125000000000e+01         3.095523504377548e-01         
4.478750000000000e+01         3.102813514124620e-01         
4.479375000000000e+01         3.110216701080179e-01         
4.480000000000000e+01         3.117733575262118e-01         
4.480625000000001e+01         3.125364648523922e-01         
4.481250000000000e+01         3.133110434135541e-01         
4.481875000000000e+01         3.140971446345725e-01         
4.482500000000000e+01         3.148948199925262e-01         
4.483125000000000e+01         3.157041209690242e-01         
4.483750000000001e+01         3.165250990004464e-01         
4.484375000000000e+01         3.173578054260459e-01         
4.485000000000000e+01         3.182022914338016e-01         
4.485625000000000e+01         3.190586080039553e-01         
4.486250000000000e+01         3.199268058501273e-01         
4.486875000000001e+01         3.208069353579465e-01         
4.487500000000000e+01         3.216990465210753e-01         
4.488125000000000e+01         3.226031888745590e-01         
4.488750000000000e+01         3.235194114253739e-01         
4.489375000000000e+01         3.244477625801110e-01         
4.490000000000001e+01         3.253882900696676e-01         
4.490625000000000e+01         3.263410408708399e-01         
4.491250000000000e+01         3.273060611247390e-01         
4.491875000000000e+01         3.282833960518949e-01         
4.492500000000000e+01         3.292730898639388e-01         
4.493125000000001e+01         3.302751856717774e-01         
4.493750000000000e+01         3.312897253901110e-01         
4.494375000000000e+01         3.323167496382093e-01         
4.495000000000000e+01         3.333562976367925e-01         
4.495625000000000e+01         3.344084071009391e-01         
4.496250000000001e+01         3.354731141288698e-01         
4.496875000000000e+01         3.365504530864831e-01         
4.497500000000000e+01         3.376404564875461e-01         
4.498125000000000e+01         3.387431548693917e-01         
4.498750000000000e+01         3.398585766639964e-01         
4.499375000000001e+01         3.409867480643304e-01         
4.500000000000000e+01         3.421276928858427e-01         
4.500625000000000e+01         3.432814324229607e-01         
4.501250000000000e+01         3.444479853004591e-01         
4.501875000000000e+01         3.456273673196119e-01         
4.502500000000001e+01         3.468195912989759e-01         
4.503125000000000e+01         3.480246669096804e-01         
4.503750000000000e+01         3.492426005051356e-01         
4.504375000000000e+01         3.504733949450073e-01         
4.505000000000000e+01         3.517170494133764e-01         
4.505625000000001e+01         3.529735592309406e-01         
4.506250000000000e+01         3.542429156611938e-01         
4.506875000000000e+01         3.555251057104588e-01         
4.507500000000000e+01         3.568201119216742e-01         
4.508125000000000e+01         3.581279121618753e-01         
4.508750000000001e+01         3.594484794032771e-01         
4.509375000000000e+01         3.607817814978924e-01         
4.510000000000000e+01         3.621277809456134e-01         
4.510625000000000e+01         3.634864346557364e-01         
4.511250000000000e+01         3.648576937018757e-01         
4.511875000000001e+01         3.662415030702309e-01         
4.512500000000000e+01         3.676378014012331e-01         
4.513125000000000e+01         3.690465207245572e-01         
4.513750000000000e+01         3.704675861875081e-01         
4.514375000000000e+01         3.719009157768632e-01         
4.515000000000001e+01         3.733464200342077e-01         
4.515625000000000e+01         3.748040017648589e-01         
4.516250000000000e+01         3.762735557404782e-01         
4.516875000000000e+01         3.777549683955145e-01         
4.517500000000000e+01         3.792481175176580e-01         
4.518125000000001e+01         3.807528719324496e-01         
4.518750000000000e+01         3.822690911823150e-01         
4.519375000000000e+01         3.837966252002709e-01         
4.520000000000000e+01         3.853353139785561e-01         
4.520625000000000e+01         3.868849872325720e-01         
4.521250000000001e+01         3.884454640604669e-01         
4.521875000000000e+01         3.900165525987873e-01         
4.522500000000000e+01         3.915980496746393e-01         
4.523125000000000e+01         3.931897404548725e-01         
4.523750000000000e+01         3.947913980928527e-01         
4.524375000000001e+01         3.964027833733806e-01         
4.525000000000000e+01         3.980236443564579e-01         
4.525625000000000e+01         3.996537160205966e-01         
4.526250000000000e+01         4.012927199064308e-01         
4.526875000000000e+01         4.029403637614685e-01         
4.527500000000001e+01         4.045963411868833e-01         
4.528125000000000e+01         4.062603312872941e-01         
4.528750000000000e+01         4.079319983245635e-01         
4.529375000000000e+01         4.096109913766747e-01         
4.530000000000000e+01         4.112969440028998e-01         
4.530625000000001e+01         4.129894739164462e-01         
4.531250000000000e+01         4.146881826658815e-01         
4.531875000000000e+01         4.163926553267464e-01         
4.532500000000000e+01         4.181024602047580e-01         
4.533125000000000e+01         4.198171485521370e-01         
4.533750000000001e+01         4.215362542986508e-01         
4.534375000000000e+01         4.232592937990249e-01         
4.535000000000000e+01         4.249857655984565e-01         
4.535625000000000e+01         4.267151502179933e-01         
4.536250000000000e+01         4.284469099616809e-01         
4.536875000000001e+01         4.301804887473786e-01         
4.537500000000000e+01         4.319153119631906e-01         
4.538125000000000e+01         4.336507863515888e-01         
4.538750000000000e+01         4.353862999232745e-01         
4.539375000000000e+01         4.371212219028840e-01         
4.540000000000001e+01         4.388549027087152e-01         
4.540625000000000e+01         4.405866739686273e-01         
4.541250000000000e+01         4.423158485743207e-01         
4.541875000000000e+01         4.440417207761591e-01         
4.542500000000000e+01         4.457635663207722e-01         
4.543125000000001e+01         4.474806426335970e-01         
4.543750000000000e+01         4.491921890484789e-01         
4.544375000000000e+01         4.508974270864916e-01         
4.545000000000000e+01         4.525955607859689e-01         
4.545625000000000e+01         4.542857770857827e-01         
4.546250000000001e+01         4.559672462636964e-01         
4.546875000000000e+01         4.576391224316239e-01         
4.547500000000000e+01         4.593005440894485e-01         
4.548125000000000e+01         4.609506347388784e-01         
4.548750000000000e+01         4.625885035587571e-01         
4.549375000000001e+01         4.642132461429694e-01         
4.550000000000000e+01         4.658239453019365e-01         
4.550625000000000e+01         4.674196719284514e-01         
4.551250000000000e+01         4.689994859283818e-01         
4.551875000000000e+01         4.705624372165234e-01         
4.552500000000001e+01         4.721075667775491e-01         
4.553125000000000e+01         4.736339077917875e-01         
4.553750000000000e+01         4.751404868252020e-01         
4.554375000000000e+01         4.766263250825877e-01         
4.555000000000000e+01         4.780904397227473e-01         
4.555625000000001e+01         4.795318452339539e-01         
4.556250000000000e+01         4.809495548677081e-01         
4.556875000000000e+01         4.823425821283682e-01         
4.557500000000000e+01         4.837099423158878e-01         
4.558125000000000e+01         4.850506541184967e-01         
4.558750000000001e+01         4.863637412517270e-01         
4.559375000000000e+01         4.876482341398612e-01         
4.560000000000000e+01         4.889031716354611e-01         
4.560625000000000e+01         4.901276027722177e-01         
4.561250000000000e+01         4.913205885460901e-01         
4.561875000000001e+01         4.924812037192537e-01         
4.562500000000000e+01         4.936085386411091e-01         
4.563125000000000e+01         4.947017010802458e-01         
4.563750000000000e+01         4.957598180610081e-01         
4.564375000000000e+01         4.967820376980296e-01         
4.565000000000001e+01         4.977675310218935e-01         
4.565625000000000e+01         4.987154937888656e-01         
4.566250000000000e+01         4.996251482675448e-01         
4.566875000000000e+01         5.004957449951143e-01         
4.567500000000000e+01         5.013265644958665e-01         
4.568125000000001e+01         5.021169189546326e-01         
4.568750000000000e+01         5.028661538377928e-01         
4.569375000000000e+01         5.035736494546331e-01         
4.570000000000000e+01         5.042388224519371e-01         
4.570625000000000e+01         5.048611272349135e-01         
4.571250000000001e+01         5.054400573077842e-01         
4.571875000000000e+01         5.059751465276396e-01         
4.572500000000000e+01         5.064659702655416e-01         
4.573125000000000e+01         5.069121464691937e-01         
4.573750000000000e+01         5.073133366219801e-01         
4.574375000000001e+01         5.076692465936121e-01         
4.575000000000000e+01         5.079796273781502e-01         
4.575625000000000e+01         5.082442757157214e-01         
4.576250000000000e+01         5.084630345948143e-01         
4.576875000000000e+01         5.086357936326593e-01         
4.577500000000001e+01         5.087624893318092e-01         
4.578125000000000e+01         5.088431052116875e-01         
4.578750000000000e+01         5.088776718145195e-01         
4.579375000000000e+01         5.088662665857090e-01         
4.580000000000000e+01         5.088090136294000e-01         
4.580625000000001e+01         5.087060833405814e-01         
4.581250000000000e+01         5.085576919157527e-01         
4.581875000000000e+01         5.083641007447725e-01         
4.582500000000000e+01         5.081256156871147e-01         
4.583125000000000e+01         5.078425862363212e-01         
4.583750000000001e+01         5.075154045769716e-01         
4.584375000000000e+01         5.071445045390025e-01         
4.585000000000000e+01         5.067303604546528e-01         
4.585625000000000e+01         5.062734859237370e-01         
4.586250000000000e+01         5.057744324933147e-01         
4.586875000000001e+01         5.052337882581605e-01         
4.587500000000000e+01         5.046521763886855e-01         
4.588125000000000e+01         5.040302535932010e-01         
4.588750000000000e+01         5.033687085216076e-01         
4.589375000000000e+01         5.026682601176602e-01         
4.590000000000001e+01         5.019296559270862e-01         
4.590625000000000e+01         5.011536703688138e-01         
4.591250000000000e+01         5.003411029765809e-01         
4.591875000000000e+01         4.994927766180779e-01         
4.592500000000000e+01         4.986095356986951e-01         
4.593125000000001e+01         4.976922443567888e-01         
4.593750000000000e+01         4.967417846571607e-01         
4.594375000000000e+01         4.957590547892374e-01         
4.595000000000000e+01         4.947449672761886e-01         
4.595625000000000e+01         4.937004472008869e-01         
4.596250000000001e+01         4.926264304543660e-01         
4.596875000000000e+01         4.915238620120259e-01         
4.597500000000000e+01         4.903936942425725e-01         
4.598125000000000e+01         4.892368852542293e-01         
4.598750000000000e+01         4.880543972824321e-01         
4.599375000000001e+01         4.868471951228510e-01         
4.600000000000000e+01         4.856162446131491e-01         
4.600625000000000e+01         4.843625111665630e-01         
4.601250000000000e+01         4.830869583599510e-01         
4.601875000000000e+01         4.817905465786526e-01         
4.602500000000001e+01         4.804742317200478e-01         
4.603125000000000e+01         4.791389639574177e-01         
4.603750000000000e+01         4.777856865653358e-01         
4.604375000000000e+01         4.764153348074794e-01         
4.605000000000000e+01         4.750288348874458e-01         
4.605625000000001e+01         4.736271029628393e-01         
4.606250000000000e+01         4.722110442226595e-01         
4.606875000000000e+01         4.707815520276753e-01         
4.607500000000000e+01         4.693395071132925e-01         
4.608125000000000e+01         4.678857768541723e-01         
4.608750000000001e+01         4.664212145896227e-01         
4.609375000000000e+01         4.649466590086430e-01         
4.610000000000000e+01         4.634629335932662e-01         
4.610625000000000e+01         4.619708461187877e-01         
4.611250000000000e+01         4.604711882092091e-01         
4.611875000000001e+01         4.589647349462138e-01         
4.612500000000000e+01         4.574522445298539e-01         
4.613125000000000e+01         4.559344579890178e-01         
4.613750000000000e+01         4.544120989397238e-01         
4.614375000000000e+01         4.528858733892133e-01         
4.615000000000001e+01         4.513564695837597e-01         
4.615625000000000e+01         4.498245578981217e-01         
4.616250000000000e+01         4.482907907645011e-01         
4.616875000000000e+01         4.467558026389432e-01         
4.617500000000000e+01         4.452202100030211e-01         
4.618125000000001e+01         4.436846113987438e-01         
4.618750000000000e+01         4.421495874946327e-01         
4.619375000000000e+01         4.406157011809043e-01         
4.620000000000000e+01         4.390834976917893e-01         
4.620625000000000e+01         4.375535047530477e-01         
4.621250000000001e+01         4.360262327527421e-01         
4.621875000000000e+01         4.345021749334709e-01         
4.622500000000000e+01         4.329818076042423e-01         
4.623125000000000e+01         4.314655903702920e-01         
4.623750000000000e+01         4.299539663791569e-01         
4.624375000000001e+01         4.284473625814242e-01         
4.625000000000000e+01         4.269461900046333e-01         
4.625625000000000e+01         4.254508440388544e-01         
4.626250000000000e+01         4.239617047325661e-01         
4.626875000000000e+01         4.224791370974967e-01         
4.627500000000001e+01         4.210034914211913e-01         
4.628125000000000e+01         4.195351035860987e-01         
4.628750000000000e+01         4.180742953940656e-01         
4.629375000000000e+01         4.166213748951947e-01         
4.630000000000000e+01         4.151766367200561e-01         
4.630625000000001e+01         4.137403624143390e-01         
4.631250000000000e+01         4.123128207750715e-01         
4.631875000000000e+01         4.108942681876064e-01         
4.632500000000000e+01         4.094849489626235e-01         
4.633125000000000e+01         4.080850956724412e-01         
4.633750000000001e+01         4.066949294860204e-01         
4.634375000000000e+01         4.053146605020549e-01         
4.635000000000000e+01         4.039444880795931e-01         
4.635625000000000e+01         4.025846011657538e-01         
4.636250000000000e+01         4.012351786200092e-01         
4.636875000000001e+01         3.998963895346915e-01         
4.637500000000000e+01         3.985683935513213e-01         
4.638125000000000e+01         3.972513411724509e-01         
4.638750000000000e+01         3.959453740687143e-01         
4.639375000000000e+01         3.946506253808258e-01         
4.640000000000001e+01         3.933672200163297e-01         
4.640625000000000e+01         3.920952749408536e-01         
4.641250000000000e+01         3.908348994637464e-01         
4.641875000000000e+01         3.895861955179297e-01         
4.642500000000000e+01         3.883492579338603e-01         
4.643125000000001e+01         3.871241747074995e-01         
4.643750000000000e+01         3.859110272622208e-01         
4.644375000000000e+01         3.847098907046068e-01         
4.645000000000000e+01         3.835208340740926e-01         
4.645625000000000e+01         3.823439205864417e-01         
4.646250000000001e+01         3.811792078710489e-01         
4.646875000000000e+01         3.800267482020893e-01         
4.647500000000000e+01         3.788865887235242e-01         
4.648125000000000e+01         3.777587716680136e-01         
4.648750000000000e+01         3.766433345697749e-01         
4.649375000000001e+01         3.755403104714444e-01         
4.650000000000000e+01         3.744497281250100e-01         
4.650625000000000e+01         3.733716121868847e-01         
4.651250000000000e+01         3.723059834072062e-01         
4.651875000000000e+01         3.712528588134454e-01         
4.652500000000001e+01         3.702122518884106e-01         
4.653125000000000e+01         3.691841727427596e-01         
4.653750000000000e+01         3.681686282821028e-01         
4.654375000000000e+01         3.671656223688071e-01         
4.655000000000000e+01         3.661751559786248e-01         
4.655625000000001e+01         3.651972273522229e-01         
4.656250000000000e+01         3.642318321417582e-01         
4.656875000000000e+01         3.632789635525902e-01         
4.657500000000000e+01         3.623386124802587e-01         
4.658125000000000e+01         3.614107676428329e-01         
4.658750000000001e+01         3.604954157087455e-01         
4.659375000000000e+01         3.595925414202498e-01         
4.660000000000000e+01         3.587021277125764e-01         
4.660625000000000e+01         3.578241558289393e-01         
4.661250000000000e+01         3.569586054314976e-01         
4.661875000000001e+01         3.561054547083681e-01         
4.662500000000000e+01         3.552646804768269e-01         
4.663125000000000e+01         3.544362582827910e-01         
4.663750000000000e+01         3.536201624967121e-01         
4.664375000000000e+01         3.528163664059629e-01         
4.665000000000001e+01         3.520248423038426e-01         
4.665625000000000e+01         3.512455615753121e-01         
4.666250000000000e+01         3.504784947795347e-01         
4.666875000000000e+01         3.497236117293558e-01         
4.667500000000000e+01         3.489808815677948e-01         
4.668125000000001e+01         3.482502728416734e-01         
4.668750000000000e+01         3.475317535724445e-01         
4.669375000000000e+01         3.468252913243394e-01         
4.670000000000000e+01         3.461308532699219e-01         
4.670625000000000e+01         3.454484062531220e-01         
4.671250000000001e+01         3.447779168498558e-01         
4.671875000000000e+01         3.441193514263051e-01         
4.672500000000000e+01         3.434726761949424e-01         
4.673125000000000e+01         3.428378572683857e-01         
4.673750000000000e+01         3.422148607111496e-01         
4.674375000000001e+01         3.416036525893906e-01         
4.675000000000000e+01         3.410041990186957e-01         
4.675625000000000e+01         3.404164662100004e-01         
4.676250000000000e+01         3.398404205137158e-01         
4.676875000000000e+01         3.392760284621053e-01         
4.677500000000001e+01         3.387232568100057e-01         
4.678125000000000e+01         3.381820725739361e-01         
4.678750000000000e+01         3.376524430696764e-01         
4.679375000000000e+01         3.371343359483517e-01         
4.680000000000000e+01         3.366277192311002e-01         
4.680625000000001e+01         3.361325613423813e-01         
4.681250000000000e+01         3.356488311419612e-01         
4.681875000000000e+01         3.351764979556510e-01         
4.682500000000000e+01         3.347155316048290e-01         
4.683125000000000e+01         3.342659024348194e-01         
4.683750000000001e+01         3.338275813421500e-01         
4.684375000000000e+01         3.334005398007536e-01         
4.685000000000000e+01         3.329847498871596e-01         
4.685625000000000e+01         3.325801843046993e-01         
4.686250000000000e+01         3.321868164067917e-01         
4.686875000000001e+01         3.318046202193327e-01         
4.687500000000000e+01         3.314335704622398e-01         
4.688125000000000e+01         3.310736425701769e-01         
4.688750000000000e+01         3.307248127125054e-01         
4.689375000000000e+01         3.303870578124996e-01         
4.690000000000001e+01         3.300603555658470e-01         
4.690625000000000e+01         3.297446844584800e-01         
4.691250000000000e+01         3.294400237837627e-01         
4.691875000000000e+01         3.291463536590712e-01         
4.692500000000000e+01         3.288636550417848e-01         
4.693125000000001e+01         3.285919097447260e-01         
4.693750000000000e+01         3.283311004510795e-01         
4.694375000000000e+01         3.280812107288033e-01         
4.695000000000000e+01         3.278422250445678e-01         
4.695625000000000e+01         3.276141287772509e-01         
4.696250000000001e+01         3.273969082309955e-01         
4.696875000000000e+01         3.271905506478716e-01         
4.697500000000000e+01         3.269950442201526e-01         
4.698125000000000e+01         3.268103781022316e-01         
4.698750000000000e+01         3.266365424221940e-01         
4.699375000000001e+01         3.264735282930699e-01         
4.700000000000000e+01         3.263213278237839e-01         
4.700625000000000e+01         3.261799341298159e-01         
4.701250000000000e+01         3.260493413435950e-01         
4.701875000000000e+01         3.259295446246417e-01         
4.702500000000001e+01         3.258205401694717e-01         
4.703125000000000e+01         3.257223252212773e-01         
4.703750000000000e+01         3.256348980794019e-01         
4.704375000000000e+01         3.255582581086214e-01         
4.705000000000000e+01         3.254924057482411e-01         
4.705625000000001e+01         3.254373425210283e-01         
4.706250000000000e+01         3.253930710419839e-01         
4.706875000000000e+01         3.253595950269714e-01         
4.707500000000000e+01         3.253369193012082e-01         
4.708125000000000e+01         3.253250498076328e-01         
4.708750000000001e+01         3.253239936151584e-01         
4.709375000000000e+01         3.253337589268160e-01         
4.710000000000000e+01         3.253543550878027e-01         
4.710625000000000e+01         3.253857925934396e-01         
4.711250000000000e+01         3.254280830970437e-01         
4.711875000000001e+01         3.254812394177276e-01         
4.712500000000000e+01         3.255452755481278e-01         
4.713125000000000e+01         3.256202066620701e-01         
4.713750000000000e+01         3.257060491221760e-01         
4.714375000000000e+01         3.258028204874158e-01         
4.715000000000001e+01         3.259105395206130e-01         
4.715625000000000e+01         3.260292261959040e-01         
4.716250000000000e+01         3.261589017061541e-01         
4.716875000000000e+01         3.262995884703377e-01         
4.717500000000000e+01         3.264513101408786e-01         
4.718125000000001e+01         3.266140916109581e-01         
4.718750000000000e+01         3.267879590217887e-01         
4.719375000000000e+01         3.269729397698573e-01         
4.720000000000000e+01         3.271690625141316e-01         
4.720625000000000e+01         3.273763571832413e-01         
4.721250000000001e+01         3.275948549826203e-01         
4.721875000000000e+01         3.278245884016169e-01         
4.722500000000000e+01         3.280655912205699e-01         
4.723125000000000e+01         3.283178985178437e-01         
4.723750000000000e+01         3.285815466768212e-01         
4.724375000000001e+01         3.288565733928557e-01         
4.725000000000000e+01         3.291430176801711e-01         
4.725625000000000e+01         3.294409198787085e-01         
4.726250000000000e+01         3.297503216609124e-01         
4.726875000000000e+01         3.300712660384543e-01         
4.727500000000001e+01         3.304037973688825e-01         
4.728125000000000e+01         3.307479613621918e-01         
4.728750000000000e+01         3.311038050873057e-01         
4.729375000000000e+01         3.314713769784631e-01         
4.730000000000000e+01         3.318507268414966e-01         
4.730625000000001e+01         3.322419058599935e-01         
4.731250000000000e+01         3.326449666013302e-01         
4.731875000000000e+01         3.330599630225664e-01         
4.732500000000000e+01         3.334869504761788e-01         
4.733125000000000e+01         3.339259857156362e-01         
4.733750000000001e+01         3.343771269007853e-01         
4.734375000000000e+01         3.348404336030376e-01         
4.735000000000000e+01         3.353159668103414e-01         
4.735625000000000e+01         3.358037889319202e-01         
4.736250000000000e+01         3.363039638027523e-01         
4.736875000000001e+01         3.368165566877800e-01         
4.737500000000000e+01         3.373416342858201e-01         
4.738125000000000e+01         3.378792647331576e-01         
4.738750000000000e+01         3.384295176067877e-01         
4.739375000000000e+01         3.389924639272937e-01         
4.740000000000001e+01         3.395681761613288e-01         
4.740625000000000e+01         3.401567282236629e-01         
4.741250000000000e+01         3.407581954787784e-01         
4.741875000000000e+01         3.413726547419772e-01         
4.742500000000000e+01         3.420001842799575e-01         
4.743125000000001e+01         3.426408638108354e-01         
4.743750000000000e+01         3.432947745035702e-01         
4.744375000000000e+01         3.439619989767519e-01         
4.745000000000000e+01         3.446426212967046e-01         
4.745625000000000e+01         3.453367269748716e-01         
4.746250000000001e+01         3.460444029644309e-01         
4.746875000000000e+01         3.467657376560931e-01         
4.747500000000000e+01         3.475008208730251e-01         
4.748125000000000e+01         3.482497438648522e-01         
4.748750000000000e+01         3.490125993006887e-01         
4.749375000000001e+01         3.497894812611155e-01         
4.750000000000000e+01         3.505804852290647e-01         
4.750625000000000e+01         3.513857080795429e-01         
4.751250000000000e+01         3.522052480681050e-01         
4.751875000000000e+01         3.530392048180307e-01         
4.752500000000001e+01         3.538876793061195e-01         
4.753125000000000e+01         3.547507738470214e-01         
4.753750000000000e+01         3.556285920760224e-01         
4.754375000000000e+01         3.565212389301982e-01         
4.755000000000000e+01         3.574288206278574e-01         
4.755625000000001e+01         3.583514446461523e-01         
4.756250000000000e+01         3.592892196967808e-01         
4.756875000000000e+01         3.602422556996789e-01         
4.757500000000000e+01         3.612106637545613e-01         
4.758125000000000e+01         3.621945561102409e-01         
4.758750000000001e+01         3.631940461315706e-01         
4.759375000000000e+01         3.642092482639145e-01         
4.760000000000000e+01         3.652402779949866e-01         
4.760625000000000e+01         3.662872518139419e-01         
4.761250000000000e+01         3.673502871675872e-01         
4.761875000000001e+01         3.684295024135243e-01         
4.762500000000000e+01         3.695250167701173e-01         
4.763125000000000e+01         3.706369502630897e-01         
4.763750000000000e+01         3.717654236686050e-01         
4.764375000000000e+01         3.729105584526304e-01         
4.765000000000001e+01         3.740724767064262e-01         
4.765625000000000e+01         3.752513010779624e-01         
4.766250000000000e+01         3.764471546990496e-01         
4.766875000000000e+01         3.776601611079969e-01         
4.767500000000000e+01         3.788904441675697e-01         
4.768125000000001e+01         3.801381279780393e-01         
4.768750000000000e+01         3.814033367850617e-01         
4.769375000000000e+01         3.826861948821769e-01         
4.770000000000000e+01         3.839868265076638e-01         
4.770625000000000e+01         3.853053557354790e-01         
4.771250000000001e+01         3.866419063600282e-01         
4.771875000000000e+01         3.879966017744806e-01         
4.772500000000000e+01         3.893695648423424e-01         
4.773125000000000e+01         3.907609177619636e-01         
4.773750000000000e+01         3.921707819237027e-01         
4.774375000000001e+01         3.935992777594142e-01         
4.775000000000000e+01         3.950465245838986e-01         
4.775625000000000e+01         3.965126404280162e-01         
4.776250000000000e+01         3.979977418630774e-01         
4.776875000000000e+01         3.995019438161516e-01         
4.777500000000001e+01         4.010253593759267e-01         
4.778125000000000e+01         4.025680995887119e-01         
4.778750000000000e+01         4.041302732442209e-01         
4.779375000000000e+01         4.057119866506673e-01         
4.780000000000000e+01         4.073133433988128e-01         
4.780625000000001e+01         4.089344441145127e-01         
4.781250000000000e+01         4.105753861992958e-01         
4.781875000000000e+01         4.122362635585773e-01         
4.782500000000000e+01         4.139171663169957e-01         
4.783125000000000e+01         4.156181805204588e-01         
4.783750000000001e+01         4.173393878243684e-01         
4.784375000000000e+01         4.190808651675850e-01         
4.785000000000000e+01         4.208426844316460e-01         
4.785625000000000e+01         4.226249120846970e-01         
4.786250000000000e+01         4.244276088097099e-01         
4.786875000000001e+01         4.262508291164332e-01         
4.787500000000000e+01         4.280946209366261e-01         
4.788125000000000e+01         4.299590252020308e-01         
4.788750000000000e+01         4.318440754046247e-01         
4.789375000000000e+01         4.337497971386766e-01         
4.790000000000001e+01         4.356762076240770e-01         
4.790625000000000e+01         4.376233152105268e-01         
4.791250000000000e+01         4.395911188621237e-01         
4.791875000000000e+01         4.415796076218604e-01         
4.792500000000000e+01         4.435887600556918e-01         
4.793125000000001e+01         4.456185436757200e-01         
4.793750000000000e+01         4.476689143421814e-01         
4.794375000000000e+01         4.497398156438570e-01         
4.795000000000000e+01         4.518311782566542e-01         
4.795625000000000e+01         4.539429192801086e-01         
4.796250000000001e+01         4.560749415515800e-01         
4.796875000000000e+01         4.582271329380348e-01         
4.797500000000000e+01         4.603993656053258e-01         
4.798125000000000e+01         4.625914952649280e-01         
4.798750000000000e+01         4.648033603982510e-01         
4.799375000000001e+01         4.670347814586329e-01         
4.800000000000000e+01         4.692855600513031e-01         
4.800625000000000e+01         4.715554780916119e-01         
4.801250000000000e+01         4.738442969420310e-01         
4.801875000000000e+01         4.761517565284991e-01         
4.802500000000001e+01         4.784775744368007e-01         
4.803125000000000e+01         4.808214449898758e-01         
4.803750000000000e+01         4.831830383070497e-01         
4.804375000000000e+01         4.855619993463713e-01         
4.805000000000000e+01         4.879579469314139e-01         
4.805625000000001e+01         4.903704727641021e-01         
4.806250000000000e+01         4.927991404253175e-01         
4.806875000000000e+01         4.952434843652390e-01         
4.807500000000000e+01         4.977030088856417e-01         
4.808125000000000e+01         5.001771871165870e-01         
4.808750000000001e+01         5.026654599902320e-01         
4.809375000000000e+01         5.051672352146679e-01         
4.810000000000000e+01         5.076818862511226e-01         
4.810625000000000e+01         5.102087512980060e-01         
4.811250000000000e+01         5.127471322856744e-01         
4.811875000000001e+01         5.152962938860872e-01         
4.812500000000000e+01         5.178554625418142e-01         
4.813125000000000e+01         5.204238255192660e-01         
4.813750000000000e+01         5.230005299912156e-01         
4.814375000000000e+01         5.255846821542083e-01         
4.815000000000001e+01         5.281753463866469e-01         
4.815625000000000e+01         5.307715444537336e-01         
4.816250000000000e+01         5.333722547658346e-01         
4.816875000000000e+01         5.359764116970964e-01         
4.817500000000000e+01         5.385829049715074e-01         
4.818125000000001e+01         5.411905791239189e-01         
4.818750000000000e+01         5.437982330437916e-01         
4.819375000000000e+01         5.464046196097795e-01         
4.820000000000000e+01         5.490084454233694e-01         
4.820625000000000e+01         5.516083706502044e-01         
4.821250000000001e+01         5.542030089777210e-01         
4.821875000000000e+01         5.567909276979223e-01         
4.822500000000000e+01         5.593706479242466e-01         
4.823125000000000e+01         5.619406449513988e-01         
4.823750000000000e+01         5.644993487671108e-01         
4.824375000000001e+01         5.670451447245587e-01         
4.825000000000000e+01         5.695763743841019e-01         
4.825625000000000e+01         5.720913365326875e-01         
4.826250000000000e+01         5.745882883888846e-01         
4.826875000000000e+01         5.770654470011862e-01         
4.827500000000001e+01         5.795209908465472e-01         
4.828125000000000e+01         5.819530616355986e-01         
4.828750000000000e+01         5.843597663301198e-01         
4.829375000000000e+01         5.867391793776136e-01         
4.830000000000000e+01         5.890893451667852e-01         
4.830625000000001e+01         5.914082807066338e-01         
4.831250000000000e+01         5.936939785307517e-01         
4.831875000000000e+01         5.959444098270689e-01         
4.832500000000000e+01         5.981575277918298e-01         
4.833125000000000e+01         6.003312712052301e-01         
4.833750000000001e+01         6.024635682243659e-01         
4.834375000000000e+01         6.045523403875930e-01         
4.835000000000000e+01         6.065955068225598e-01         
4.835625000000000e+01         6.085909886483939e-01         
4.836250000000000e+01         6.105367135606821e-01         
4.836875000000001e+01         6.124306205859044e-01         
4.837500000000000e+01         6.142706649902137e-01         
4.838125000000000e+01         6.160548233254617e-01         
4.838750000000000e+01         6.177810985935132e-01         
4.839375000000000e+01         6.194475255082215e-01         
4.840000000000001e+01         6.210521758325543e-01         
4.840625000000000e+01         6.225931637668690e-01         
4.841250000000000e+01         6.240686513627829e-01         
4.841875000000000e+01         6.254768539358236e-01         
4.842500000000000e+01         6.268160454488579e-01         
4.843125000000001e+01         6.280845638373360e-01         
4.843750000000000e+01         6.292808162467590e-01         
4.844375000000000e+01         6.304032841521965e-01         
4.845000000000000e+01         6.314505283295577e-01         
4.845625000000000e+01         6.324211936483164e-01         
4.846250000000001e+01         6.333140136558013e-01         
4.846875000000000e+01         6.341278149237651e-01         
4.847500000000000e+01         6.348615211288794e-01         
4.848125000000000e+01         6.355141568400928e-01         
4.848750000000000e+01         6.360848509872375e-01         
4.849375000000001e+01         6.365728399871361e-01         
4.850000000000000e+01         6.369774705054805e-01         
4.850625000000000e+01         6.372982018351081e-01         
4.851250000000000e+01         6.375346078738044e-01         
4.851875000000000e+01         6.376863786875023e-01         
4.852500000000001e+01         6.377533216476647e-01         
4.853125000000000e+01         6.377353621346337e-01         
4.853750000000000e+01         6.376325438018858e-01         
4.854375000000000e+01         6.374450283993097e-01         
4.855000000000000e+01         6.371730951568313e-01         
4.855625000000001e+01         6.368171397329162e-01         
4.856250000000000e+01         6.363776727356034e-01         
4.856875000000000e+01         6.358553178267864e-01         
4.857500000000000e+01         6.352508094233885e-01         
4.858125000000000e+01         6.345649900117948e-01         
4.858750000000001e+01         6.337988070945295e-01         
4.859375000000000e+01         6.329533097904801e-01         
4.860000000000000e+01         6.320296451120813e-01         
4.860625000000000e+01         6.310290539447460e-01         
4.861250000000000e+01         6.299528667553517e-01         
4.861875000000001e+01         6.288024990579170e-01         
4.862500000000000e+01         6.275794466655696e-01         
4.863125000000000e+01         6.262852807585978e-01         
4.863750000000000e+01         6.249216427987847e-01         
4.864375000000000e+01         6.234902393203260e-01         
4.865000000000001e+01         6.219928366274771e-01         
4.865625000000000e+01         6.204312554286350e-01         
4.866250000000000e+01         6.188073654358760e-01         
4.866875000000000e+01         6.171230799581258e-01         
4.867500000000000e+01         6.153803505149136e-01         
4.868125000000001e+01         6.135811614964964e-01         
4.868750000000000e+01         6.117275248945948e-01         
4.869375000000000e+01         6.098214751264320e-01         
4.870000000000000e+01         6.078650639730908e-01         
4.870625000000000e+01         6.058603556513465e-01         
4.871250000000001e+01         6.038094220363940e-01         
4.871875000000000e+01         6.017143380509206e-01         
4.872500000000000e+01         5.995771772341106e-01         
4.873125000000000e+01         5.974000075023427e-01         
4.873750000000000e+01         5.951848871113256e-01         
4.874375000000001e+01         5.929338608277687e-01         
4.875000000000000e+01         5.906489563167913e-01         
4.875625000000000e+01         5.883321807496513e-01         
4.876250000000000e+01         5.859855176347346e-01         
4.876875000000000e+01         5.836109238732113e-01         
4.877500000000001e+01         5.812103270393986e-01         
4.878125000000000e+01         5.787856228844945e-01         
4.878750000000000e+01         5.763386730611524e-01         
4.879375000000000e+01         5.738713030653332e-01         
4.880000000000000e+01         5.713853003907740e-01         
4.880625000000001e+01         5.688824128906400e-01         
4.881250000000000e+01         5.663643473401112e-01         
4.881875000000000e+01         5.638327681930180e-01         
4.882500000000000e+01         5.612892965250807e-01         
4.883125000000000e+01         5.587355091558249e-01         
4.883750000000001e+01         5.561729379409591e-01         
4.884375000000000e+01         5.536030692266208e-01         
4.885000000000000e+01         5.510273434567889e-01         
4.885625000000000e+01         5.484471549250195e-01         
4.886250000000000e+01         5.458638516615922e-01         
4.886875000000001e+01         5.432787354471774e-01         
4.887500000000000e+01         5.406930619442424e-01         
4.888125000000000e+01         5.381080409374599e-01         
4.888750000000000e+01         5.355248366746775e-01         
4.889375000000000e+01         5.329445683000261e-01         
4.890000000000001e+01         5.303683103711553e-01         
4.890625000000000e+01         5.277970934527862e-01         
4.891250000000000e+01         5.252319047789979e-01         
4.891875000000000e+01         5.226736889770855e-01         
4.892500000000000e+01         5.201233488460764e-01         
4.893125000000001e+01         5.175817461833090e-01         
4.893750000000000e+01         5.150497026528921e-01         
4.894375000000000e+01         5.125280006901034e-01         
4.895000000000000e+01         5.100173844362657e-01         
4.895625000000000e+01         5.075185606987952e-01         
4.896250000000001e+01         5.050321999316260e-01         
4.896875000000000e+01         5.025589372314770e-01         
4.897500000000000e+01         5.000993733456912e-01         
4.898125000000000e+01         4.976540756878206e-01         
4.898750000000000e+01         4.952235793573267e-01         
4.899375000000001e+01         4.928083881600996e-01         
4.900000000000000e+01         4.904089756267919e-01         
4.900625000000000e+01         4.880257860262004e-01         
4.901250000000000e+01         4.856592353712664e-01         
4.901875000000000e+01         4.833097124153595e-01         
4.902500000000001e+01         4.809775796369000e-01         
4.903125000000000e+01         4.786631742105257e-01         
4.903750000000000e+01         4.763668089631632e-01         
4.904375000000000e+01         4.740887733136755e-01         
4.905000000000000e+01         4.718293341948111e-01         
4.905625000000001e+01         4.695887369564677e-01         
4.906250000000000e+01         4.673672062493260e-01         
4.906875000000000e+01         4.651649468881328e-01         
4.907500000000000e+01         4.629821446940583e-01         
4.908125000000000e+01         4.608189673155755e-01         
4.908750000000001e+01         4.586755650275348e-01         
4.909375000000000e+01         4.565520715081518e-01         
4.910000000000000e+01         4.544486045937466e-01         
4.910625000000000e+01         4.523652670111324e-01         
4.911250000000000e+01         4.503021470876423e-01         
4.911875000000001e+01         4.482593194388921e-01         
4.912500000000000e+01         4.462368456343535e-01         
4.913125000000000e+01         4.442347748409493e-01         
4.913750000000000e+01         4.422531444449265e-01         
4.914375000000000e+01         4.402919806522338e-01         
4.915000000000001e+01         4.383512990677546e-01         
4.915625000000000e+01         4.364311052537394e-01         
4.916250000000000e+01         4.345313952678291e-01         
4.916875000000000e+01         4.326521561810630e-01         
4.917500000000000e+01         4.307933665762845e-01         
4.918125000000001e+01         4.289549970274446e-01         
4.918750000000000e+01         4.271370105602050e-01         
4.919375000000000e+01         4.253393630943309e-01         
4.920000000000000e+01         4.235620038683878e-01         
4.920625000000000e+01         4.218048758471791e-01         
4.921250000000001e+01         4.200679161124437e-01         
4.921875000000000e+01         4.183510562373000e-01         
4.922500000000000e+01         4.166542226449359e-01         
4.923125000000000e+01         4.149773369520346e-01         
4.923750000000000e+01         4.133203162973977e-01         
4.924375000000001e+01         4.116830736563052e-01         
4.925000000000000e+01         4.100655181410411e-01         
4.925625000000000e+01         4.084675552880726e-01         
4.926250000000000e+01         4.068890873323615e-01         
4.926875000000000e+01         4.053300134692543e-01         
4.927500000000001e+01         4.037902301043943e-01         
4.928125000000000e+01         4.022696310921023e-01         
4.928750000000000e+01         4.007681079626472e-01         
4.929375000000000e+01         3.992855501388587e-01         
4.930000000000000e+01         3.978218451424330e-01         
4.930625000000001e+01         3.963768787903784e-01         
4.931250000000000e+01         3.949505353819836e-01         
4.931875000000000e+01         3.935426978766552e-01         
4.932500000000000e+01         3.921532480630233e-01         
4.933125000000000e+01         3.907820667196621e-01         
4.933750000000001e+01         3.894290337677611e-01         
4.934375000000000e+01         3.880940284160854e-01         
4.935000000000000e+01         3.867769292985473e-01         
4.935625000000000e+01         3.854776146047180e-01         
4.936250000000000e+01         3.841959622035517e-01         
4.936875000000001e+01         3.829318497606280e-01         
4.937500000000000e+01         3.816851548492090e-01         
4.938125000000000e+01         3.804557550553561e-01         
4.938750000000000e+01         3.792435280773812e-01         
4.939375000000000e+01         3.780483518198916e-01         
4.940000000000001e+01         3.768701044826597e-01         
4.940625000000000e+01         3.757086646445500e-01         
4.941250000000000e+01         3.745639113427373e-01         
4.941875000000000e+01         3.734357241474361e-01         
4.942500000000000e+01         3.723239832323338e-01         
4.943125000000001e+01         3.712285694409304e-01         
4.943750000000000e+01         3.701493643489963e-01         
4.944375000000000e+01         3.690862503233051e-01         
4.945000000000000e+01         3.680391105768416e-01         
4.945625000000000e+01         3.670078292206310e-01         
4.946250000000001e+01         3.659922913123799e-01         
4.946875000000000e+01         3.649923829020659e-01         
4.947500000000000e+01         3.640079910746175e-01         
4.948125000000000e+01         3.630390039898643e-01         
4.948750000000000e+01         3.620853109198550e-01         
4.949375000000001e+01         3.611468022836922e-01         
4.950000000000000e+01         3.602233696800115e-01         
4.950625000000000e+01         3.593149059172248e-01         
4.951250000000000e+01         3.584213050416438e-01         
4.951875000000000e+01         3.575424623635780e-01         
4.952500000000001e+01         3.566782744815447e-01         
4.953125000000000e+01         3.558286393046663e-01         
4.953750000000000e+01         3.549934560733512e-01         
4.954375000000000e+01         3.541726253783782e-01         
4.955000000000000e+01         3.533660491784358e-01         
4.955625000000001e+01         3.525736308162318e-01         
4.956250000000000e+01         3.517952750332286e-01         
4.956875000000000e+01         3.510308879831057e-01         
4.957500000000000e+01         3.502803772440071e-01         
4.958125000000000e+01         3.495436518296405e-01         
4.958750000000001e+01         3.488206221993152e-01         
4.959375000000000e+01         3.481112002669656e-01         
4.960000000000000e+01         3.474152994092191e-01         
4.960625000000000e+01         3.467328344725890e-01         
4.961250000000000e+01         3.460637217798211e-01         
4.961875000000001e+01         3.454078791354699e-01         
4.962500000000000e+01         3.447652258307326e-01         
4.963125000000000e+01         3.441356826476160e-01         
4.963750000000000e+01         3.435191718624591e-01         
4.964375000000000e+01         3.429156172488707e-01         
4.965000000000001e+01         3.423249440801096e-01         
4.965625000000000e+01         3.417470791309682e-01         
4.966250000000000e+01         3.411819506791794e-01         
4.966875000000000e+01         3.406294885063861e-01         
4.967500000000000e+01         3.400896238987205e-01         
4.968125000000001e+01         3.395622896470127e-01         
4.968750000000000e+01         3.390474200466654e-01         
4.969375000000000e+01         3.385449508972231e-01         
4.970000000000000e+01         3.380548195016717e-01         
4.970625000000000e+01         3.375769646654879e-01         
4.971250000000001e+01         3.371113266954610e-01         
4.971875000000000e+01         3.366578473983285e-01         
4.972500000000000e+01         3.362164700792312e-01         
4.973125000000000e+01         3.357871395400198e-01         
4.973750000000000e+01         3.353698020774347e-01         
4.974375000000001e+01         3.349644054811752e-01         
4.975000000000000e+01         3.345708990318825e-01         
4.975625000000000e+01         3.341892334990468e-01         
4.976250000000000e+01         3.338193611388728e-01         
4.976875000000000e+01         3.334612356921011e-01         
4.977500000000001e+01         3.331148123818120e-01         
4.978125000000000e+01         3.327800479112297e-01         
4.978750000000000e+01         3.324569004615343e-01         
4.979375000000000e+01         3.321453296896995e-01         
4.980000000000000e+01         3.318452967263694e-01         
4.980625000000001e+01         3.315567641737874e-01         
4.981250000000000e+01         3.312796961037865e-01         
4.981875000000000e+01         3.310140580558540e-01         
4.982500000000000e+01         3.307598170352882e-01         
4.983125000000000e+01         3.305169415114447e-01         
4.983750000000001e+01         3.302854014160931e-01         
4.984375000000000e+01         3.300651681418905e-01         
4.985000000000000e+01         3.298562145409791e-01         
4.985625000000000e+01         3.296585149237196e-01         
4.986250000000000e+01         3.294720450575656e-01         
4.986875000000001e+01         3.292967821660925e-01         
4.987500000000000e+01         3.291327049281813e-01         
4.988125000000000e+01         3.289797934773691e-01         
4.988750000000000e+01         3.288380294013750e-01         
4.989375000000000e+01         3.287073957418039e-01         
4.990000000000001e+01         3.285878769940352e-01         
4.990625000000000e+01         3.284794591073065e-01         
4.991250000000000e+01         3.283821294849940e-01         
4.991875000000000e+01         3.282958769850970e-01         
4.992500000000000e+01         3.282206919209318e-01         
4.993125000000001e+01         3.281565660620401e-01         
4.993750000000000e+01         3.281034926353175e-01         
4.994375000000000e+01         3.280614663263651e-01         
4.995000000000000e+01         3.280304832810711e-01         
4.995625000000000e+01         3.280105411074260e-01         
4.996250000000001e+01         3.280016388775736e-01         
4.996875000000000e+01         3.280037771301054e-01         
4.997500000000000e+01         3.280169578726002e-01         
4.998125000000000e+01         3.280411845844117e-01         
4.998750000000000e+01         3.280764622197112e-01         
4.999375000000001e+01         3.281227972107851e-01         
5.000000000000000e+01         3.281801974715917e-01         
