time                          relative_error                
0.000000000000000e+00         0.000000000000000e+00         
3.125000000000000e-03         7.008388297900364e-14         
6.250000000000000e-03         1.401627716169839e-13         
9.375000000000001e-03         2.102349005941976e-13         
1.250000000000000e-02         2.802903368895555e-13         
1.562500000000000e-02         3.503285706758505e-13         
1.875000000000000e-02         4.203528086160510e-13         
2.187500000000000e-02         4.903436966648384e-13         
2.500000000000000e-02         5.603000669103471e-13         
2.812500000000000e-02         6.302163980518100e-13         
3.125000000000000e-02         7.001094868530150e-13         
3.437500000000000e-02         7.699520268299042e-13         
3.750000000000001e-02         8.397439429678080e-13         
4.062500000000000e-02         9.094532418227108e-13         
4.375000000000000e-02         9.791413546568420e-13         
4.687500000000000e-02         1.048753137383191e-12         
5.000000000000000e-02         1.118304328182259e-12         
5.312500000000001e-02         1.187812178545593e-12         
5.625000000000000e-02         1.257208860324159e-12         
5.937500000000000e-02         1.326528521897669e-12         
6.250000000000000e-02         1.395778186168228e-12         
6.562500000000000e-02         1.464944179990051e-12         
6.875000000000001e-02         1.534029331497697e-12         
7.187500000000001e-02         1.602999450168864e-12         
7.500000000000001e-02         1.671890562575912e-12         
7.812500000000000e-02         1.740638096066131e-12         
8.125000000000000e-02         1.809315474101629e-12         
8.437500000000001e-02         1.877888822473957e-12         
8.750000000000001e-02         1.946358110497741e-12         
9.062500000000001e-02         2.014655690297379e-12         
9.375000000000000e-02         2.082839593300094e-12         
9.687500000000000e-02         2.150908793274342e-12         
1.000000000000000e-01         2.218914052732446e-12         
1.031250000000000e-01         2.286706400320561e-12         
1.062500000000000e-01         2.354344310195719e-12         
1.093750000000000e-01         2.421941768970688e-12         
1.125000000000000e-01         2.489327812467638e-12         
1.156250000000000e-01         2.556614742212574e-12         
1.187500000000000e-01         2.623670838038096e-12         
1.218750000000000e-01         2.690678814921441e-12         
1.250000000000000e-01         2.757401666894813e-12         
1.281250000000000e-01         2.824029192137283e-12         
1.312500000000000e-01         2.890579354224505e-12         
1.343750000000000e-01         2.956823333298470e-12         
1.375000000000000e-01         3.023000515967473e-12         
1.406250000000000e-01         3.088917136544076e-12         
1.437500000000000e-01         3.154700712106005e-12         
1.468750000000000e-01         3.220299322066576e-12         
1.500000000000000e-01         3.285721510959757e-12         
1.531250000000000e-01         3.350921205518859e-12         
1.562500000000000e-01         3.416080974109305e-12         
1.593750000000000e-01         3.480939546995441e-12         
1.625000000000000e-01         3.545500633386014e-12         
1.656250000000000e-01         3.610062685808137e-12         
1.687500000000000e-01         3.674302528085300e-12         
1.718750000000000e-01         3.738446584252267e-12         
1.750000000000000e-01         3.802307943480901e-12         
1.781250000000000e-01         3.866054000861782e-12         
1.812500000000000e-01         3.929455528792349e-12         
1.843750000000000e-01         3.992789101557598e-12         
1.875000000000000e-01         4.055785190796089e-12         
1.906250000000000e-01         4.118711352837374e-12         
1.937500000000000e-01         4.181235646467892e-12         
1.968750000000000e-01         4.243784328616341e-12         
2.000000000000000e-01         4.305839382309202e-12         
2.031250000000000e-01         4.367780093638720e-12         
2.062500000000000e-01         4.429562394475663e-12         
2.093750000000000e-01         4.491060620230577e-12         
2.125000000000000e-01         4.552477159550577e-12         
2.156250000000000e-01         4.613431758573301e-12         
2.187500000000000e-01         4.674293870913461e-12         
2.218750000000000e-01         4.734965663411367e-12         
2.250000000000000e-01         4.795341456685740e-12         
2.281250000000000e-01         4.855657500156119e-12         
2.312500000000000e-01         4.915472768304066e-12         
2.343750000000000e-01         4.975187691501146e-12         
2.375000000000000e-01         5.034736273036690e-12         
2.406250000000000e-01         5.093945028435666e-12         
2.437500000000000e-01         5.152931647270611e-12         
2.468750000000000e-01         5.211670062340448e-12         
2.500000000000000e-01         5.270295511830108e-12         
2.531250000000000e-01         5.328604916693036e-12         
2.562500000000000e-01         5.386730370831518e-12         
2.593750000000000e-01         5.444532849424804e-12         
2.625000000000000e-01         5.502136901099452e-12         
2.656250000000000e-01         5.559419969334525e-12         
2.687500000000000e-01         5.616682723585150e-12         
2.718750000000000e-01         5.673531657687542e-12         
2.750000000000000e-01         5.730194613448697e-12         
2.781250000000000e-01         5.786572945111239e-12         
2.812500000000000e-01         5.842790335890865e-12         
2.843750000000000e-01         5.898601409978978e-12         
2.875000000000000e-01         5.954153061445870e-12         
2.906250000000000e-01         6.009504714500267e-12         
2.937500000000000e-01         6.064809122898606e-12         
2.968750000000000e-01         6.119695032270183e-12         
3.000000000000000e-01         6.174437450441952e-12         
3.031250000000000e-01         6.228879905117006e-12         
3.062500000000000e-01         6.282854419757711e-12         
3.093750000000000e-01         6.336895590912554e-12         
3.125000000000000e-01         6.390615228223896e-12         
3.156250000000000e-01         6.444096735536656e-12         
3.187500000000000e-01         6.497404357632526e-12         
3.218750000000000e-01         6.550375635353919e-12         
3.250000000000000e-01         6.602984766459124e-12         
3.281250000000000e-01         6.655661449147010e-12         
3.312500000000000e-01         6.707934187613600e-12         
3.343750000000000e-01         6.759852319931378e-12         
3.375000000000000e-01         6.811738524170746e-12         
3.406250000000000e-01         6.863287711798326e-12         
3.437500000000000e-01         6.914650339894805e-12         
3.468750000000000e-01         6.965616597290912e-12         
3.500000000000000e-01         7.016576082637980e-12         
3.531250000000000e-01         7.067202410048762e-12         
3.562500000000000e-01         7.117479436903040e-12         
3.593750000000000e-01         7.167765163445812e-12         
3.625000000000000e-01         7.217542549880719e-12         
3.656250000000000e-01         7.267296201617684e-12         
3.687500000000000e-01         7.316737422384613e-12         
3.718750000000000e-01         7.365929462897436e-12         
3.750000000000000e-01         7.414938549278727e-12         
3.781250000000000e-01         7.463823327039261e-12         
3.812500000000000e-01         7.512293554846053e-12         
3.843750000000000e-01         7.560625628838248e-12         
3.875000000000000e-01         7.608662470946129e-12         
3.906250000000000e-01         7.656313323437816e-12         
3.937500000000000e-01         7.704048893286821e-12         
3.968750000000000e-01         7.751487239445261e-12         
4.000000000000000e-01         7.798760578657076e-12         
4.031250000000000e-01         7.845719632469928e-12         
4.062500000000000e-01         7.892414923257097e-12         
4.093750000000000e-01         7.939043279532513e-12         
4.125000000000000e-01         7.985463324267713e-12         
4.156250000000000e-01         8.031422445594198e-12         
4.187500000000000e-01         8.077283189246487e-12         
4.218750000000000e-01         8.123208081840392e-12         
4.250000000000000e-01         8.168524967917890e-12         
4.281250000000000e-01         8.213954938904474e-12         
4.312500000000000e-01         8.258975299934909e-12         
4.343750000000000e-01         8.303595159141073e-12         
4.375000000000000e-01         8.348245121908483e-12         
4.406250000000000e-01         8.392872494239883e-12         
4.437500000000000e-01         8.436983478904968e-12         
4.468750000000000e-01         8.481007109114384e-12         
4.500000000000000e-01         8.524982417867200e-12         
4.531250000000000e-01         8.568619326257282e-12         
4.562500000000000e-01         8.612057291866878e-12         
4.593750000000000e-01         8.655322367954548e-12         
4.625000000000000e-01         8.698437052827026e-12         
4.656250000000000e-01         8.741070626252004e-12         
4.687500000000000e-01         8.783877148248262e-12         
4.718750000000000e-01         8.826357970952812e-12         
4.750000000000000e-01         8.868690704002744e-12         
4.781250000000000e-01         8.910836625480447e-12         
4.812500000000000e-01         8.952691718307129e-12         
4.843750000000000e-01         8.994473173083037e-12         
4.875000000000000e-01         9.036099710334086e-12         
4.906250000000000e-01         9.077534174963961e-12         
4.937500000000000e-01         9.118603859702751e-12         
4.968750000000000e-01         9.159783020459863e-12         
5.000000000000000e-01         9.200454738219204e-12         
5.031250000000000e-01         9.241277464127777e-12         
5.062500000000000e-01         9.281781333713604e-12         
5.093750000000000e-01         9.322456742108420e-12         
5.125000000000001e-01         9.362384431097234e-12         
5.156250000000000e-01         9.402557923725795e-12         
5.187500000000000e-01         9.442421342376386e-12         
5.218750000000000e-01         9.482059867646849e-12         
5.250000000000000e-01         9.521466286522990e-12         
5.281250000000001e-01         9.561026812735391e-12         
5.312500000000000e-01         9.600056085108925e-12         
5.343750000000000e-01         9.639145800230770e-12         
5.375000000000000e-01         9.678046768592378e-12         
5.406250000000000e-01         9.716977963806809e-12         
5.437500000000001e-01         9.755617731354393e-12         
5.468750000000000e-01         9.794085537549076e-12         
5.500000000000000e-01         9.832265354207015e-12         
5.531250000000000e-01         9.870230961030448e-12         
5.562500000000000e-01         9.908308943905696e-12         
5.593750000000001e-01         9.946193490701829e-12         
5.625000000000000e-01         9.983881586504762e-12         
5.656250000000000e-01         1.002152142560752e-11         
5.687500000000000e-01         1.005891755385639e-11         
5.718750000000000e-01         1.009617537237905e-11         
5.750000000000001e-01         1.013338788467156e-11         
5.781250000000000e-01         1.017029171889277e-11         
5.812500000000000e-01         1.020737451430773e-11         
5.843750000000000e-01         1.024405034182715e-11         
5.875000000000000e-01         1.028065071391321e-11         
5.906250000000001e-01         1.031748152333396e-11         
5.937500000000000e-01         1.035365059647209e-11         
5.968750000000000e-01         1.038994381075636e-11         
6.000000000000001e-01         1.042631436826614e-11         
6.031250000000000e-01         1.046205570334343e-11         
6.062500000000001e-01         1.049796144347093e-11         
6.093750000000000e-01         1.053376337064761e-11         
6.125000000000000e-01         1.056935962534698e-11         
6.156250000000001e-01         1.060487964916049e-11         
6.187500000000000e-01         1.064031681066512e-11         
6.218750000000001e-01         1.067577682102197e-11         
6.250000000000000e-01         1.071089586526515e-11         
6.281250000000000e-01         1.074596238733258e-11         
6.312500000000001e-01         1.078108797300321e-11         
6.343750000000000e-01         1.081589055466822e-11         
6.375000000000001e-01         1.085058775278027e-11         
6.406250000000000e-01         1.088518307932647e-11         
6.437500000000000e-01         1.091997431257145e-11         
6.468750000000001e-01         1.095438987916665e-11         
6.500000000000000e-01         1.098883103726525e-11         
6.531250000000001e-01         1.102292262593290e-11         
6.562500000000000e-01         1.105705846863191e-11         
6.593750000000000e-01         1.109124207613391e-11         
6.625000000000001e-01         1.112549051864536e-11         
6.656250000000000e-01         1.115933399803225e-11         
6.687500000000001e-01         1.119298002048541e-11         
6.718750000000000e-01         1.122690204549098e-11         
6.750000000000000e-01         1.126036243892025e-11         
6.781250000000001e-01         1.129411763805181e-11         
6.812500000000000e-01         1.132743179254043e-11         
6.843750000000001e-01         1.136087211511804e-11         
6.875000000000000e-01         1.139426259139058e-11         
6.906250000000000e-01         1.142742720406714e-11         
6.937500000000001e-01         1.146056124623801e-11         
6.968750000000000e-01         1.149367391603409e-11         
7.000000000000001e-01         1.152677512997711e-11         
7.031250000000000e-01         1.155968392381022e-11         
7.062500000000000e-01         1.159278650763048e-11         
7.093750000000001e-01         1.162553611970968e-11         
7.125000000000000e-01         1.165794274804111e-11         
7.156250000000001e-01         1.169074473565587e-11         
7.187500000000000e-01         1.172322905905134e-11         
7.218750000000000e-01         1.175576443590854e-11         
7.250000000000001e-01         1.178835948199173e-11         
7.281250000000000e-01         1.182065640461552e-11         
7.312500000000001e-01         1.185302641549266e-11         
7.343750000000000e-01         1.188530232118506e-11         
7.375000000000000e-01         1.191748860830052e-11         
7.406250000000001e-01         1.194960596491300e-11         
7.437500000000000e-01         1.198199868493917e-11         
7.468750000000001e-01         1.201415527092926e-11         
7.500000000000000e-01         1.204608738908620e-11         
7.531250000000000e-01         1.207814046374320e-11         
7.562500000000001e-01         1.210998835292583e-11         
7.593750000000000e-01         1.214179638993202e-11         
7.625000000000001e-01         1.217377218277276e-11         
7.656250000000000e-01         1.220555671079262e-11         
7.687500000000000e-01         1.223716036567483e-11         
7.718750000000001e-01         1.226894181660824e-11         
7.750000000000000e-01         1.230072520852155e-11         
7.781250000000001e-01         1.233235452567777e-11         
7.812500000000000e-01         1.236384925291053e-11         
7.843750000000000e-01         1.239554578077945e-11         
7.875000000000001e-01         1.242727836767670e-11         
7.906250000000000e-01         1.245853042547974e-11         
7.937500000000001e-01         1.249002996162644e-11         
7.968750000000000e-01         1.252158081100549e-11         
8.000000000000000e-01         1.255303245831896e-11         
8.031250000000001e-01         1.258457516504250e-11         
8.062500000000000e-01         1.261566434015491e-11         
8.093750000000001e-01         1.264685158122189e-11         
8.125000000000000e-01         1.267814530896083e-11         
8.156250000000000e-01         1.270936080785727e-11         
8.187500000000001e-01         1.274054638681531e-11         
8.218750000000000e-01         1.277181087644688e-11         
8.250000000000001e-01         1.280303584176021e-11         
8.281250000000000e-01         1.283421680804328e-11         
8.312500000000000e-01         1.286537638127571e-11         
8.343750000000001e-01         1.289655353028515e-11         
8.375000000000000e-01         1.292765517201704e-11         
8.406250000000001e-01         1.295876289949382e-11         
8.437500000000000e-01         1.298985532413962e-11         
8.468750000000000e-01         1.302079573604567e-11         
8.500000000000001e-01         1.305205837073264e-11         
8.531250000000000e-01         1.308285260362452e-11         
8.562500000000001e-01         1.311366760420348e-11         
8.593750000000000e-01         1.314481009493927e-11         
8.625000000000000e-01         1.317583013267425e-11         
8.656250000000001e-01         1.320691142672620e-11         
8.687500000000000e-01         1.323768212113170e-11         
8.718750000000001e-01         1.326867073464173e-11         
8.750000000000000e-01         1.329971177384827e-11         
8.781250000000000e-01         1.333065932054375e-11         
8.812500000000001e-01         1.336182937153585e-11         
8.843750000000000e-01         1.339269609430837e-11         
8.875000000000001e-01         1.342370540047658e-11         
8.906250000000000e-01         1.345473226055812e-11         
8.937500000000000e-01         1.348585998275446e-11         
8.968750000000001e-01         1.351665006150504e-11         
9.000000000000000e-01         1.354765021292988e-11         
9.031250000000001e-01         1.357887473038685e-11         
9.062500000000000e-01         1.360991858993070e-11         
9.093750000000000e-01         1.364108577125878e-11         
9.125000000000001e-01         1.367205174494391e-11         
9.156250000000000e-01         1.370309551010249e-11         
9.187500000000001e-01         1.373413270009335e-11         
9.218750000000000e-01         1.376527257416458e-11         
9.250000000000000e-01         1.379635755425698e-11         
9.281250000000001e-01         1.382750680344369e-11         
9.312500000000000e-01         1.385854098891626e-11         
9.343750000000001e-01         1.388978707889243e-11         
9.375000000000000e-01         1.392083887486986e-11         
9.406250000000000e-01         1.395204011525620e-11         
9.437500000000001e-01         1.398308803749272e-11         
9.468750000000000e-01         1.401442605648105e-11         
9.500000000000001e-01         1.404576324002550e-11         
9.531250000000000e-01         1.407697302692062e-11         
9.562500000000000e-01         1.410806657116070e-11         
9.593750000000001e-01         1.413963640643316e-11         
9.625000000000000e-01         1.417089986548550e-11         
9.656250000000001e-01         1.420231310819257e-11         
9.687500000000000e-01         1.423376332793255e-11         
9.718750000000000e-01         1.426524684724193e-11         
9.750000000000001e-01         1.429678447757951e-11         
9.781250000000000e-01         1.432820535292344e-11         
9.812500000000001e-01         1.435983888698861e-11         
9.843750000000000e-01         1.439129569831068e-11         
9.875000000000000e-01         1.442313103882434e-11         
9.906250000000001e-01         1.445460791671089e-11         
9.937500000000000e-01         1.448635976374169e-11         
9.968750000000001e-01         1.451802048836786e-11         
1.000000000000000e+00         1.454977598333846e-11         
1.003125000000000e+00         1.458158068930571e-11         
1.006250000000000e+00         1.461360325986271e-11         
1.009375000000000e+00         1.464550083280295e-11         
1.012500000000000e+00         1.467729641662354e-11         
1.015625000000000e+00         1.470928499069838e-11         
1.018750000000000e+00         1.474138149060362e-11         
1.021875000000000e+00         1.477344390857142e-11         
1.025000000000000e+00         1.480561121911106e-11         
1.028125000000000e+00         1.483759143593353e-11         
1.031250000000000e+00         1.486976522506334e-11         
1.034375000000000e+00         1.490204042314161e-11         
1.037500000000000e+00         1.493435182772718e-11         
1.040625000000000e+00         1.496659601315481e-11         
1.043750000000000e+00         1.499904548822220e-11         
1.046875000000000e+00         1.503133596936212e-11         
1.050000000000000e+00         1.506383166018370e-11         
1.053125000000000e+00         1.509661253849810e-11         
1.056250000000000e+00         1.512915700802582e-11         
1.059375000000000e+00         1.516161096327217e-11         
1.062500000000000e+00         1.519444704334259e-11         
1.065625000000000e+00         1.522740147847133e-11         
1.068750000000000e+00         1.526020217401116e-11         
1.071875000000000e+00         1.529325598230684e-11         
1.075000000000000e+00         1.532611176145332e-11         
1.078125000000000e+00         1.535909093290241e-11         
1.081250000000000e+00         1.539219561103119e-11         
1.084375000000000e+00         1.542551492574795e-11         
1.087500000000000e+00         1.545882687872509e-11         
1.090625000000000e+00         1.549195646485623e-11         
1.093750000000000e+00         1.552552298604201e-11         
1.096875000000000e+00         1.555908641155798e-11         
1.100000000000000e+00         1.559258322833278e-11         
1.103125000000000e+00         1.562633936142036e-11         
1.106250000000000e+00         1.565983770704643e-11         
1.109375000000000e+00         1.569348057326435e-11         
1.112500000000000e+00         1.572752461982270e-11         
1.115625000000000e+00         1.576137031029747e-11         
1.118750000000000e+00         1.579533364973379e-11         
1.121875000000000e+00         1.582934680103585e-11         
1.125000000000000e+00         1.586345885922719e-11         
1.128125000000000e+00         1.589768546463076e-11         
1.131250000000000e+00         1.593209372144408e-11         
1.134375000000000e+00         1.596642471519836e-11         
1.137500000000000e+00         1.600082145092479e-11         
1.140625000000000e+00         1.603550760774496e-11         
1.143750000000000e+00         1.607011574000406e-11         
1.146875000000000e+00         1.610480904759452e-11         
1.150000000000000e+00         1.613977367429346e-11         
1.153125000000000e+00         1.617438527397709e-11         
1.156250000000000e+00         1.620936742486451e-11         
1.159375000000000e+00         1.624452191759418e-11         
1.162500000000000e+00         1.627962445783564e-11         
1.165625000000000e+00         1.631487344830271e-11         
1.168750000000000e+00         1.635020461095013e-11         
1.171875000000000e+00         1.638556632864800e-11         
1.175000000000000e+00         1.642109491625576e-11         
1.178125000000000e+00         1.645682681684511e-11         
1.181250000000000e+00         1.649259114623816e-11         
1.184375000000000e+00         1.652821597317713e-11         
1.187500000000000e+00         1.656428108789118e-11         
1.190625000000000e+00         1.660023099050290e-11         
1.193750000000000e+00         1.663631823378295e-11         
1.196875000000000e+00         1.667266741438318e-11         
1.200000000000000e+00         1.670897075066014e-11         
1.203125000000000e+00         1.674520756373501e-11         
1.206250000000000e+00         1.678171381748876e-11         
1.209375000000000e+00         1.681845839163707e-11         
1.212500000000000e+00         1.685514131402114e-11         
1.215625000000000e+00         1.689213940270121e-11         
1.218750000000000e+00         1.692898820979482e-11         
1.221875000000000e+00         1.696594956299806e-11         
1.225000000000000e+00         1.700311334739752e-11         
1.228125000000000e+00         1.704051969227677e-11         
1.231250000000000e+00         1.707790806744520e-11         
1.234375000000000e+00         1.711522366575993e-11         
1.237500000000000e+00         1.715297587787617e-11         
1.240625000000000e+00         1.719071572977838e-11         
1.243750000000000e+00         1.722851300958729e-11         
1.246875000000000e+00         1.726660347636148e-11         
1.250000000000000e+00         1.730452871868160e-11         
1.253125000000000e+00         1.734273234337742e-11         
1.256250000000000e+00         1.738113124047848e-11         
1.259375000000000e+00         1.741954258572444e-11         
1.262500000000000e+00         1.745808098789352e-11         
1.265625000000000e+00         1.749674825808478e-11         
1.268750000000000e+00         1.753555175717686e-11         
1.271875000000000e+00         1.757448309285778e-11         
1.275000000000000e+00         1.761365613717919e-11         
1.278125000000000e+00         1.765283222347088e-11         
1.281250000000000e+00         1.769202305052698e-11         
1.284375000000000e+00         1.773158740354726e-11         
1.287500000000000e+00         1.777115809278440e-11         
1.290625000000000e+00         1.781085328945992e-11         
1.293750000000000e+00         1.785079301011268e-11         
1.296875000000000e+00         1.789062750092733e-11         
1.300000000000000e+00         1.793072965478048e-11         
1.303125000000000e+00         1.797108562803418e-11         
1.306250000000000e+00         1.801146390653793e-11         
1.309375000000000e+00         1.805200882590784e-11         
1.312500000000000e+00         1.809253003458493e-11         
1.315625000000000e+00         1.813344083729705e-11         
1.318750000000000e+00         1.817435764236085e-11         
1.321875000000000e+00         1.821557974769470e-11         
1.325000000000000e+00         1.825680143140893e-11         
1.328125000000000e+00         1.829803183404071e-11         
1.331250000000000e+00         1.833959074255208e-11         
1.334375000000000e+00         1.838135585779907e-11         
1.337500000000000e+00         1.842318883998253e-11         
1.340625000000000e+00         1.846528322661615e-11         
1.343750000000000e+00         1.850726442832528e-11         
1.346875000000000e+00         1.854954360281637e-11         
1.350000000000000e+00         1.859198647457338e-11         
1.353125000000000e+00         1.863465649617110e-11         
1.356250000000000e+00         1.867740672540288e-11         
1.359375000000000e+00         1.872016436636420e-11         
1.362500000000000e+00         1.876332889294046e-11         
1.365625000000000e+00         1.880655669052071e-11         
1.368750000000000e+00         1.884989690532179e-11         
1.371875000000000e+00         1.889358646586512e-11         
1.375000000000000e+00         1.893713471169653e-11         
1.378125000000000e+00         1.898098480705699e-11         
1.381250000000000e+00         1.902515379117800e-11         
1.384375000000000e+00         1.906933858036484e-11         
1.387500000000000e+00         1.911370941689522e-11         
1.390625000000000e+00         1.915826178853889e-11         
1.393750000000000e+00         1.920293388847256e-11         
1.396875000000000e+00         1.924783743058408e-11         
1.400000000000000e+00         1.929301145080947e-11         
1.403125000000000e+00         1.933822180320307e-11         
1.406250000000000e+00         1.938348890858510e-11         
1.409375000000000e+00         1.942917703473050e-11         
1.412500000000000e+00         1.947491841332878e-11         
1.415625000000000e+00         1.952084019355202e-11         
1.418750000000000e+00         1.956712076549507e-11         
1.421875000000000e+00         1.961329266346139e-11         
1.425000000000000e+00         1.965978519970543e-11         
1.428125000000000e+00         1.970654395502084e-11         
1.431250000000000e+00         1.975343213542493e-11         
1.434375000000000e+00         1.980044984278765e-11         
1.437500000000000e+00         1.984766497660980e-11         
1.440625000000000e+00         1.989511255811085e-11         
1.443750000000000e+00         1.994270325394639e-11         
1.446875000000000e+00         1.999065715703487e-11         
1.450000000000000e+00         2.003867226867202e-11         
1.453125000000000e+00         2.008669607844302e-11         
1.456250000000000e+00         2.013509939703274e-11         
1.459375000000000e+00         2.018382829624446e-11         
1.462500000000000e+00         2.023262029098903e-11         
1.465625000000000e+00         2.028174682918490e-11         
1.468750000000000e+00         2.033079871985820e-11         
1.471875000000000e+00         2.038023557439243e-11         
1.475000000000000e+00         2.042984150804175e-11         
1.478125000000000e+00         2.047975693041326e-11         
1.481250000000000e+00         2.052973933481421e-11         
1.484375000000000e+00         2.057984440617176e-11         
1.487500000000000e+00         2.063041359086831e-11         
1.490625000000000e+00         2.068111798506944e-11         
1.493750000000000e+00         2.073200293069104e-11         
1.496875000000000e+00         2.078318087650277e-11         
1.500000000000000e+00         2.083440653902845e-11         
1.503125000000000e+00         2.088586419692019e-11         
1.506250000000000e+00         2.093776810584889e-11         
1.509375000000000e+00         2.098973557668804e-11         
1.512500000000000e+00         2.104189812000543e-11         
1.515625000000000e+00         2.109432308993353e-11         
1.518750000000000e+00         2.114699794727986e-11         
1.521875000000000e+00         2.119976923172455e-11         
1.525000000000000e+00         2.125304429281466e-11         
1.528125000000000e+00         2.130635702230650e-11         
1.531250000000000e+00         2.135978866830057e-11         
1.534375000000000e+00         2.141369678356721e-11         
1.537500000000000e+00         2.146783793844856e-11         
1.540625000000000e+00         2.152210201671751e-11         
1.543750000000000e+00         2.157667502337649e-11         
1.546875000000000e+00         2.163136480475756e-11         
1.550000000000000e+00         2.168634296629211e-11         
1.553125000000000e+00         2.174164393990629e-11         
1.556250000000000e+00         2.179720624822669e-11         
1.559375000000000e+00         2.185293609121833e-11         
1.562500000000000e+00         2.190880302465879e-11         
1.565625000000000e+00         2.196513671116149e-11         
1.568750000000000e+00         2.202162656457031e-11         
1.571875000000000e+00         2.207849244062160e-11         
1.575000000000000e+00         2.213553372503090e-11         
1.578125000000000e+00         2.219261557654421e-11         
1.581250000000000e+00         2.225009672163365e-11         
1.584375000000000e+00         2.230806619799502e-11         
1.587500000000000e+00         2.236605770596198e-11         
1.590625000000000e+00         2.242448101653033e-11         
1.593750000000000e+00         2.248291473479030e-11         
1.596875000000000e+00         2.254183455942648e-11         
1.600000000000000e+00         2.260099997030952e-11         
1.603125000000000e+00         2.266039331927213e-11         
1.606250000000000e+00         2.272008194505164e-11         
1.609375000000000e+00         2.277985698716505e-11         
1.612500000000000e+00         2.284019920523191e-11         
1.615625000000000e+00         2.290071516279243e-11         
1.618750000000000e+00         2.296139216997606e-11         
1.621875000000000e+00         2.302259892358460e-11         
1.625000000000000e+00         2.308381721324767e-11         
1.628125000000000e+00         2.314549756798581e-11         
1.631250000000000e+00         2.320755957445718e-11         
1.634375000000000e+00         2.326981547478229e-11         
1.637500000000000e+00         2.333224649882593e-11         
1.640625000000000e+00         2.339501878566139e-11         
1.643750000000000e+00         2.345820480810058e-11         
1.646875000000000e+00         2.352149623788281e-11         
1.650000000000000e+00         2.358537975721746e-11         
1.653125000000000e+00         2.364935393964449e-11         
1.656250000000000e+00         2.371355393153314e-11         
1.659375000000000e+00         2.377827676129334e-11         
1.662500000000000e+00         2.384324956273336e-11         
1.665625000000000e+00         2.390843688371568e-11         
1.668750000000000e+00         2.397418370736306e-11         
1.671875000000000e+00         2.403993300939154e-11         
1.675000000000000e+00         2.410609650258209e-11         
1.678125000000000e+00         2.417277777643260e-11         
1.681250000000000e+00         2.423968248813160e-11         
1.684375000000000e+00         2.430678680275325e-11         
1.687500000000000e+00         2.437428639204448e-11         
1.690625000000000e+00         2.444195512133925e-11         
1.693750000000000e+00         2.451015867011081e-11         
1.696875000000000e+00         2.457873846651649e-11         
1.700000000000000e+00         2.464770566492019e-11         
1.703125000000000e+00         2.471669820651191e-11         
1.706250000000000e+00         2.478627168845639e-11         
1.709375000000000e+00         2.485629011500026e-11         
1.712500000000000e+00         2.492641820526838e-11         
1.715625000000000e+00         2.499709675065296e-11         
1.718750000000000e+00         2.506784530633606e-11         
1.721875000000000e+00         2.513919195486055e-11         
1.725000000000000e+00         2.521071194148214e-11         
1.728125000000000e+00         2.528279362987974e-11         
1.731250000000000e+00         2.535524383101930e-11         
1.734375000000000e+00         2.542774581905537e-11         
1.737500000000000e+00         2.550089486339423e-11         
1.740625000000000e+00         2.557431762001808e-11         
1.743750000000000e+00         2.564814833242430e-11         
1.746875000000000e+00         2.572227250552657e-11         
1.750000000000000e+00         2.579687869486178e-11         
1.753125000000000e+00         2.587166946451616e-11         
1.756250000000000e+00         2.594698708762971e-11         
1.759375000000000e+00         2.602289434979711e-11         
1.762500000000000e+00         2.609904110269431e-11         
1.765625000000000e+00         2.617525132686830e-11         
1.768750000000000e+00         2.625205513288573e-11         
1.771875000000000e+00         2.632951344310323e-11         
1.775000000000000e+00         2.640714572948339e-11         
1.778125000000000e+00         2.648505985357105e-11         
1.781250000000000e+00         2.656353747612427e-11         
1.784375000000000e+00         2.664225306328029e-11         
1.787500000000000e+00         2.672157777381085e-11         
1.790625000000000e+00         2.680120021297367e-11         
1.793750000000000e+00         2.688122450455098e-11         
1.796875000000000e+00         2.696161189768587e-11         
1.800000000000000e+00         2.704251392525749e-11         
1.803125000000000e+00         2.712365811015827e-11         
1.806250000000000e+00         2.720533852148647e-11         
1.809375000000000e+00         2.728780046715439e-11         
1.812500000000000e+00         2.737015747320484e-11         
1.815625000000000e+00         2.745312846363662e-11         
1.818750000000000e+00         2.753695822130355e-11         
1.821875000000000e+00         2.762075324536623e-11         
1.825000000000000e+00         2.770500498649864e-11         
1.828125000000000e+00         2.778980844143752e-11         
1.831250000000000e+00         2.787509201876455e-11         
1.834375000000000e+00         2.796071732303793e-11         
1.837500000000000e+00         2.804692587243047e-11         
1.840625000000000e+00         2.813334594001214e-11         
1.843750000000000e+00         2.822036890706871e-11         
1.846875000000000e+00         2.830792952102855e-11         
1.850000000000000e+00         2.839596279323838e-11         
1.853125000000000e+00         2.848428599902653e-11         
1.856250000000000e+00         2.857348587076826e-11         
1.859375000000000e+00         2.866265498438913e-11         
1.862500000000000e+00         2.875260402270106e-11         
1.865625000000000e+00         2.884307698220523e-11         
1.868750000000000e+00         2.893404884167995e-11         
1.871875000000000e+00         2.902537259664450e-11         
1.875000000000000e+00         2.911705787570601e-11         
1.878125000000000e+00         2.920950575439421e-11         
1.881250000000000e+00         2.930237156521780e-11         
1.884375000000000e+00         2.939563273724273e-11         
1.887500000000000e+00         2.948952737914551e-11         
1.890625000000000e+00         2.958390312894093e-11         
1.893750000000000e+00         2.967854353316100e-11         
1.896875000000000e+00         2.977401447022352e-11         
1.900000000000000e+00         2.986980272306871e-11         
1.903125000000000e+00         2.996661353489025e-11         
1.906250000000000e+00         3.006323535242395e-11         
1.909375000000000e+00         3.016062600667706e-11         
1.912500000000000e+00         3.025851623592872e-11         
1.915625000000000e+00         3.035736718161129e-11         
1.918750000000000e+00         3.045643252801926e-11         
1.921875000000000e+00         3.055569574774362e-11         
1.925000000000000e+00         3.065612533217234e-11         
1.928125000000000e+00         3.075700032629589e-11         
1.931250000000000e+00         3.085801018531210e-11         
1.934375000000000e+00         3.095985270333007e-11         
1.937500000000000e+00         3.106229981929303e-11         
1.940625000000000e+00         3.116530596050499e-11         
1.943750000000000e+00         3.126879125333492e-11         
1.946875000000000e+00         3.137302923744874e-11         
1.950000000000000e+00         3.147763701329663e-11         
1.953125000000000e+00         3.158293751715325e-11         
1.956250000000000e+00         3.168865148239362e-11         
1.959375000000000e+00         3.179514263367863e-11         
1.962500000000000e+00         3.190260288729105e-11         
1.965625000000000e+00         3.200993688861582e-11         
1.968750000000000e+00         3.211806748024753e-11         
1.971875000000000e+00         3.222707485966978e-11         
1.975000000000000e+00         3.233651276769175e-11         
1.978125000000000e+00         3.244645691561455e-11         
1.981250000000000e+00         3.255708338842935e-11         
1.984375000000000e+00         3.266841943454190e-11         
1.987500000000000e+00         3.278026778738015e-11         
1.990625000000000e+00         3.289285035700385e-11         
1.993750000000000e+00         3.300581085788319e-11         
1.996875000000000e+00         3.311989736859451e-11         
2.000000000000000e+00         3.323437448525646e-11         
2.003125000000000e+00         3.334982130423388e-11         
2.006250000000000e+00         3.346513608776640e-11         
2.009375000000000e+00         3.358144440152501e-11         
2.012500000000000e+00         3.369895740540462e-11         
2.015625000000000e+00         3.381636980104742e-11         
2.018750000000000e+00         3.393501208723214e-11         
2.021875000000000e+00         3.405395768753819e-11         
2.025000000000000e+00         3.417358880820671e-11         
2.028125000000000e+00         3.429429870782810e-11         
2.031250000000000e+00         3.441535690449887e-11         
2.034375000000000e+00         3.453714192658295e-11         
2.037500000000000e+00         3.465957722687953e-11         
2.040625000000000e+00         3.478276666308817e-11         
2.043750000000000e+00         3.490673161941538e-11         
2.046875000000000e+00         3.503138181230947e-11         
2.050000000000000e+00         3.515692596366620e-11         
2.053125000000000e+00         3.528270316487091e-11         
2.056250000000000e+00         3.540939772268484e-11         
2.059375000000000e+00         3.553721859771601e-11         
2.062500000000000e+00         3.566492149465670e-11         
2.065625000000000e+00         3.579416195821076e-11         
2.068750000000000e+00         3.592389139840248e-11         
2.071875000000000e+00         3.605401589602896e-11         
2.075000000000000e+00         3.618553163261747e-11         
2.078125000000000e+00         3.631727113049542e-11         
2.081250000000000e+00         3.645013950411635e-11         
2.084375000000000e+00         3.658344285016585e-11         
2.087500000000000e+00         3.671769848635923e-11         
2.090625000000000e+00         3.685262748049905e-11         
2.093750000000000e+00         3.698833158486536e-11         
2.096875000000000e+00         3.712521902581399e-11         
2.100000000000000e+00         3.726220662830470e-11         
2.103125000000000e+00         3.740020543270614e-11         
2.106250000000000e+00         3.753951518927267e-11         
2.109375000000000e+00         3.767878891142520e-11         
2.112500000000000e+00         3.781958508889669e-11         
2.115625000000000e+00         3.796093840035764e-11         
2.118750000000000e+00         3.810286177477561e-11         
2.121875000000000e+00         3.824596625773435e-11         
2.125000000000000e+00         3.838945033857142e-11         
2.128125000000000e+00         3.853426066611808e-11         
2.131250000000000e+00         3.867967761384433e-11         
2.134375000000000e+00         3.882549412576579e-11         
2.137500000000000e+00         3.897286196309885e-11         
2.140625000000000e+00         3.912077548152710e-11         
2.143750000000000e+00         3.926992829074004e-11         
2.146875000000000e+00         3.941912854319621e-11         
2.150000000000000e+00         3.956953876628757e-11         
2.153125000000000e+00         3.972120426047159e-11         
2.156250000000000e+00         3.987323177837882e-11         
2.159375000000000e+00         4.002661531745792e-11         
2.162500000000000e+00         4.018015975014083e-11         
2.165625000000000e+00         4.033483469866346e-11         
2.168750000000000e+00         4.049085743429699e-11         
2.171875000000000e+00         4.064720567582133e-11         
2.175000000000000e+00         4.080513165285875e-11         
2.178125000000000e+00         4.096348124075973e-11         
2.181250000000000e+00         4.112249918062813e-11         
2.184375000000000e+00         4.128287280631314e-11         
2.187500000000000e+00         4.144404218149637e-11         
2.190625000000000e+00         4.160632611448916e-11         
2.193750000000000e+00         4.176906351519318e-11         
2.196875000000000e+00         4.193280582968811e-11         
2.200000000000000e+00         4.209756735803518e-11         
2.203125000000000e+00         4.226336109029605e-11         
2.206250000000000e+00         4.243050472142975e-11         
2.209375000000000e+00         4.259768647618191e-11         
2.212500000000000e+00         4.276628267251493e-11         
2.215625000000000e+00         4.293596963852657e-11         
2.218750000000000e+00         4.310613376763453e-11         
2.221875000000000e+00         4.327787630310231e-11         
2.225000000000000e+00         4.345020467426567e-11         
2.228125000000000e+00         4.362314725264824e-11         
2.231250000000000e+00         4.379785356260849e-11         
2.234375000000000e+00         4.397309871485883e-11         
2.237500000000000e+00         4.414929700555046e-11         
2.240625000000000e+00         4.432645742786551e-11         
2.243750000000000e+00         4.450473726483143e-11         
2.246875000000000e+00         4.468386048299219e-11         
2.250000000000000e+00         4.486403584879713e-11         
2.253125000000000e+00         4.504552638244871e-11         
2.256250000000000e+00         4.522739254138123e-11         
2.259375000000000e+00         4.541050207829534e-11         
2.262500000000000e+00         4.559511277037382e-11         
2.265625000000000e+00         4.577978684956883e-11         
2.268750000000000e+00         4.596633582102432e-11         
2.271875000000000e+00         4.615346926925017e-11         
2.275000000000000e+00         4.634129837656388e-11         
2.278125000000000e+00         4.653089768658553e-11         
2.281250000000000e+00         4.672096258173416e-11         
2.284375000000000e+00         4.691219518529952e-11         
2.287500000000000e+00         4.710428995751826e-11         
2.290625000000000e+00         4.729767238314717e-11         
2.293750000000000e+00         4.749176292448824e-11         
2.296875000000000e+00         4.768706101625767e-11         
2.300000000000000e+00         4.788367040342895e-11         
2.303125000000000e+00         4.808073284219446e-11         
2.306250000000000e+00         4.827900233957588e-11         
2.309375000000000e+00         4.847868741163368e-11         
2.312500000000000e+00         4.867868694461029e-11         
2.315625000000000e+00         4.888042178398310e-11         
2.318750000000000e+00         4.908275288278882e-11         
2.321875000000000e+00         4.928594953743005e-11         
2.325000000000000e+00         4.949078332158556e-11         
2.328125000000000e+00         4.969616865570276e-11         
2.331250000000000e+00         4.990261619493733e-11         
2.334375000000000e+00         5.011022972371175e-11         
2.337500000000000e+00         5.031858749576853e-11         
2.340625000000000e+00         5.052822696591463e-11         
2.343750000000000e+00         5.073889229655128e-11         
2.346875000000000e+00         5.095087633629899e-11         
2.350000000000000e+00         5.116301344055072e-11         
2.353125000000000e+00         5.137665591695113e-11         
2.356250000000000e+00         5.159181445311759e-11         
2.359375000000000e+00         5.180708366191135e-11         
2.362500000000000e+00         5.202405700781203e-11         
2.365625000000000e+00         5.224167753472718e-11         
2.368750000000000e+00         5.246006372314490e-11         
2.371875000000000e+00         5.268008912100819e-11         
2.375000000000000e+00         5.290070583307135e-11         
2.378125000000000e+00         5.312236547786532e-11         
2.381250000000000e+00         5.334498029044968e-11         
2.384375000000000e+00         5.356802488518848e-11         
2.387500000000000e+00         5.379284238690905e-11         
2.390625000000000e+00         5.401845626007424e-11         
2.393750000000000e+00         5.424522970230688e-11         
2.396875000000000e+00         5.447244868874227e-11         
2.400000000000000e+00         5.470092466476429e-11         
2.403125000000000e+00         5.493021149713674e-11         
2.406250000000000e+00         5.516003740931352e-11         
2.409375000000000e+00         5.539149380977164e-11         
2.412500000000000e+00         5.562312830870859e-11         
2.415625000000000e+00         5.585658513695891e-11         
2.418750000000000e+00         5.609012395333299e-11         
2.421875000000000e+00         5.632465925578542e-11         
2.425000000000000e+00         5.656030754347842e-11         
2.428125000000000e+00         5.679679244602968e-11         
2.431250000000000e+00         5.703441253018827e-11         
2.434375000000000e+00         5.727210717575501e-11         
2.437500000000000e+00         5.751107012463653e-11         
2.440625000000000e+00         5.775114829102462e-11         
2.443750000000000e+00         5.799137493956572e-11         
2.446875000000000e+00         5.823299862791414e-11         
2.450000000000000e+00         5.847463908200825e-11         
2.453125000000000e+00         5.871743349245826e-11         
2.456250000000000e+00         5.896143946598334e-11         
2.459375000000000e+00         5.920527768989603e-11         
2.462500000000000e+00         5.945071880471099e-11         
2.465625000000000e+00         5.969625944126701e-11         
2.468750000000000e+00         5.994225158965911e-11         
2.471875000000000e+00         6.018958893397636e-11         
2.475000000000000e+00         6.043735603158279e-11         
2.478125000000000e+00         6.068549081415785e-11         
2.481250000000000e+00         6.093432333445307e-11         
2.484375000000000e+00         6.118371492128095e-11         
2.487500000000000e+00         6.143361651834236e-11         
2.490625000000000e+00         6.168407353186450e-11         
2.493750000000000e+00         6.193540094836432e-11         
2.496875000000000e+00         6.218643957943155e-11         
2.500000000000000e+00         6.243845721973848e-11         
2.503125000000000e+00         6.269138291695295e-11         
2.506250000000000e+00         6.294366846655193e-11         
2.509375000000000e+00         6.319721978302741e-11         
2.512500000000000e+00         6.345080786547461e-11         
2.515625000000000e+00         6.370423155103101e-11         
2.518750000000000e+00         6.395881109955788e-11         
2.521875000000000e+00         6.421319075618092e-11         
2.525000000000000e+00         6.446793901233473e-11         
2.528125000000000e+00         6.472283463009021e-11         
2.531250000000000e+00         6.497786487407115e-11         
2.534375000000000e+00         6.523307573469431e-11         
2.537500000000000e+00         6.548837877836408e-11         
2.540625000000000e+00         6.574433642795971e-11         
2.543750000000000e+00         6.599931543767919e-11         
2.546875000000000e+00         6.625490132154268e-11         
2.550000000000000e+00         6.651082826802562e-11         
2.553125000000000e+00         6.676581972644665e-11         
2.556250000000000e+00         6.702162004738178e-11         
2.559375000000000e+00         6.727682665750275e-11         
2.562500000000000e+00         6.753148122448054e-11         
2.565625000000000e+00         6.778675297694008e-11         
2.568750000000000e+00         6.804132614701123e-11         
2.571875000000000e+00         6.829566879815652e-11         
2.575000000000000e+00         6.854977364633352e-11         
2.578125000000000e+00         6.880340145258121e-11         
2.581250000000000e+00         6.905666295273691e-11         
2.584375000000000e+00         6.930944170169935e-11         
2.587500000000000e+00         6.956235943962191e-11         
2.590625000000000e+00         6.981369385568325e-11         
2.593750000000000e+00         7.006489060834028e-11         
2.596875000000000e+00         7.031611127569579e-11         
2.600000000000000e+00         7.056550178534398e-11         
2.603125000000000e+00         7.081502517792237e-11         
2.606250000000000e+00         7.106367215374330e-11         
2.609375000000000e+00         7.131082336515021e-11         
2.612500000000000e+00         7.155787838453184e-11         
2.615625000000000e+00         7.180390531928344e-11         
2.618750000000000e+00         7.204868023980425e-11         
2.621875000000000e+00         7.229272791943291e-11         
2.625000000000000e+00         7.253507217231405e-11         
2.628125000000000e+00         7.277729221848464e-11         
2.631250000000000e+00         7.301788932274766e-11         
2.634375000000000e+00         7.325783478577861e-11         
2.637500000000000e+00         7.349554455692718e-11         
2.640625000000000e+00         7.373241899573287e-11         
2.643750000000000e+00         7.396838001256536e-11         
2.646875000000000e+00         7.420198749751529e-11         
2.650000000000000e+00         7.443501979731554e-11         
2.653125000000000e+00         7.466614323503500e-11         
2.656250000000000e+00         7.489516153819347e-11         
2.659375000000000e+00         7.512341195732558e-11         
2.662500000000000e+00         7.534918920832796e-11         
2.665625000000000e+00         7.557419950947934e-11         
2.668750000000000e+00         7.579688747432691e-11         
2.671875000000000e+00         7.601719008555852e-11         
2.675000000000000e+00         7.623655567159675e-11         
2.678125000000000e+00         7.645355865530975e-11         
2.681250000000000e+00         7.666901055172287e-11         
2.684375000000000e+00         7.688152305482404e-11         
2.687500000000000e+00         7.709220968247364e-11         
2.690625000000000e+00         7.730132212437998e-11         
2.693750000000000e+00         7.750723287241465e-11         
2.696875000000000e+00         7.771194212412273e-11         
2.700000000000000e+00         7.791325175024508e-11         
2.703125000000000e+00         7.811278041159783e-11         
2.706250000000000e+00         7.831037734986717e-11         
2.709375000000000e+00         7.850437294286871e-11         
2.712500000000000e+00         7.869682917016233e-11         
2.715625000000000e+00         7.888641434942835e-11         
2.718750000000000e+00         7.907269870199582e-11         
2.721875000000000e+00         7.925727679302127e-11         
2.725000000000000e+00         7.943888014775192e-11         
2.728125000000000e+00         7.961740059711641e-11         
2.731250000000000e+00         7.979329671388689e-11         
2.734375000000000e+00         7.996637399076460e-11         
2.737500000000000e+00         8.013644185453336e-11         
2.740625000000000e+00         8.030370369014289e-11         
2.743750000000000e+00         8.046830708885813e-11         
2.746875000000000e+00         8.062890340271022e-11         
2.750000000000000e+00         8.078694999670943e-11         
2.753125000000000e+00         8.094223676431333e-11         
2.756250000000000e+00         8.109359943289508e-11         
2.759375000000000e+00         8.124259075524111e-11         
2.762500000000000e+00         8.138802776914740e-11         
2.765625000000000e+00         8.152959384775783e-11         
2.768750000000000e+00         8.166881154821389e-11         
2.771875000000000e+00         8.180425376531820e-11         
2.775000000000000e+00         8.193631215285031e-11         
2.778125000000000e+00         8.206499950774680e-11         
2.781250000000000e+00         8.219022498155865e-11         
2.784375000000000e+00         8.231199375415828e-11         
2.787500000000000e+00         8.243033164783131e-11         
2.790625000000000e+00         8.254562395518526e-11         
2.793750000000000e+00         8.265635775313341e-11         
2.796875000000000e+00         8.276414695854073e-11         
2.800000000000000e+00         8.286870934196659e-11         
2.803125000000000e+00         8.296875037870358e-11         
2.806250000000000e+00         8.306638081432545e-11         
2.809375000000000e+00         8.315969969849222e-11         
2.812500000000000e+00         8.324896791612031e-11         
2.815625000000000e+00         8.333550552510602e-11         
2.818750000000000e+00         8.341790434274896e-11         
2.821875000000000e+00         8.349659675979974e-11         
2.825000000000000e+00         8.357177873829381e-11         
2.828125000000000e+00         8.364310840719343e-11         
2.831250000000000e+00         8.371083697900073e-11         
2.834375000000000e+00         8.377485952671026e-11         
2.837500000000000e+00         8.383566706834893e-11         
2.840625000000000e+00         8.389183041150266e-11         
2.843750000000000e+00         8.394485323119423e-11         
2.846875000000000e+00         8.399466985572368e-11         
2.850000000000000e+00         8.403985927252065e-11         
2.853125000000000e+00         8.408212106297150e-11         
2.856250000000000e+00         8.412047436564582e-11         
2.859375000000000e+00         8.415461350940104e-11         
2.862500000000000e+00         8.418590815300503e-11         
2.865625000000000e+00         8.421337632756060e-11         
2.868750000000000e+00         8.423701450619847e-11         
2.871875000000000e+00         8.425719623665464e-11         
2.875000000000000e+00         8.427386404566048e-11         
2.878125000000000e+00         8.428675690055059e-11         
2.881250000000000e+00         8.429633604326899e-11         
2.884375000000000e+00         8.430272073430346e-11         
2.887500000000000e+00         8.430458364188069e-11         
2.890625000000000e+00         8.430370556580094e-11         
2.893750000000000e+00         8.429953310486903e-11         
2.896875000000000e+00         8.429118568673967e-11         
2.900000000000000e+00         8.428031814816841e-11         
2.903125000000000e+00         8.426562313691966e-11         
2.906250000000000e+00         8.424723646611472e-11         
2.909375000000000e+00         8.422633909215292e-11         
2.912500000000000e+00         8.420134503294453e-11         
2.915625000000000e+00         8.417409000302018e-11         
2.918750000000000e+00         8.414312874507595e-11         
2.921875000000000e+00         8.410830581165963e-11         
2.925000000000000e+00         8.407167779162537e-11         
2.928125000000000e+00         8.403128509494700e-11         
2.931250000000000e+00         8.398833712899600e-11         
2.934375000000000e+00         8.394148087780029e-11         
2.937500000000000e+00         8.389191876070898e-11         
2.940625000000000e+00         8.384001101266576e-11         
2.943750000000000e+00         8.378430963059334e-11         
2.946875000000000e+00         8.372670304486291e-11         
2.950000000000000e+00         8.366529658863359e-11         
2.953125000000000e+00         8.360167518041620e-11         
2.956250000000000e+00         8.353562886538139e-11         
2.959375000000000e+00         8.346615069119191e-11         
2.962500000000000e+00         8.339474376366963e-11         
2.965625000000000e+00         8.332064269120263e-11         
2.968750000000000e+00         8.324325721111971e-11         
2.971875000000000e+00         8.316439202445107e-11         
2.975000000000000e+00         8.308272535958940e-11         
2.978125000000000e+00         8.299848348073896e-11         
2.981250000000000e+00         8.291197374887671e-11         
2.984375000000000e+00         8.282295775613764e-11         
2.987500000000000e+00         8.273193001744951e-11         
2.990625000000000e+00         8.263851301474209e-11         
2.993750000000000e+00         8.254345828841067e-11         
2.996875000000000e+00         8.244518818870100e-11         
3.000000000000000e+00         8.234561589671728e-11         
3.003125000000000e+00         8.224412983629974e-11         
3.006250000000000e+00         8.214001841962174e-11         
3.009375000000000e+00         8.203472114484504e-11         
3.012500000000000e+00         8.192724425217528e-11         
3.015625000000000e+00         8.181740567676947e-11         
3.018750000000000e+00         8.170649866357663e-11         
3.021875000000000e+00         8.159344865713857e-11         
3.025000000000000e+00         8.147881309806971e-11         
3.028125000000000e+00         8.136245899347689e-11         
3.031250000000000e+00         8.124452615893793e-11         
3.034375000000000e+00         8.112503526063459e-11         
3.037500000000000e+00         8.100402486933286e-11         
3.040625000000000e+00         8.088208066314921e-11         
3.043750000000000e+00         8.075760743564914e-11         
3.046875000000000e+00         8.063228947922211e-11         
3.050000000000000e+00         8.050609983839524e-11         
3.053125000000000e+00         8.037762079589653e-11         
3.056250000000000e+00         8.024872829542569e-11         
3.059375000000000e+00         8.011820377913513e-11         
3.062500000000000e+00         7.998621992349425e-11         
3.065625000000000e+00         7.985403012470173e-11         
3.068750000000000e+00         7.972011142713056e-11         
3.071875000000000e+00         7.958506444164522e-11         
3.075000000000000e+00         7.944918546152176e-11         
3.078125000000000e+00         7.931241049301575e-11         
3.081250000000000e+00         7.917447376440284e-11         
3.084375000000000e+00         7.903578420052301e-11         
3.087500000000000e+00         7.889671100864668e-11         
3.090625000000000e+00         7.875593713183362e-11         
3.093750000000000e+00         7.861471854343503e-11         
3.096875000000000e+00         7.847340987376445e-11         
3.100000000000000e+00         7.833026465241098e-11         
3.103125000000000e+00         7.818742064984972e-11         
3.106250000000000e+00         7.804344906259572e-11         
3.109375000000000e+00         7.789869502682132e-11         
3.112500000000000e+00         7.775403038170543e-11         
3.115625000000000e+00         7.760844809635446e-11         
3.118750000000000e+00         7.746226561692869e-11         
3.121875000000000e+00         7.731564112038485e-11         
3.125000000000000e+00         7.716829530983595e-11         
3.128125000000000e+00         7.702123057021271e-11         
3.131250000000000e+00         7.687351422854809e-11         
3.134375000000000e+00         7.672602329402719e-11         
3.137500000000000e+00         7.657705776000368e-11         
3.140625000000000e+00         7.642833909670030e-11         
3.143750000000000e+00         7.627963062514495e-11         
3.146875000000000e+00         7.613011322580996e-11         
3.150000000000000e+00         7.598104779527372e-11         
3.153125000000000e+00         7.583143013584561e-11         
3.156250000000000e+00         7.568133014727632e-11         
3.159375000000000e+00         7.553193720672978e-11         
3.162500000000000e+00         7.538170096984577e-11         
3.165625000000000e+00         7.523198895200662e-11         
3.168750000000000e+00         7.508184304402320e-11         
3.171875000000000e+00         7.493149548249114e-11         
3.175000000000000e+00         7.478179014839694e-11         
3.178125000000000e+00         7.463161225081626e-11         
3.181250000000000e+00         7.448202962395657e-11         
3.184375000000000e+00         7.433168791779895e-11         
3.187500000000000e+00         7.418196361367516e-11         
3.190625000000000e+00         7.403240679570954e-11         
3.193750000000000e+00         7.388247964767306e-11         
3.196875000000000e+00         7.373336789227642e-11         
3.200000000000000e+00         7.358361031516336e-11         
3.203125000000000e+00         7.343445056661234e-11         
3.206250000000000e+00         7.328593782661275e-11         
3.209375000000000e+00         7.313675770209546e-11         
3.212500000000000e+00         7.298877367864898e-11         
3.215625000000000e+00         7.284049473749225e-11         
3.218750000000000e+00         7.269212471793886e-11         
3.221875000000000e+00         7.254476525083254e-11         
3.225000000000000e+00         7.239745500007552e-11         
3.228125000000000e+00         7.225020321213956e-11         
3.231250000000000e+00         7.210350201287253e-11         
3.234375000000000e+00         7.195715534402448e-11         
3.237500000000000e+00         7.181099095856670e-11         
3.240625000000000e+00         7.166546491406287e-11         
3.243750000000000e+00         7.152061851852757e-11         
3.246875000000000e+00         7.137538004409471e-11         
3.250000000000000e+00         7.123091649944221e-11         
3.253125000000000e+00         7.108727240666057e-11         
3.256250000000000e+00         7.094334998694308e-11         
3.259375000000000e+00         7.080061037744481e-11         
3.262500000000000e+00         7.065791856272918e-11         
3.265625000000000e+00         7.051529469215481e-11         
3.268750000000000e+00         7.037382547213089e-11         
3.271875000000000e+00         7.023263880077597e-11         
3.275000000000000e+00         7.009190879623987e-11         
3.278125000000000e+00         6.995164310926310e-11         
3.281250000000000e+00         6.981190438342146e-11         
3.284375000000000e+00         6.967264921239437e-11         
3.287500000000000e+00         6.953389510044099e-11         
3.290625000000000e+00         6.939627016895930e-11         
3.293750000000000e+00         6.925832657689740e-11         
3.296875000000000e+00         6.912122847515792e-11         
3.300000000000000e+00         6.898521152531274e-11         
3.303125000000000e+00         6.884906975495479e-11         
3.306250000000000e+00         6.871405488072303e-11         
3.309375000000000e+00         6.857936395435924e-11         
3.312500000000000e+00         6.844474787815690e-11         
3.315625000000000e+00         6.831145708586434e-11         
3.318750000000000e+00         6.817851495056562e-11         
3.321875000000000e+00         6.804633888022955e-11         
3.325000000000000e+00         6.791470226619410e-11         
3.328125000000000e+00         6.778353418853876e-11         
3.331250000000000e+00         6.765302428911151e-11         
3.334375000000000e+00         6.752323502645055e-11         
3.337500000000000e+00         6.739420618142844e-11         
3.340625000000000e+00         6.726532825852436e-11         
3.343750000000000e+00         6.713745882603830e-11         
3.346875000000000e+00         6.701049085603974e-11         
3.350000000000000e+00         6.688330686712667e-11         
3.353125000000000e+00         6.675772291829638e-11         
3.356250000000000e+00         6.663231864581114e-11         
3.359375000000000e+00         6.650730827605346e-11         
3.362500000000000e+00         6.638359443560781e-11         
3.365625000000000e+00         6.626022354546558e-11         
3.368750000000000e+00         6.613751842433081e-11         
3.371875000000000e+00         6.601549935970314e-11         
3.375000000000000e+00         6.589419396453032e-11         
3.378125000000000e+00         6.577348126519786e-11         
3.381250000000000e+00         6.565351067552459e-11         
3.384375000000000e+00         6.553448863820472e-11         
3.387500000000000e+00         6.541557719188498e-11         
3.390625000000000e+00         6.529765322743678e-11         
3.393750000000000e+00         6.518049913393954e-11         
3.396875000000000e+00         6.506360782105812e-11         
3.400000000000000e+00         6.494805055277279e-11         
3.403125000000000e+00         6.483277032175892e-11         
3.406250000000000e+00         6.471799942638857e-11         
3.409375000000000e+00         6.460437827904413e-11         
3.412500000000000e+00         6.449086083162037e-11         
3.415625000000000e+00         6.437883216044588e-11         
3.418750000000000e+00         6.426713655938406e-11         
3.421875000000000e+00         6.415568353673436e-11         
3.425000000000000e+00         6.404553160014188e-11         
3.428125000000000e+00         6.393585059857323e-11         
3.431250000000000e+00         6.382717087394811e-11         
3.434375000000000e+00         6.371856086472232e-11         
3.437500000000000e+00         6.361086313902926e-11         
3.440625000000000e+00         6.350440319876308e-11         
3.443750000000000e+00         6.339782766737670e-11         
3.446875000000000e+00         6.329260386894822e-11         
3.450000000000000e+00         6.318749216737147e-11         
3.453125000000000e+00         6.308322218498273e-11         
3.456250000000000e+00         6.298021767305094e-11         
3.459375000000000e+00         6.287703981109763e-11         
3.462500000000000e+00         6.277534978937994e-11         
3.465625000000000e+00         6.267388502256024e-11         
3.468750000000000e+00         6.257280712437324e-11         
3.471875000000000e+00         6.247311766379235e-11         
3.475000000000000e+00         6.237388544828107e-11         
3.478125000000000e+00         6.227515103075497e-11         
3.481250000000000e+00         6.217718537148238e-11         
3.484375000000000e+00         6.208002480570179e-11         
3.487500000000000e+00         6.198345381319739e-11         
3.490625000000000e+00         6.188767852902036e-11         
3.493750000000000e+00         6.179250417975064e-11         
3.496875000000000e+00         6.169793082614749e-11         
3.500000000000000e+00         6.160417969980124e-11         
3.503125000000000e+00         6.151104419265038e-11         
3.506250000000000e+00         6.141849716664864e-11         
3.509375000000000e+00         6.132740000776875e-11         
3.512500000000000e+00         6.123568297396018e-11         
3.515625000000000e+00         6.114519191078818e-11         
3.518750000000000e+00         6.105596246158048e-11         
3.521875000000000e+00         6.096611880930501e-11         
3.525000000000000e+00         6.087849803789866e-11         
3.528125000000000e+00         6.079055312701221e-11         
3.531250000000000e+00         6.070278630881741e-11         
3.534375000000000e+00         6.061705133141037e-11         
3.537500000000000e+00         6.053055449341271e-11         
3.540625000000000e+00         6.044609180635464e-11         
3.543750000000000e+00         6.036163731028406e-11         
3.546875000000000e+00         6.027720664166964e-11         
3.550000000000000e+00         6.019464483478050e-11         
3.553125000000000e+00         6.011209210790175e-11         
3.556250000000000e+00         6.003034451820445e-11         
3.559375000000000e+00         5.994923133368970e-11         
3.562500000000000e+00         5.986872060185057e-11         
3.565625000000000e+00         5.978903705660858e-11         
3.568750000000000e+00         5.970979963222342e-11         
3.571875000000000e+00         5.963119486335363e-11         
3.575000000000000e+00         5.955334467660467e-11         
3.578125000000000e+00         5.947577782495167e-11         
3.581250000000000e+00         5.939920782940707e-11         
3.584375000000000e+00         5.932322925713887e-11         
3.587500000000000e+00         5.924785857411062e-11         
3.590625000000000e+00         5.917324551954094e-11         
3.593750000000000e+00         5.909909204289854e-11         
3.596875000000000e+00         5.902555140229434e-11         
3.600000000000000e+00         5.895275847329875e-11         
3.603125000000000e+00         5.888056560342993e-11         
3.606250000000000e+00         5.880895629396667e-11         
3.609375000000000e+00         5.873813510684020e-11         
3.612500000000000e+00         5.866767934735479e-11         
3.615625000000000e+00         5.859801099225037e-11         
3.618750000000000e+00         5.852936829675386e-11         
3.621875000000000e+00         5.846037704423853e-11         
3.625000000000000e+00         5.839240399733253e-11         
3.628125000000000e+00         5.832577711782578e-11         
3.631250000000000e+00         5.825865217723562e-11         
3.634375000000000e+00         5.819327010650812e-11         
3.637500000000000e+00         5.812786287397524e-11         
3.640625000000000e+00         5.806237358081908e-11         
3.643750000000000e+00         5.799880716105601e-11         
3.646875000000000e+00         5.793517876234560e-11         
3.650000000000000e+00         5.787222367830735e-11         
3.653125000000000e+00         5.780979424760233e-11         
3.656250000000000e+00         5.774802479883207e-11         
3.659375000000000e+00         5.768678915862345e-11         
3.662500000000000e+00         5.762603123029216e-11         
3.665625000000000e+00         5.756624533455335e-11         
3.668750000000000e+00         5.750664567076009e-11         
3.671875000000000e+00         5.744798915019981e-11         
3.675000000000000e+00         5.738964694339593e-11         
3.678125000000000e+00         5.733196808741472e-11         
3.681250000000000e+00         5.727502576156826e-11         
3.684375000000000e+00         5.721844233450775e-11         
3.687500000000000e+00         5.716254108580537e-11         
3.690625000000000e+00         5.710726203734919e-11         
3.693750000000000e+00         5.705243423138249e-11         
3.696875000000000e+00         5.699820968557217e-11         
3.700000000000000e+00         5.694467147870309e-11         
3.703125000000000e+00         5.689157838790083e-11         
3.706250000000000e+00         5.683914759176836e-11         
3.709375000000000e+00         5.678714256515221e-11         
3.712500000000000e+00         5.673647783357322e-11         
3.715625000000000e+00         5.668504069222655e-11         
3.718750000000000e+00         5.663481667659191e-11         
3.721875000000000e+00         5.658556849137946e-11         
3.725000000000000e+00         5.653595457553013e-11         
3.728125000000000e+00         5.648791930287337e-11         
3.731250000000000e+00         5.643987588163058e-11         
3.734375000000000e+00         5.639179082224212e-11         
3.737500000000000e+00         5.634540208227430e-11         
3.740625000000000e+00         5.629912546189685e-11         
3.743750000000000e+00         5.625348763589577e-11         
3.746875000000000e+00         5.620828497794257e-11         
3.750000000000000e+00         5.616354734300089e-11         
3.753125000000000e+00         5.611941718071236e-11         
3.756250000000000e+00         5.607574400189190e-11         
3.759375000000000e+00         5.603270353266098e-11         
3.762500000000000e+00         5.599016768094323e-11         
3.765625000000000e+00         5.594814154519309e-11         
3.768750000000000e+00         5.590670719354185e-11         
3.771875000000000e+00         5.586572617920413e-11         
3.775000000000000e+00         5.582542365319380e-11         
3.778125000000000e+00         5.578556991099315e-11         
3.781250000000000e+00         5.574621715748495e-11         
3.784375000000000e+00         5.570732643035694e-11         
3.787500000000000e+00         5.566904290491900e-11         
3.790625000000000e+00         5.563126513294437e-11         
3.793750000000000e+00         5.559410111969091e-11         
3.796875000000000e+00         5.555739060148644e-11         
3.800000000000000e+00         5.552107152424956e-11         
3.803125000000000e+00         5.548545134213910e-11         
3.806250000000000e+00         5.545076437005653e-11         
3.809375000000000e+00         5.541569965329609e-11         
3.812500000000000e+00         5.538164850677239e-11         
3.815625000000000e+00         5.534853287697350e-11         
3.818750000000000e+00         5.531493026248495e-11         
3.821875000000000e+00         5.528292464091481e-11         
3.825000000000000e+00         5.525039489268114e-11         
3.828125000000000e+00         5.521882284524871e-11         
3.831250000000000e+00         5.518820292706769e-11         
3.834375000000000e+00         5.515720747060058e-11         
3.837500000000000e+00         5.512767438536622e-11         
3.840625000000000e+00         5.509814209517598e-11         
3.843750000000000e+00         5.506857677531006e-11         
3.846875000000000e+00         5.504056814368341e-11         
3.850000000000000e+00         5.501246822635272e-11         
3.853125000000000e+00         5.498511930720598e-11         
3.856250000000000e+00         5.495796587687117e-11         
3.859375000000000e+00         5.493152087421584e-11         
3.862500000000000e+00         5.490545645692207e-11         
3.865625000000000e+00         5.488000005327520e-11         
3.868750000000000e+00         5.485494264900236e-11         
3.871875000000000e+00         5.483042147169042e-11         
3.875000000000000e+00         5.480633534082720e-11         
3.878125000000000e+00         5.478287909183132e-11         
3.881250000000000e+00         5.475978397038213e-11         
3.884375000000000e+00         5.473727154117866e-11         
3.887500000000000e+00         5.471513838787115e-11         
3.890625000000000e+00         5.469360191409056e-11         
3.893750000000000e+00         5.467247244881158e-11         
3.896875000000000e+00         5.465179415284810e-11         
3.900000000000000e+00         5.463155638382939e-11         
3.903125000000000e+00         5.461198567718110e-11         
3.906250000000000e+00         5.459271489209923e-11         
3.909375000000000e+00         5.457410073272830e-11         
3.912500000000000e+00         5.455587952240313e-11         
3.915625000000000e+00         5.453861418991419e-11         
3.918750000000000e+00         5.452083588452814e-11         
3.921875000000000e+00         5.450412199799404e-11         
3.925000000000000e+00         5.448830776995370e-11         
3.928125000000000e+00         5.447191955837809e-11         
3.931250000000000e+00         5.445707514064556e-11         
3.934375000000000e+00         5.444216872408534e-11         
3.937500000000000e+00         5.442728215562510e-11         
3.940625000000000e+00         5.441376424120671e-11         
3.943750000000000e+00         5.440033369690580e-11         
3.946875000000000e+00         5.438742874382818e-11         
3.950000000000000e+00         5.437479133583813e-11         
3.953125000000000e+00         5.436274132298428e-11         
3.956250000000000e+00         5.435118257318617e-11         
3.959375000000000e+00         5.434005974753061e-11         
3.962500000000000e+00         5.432946812450051e-11         
3.965625000000000e+00         5.431930627557748e-11         
3.968750000000000e+00         5.430957970447473e-11         
3.971875000000000e+00         5.430034995604112e-11         
3.975000000000000e+00         5.429147079637947e-11         
3.978125000000000e+00         5.428318390508680e-11         
3.981250000000000e+00         5.427537078255181e-11         
3.984375000000000e+00         5.426800971053340e-11         
3.987500000000000e+00         5.426110022694178e-11         
3.990625000000000e+00         5.425461481075426e-11         
3.993750000000000e+00         5.424859747646638e-11         
3.996875000000000e+00         5.424305354115770e-11         
4.000000000000000e+00         5.423795199591559e-11         
4.003125000000000e+00         5.423336770372432e-11         
4.006250000000001e+00         5.422968169544356e-11         
4.009375000000000e+00         5.422595062397558e-11         
4.012500000000000e+00         5.422219067862407e-11         
4.015625000000000e+00         5.421934146713923e-11         
4.018750000000000e+00         5.421703639129606e-11         
4.021875000000001e+00         5.421566502756632e-11         
4.025000000000000e+00         5.421420579258746e-11         
4.028125000000000e+00         5.421322428078738e-11         
4.031250000000000e+00         5.421230070149232e-11         
4.034375000000000e+00         5.421226617447342e-11         
4.037500000000001e+00         5.421315449226781e-11         
4.040625000000000e+00         5.421405298264298e-11         
4.043750000000000e+00         5.421532438572648e-11         
4.046875000000000e+00         5.421662273268542e-11         
4.050000000000000e+00         5.421884260552034e-11         
4.053125000000001e+00         5.422200100738301e-11         
4.056250000000000e+00         5.422515737120331e-11         
4.059375000000000e+00         5.422876025565065e-11         
4.062500000000000e+00         5.423276836074138e-11         
4.065625000000000e+00         5.423688816611410e-11         
4.068750000000001e+00         5.424227143223327e-11         
4.071875000000000e+00         5.424766740063322e-11         
4.075000000000000e+00         5.425354349823937e-11         
4.078125000000000e+00         5.425983891080483e-11         
4.081250000000000e+00         5.426661866524200e-11         
4.084375000000001e+00         5.427429254137803e-11         
4.087500000000000e+00         5.428145440395883e-11         
4.090625000000000e+00         5.428956512292535e-11         
4.093750000000000e+00         5.429818342198580e-11         
4.096875000000000e+00         5.430716699227644e-11         
4.100000000000001e+00         5.431715447300012e-11         
4.103125000000000e+00         5.432658951467684e-11         
4.106250000000000e+00         5.433693134782184e-11         
4.109375000000000e+00         5.434777294147627e-11         
4.112500000000000e+00         5.435911315349625e-11         
4.115625000000001e+00         5.437127077666868e-11         
4.118750000000000e+00         5.438350243330329e-11         
4.121875000000000e+00         5.439566799485971e-11         
4.125000000000000e+00         5.440877070799327e-11         
4.128125000000000e+00         5.442228980835319e-11         
4.131250000000001e+00         5.443679389998154e-11         
4.134375000000000e+00         5.445119713473735e-11         
4.137500000000000e+00         5.446609728560609e-11         
4.140625000000000e+00         5.448103584635848e-11         
4.143750000000000e+00         5.449684611906683e-11         
4.146875000000001e+00         5.451356503994810e-11         
4.150000000000000e+00         5.453030655645787e-11         
4.153125000000000e+00         5.454747848437736e-11         
4.156250000000000e+00         5.456505121463148e-11         
4.159375000000000e+00         5.458264843129587e-11         
4.162500000000001e+00         5.460177512246562e-11         
4.165625000000000e+00         5.462073725876855e-11         
4.168750000000000e+00         5.464015651324542e-11         
4.171875000000000e+00         5.466005246780806e-11         
4.175000000000000e+00         5.468039166414325e-11         
4.178125000000001e+00         5.470115979617298e-11         
4.181250000000000e+00         5.472244456840729e-11         
4.184375000000000e+00         5.474414408801828e-11         
4.187500000000000e+00         5.476629621415352e-11         
4.190625000000000e+00         5.478895052069153e-11         
4.193750000000001e+00         5.481254224004866e-11         
4.196875000000000e+00         5.483562219595221e-11         
4.200000000000000e+00         5.485964829934532e-11         
4.203125000000000e+00         5.488417085500619e-11         
4.206250000000000e+00         5.490905081204986e-11         
4.209375000000001e+00         5.493497330576323e-11         
4.212500000000000e+00         5.496084059508895e-11         
4.215625000000000e+00         5.498666725318858e-11         
4.218750000000000e+00         5.501340508667277e-11         
4.221875000000000e+00         5.504060886714176e-11         
4.225000000000001e+00         5.506884579499061e-11         
4.228125000000000e+00         5.509691986181730e-11         
4.231250000000000e+00         5.512557844419734e-11         
4.234375000000000e+00         5.515422797740779e-11         
4.237500000000000e+00         5.518373021318658e-11         
4.240625000000001e+00         5.521425256822416e-11         
4.243750000000000e+00         5.524478883771710e-11         
4.246875000000000e+00         5.527570978600063e-11         
4.250000000000000e+00         5.530672865726395e-11         
4.253125000000000e+00         5.533860476314628e-11         
4.256250000000001e+00         5.537139523999004e-11         
4.259375000000000e+00         5.540418744255706e-11         
4.262500000000000e+00         5.543753074338380e-11         
4.265625000000000e+00         5.547128389008517e-11         
4.268750000000000e+00         5.550514259975208e-11         
4.271875000000001e+00         5.554034715408740e-11         
4.275000000000000e+00         5.557548861605049e-11         
4.278125000000000e+00         5.561114709869802e-11         
4.281250000000000e+00         5.564719782357608e-11         
4.284375000000000e+00         5.568385311844919e-11         
4.287500000000001e+00         5.572143619946393e-11         
4.290625000000000e+00         5.575853062026689e-11         
4.293750000000000e+00         5.579664091261661e-11         
4.296875000000000e+00         5.583512144913040e-11         
4.300000000000000e+00         5.587404503151545e-11         
4.303125000000001e+00         5.591406784772680e-11         
4.306250000000000e+00         5.595409445710970e-11         
4.309375000000000e+00         5.599406255196006e-11         
4.312500000000000e+00         5.603495358309826e-11         
4.315625000000000e+00         5.607639880283497e-11         
4.318750000000001e+00         5.611876725967322e-11         
4.321875000000000e+00         5.616112146102416e-11         
4.325000000000000e+00         5.620349652676174e-11         
4.328125000000000e+00         5.624685177568515e-11         
4.331250000000000e+00         5.629076307754897e-11         
4.334375000000001e+00         5.633550926121786e-11         
4.337500000000000e+00         5.638040200303497e-11         
4.340625000000000e+00         5.642574469274154e-11         
4.343750000000000e+00         5.647109657327047e-11         
4.346875000000000e+00         5.651743619990022e-11         
4.350000000000001e+00         5.656487080499292e-11         
4.353125000000000e+00         5.661209717401652e-11         
4.356250000000000e+00         5.665986733046289e-11         
4.359375000000000e+00         5.670815177493744e-11         
4.362500000000000e+00         5.675659081091233e-11         
4.365625000000001e+00         5.680632596770350e-11         
4.368750000000000e+00         5.685608515800657e-11         
4.371875000000000e+00         5.690651383567014e-11         
4.375000000000000e+00         5.695724429906552e-11         
4.378125000000000e+00         5.700854534620084e-11         
4.381250000000001e+00         5.706085903423532e-11         
4.384375000000000e+00         5.711288629608765e-11         
4.387500000000000e+00         5.716562168177524e-11         
4.390625000000000e+00         5.721901459337220e-11         
4.393750000000000e+00         5.727295977993049e-11         
4.396875000000001e+00         5.732780383000289e-11         
4.400000000000000e+00         5.738218735794977e-11         
4.403125000000000e+00         5.743767175886262e-11         
4.406250000000000e+00         5.749351208802078e-11         
4.409375000000000e+00         5.755000226515651e-11         
4.412500000000001e+00         5.760748032771642e-11         
4.415625000000000e+00         5.766495328451919e-11         
4.418750000000000e+00         5.772250370981027e-11         
4.421875000000000e+00         5.778105508269390e-11         
4.425000000000000e+00         5.784025807563181e-11         
4.428125000000001e+00         5.790023231645145e-11         
4.431250000000000e+00         5.796040807666359e-11         
4.434375000000000e+00         5.802095406223783e-11         
4.437500000000000e+00         5.808182386026888e-11         
4.440625000000000e+00         5.814364838009554e-11         
4.443750000000001e+00         5.820648949627520e-11         
4.446875000000000e+00         5.826931561536959e-11         
4.450000000000000e+00         5.833275582303909e-11         
4.453125000000000e+00         5.839665971189180e-11         
4.456250000000000e+00         5.846051973935423e-11         
4.459375000000001e+00         5.852605518205040e-11         
4.462500000000000e+00         5.859172413988753e-11         
4.465625000000000e+00         5.865782837246064e-11         
4.468750000000000e+00         5.872448475912837e-11         
4.471875000000000e+00         5.879123856985580e-11         
4.475000000000001e+00         5.885955239972749e-11         
4.478125000000000e+00         5.892791650803616e-11         
4.481250000000000e+00         5.899675332904071e-11         
4.484375000000000e+00         5.906627812964109e-11         
4.487500000000000e+00         5.913624610281803e-11         
4.490625000000001e+00         5.920733427131672e-11         
4.493750000000000e+00         5.927802880532553e-11         
4.496875000000000e+00         5.934986032102495e-11         
4.500000000000000e+00         5.942218694331819e-11         
4.503125000000000e+00         5.949504721556219e-11         
4.506250000000001e+00         5.956891893247763e-11         
4.509375000000000e+00         5.964280865185618e-11         
4.512500000000000e+00         5.971706140404204e-11         
4.515625000000000e+00         5.979229984323864e-11         
4.518750000000000e+00         5.986804511707532e-11         
4.521875000000001e+00         5.994496116825774e-11         
4.525000000000000e+00         6.002190552672303e-11         
4.528125000000000e+00         6.009946225317735e-11         
4.531250000000000e+00         6.017718480515638e-11         
4.534375000000000e+00         6.025586909549807e-11         
4.537500000000001e+00         6.033568361030392e-11         
4.540625000000000e+00         6.041568950064164e-11         
4.543750000000000e+00         6.049622809130536e-11         
4.546875000000000e+00         6.057688601417472e-11         
4.550000000000000e+00         6.065867002852811e-11         
4.553125000000001e+00         6.074149769771588e-11         
4.556250000000000e+00         6.082446893354689e-11         
4.559375000000000e+00         6.090809376491983e-11         
4.562500000000000e+00         6.099225091200095e-11         
4.565625000000000e+00         6.107657958397014e-11         
4.568750000000001e+00         6.116260434210977e-11         
4.571875000000000e+00         6.124865174328379e-11         
4.575000000000000e+00         6.133520351260625e-11         
4.578125000000000e+00         6.142256936464478e-11         
4.581250000000000e+00         6.151059073254515e-11         
4.584375000000001e+00         6.159961384131126e-11         
4.587500000000000e+00         6.168826194334091e-11         
4.590625000000000e+00         6.177803417499061e-11         
4.593750000000000e+00         6.186842611902011e-11         
4.596875000000000e+00         6.195952236939115e-11         
4.600000000000001e+00         6.205182269305494e-11         
4.603125000000000e+00         6.214369654693238e-11         
4.606250000000000e+00         6.223673195492833e-11         
4.609375000000000e+00         6.233043250839873e-11         
4.612500000000000e+00         6.242500523974992e-11         
4.615625000000001e+00         6.252062840270657e-11         
4.618750000000000e+00         6.261632525221699e-11         
4.621875000000000e+00         6.271227321570984e-11         
4.625000000000000e+00         6.280915751003221e-11         
4.628125000000000e+00         6.290696243386471e-11         
4.631250000000001e+00         6.300577539888457e-11         
4.634375000000000e+00         6.310487906098591e-11         
4.637500000000000e+00         6.320484020399559e-11         
4.640625000000000e+00         6.330484678665613e-11         
4.643750000000000e+00         6.340604347709995e-11         
4.646875000000001e+00         6.350831807066465e-11         
4.650000000000000e+00         6.361054199309475e-11         
4.653125000000000e+00         6.371386967281511e-11         
4.656250000000000e+00         6.381778929339366e-11         
4.659375000000000e+00         6.392192819880852e-11         
4.662500000000001e+00         6.402760478323758e-11         
4.665625000000000e+00         6.413363554715057e-11         
4.668750000000000e+00         6.424032792318048e-11         
4.671875000000000e+00         6.434765592461015e-11         
4.675000000000000e+00         6.445585355219497e-11         
4.678125000000001e+00         6.456463083263414e-11         
4.681250000000000e+00         6.467431583197806e-11         
4.684375000000000e+00         6.478450794681769e-11         
4.687500000000000e+00         6.489558574309196e-11         
4.690625000000000e+00         6.500735896542124e-11         
4.693750000000001e+00         6.512035675757273e-11         
4.696875000000000e+00         6.523312675315842e-11         
4.700000000000000e+00         6.534706437075937e-11         
4.703125000000000e+00         6.546178254906036e-11         
4.706250000000000e+00         6.557726554869466e-11         
4.709375000000001e+00         6.569397360925664e-11         
4.712500000000000e+00         6.581108362066995e-11         
4.715625000000000e+00         6.592831966842576e-11         
4.718750000000000e+00         6.604679800823979e-11         
4.721875000000000e+00         6.616604329868919e-11         
4.725000000000001e+00         6.628658340570912e-11         
4.728125000000000e+00         6.640743486191827e-11         
4.731250000000000e+00         6.652903528035905e-11         
4.734375000000000e+00         6.665090740900273e-11         
4.737500000000000e+00         6.677409773285072e-11         
4.740625000000001e+00         6.689854756689244e-11         
4.743750000000000e+00         6.702330954236498e-11         
4.746875000000000e+00         6.714880043074191e-11         
4.750000000000000e+00         6.727518342343884e-11         
4.753125000000000e+00         6.740184597752704e-11         
4.756250000000001e+00         6.753030825601305e-11         
4.759375000000000e+00         6.765906517771449e-11         
4.762500000000000e+00         6.778860509436707e-11         
4.765625000000000e+00         6.791902490596049e-11         
4.768750000000000e+00         6.804969418763908e-11         
4.771875000000001e+00         6.818222749945994e-11         
4.775000000000000e+00         6.831511064909214e-11         
4.778125000000000e+00         6.844883810220909e-11         
4.781250000000000e+00         6.858334027802202e-11         
4.784375000000000e+00         6.871878784881270e-11         
4.787500000000001e+00         6.885559214182532e-11         
4.790625000000000e+00         6.899207827749526e-11         
4.793750000000000e+00         6.913010445351897e-11         
4.796875000000000e+00         6.926887878968927e-11         
4.800000000000001e+00         6.940905205590154e-11         
4.803125000000001e+00         6.954958782523349e-11         
4.806250000000000e+00         6.969090186064564e-11         
4.809375000000000e+00         6.983275729031596e-11         
4.812500000000000e+00         6.997597639408564e-11         
4.815625000000001e+00         7.012055088251301e-11         
4.818750000000001e+00         7.026546343114796e-11         
4.821875000000000e+00         7.041128908953121e-11         
4.825000000000000e+00         7.055751737507274e-11         
4.828125000000000e+00         7.070516110169062e-11         
4.831250000000001e+00         7.085423446987111e-11         
4.834375000000001e+00         7.100356755602460e-11         
4.837500000000000e+00         7.115395797003522e-11         
4.840625000000000e+00         7.130526953067962e-11         
4.843750000000000e+00         7.145697524622817e-11         
4.846875000000001e+00         7.161055785241556e-11         
4.850000000000001e+00         7.176462892100395e-11         
4.853125000000000e+00         7.191969075953512e-11         
4.856250000000000e+00         7.207562979246724e-11         
4.859375000000000e+00         7.223250080705439e-11         
4.862500000000001e+00         7.239077649253345e-11         
4.865625000000001e+00         7.254906092226379e-11         
4.868750000000000e+00         7.270880691658946e-11         
4.871875000000000e+00         7.286954951418821e-11         
4.875000000000000e+00         7.303110880794908e-11         
4.878125000000001e+00         7.319432311701167e-11         
4.881250000000001e+00         7.335811601379240e-11         
4.884375000000000e+00         7.352215475771016e-11         
4.887500000000000e+00         7.368777830420281e-11         
4.890625000000000e+00         7.385430559704450e-11         
4.893750000000001e+00         7.402238113930433e-11         
4.896875000000001e+00         7.419093195566714e-11         
4.900000000000000e+00         7.435992214268154e-11         
4.903125000000000e+00         7.453054284092189e-11         
4.906250000000000e+00         7.470222191666787e-11         
4.909375000000001e+00         7.487534772458968e-11         
4.912500000000001e+00         7.504901549502881e-11         
4.915625000000000e+00         7.522380384895149e-11         
4.918750000000000e+00         7.539891310236698e-11         
4.921875000000000e+00         7.557568337444917e-11         
4.925000000000001e+00         7.575402067929387e-11         
4.928125000000001e+00         7.593296025507962e-11         
4.931250000000000e+00         7.611280945139175e-11         
4.934375000000000e+00         7.629377186336924e-11         
4.937500000000000e+00         7.647525026078801e-11         
4.940625000000001e+00         7.665893070342366e-11         
4.943750000000001e+00         7.684313322148665e-11         
4.946875000000000e+00         7.702835510781148e-11         
4.950000000000000e+00         7.721472328040927e-11         
4.953125000000000e+00         7.740206818919781e-11         
4.956250000000001e+00         7.759059570267852e-11         
4.959375000000001e+00         7.778022862366226e-11         
4.962500000000000e+00         7.797103476520094e-11         
4.965625000000000e+00         7.816294567961918e-11         
4.968750000000000e+00         7.835577597224691e-11         
4.971875000000001e+00         7.855048550333911e-11         
4.975000000000001e+00         7.874511574937088e-11         
4.978125000000000e+00         7.894141506677298e-11         
4.981250000000000e+00         7.913880449931802e-11         
4.984375000000000e+00         7.933741591468746e-11         
4.987500000000001e+00         7.953762125703220e-11         
4.990625000000001e+00         7.973863506781641e-11         
4.993750000000000e+00         7.994002515992544e-11         
4.996875000000000e+00         8.014328352547339e-11         
5.000000000000000e+00         8.034767512847216e-11         
5.003125000000001e+00         8.055375530921065e-11         
5.006250000000001e+00         8.076037064787364e-11         
5.009375000000000e+00         8.096831983594031e-11         
5.012500000000000e+00         8.117678191878313e-11         
5.015625000000000e+00         8.138702759630315e-11         
5.018750000000001e+00         8.159902426486827e-11         
5.021875000000001e+00         8.181164518192929e-11         
5.025000000000000e+00         8.202543302678956e-11         
5.028125000000000e+00         8.224052767816410e-11         
5.031250000000000e+00         8.245628326687197e-11         
5.034375000000001e+00         8.267424062542273e-11         
5.037500000000001e+00         8.289298446717765e-11         
5.040625000000000e+00         8.311291104626981e-11         
5.043750000000000e+00         8.333398192357174e-11         
5.046875000000000e+00         8.355581190855242e-11         
5.050000000000001e+00         8.378010475264754e-11         
5.053125000000001e+00         8.400489975942525e-11         
5.056250000000000e+00         8.423096682751950e-11         
5.059375000000000e+00         8.445843225118551e-11         
5.062500000000000e+00         8.468700927931521e-11         
5.065625000000001e+00         8.491755167345417e-11         
5.068750000000001e+00         8.514821997455386e-11         
5.071875000000000e+00         8.538054067205291e-11         
5.075000000000000e+00         8.561432136628353e-11         
5.078125000000000e+00         8.584930897710183e-11         
5.081250000000001e+00         8.608607378314137e-11         
5.084375000000001e+00         8.632364680338633e-11         
5.087500000000000e+00         8.656187609444866e-11         
5.090625000000000e+00         8.680210630239723e-11         
5.093750000000000e+00         8.704349032180655e-11         
5.096875000000001e+00         8.728699221445556e-11         
5.100000000000001e+00         8.753097319292868e-11         
5.103125000000000e+00         8.777567325247280e-11         
5.106250000000000e+00         8.802231651939583e-11         
5.109375000000000e+00         8.827044495840662e-11         
5.112500000000001e+00         8.852028156728483e-11         
5.115625000000001e+00         8.877101272740250e-11         
5.118750000000000e+00         8.902292447807236e-11         
5.121875000000000e+00         8.927568211547994e-11         
5.125000000000000e+00         8.953026247790900e-11         
5.128125000000001e+00         8.978689206445051e-11         
5.131250000000001e+00         9.004426043408887e-11         
5.134375000000000e+00         9.030286341013310e-11         
5.137500000000000e+00         9.056292392239232e-11         
5.140625000000000e+00         9.082360281981611e-11         
5.143750000000001e+00         9.108694692816935e-11         
5.146875000000001e+00         9.135115288380131e-11         
5.150000000000000e+00         9.161656791955184e-11         
5.153125000000000e+00         9.188340689131011e-11         
5.156250000000000e+00         9.215169106216225e-11         
5.159375000000001e+00         9.242170361060900e-11         
5.162500000000001e+00         9.269205564472288e-11         
5.165625000000000e+00         9.296426826522205e-11         
5.168750000000000e+00         9.323797442754939e-11         
5.171875000000000e+00         9.351294931355626e-11         
5.175000000000001e+00         9.378987908550657e-11         
5.178125000000001e+00         9.406695814704310e-11         
5.181250000000000e+00         9.434617165461431e-11         
5.184375000000000e+00         9.462673601077061e-11         
5.187500000000000e+00         9.490866008928628e-11         
5.190625000000001e+00         9.519252808750724e-11         
5.193750000000001e+00         9.547711934237692e-11         
5.196875000000000e+00         9.576255971451471e-11         
5.200000000000000e+00         9.604994553838782e-11         
5.203125000000000e+00         9.633879923897134e-11         
5.206250000000001e+00         9.662953536500964e-11         
5.209375000000001e+00         9.692112375969963e-11         
5.212500000000000e+00         9.721403494588056e-11         
5.215625000000000e+00         9.750772368122681e-11         
5.218750000000000e+00         9.780347462239426e-11         
5.221875000000001e+00         9.810103117002534e-11         
5.225000000000001e+00         9.839958680461656e-11         
5.228125000000000e+00         9.869929262557418e-11         
5.231250000000000e+00         9.900053638544686e-11         
5.234375000000000e+00         9.930237884075826e-11         
5.237500000000001e+00         9.960688139025411e-11         
5.240625000000001e+00         9.991228464683824e-11         
5.243750000000000e+00         1.002189261387064e-10         
5.246875000000000e+00         1.005269143930840e-10         
5.250000000000000e+00         1.008355840012991e-10         
5.253125000000001e+00         1.011469587742167e-10         
5.256250000000001e+00         1.014591207987543e-10         
5.259375000000000e+00         1.017723621495461e-10         
5.262500000000000e+00         1.020871245293152e-10         
5.265625000000000e+00         1.024031172077120e-10         
5.268750000000001e+00         1.027211305380606e-10         
5.271875000000001e+00         1.030391583063669e-10         
5.275000000000000e+00         1.033591178948748e-10         
5.278125000000000e+00         1.036804638042945e-10         
5.281250000000000e+00         1.040031526355044e-10         
5.284375000000001e+00         1.043275803505509e-10         
5.287500000000001e+00         1.046528056043039e-10         
5.290625000000000e+00         1.049785353090632e-10         
5.293750000000000e+00         1.053064462010053e-10         
5.296875000000000e+00         1.056354873470267e-10         
5.300000000000001e+00         1.059664270485349e-10         
5.303125000000001e+00         1.062978722527545e-10         
5.306250000000000e+00         1.066305307442645e-10         
5.309375000000000e+00         1.069639595568513e-10         
5.312500000000000e+00         1.072992292139975e-10         
5.315625000000001e+00         1.076361867033018e-10         
5.318750000000001e+00         1.079738238844344e-10         
5.321875000000000e+00         1.083125692807962e-10         
5.325000000000000e+00         1.086516595340946e-10         
5.328125000000000e+00         1.089928819206711e-10         
5.331250000000001e+00         1.093358543853611e-10         
5.334375000000001e+00         1.096791632609598e-10         
5.337500000000000e+00         1.100237399232458e-10         
5.340625000000000e+00         1.103691973302476e-10         
5.343750000000000e+00         1.107151794028011e-10         
5.346875000000001e+00         1.110635571032382e-10         
5.350000000000001e+00         1.114125021878607e-10         
5.353125000000000e+00         1.117622675791981e-10         
5.356250000000000e+00         1.121130985638724e-10         
5.359375000000000e+00         1.124648904620077e-10         
5.362500000000001e+00         1.128184392944474e-10         
5.365625000000001e+00         1.131714656262448e-10         
5.368750000000000e+00         1.135262537612067e-10         
5.371875000000000e+00         1.138819184161684e-10         
5.375000000000000e+00         1.142385479758305e-10         
5.378125000000001e+00         1.145966254602249e-10         
5.381250000000001e+00         1.149548538089508e-10         
5.384375000000000e+00         1.153132501892360e-10         
5.387500000000000e+00         1.156733114535480e-10         
5.390625000000000e+00         1.160342074286260e-10         
5.393750000000001e+00         1.163962819307828e-10         
5.396875000000001e+00         1.167585994777359e-10         
5.400000000000000e+00         1.171208354260250e-10         
5.403125000000000e+00         1.174845256918151e-10         
5.406250000000000e+00         1.178488456697350e-10         
5.409375000000001e+00         1.182147060276437e-10         
5.412500000000001e+00         1.185801961450125e-10         
5.415625000000000e+00         1.189466215932749e-10         
5.418750000000000e+00         1.193124931168178e-10         
5.421875000000000e+00         1.196798773396788e-10         
5.425000000000001e+00         1.200483167913111e-10         
5.428125000000001e+00         1.204164880997245e-10         
5.431250000000000e+00         1.207851691397349e-10         
5.434375000000000e+00         1.211543103437623e-10         
5.437500000000000e+00         1.215230292157603e-10         
5.440625000000001e+00         1.218933131295987e-10         
5.443750000000001e+00         1.222634953181283e-10         
5.446875000000000e+00         1.226336927527598e-10         
5.450000000000000e+00         1.230043714272109e-10         
5.453125000000000e+00         1.233750153543657e-10         
5.456250000000001e+00         1.237458462275709e-10         
5.459375000000001e+00         1.241167054035972e-10         
5.462500000000000e+00         1.244879501537241e-10         
5.465625000000000e+00         1.248589149274657e-10         
5.468750000000000e+00         1.252299483934558e-10         
5.471875000000001e+00         1.256017955737736e-10         
5.475000000000001e+00         1.259719777608864e-10         
5.478125000000000e+00         1.263427718335884e-10         
5.481250000000000e+00         1.267132607129139e-10         
5.484375000000000e+00         1.270835194456933e-10         
5.487500000000001e+00         1.274545603834694e-10         
5.490625000000001e+00         1.278242550054915e-10         
5.493750000000000e+00         1.281929656698241e-10         
5.496875000000000e+00         1.285619448798877e-10         
5.500000000000000e+00         1.289305160534525e-10         
5.503125000000001e+00         1.292991503835447e-10         
5.506250000000001e+00         1.296666155448060e-10         
5.509375000000000e+00         1.300332946581496e-10         
5.512500000000000e+00         1.303988311373069e-10         
5.515625000000000e+00         1.307643421173115e-10         
5.518750000000001e+00         1.311298233703085e-10         
5.521875000000001e+00         1.314936032883453e-10         
5.525000000000000e+00         1.318567806761517e-10         
5.528125000000000e+00         1.322188124229230e-10         
5.531250000000000e+00         1.325792615426391e-10         
5.534375000000001e+00         1.329400797664015e-10         
5.537500000000001e+00         1.332989582528336e-10         
5.540625000000000e+00         1.336568951508655e-10         
5.543750000000000e+00         1.340133577806585e-10         
5.546875000000000e+00         1.343678723856473e-10         
5.550000000000001e+00         1.347227599728033e-10         
5.553125000000001e+00         1.350754486233561e-10         
5.556250000000000e+00         1.354267599157257e-10         
5.559375000000000e+00         1.357764539221951e-10         
5.562500000000000e+00         1.361246865089456e-10         
5.565625000000001e+00         1.364719424309983e-10         
5.568750000000001e+00         1.368160241296182e-10         
5.571875000000000e+00         1.371591975913417e-10         
5.575000000000000e+00         1.375005587682741e-10         
5.578125000000000e+00         1.378400501835083e-10         
5.581250000000001e+00         1.381783149088429e-10         
5.584375000000001e+00         1.385137746726958e-10         
5.587500000000000e+00         1.388464419221848e-10         
5.590625000000000e+00         1.391779872842839e-10         
5.593750000000000e+00         1.395070842033352e-10         
5.596875000000001e+00         1.398348108263120e-10         
5.600000000000001e+00         1.401595648034791e-10         
5.603125000000000e+00         1.404808498958368e-10         
5.606250000000000e+00         1.408006521521154e-10         
5.609375000000000e+00         1.411180150848280e-10         
5.612500000000001e+00         1.414335465861634e-10         
5.615625000000001e+00         1.417457106323678e-10         
5.618750000000000e+00         1.420551617542238e-10         
5.621875000000000e+00         1.423609386726898e-10         
5.625000000000000e+00         1.426647786109150e-10         
5.628125000000001e+00         1.429665159603009e-10         
5.631250000000001e+00         1.432645842197170e-10         
5.634375000000000e+00         1.435597292136387e-10         
5.637500000000000e+00         1.438514450116207e-10         
5.640625000000000e+00         1.441393881986529e-10         
5.643750000000001e+00         1.444257735035915e-10         
5.646875000000001e+00         1.447079881324975e-10         
5.650000000000000e+00         1.449871099852952e-10         
5.653125000000000e+00         1.452628098099458e-10         
5.656250000000000e+00         1.455350016436641e-10         
5.659375000000001e+00         1.458042539856056e-10         
5.662500000000001e+00         1.460687440055810e-10         
5.665625000000000e+00         1.463301014382182e-10         
5.668750000000000e+00         1.465878365632175e-10         
5.671875000000000e+00         1.468419888167483e-10         
5.675000000000001e+00         1.470930704988868e-10         
5.678125000000001e+00         1.473385099498118e-10         
5.681250000000000e+00         1.475810192130973e-10         
5.684375000000000e+00         1.478196496571405e-10         
5.687500000000000e+00         1.480540260618137e-10         
5.690625000000001e+00         1.482854017628605e-10         
5.693750000000001e+00         1.485117418638116e-10         
5.696875000000000e+00         1.487330241669515e-10         
5.700000000000000e+00         1.489507851397331e-10         
5.703125000000000e+00         1.491644637638521e-10         
5.706250000000001e+00         1.493746324211456e-10         
5.709375000000001e+00         1.495797491643741e-10         
5.712500000000000e+00         1.497805209458399e-10         
5.715625000000000e+00         1.499755155384636e-10         
5.718750000000000e+00         1.501671656647878e-10         
5.721875000000001e+00         1.503552245644777e-10         
5.725000000000001e+00         1.505376203507033e-10         
5.728125000000000e+00         1.507156897384783e-10         
5.731250000000000e+00         1.508891581558660e-10         
5.734375000000000e+00         1.510568388410318e-10         
5.737500000000001e+00         1.512215701523147e-10         
5.740625000000001e+00         1.513806724995694e-10         
5.743750000000000e+00         1.515353129828915e-10         
5.746875000000000e+00         1.516848237208073e-10         
5.750000000000000e+00         1.518298404371937e-10         
5.753125000000001e+00         1.519694044405281e-10         
5.756250000000001e+00         1.521043566739930e-10         
5.759375000000000e+00         1.522344989879117e-10         
5.762500000000000e+00         1.523596329548715e-10         
5.765625000000000e+00         1.524799579766184e-10         
5.768750000000001e+00         1.525960625596408e-10         
5.771875000000001e+00         1.527055478744800e-10         
5.775000000000000e+00         1.528107852518612e-10         
5.778125000000000e+00         1.529110885873984e-10         
5.781250000000000e+00         1.530065719524369e-10         
5.784375000000001e+00         1.530975587406980e-10         
5.787500000000001e+00         1.531827394989279e-10         
5.790625000000000e+00         1.532620183994502e-10         
5.793750000000000e+00         1.533370917267542e-10         
5.796875000000000e+00         1.534073835242805e-10         
5.800000000000001e+00         1.534731238235756e-10         
5.803125000000001e+00         1.535331698557346e-10         
5.806250000000000e+00         1.535880630340158e-10         
5.809375000000000e+00         1.536372981157450e-10         
5.812500000000000e+00         1.536820394168546e-10         
5.815625000000001e+00         1.537227937507282e-10         
5.818750000000001e+00         1.537574685148693e-10         
5.821875000000000e+00         1.537874004899102e-10         
5.825000000000000e+00         1.538114024076737e-10         
5.828125000000000e+00         1.538310942018871e-10         
5.831250000000001e+00         1.538469363910204e-10         
5.834375000000001e+00         1.538568977984334e-10         
5.837500000000000e+00         1.538619305934214e-10         
5.840625000000000e+00         1.538621641837147e-10         
5.843750000000000e+00         1.538564777986498e-10         
5.846875000000001e+00         1.538476296133008e-10         
5.850000000000001e+00         1.538331899340301e-10         
5.853125000000000e+00         1.538139390830761e-10         
5.856250000000000e+00         1.537898948541708e-10         
5.859375000000000e+00         1.537613354407094e-10         
5.862500000000001e+00         1.537288206288933e-10         
5.865625000000001e+00         1.536896901850143e-10         
5.868750000000000e+00         1.536469854075885e-10         
5.871875000000000e+00         1.535996312068851e-10         
5.875000000000000e+00         1.535478200887854e-10         
5.878125000000001e+00         1.534920082898368e-10         
5.881250000000001e+00         1.534310284570807e-10         
5.884375000000000e+00         1.533646539523556e-10         
5.887500000000000e+00         1.532947615400144e-10         
5.890625000000000e+00         1.532206384380585e-10         
5.893750000000001e+00         1.531429840324010e-10         
5.896875000000001e+00         1.530599981576065e-10         
5.900000000000000e+00         1.529723071019123e-10         
5.903125000000000e+00         1.528809648230916e-10         
5.906250000000000e+00         1.527856881313657e-10         
5.909375000000001e+00         1.526871279706520e-10         
5.912500000000001e+00         1.525835668492785e-10         
5.915625000000000e+00         1.524760702916989e-10         
5.918750000000000e+00         1.523638633752048e-10         
5.921875000000000e+00         1.522484236537406e-10         
5.925000000000001e+00         1.521300152905661e-10         
5.928125000000001e+00         1.520073024891260e-10         
5.931250000000000e+00         1.518807457824209e-10         
5.934375000000000e+00         1.517504371105616e-10         
5.937500000000000e+00         1.516154305105979e-10         
5.940625000000001e+00         1.514788554898427e-10         
5.943750000000001e+00         1.513375626917545e-10         
5.946875000000000e+00         1.511932184213985e-10         
5.950000000000000e+00         1.510453978901261e-10         
5.953125000000000e+00         1.508942119264695e-10         
5.956250000000001e+00         1.507395532871272e-10         
5.959375000000001e+00         1.505815830749956e-10         
5.962500000000000e+00         1.504208462662350e-10         
5.965625000000000e+00         1.502568617077266e-10         
5.968750000000000e+00         1.500898057518232e-10         
5.971875000000001e+00         1.499205586687399e-10         
5.975000000000001e+00         1.497466246619578e-10         
5.978125000000000e+00         1.495708484962046e-10         
5.981250000000000e+00         1.493921224629684e-10         
5.984375000000000e+00         1.492107650495194e-10         
5.987500000000001e+00         1.490274921247737e-10         
5.990625000000001e+00         1.488405814620104e-10         
5.993750000000000e+00         1.486505175152947e-10         
5.996875000000000e+00         1.484585328245554e-10         
6.000000000000000e+00         1.482642879131513e-10         
6.003125000000001e+00         1.480680908257363e-10         
6.006250000000001e+00         1.478690589803108e-10         
6.009375000000000e+00         1.476678607896282e-10         
6.012500000000000e+00         1.474632916515207e-10         
6.015625000000000e+00         1.472575820986614e-10         
6.018750000000001e+00         1.470502877039218e-10         
6.021875000000001e+00         1.468405437003659e-10         
6.025000000000000e+00         1.466285542981526e-10         
6.028125000000000e+00         1.464148132851179e-10         
6.031250000000000e+00         1.461982381824855e-10         
6.034375000000001e+00         1.459814795000761e-10         
6.037500000000001e+00         1.457618774327258e-10         
6.040625000000000e+00         1.455406707979171e-10         
6.043750000000000e+00         1.453179071885358e-10         
6.046875000000000e+00         1.450927767248310e-10         
6.050000000000001e+00         1.448675874159198e-10         
6.053125000000001e+00         1.446400667399971e-10         
6.056250000000000e+00         1.444111308909295e-10         
6.059375000000000e+00         1.441808166253904e-10         
6.062500000000000e+00         1.439490733076950e-10         
6.065625000000001e+00         1.437169241376721e-10         
6.068750000000001e+00         1.434817746068055e-10         
6.071875000000000e+00         1.432461959333780e-10         
6.075000000000000e+00         1.430096571319302e-10         
6.078125000000000e+00         1.427717668863739e-10         
6.081250000000001e+00         1.425337847208468e-10         
6.084375000000001e+00         1.422940938234234e-10         
6.087500000000000e+00         1.420524769947141e-10         
6.090625000000000e+00         1.418108775773681e-10         
6.093750000000000e+00         1.415683711010167e-10         
6.096875000000001e+00         1.413257192850964e-10         
6.100000000000001e+00         1.410816465287568e-10         
6.103125000000000e+00         1.408358839227900e-10         
6.106250000000000e+00         1.405901317070337e-10         
6.109375000000000e+00         1.403440622382151e-10         
6.112500000000001e+00         1.400979936930679e-10         
6.115625000000001e+00         1.398505708401443e-10         
6.118750000000000e+00         1.396027490024946e-10         
6.121875000000000e+00         1.393534320028029e-10         
6.125000000000000e+00         1.391045823329886e-10         
6.128125000000001e+00         1.388560007394686e-10         
6.131250000000001e+00         1.386064626040189e-10         
6.134375000000000e+00         1.383564026918922e-10         
6.137500000000000e+00         1.381061240735001e-10         
6.140625000000000e+00         1.378547921970258e-10         
6.143750000000001e+00         1.376047221555683e-10         
6.146875000000001e+00         1.373539401874819e-10         
6.150000000000000e+00         1.371027494390824e-10         
6.153125000000000e+00         1.368515726641099e-10         
6.156250000000000e+00         1.366003123616911e-10         
6.159375000000001e+00         1.363497812110475e-10         
6.162500000000001e+00         1.360977632767858e-10         
6.165625000000000e+00         1.358463021821613e-10         
6.168750000000000e+00         1.355950436739972e-10         
6.171875000000000e+00         1.353439059018836e-10         
6.175000000000001e+00         1.350935733578456e-10         
6.178125000000001e+00         1.348417039493133e-10         
6.181250000000000e+00         1.345909322792994e-10         
6.184375000000000e+00         1.343403028486489e-10         
6.187500000000000e+00         1.340899833184454e-10         
6.190625000000001e+00         1.338406026180332e-10         
6.193750000000001e+00         1.335907447123931e-10         
6.196875000000000e+00         1.333401901026938e-10         
6.200000000000000e+00         1.330910299966254e-10         
6.203125000000000e+00         1.328420823066152e-10         
6.206250000000001e+00         1.325941109947504e-10         
6.209375000000001e+00         1.323461393103933e-10         
6.212500000000000e+00         1.320983498062123e-10         
6.215625000000000e+00         1.318502774576889e-10         
6.218750000000000e+00         1.316035410288929e-10         
6.221875000000001e+00         1.313578764381174e-10         
6.225000000000001e+00         1.311121189206497e-10         
6.228125000000000e+00         1.308666463780120e-10         
6.231250000000000e+00         1.306220255175392e-10         
6.234375000000000e+00         1.303768542183984e-10         
6.237500000000001e+00         1.301339702721046e-10         
6.240625000000001e+00         1.298909255857304e-10         
6.243750000000000e+00         1.296485122790844e-10         
6.246875000000000e+00         1.294067399332709e-10         
6.250000000000000e+00         1.291648187544748e-10         
6.253125000000001e+00         1.289252144895767e-10         
6.256250000000001e+00         1.286854502464778e-10         
6.259375000000000e+00         1.284463809729735e-10         
6.262500000000000e+00         1.282080721797511e-10         
6.265625000000000e+00         1.279704581795700e-10         
6.268750000000001e+00         1.277342980056519e-10         
6.271875000000001e+00         1.274975503140814e-10         
6.275000000000000e+00         1.272622966464140e-10         
6.278125000000000e+00         1.270278694310034e-10         
6.281250000000000e+00         1.267941920790308e-10         
6.284375000000001e+00         1.265618601141280e-10         
6.287500000000001e+00         1.263298214161570e-10         
6.290625000000000e+00         1.260980276007469e-10         
6.293750000000000e+00         1.258677448470181e-10         
6.296875000000000e+00         1.256383449577506e-10         
6.300000000000001e+00         1.254102665869552e-10         
6.303125000000001e+00         1.251826289574393e-10         
6.306250000000000e+00         1.249559593062879e-10         
6.309375000000000e+00         1.247294370242393e-10         
6.312500000000000e+00         1.245044006825922e-10         
6.315625000000001e+00         1.242810106371140e-10         
6.318750000000001e+00         1.240579723944139e-10         
6.321875000000000e+00         1.238357536561743e-10         
6.325000000000000e+00         1.236139199257963e-10         
6.328125000000000e+00         1.233936882342349e-10         
6.331250000000001e+00         1.231750425627202e-10         
6.334375000000001e+00         1.229568848681539e-10         
6.337500000000000e+00         1.227394946459335e-10         
6.340625000000000e+00         1.225231891262723e-10         
6.343750000000000e+00         1.223071608531499e-10         
6.346875000000001e+00         1.220935293962655e-10         
6.350000000000001e+00         1.218802034173816e-10         
6.353125000000000e+00         1.216681432824916e-10         
6.356250000000000e+00         1.214568566566118e-10         
6.359375000000000e+00         1.212465765347349e-10         
6.362500000000001e+00         1.210381287912507e-10         
6.365625000000001e+00         1.208293701859820e-10         
6.368750000000000e+00         1.206224311624175e-10         
6.371875000000000e+00         1.204162396760140e-10         
6.375000000000000e+00         1.202112869670473e-10         
6.378125000000001e+00         1.200080959080794e-10         
6.381250000000001e+00         1.198052728870645e-10         
6.384375000000000e+00         1.196028109404462e-10         
6.387500000000000e+00         1.194020604363347e-10         
6.390625000000000e+00         1.192024229518043e-10         
6.393750000000001e+00         1.190046366811414e-10         
6.396875000000001e+00         1.188069463044977e-10         
6.400000000000000e+00         1.186100641704302e-10         
6.403125000000000e+00         1.184148069090222e-10         
6.406250000000000e+00         1.182206659534386e-10         
6.409375000000001e+00         1.180282246694267e-10         
6.412500000000001e+00         1.178362295043809e-10         
6.415625000000000e+00         1.176452417204863e-10         
6.418750000000000e+00         1.174547949531596e-10         
6.421875000000000e+00         1.172660687950326e-10         
6.425000000000001e+00         1.170791230660448e-10         
6.428125000000001e+00         1.168926648265410e-10         
6.431250000000000e+00         1.167071819100139e-10         
6.434375000000000e+00         1.165231034025203e-10         
6.437500000000000e+00         1.163393242667822e-10         
6.440625000000001e+00         1.161579472465034e-10         
6.443750000000001e+00         1.159768947036252e-10         
6.446875000000000e+00         1.157972374967687e-10         
6.450000000000000e+00         1.156184640368423e-10         
6.453125000000000e+00         1.154408617406559e-10         
6.456250000000001e+00         1.152644048098794e-10         
6.459375000000001e+00         1.150891340825206e-10         
6.462500000000000e+00         1.149146799763543e-10         
6.465625000000000e+00         1.147416601265505e-10         
6.468750000000000e+00         1.145695441142830e-10         
6.471875000000001e+00         1.143992586622372e-10         
6.475000000000001e+00         1.142287823095229e-10         
6.478125000000000e+00         1.140601565336927e-10         
6.481250000000000e+00         1.138926500373599e-10         
6.484375000000000e+00         1.137261722955089e-10         
6.487500000000001e+00         1.135614577799528e-10         
6.490625000000001e+00         1.133973645704840e-10         
6.493750000000000e+00         1.132335975236324e-10         
6.496875000000000e+00         1.130716125488519e-10         
6.500000000000000e+00         1.129106967549975e-10         
6.503125000000001e+00         1.127515722619232e-10         
6.506250000000001e+00         1.125929717531795e-10         
6.509375000000000e+00         1.124353751394543e-10         
6.512500000000000e+00         1.122783911164220e-10         
6.515625000000000e+00         1.121230463640175e-10         
6.518750000000001e+00         1.119694211010149e-10         
6.521875000000001e+00         1.118163024361230e-10         
6.525000000000000e+00         1.116642998224451e-10         
6.528125000000000e+00         1.115134435186536e-10         
6.531250000000000e+00         1.113630416354778e-10         
6.534375000000001e+00         1.112150438412593e-10         
6.537500000000001e+00         1.110674431048086e-10         
6.540625000000000e+00         1.109208958229397e-10         
6.543750000000000e+00         1.107754826701676e-10         
6.546875000000000e+00         1.106306064251744e-10         
6.550000000000001e+00         1.104879035254920e-10         
6.553125000000001e+00         1.103457881887062e-10         
6.556250000000000e+00         1.102047168144288e-10         
6.559375000000000e+00         1.100647727683490e-10         
6.562500000000000e+00         1.099258989268941e-10         
6.565625000000001e+00         1.097886461677989e-10         
6.568750000000001e+00         1.096514417942429e-10         
6.571875000000000e+00         1.095157628617022e-10         
6.575000000000000e+00         1.093812974073311e-10         
6.578125000000000e+00         1.092478511482263e-10         
6.581250000000001e+00         1.091160280655127e-10         
6.584375000000001e+00         1.089846687261581e-10         
6.587500000000000e+00         1.088539788219589e-10         
6.590625000000000e+00         1.087247848341276e-10         
6.593750000000000e+00         1.085966814832084e-10         
6.596875000000001e+00         1.084701559792014e-10         
6.600000000000001e+00         1.083443057374138e-10         
6.603125000000000e+00         1.082188651854067e-10         
6.606250000000000e+00         1.080950047846536e-10         
6.609375000000000e+00         1.079721949955958e-10         
6.612500000000001e+00         1.078510146946216e-10         
6.615625000000001e+00         1.077302453989456e-10         
6.618750000000000e+00         1.076107105218523e-10         
6.621875000000000e+00         1.074914811423568e-10         
6.625000000000000e+00         1.073739850388860e-10         
6.628125000000001e+00         1.072580656369302e-10         
6.631250000000001e+00         1.071426322910931e-10         
6.634375000000000e+00         1.070281731879656e-10         
6.637500000000000e+00         1.069147816697215e-10         
6.640625000000000e+00         1.068019277343154e-10         
6.643750000000001e+00         1.066912791301343e-10         
6.646875000000001e+00         1.065809306973677e-10         
6.650000000000000e+00         1.064717168152656e-10         
6.653125000000000e+00         1.063635917974150e-10         
6.656250000000000e+00         1.062563407722873e-10         
6.659375000000001e+00         1.061507636610179e-10         
6.662500000000001e+00         1.060451223005970e-10         
6.665625000000000e+00         1.059409332172595e-10         
6.668750000000000e+00         1.058379503701800e-10         
6.671875000000000e+00         1.057357014731680e-10         
6.675000000000001e+00         1.056350859344961e-10         
6.678125000000001e+00         1.055344623256807e-10         
6.681250000000000e+00         1.054353746900007e-10         
6.684375000000000e+00         1.053373805589622e-10         
6.687500000000000e+00         1.052402660837887e-10         
6.690625000000001e+00         1.051445893658137e-10         
6.693750000000001e+00         1.050495746855911e-10         
6.696875000000000e+00         1.049550304956417e-10         
6.700000000000000e+00         1.048619710713641e-10         
6.703125000000000e+00         1.047698992628361e-10         
6.706250000000001e+00         1.046793856005786e-10         
6.709375000000001e+00         1.045891484726272e-10         
6.712500000000000e+00         1.045000453407040e-10         
6.715625000000000e+00         1.044112817266690e-10         
6.718750000000000e+00         1.043240469721633e-10         
6.721875000000001e+00         1.042385567076908e-10         
6.725000000000001e+00         1.041532972520242e-10         
6.728125000000000e+00         1.040690738102239e-10         
6.731250000000000e+00         1.039857136352427e-10         
6.734375000000000e+00         1.039028211563821e-10         
6.737500000000001e+00         1.038221907596418e-10         
6.740625000000001e+00         1.037417739310426e-10         
6.743750000000000e+00         1.036624025853615e-10         
6.746875000000000e+00         1.035839661696537e-10         
6.750000000000000e+00         1.035064428847527e-10         
6.753125000000001e+00         1.034298169053783e-10         
6.756250000000001e+00         1.033543701810776e-10         
6.759375000000000e+00         1.032797443789825e-10         
6.762500000000000e+00         1.032061359123216e-10         
6.765625000000000e+00         1.031333582212853e-10         
6.768750000000001e+00         1.030622256267868e-10         
6.771875000000001e+00         1.029908346496520e-10         
6.775000000000000e+00         1.029209940924784e-10         
6.778125000000000e+00         1.028519639691970e-10         
6.781250000000000e+00         1.027839191880340e-10         
6.784375000000001e+00         1.027174574275730e-10         
6.787500000000001e+00         1.026513842728851e-10         
6.790625000000000e+00         1.025855838334714e-10         
6.793750000000000e+00         1.025213681106421e-10         
6.796875000000000e+00         1.024580222136941e-10         
6.800000000000001e+00         1.023961299502329e-10         
6.803125000000001e+00         1.023346831282851e-10         
6.806250000000000e+00         1.022741959454216e-10         
6.809375000000000e+00         1.022139215640482e-10         
6.812500000000000e+00         1.021551390916358e-10         
6.815625000000001e+00         1.020979237605208e-10         
6.818750000000001e+00         1.020410254253476e-10         
6.821875000000000e+00         1.019850422414388e-10         
6.825000000000000e+00         1.019295592850587e-10         
6.828125000000000e+00         1.018754173069393e-10         
6.831250000000001e+00         1.018227087473515e-10         
6.834375000000001e+00         1.017704268656135e-10         
6.837500000000000e+00         1.017189249010654e-10         
6.840625000000000e+00         1.016684472851797e-10         
6.843750000000000e+00         1.016182450483193e-10         
6.846875000000001e+00         1.015700962700779e-10         
6.850000000000001e+00         1.015223003863298e-10         
6.853125000000000e+00         1.014753066307088e-10         
6.856250000000000e+00         1.014292650879114e-10         
6.859375000000000e+00         1.013842627668325e-10         
6.862500000000001e+00         1.013405928199558e-10         
6.865625000000001e+00         1.012967066946098e-10         
6.868750000000000e+00         1.012542041482421e-10         
6.871875000000000e+00         1.012126977138027e-10         
6.875000000000000e+00         1.011719772475352e-10         
6.878125000000001e+00         1.011328397592507e-10         
6.881250000000001e+00         1.010939222547147e-10         
6.884375000000000e+00         1.010555810737057e-10         
6.887500000000000e+00         1.010183697609997e-10         
6.890625000000000e+00         1.009822370619403e-10         
6.893750000000001e+00         1.009473228485346e-10         
6.896875000000001e+00         1.009128797716815e-10         
6.900000000000000e+00         1.008788584297417e-10         
6.903125000000000e+00         1.008463168449943e-10         
6.906250000000000e+00         1.008144261308435e-10         
6.909375000000001e+00         1.007840763567538e-10         
6.912500000000001e+00         1.007539562134568e-10         
6.915625000000000e+00         1.007246304796862e-10         
6.918750000000000e+00         1.006957879837724e-10         
6.921875000000000e+00         1.006684261692341e-10         
6.925000000000001e+00         1.006424733867121e-10         
6.928125000000001e+00         1.006165949910995e-10         
6.931250000000000e+00         1.005917790982796e-10         
6.934375000000000e+00         1.005678778556667e-10         
6.937500000000000e+00         1.005442257046719e-10         
6.940625000000001e+00         1.005226439501375e-10         
6.943750000000001e+00         1.005012423885466e-10         
6.946875000000000e+00         1.004807313874299e-10         
6.950000000000000e+00         1.004610014928654e-10         
6.953125000000000e+00         1.004422344182613e-10         
6.956250000000001e+00         1.004243288176809e-10         
6.959375000000001e+00         1.004072558007683e-10         
6.962500000000000e+00         1.003910506990777e-10         
6.965625000000000e+00         1.003756643969849e-10         
6.968750000000000e+00         1.003611568314991e-10         
6.971875000000001e+00         1.003474585144428e-10         
6.975000000000001e+00         1.003347995831613e-10         
6.978125000000000e+00         1.003228864748320e-10         
6.981250000000000e+00         1.003117425958922e-10         
6.984375000000000e+00         1.003015085104074e-10         
6.987500000000001e+00         1.002922100934403e-10         
6.990625000000001e+00         1.002837009808577e-10         
6.993750000000000e+00         1.002760794326489e-10         
6.996875000000000e+00         1.002692610412709e-10         
7.000000000000000e+00         1.002634148740007e-10         
7.003125000000001e+00         1.002584005110043e-10         
7.006250000000001e+00         1.002541569960132e-10         
7.009375000000000e+00         1.002505453137262e-10         
7.012500000000000e+00         1.002480052888562e-10         
7.015625000000000e+00         1.002462594615352e-10         
7.018750000000001e+00         1.002465244436002e-10         
7.021875000000001e+00         1.002454551442091e-10         
7.025000000000000e+00         1.002464131821134e-10         
7.028125000000000e+00         1.002481244003774e-10         
7.031250000000000e+00         1.002505162750722e-10         
7.034375000000001e+00         1.002549624934924e-10         
7.037500000000001e+00         1.002592417376837e-10         
7.040625000000000e+00         1.002632248341146e-10         
7.043750000000000e+00         1.002692074398939e-10         
7.046875000000000e+00         1.002759003625556e-10         
7.050000000000001e+00         1.002844491360585e-10         
7.053125000000001e+00         1.002928708638477e-10         
7.056250000000000e+00         1.003021496133184e-10         
7.059375000000000e+00         1.003113063672072e-10         
7.062500000000000e+00         1.003224264789808e-10         
7.065625000000001e+00         1.003352820289622e-10         
7.068750000000001e+00         1.003479554076745e-10         
7.071875000000000e+00         1.003615178867283e-10         
7.075000000000000e+00         1.003748305265305e-10         
7.078125000000000e+00         1.003900191755804e-10         
7.081250000000001e+00         1.004073508863215e-10         
7.084375000000001e+00         1.004240796798113e-10         
7.087500000000000e+00         1.004419981247587e-10         
7.090625000000000e+00         1.004605143160966e-10         
7.093750000000000e+00         1.004789985568150e-10         
7.096875000000001e+00         1.005003414915177e-10         
7.100000000000001e+00         1.005216042655714e-10         
7.103125000000000e+00         1.005435231948942e-10         
7.106250000000000e+00         1.005662625613524e-10         
7.109375000000000e+00         1.005899248234529e-10         
7.112500000000001e+00         1.006145833206390e-10         
7.115625000000001e+00         1.006400848375333e-10         
7.118750000000000e+00         1.006661754355521e-10         
7.121875000000000e+00         1.006933073028376e-10         
7.125000000000000e+00         1.007212437253836e-10         
7.128125000000001e+00         1.007500774087740e-10         
7.131250000000001e+00         1.007795902780530e-10         
7.134375000000000e+00         1.008100712616320e-10         
7.137500000000000e+00         1.008413650708657e-10         
7.140625000000000e+00         1.008735838798038e-10         
7.143750000000001e+00         1.009066916243991e-10         
7.146875000000001e+00         1.009405268749059e-10         
7.150000000000000e+00         1.009750995281066e-10         
7.153125000000000e+00         1.010106891587501e-10         
7.156250000000000e+00         1.010471514183632e-10         
7.159375000000001e+00         1.010845410063124e-10         
7.162500000000001e+00         1.011225887300446e-10         
7.165625000000000e+00         1.011615258432270e-10         
7.168750000000000e+00         1.012014146453461e-10         
7.171875000000000e+00         1.012420958562001e-10         
7.175000000000001e+00         1.012838032975739e-10         
7.178125000000001e+00         1.013260893649067e-10         
7.181250000000000e+00         1.013694180366209e-10         
7.184375000000000e+00         1.014136172943775e-10         
7.187500000000000e+00         1.014584710804685e-10         
7.190625000000001e+00         1.015043819308161e-10         
7.193750000000001e+00         1.015511325068524e-10         
7.196875000000000e+00         1.015987171596959e-10         
7.200000000000000e+00         1.016471013334632e-10         
7.203125000000000e+00         1.016965049794398e-10         
7.206250000000001e+00         1.017467459155625e-10         
7.209375000000001e+00         1.017976978037283e-10         
7.212500000000000e+00         1.018496225430878e-10         
7.215625000000000e+00         1.019023686882896e-10         
7.218750000000000e+00         1.019560748707161e-10         
7.221875000000001e+00         1.020115834509615e-10         
7.225000000000001e+00         1.020660405903921e-10         
7.228125000000000e+00         1.021222399974513e-10         
7.231250000000000e+00         1.021792577469879e-10         
7.234375000000000e+00         1.022372901271038e-10         
7.237500000000001e+00         1.022972611493237e-10         
7.240625000000001e+00         1.023569934049876e-10         
7.243750000000000e+00         1.024166773004963e-10         
7.246875000000000e+00         1.024781822098358e-10         
7.250000000000000e+00         1.025405348159871e-10         
7.253125000000001e+00         1.026048630138234e-10         
7.256250000000001e+00         1.026690394720233e-10         
7.259375000000000e+00         1.027339777641220e-10         
7.262500000000000e+00         1.027990690447476e-10         
7.265625000000000e+00         1.028658512777648e-10         
7.268750000000001e+00         1.029346355691677e-10         
7.271875000000001e+00         1.030031907225101e-10         
7.275000000000000e+00         1.030726666917883e-10         
7.278125000000000e+00         1.031430589509727e-10         
7.281250000000000e+00         1.032133951144233e-10         
7.284375000000001e+00         1.032865186729717e-10         
7.287500000000001e+00         1.033596780233813e-10         
7.290625000000000e+00         1.034336608180556e-10         
7.293750000000000e+00         1.035084756590055e-10         
7.296875000000000e+00         1.035832821436265e-10         
7.300000000000001e+00         1.036610049463795e-10         
7.303125000000001e+00         1.037386623340679e-10         
7.306250000000000e+00         1.038171173878642e-10         
7.309375000000000e+00         1.038964517432192e-10         
7.312500000000000e+00         1.039768161239721e-10         
7.315625000000001e+00         1.040581441910042e-10         
7.318750000000001e+00         1.041402339915278e-10         
7.321875000000000e+00         1.042233064964304e-10         
7.325000000000000e+00         1.043071549275494e-10         
7.328125000000000e+00         1.043921350265252e-10         
7.331250000000001e+00         1.044779202717483e-10         
7.334375000000001e+00         1.045646959504709e-10         
7.337500000000000e+00         1.046523562679778e-10         
7.340625000000000e+00         1.047408861965217e-10         
7.343750000000000e+00         1.048304414242521e-10         
7.346875000000001e+00         1.049210324014910e-10         
7.350000000000001e+00         1.050122352793004e-10         
7.353125000000000e+00         1.051046045404930e-10         
7.356250000000000e+00         1.051979804570996e-10         
7.359375000000000e+00         1.052921078383235e-10         
7.362500000000001e+00         1.053874260989543e-10         
7.365625000000001e+00         1.054833820944090e-10         
7.368750000000000e+00         1.055803944727975e-10         
7.371875000000000e+00         1.056783434904271e-10         
7.375000000000000e+00         1.057772129729770e-10         
7.378125000000001e+00         1.058771669511827e-10         
7.381250000000001e+00         1.059779502352411e-10         
7.384375000000000e+00         1.060797594997679e-10         
7.387500000000000e+00         1.061824917580607e-10         
7.390625000000000e+00         1.062861149083286e-10         
7.393750000000001e+00         1.063908437016904e-10         
7.396875000000001e+00         1.064965216665563e-10         
7.400000000000000e+00         1.066032000476874e-10         
7.403125000000000e+00         1.067106562711685e-10         
7.406250000000000e+00         1.068192853817518e-10         
7.409375000000001e+00         1.069297684073614e-10         
7.412500000000001e+00         1.070392567461599e-10         
7.415625000000000e+00         1.071507242854783e-10         
7.418750000000000e+00         1.072631282226619e-10         
7.421875000000000e+00         1.073765545685268e-10         
7.425000000000001e+00         1.074920635010394e-10         
7.428125000000001e+00         1.076064238119756e-10         
7.431250000000000e+00         1.077228047448192e-10         
7.434375000000000e+00         1.078401210303687e-10         
7.437500000000000e+00         1.079584862943432e-10         
7.440625000000001e+00         1.080789006948986e-10         
7.443750000000001e+00         1.081992886502971e-10         
7.446875000000000e+00         1.083196258091269e-10         
7.450000000000000e+00         1.084420406406858e-10         
7.453125000000000e+00         1.085653943200090e-10         
7.456250000000001e+00         1.086907259767200e-10         
7.459375000000001e+00         1.088162024286002e-10         
7.462500000000000e+00         1.089424856037869e-10         
7.465625000000000e+00         1.090689678092147e-10         
7.468750000000000e+00         1.091973688680985e-10         
7.471875000000001e+00         1.093277824909150e-10         
7.475000000000001e+00         1.094583404158166e-10         
7.478125000000000e+00         1.095898811952873e-10         
7.481250000000000e+00         1.097223313130984e-10         
7.484375000000000e+00         1.098549541978302e-10         
7.487500000000001e+00         1.099906640253933e-10         
7.490625000000001e+00         1.101263117364723e-10         
7.493750000000000e+00         1.102629163642905e-10         
7.496875000000000e+00         1.104007378150647e-10         
7.500000000000000e+00         1.105395340559648e-10         
7.503125000000001e+00         1.106793999202674e-10         
7.506250000000001e+00         1.108202634507030e-10         
7.509375000000000e+00         1.109621336588265e-10         
7.512500000000000e+00         1.111050187303646e-10         
7.515625000000000e+00         1.112491794411197e-10         
7.518750000000001e+00         1.113942929070618e-10         
7.521875000000001e+00         1.115405334284949e-10         
7.525000000000000e+00         1.116878273918743e-10         
7.528125000000000e+00         1.118360960946869e-10         
7.531250000000000e+00         1.119853577830709e-10         
7.534375000000001e+00         1.121359378849008e-10         
7.537500000000001e+00         1.122875219258579e-10         
7.540625000000000e+00         1.124401201501615e-10         
7.543750000000000e+00         1.125938835034679e-10         
7.546875000000000e+00         1.127486837721041e-10         
7.550000000000001e+00         1.129045857219033e-10         
7.553125000000001e+00         1.130616965061133e-10         
7.556250000000000e+00         1.132197618376477e-10         
7.559375000000000e+00         1.133789769321189e-10         
7.562500000000000e+00         1.135392300419885e-10         
7.565625000000001e+00         1.137006741494948e-10         
7.568750000000001e+00         1.138631358323200e-10         
7.571875000000000e+00         1.140267247914061e-10         
7.575000000000000e+00         1.141915557337213e-10         
7.578125000000000e+00         1.143573643089660e-10         
7.581250000000001e+00         1.145244403568224e-10         
7.584375000000001e+00         1.146925674461942e-10         
7.587500000000000e+00         1.148618390511199e-10         
7.590625000000000e+00         1.150321603460228e-10         
7.593750000000000e+00         1.152036968779612e-10         
7.596875000000001e+00         1.153762424189995e-10         
7.600000000000001e+00         1.155500181900725e-10         
7.603125000000000e+00         1.157249440589070e-10         
7.606250000000000e+00         1.159010037675169e-10         
7.609375000000000e+00         1.160782418818429e-10         
7.612500000000001e+00         1.162576266446644e-10         
7.615625000000001e+00         1.164362192867949e-10         
7.618750000000000e+00         1.166168568124660e-10         
7.621875000000000e+00         1.167987163243789e-10         
7.625000000000000e+00         1.169816737938881e-10         
7.628125000000001e+00         1.171669330923948e-10         
7.631250000000001e+00         1.173522592467663e-10         
7.634375000000000e+00         1.175378031899664e-10         
7.637500000000000e+00         1.177254922224949e-10         
7.640625000000000e+00         1.179143798290041e-10         
7.643750000000001e+00         1.181054961642212e-10         
7.646875000000001e+00         1.182966561660471e-10         
7.650000000000000e+00         1.184879237093257e-10         
7.653125000000000e+00         1.186816165304103e-10         
7.656250000000000e+00         1.188763390236856e-10         
7.659375000000001e+00         1.190735385231613e-10         
7.662500000000001e+00         1.192706807331685e-10         
7.665625000000000e+00         1.194690605897949e-10         
7.668750000000000e+00         1.196675622616422e-10         
7.671875000000000e+00         1.198683035384179e-10         
7.675000000000001e+00         1.200713939914196e-10         
7.678125000000001e+00         1.202746172364070e-10         
7.681250000000000e+00         1.204789551773671e-10         
7.684375000000000e+00         1.206847167120330e-10         
7.687500000000000e+00         1.208905856903132e-10         
7.690625000000001e+00         1.210998087217851e-10         
7.693750000000001e+00         1.213090045884864e-10         
7.696875000000000e+00         1.215195302577963e-10         
7.700000000000000e+00         1.217312307234654e-10         
7.703125000000000e+00         1.219442798147876e-10         
7.706250000000001e+00         1.221586088207224e-10         
7.709375000000001e+00         1.223741486160116e-10         
7.712500000000000e+00         1.225909090630478e-10         
7.715625000000000e+00         1.228089008042975e-10         
7.718750000000000e+00         1.230281328751747e-10         
7.721875000000001e+00         1.232486891586756e-10         
7.725000000000001e+00         1.234703485925899e-10         
7.728125000000000e+00         1.236934362296447e-10         
7.731250000000000e+00         1.239176323441491e-10         
7.734375000000000e+00         1.241431117247986e-10         
7.737500000000001e+00         1.243699116676259e-10         
7.740625000000001e+00         1.245978997231397e-10         
7.743750000000000e+00         1.248272090798512e-10         
7.746875000000000e+00         1.250576341885970e-10         
7.750000000000000e+00         1.252895522563034e-10         
7.753125000000001e+00         1.255225118334876e-10         
7.756250000000001e+00         1.257569469492502e-10         
7.759375000000000e+00         1.259926004271308e-10         
7.762500000000000e+00         1.262293920083283e-10         
7.765625000000000e+00         1.264675703488372e-10         
7.768750000000001e+00         1.267070445315548e-10         
7.771875000000001e+00         1.269478215116723e-10         
7.775000000000000e+00         1.271896959310491e-10         
7.778125000000000e+00         1.274330788577761e-10         
7.781250000000000e+00         1.276776143775917e-10         
7.784375000000001e+00         1.279234980765496e-10         
7.787500000000001e+00         1.281707371249328e-10         
7.790625000000000e+00         1.284191223291690e-10         
7.793750000000000e+00         1.286686553093961e-10         
7.796875000000000e+00         1.289196092673961e-10         
7.800000000000001e+00         1.291719901295640e-10         
7.803125000000001e+00         1.294255434330184e-10         
7.806250000000000e+00         1.296805044070762e-10         
7.809375000000000e+00         1.299365163371988e-10         
7.812500000000000e+00         1.301939647813506e-10         
7.815625000000001e+00         1.304538902449433e-10         
7.818750000000001e+00         1.307128191427639e-10         
7.821875000000000e+00         1.309739422862924e-10         
7.825000000000000e+00         1.312366051252121e-10         
7.828125000000000e+00         1.315004748708013e-10         
7.831250000000001e+00         1.317666940535621e-10         
7.834375000000001e+00         1.320332939275388e-10         
7.837500000000000e+00         1.322999614092654e-10         
7.840625000000000e+00         1.325692389653021e-10         
7.843750000000000e+00         1.328396331311833e-10         
7.846875000000001e+00         1.331124967312948e-10         
7.850000000000001e+00         1.333854502409808e-10         
7.853125000000000e+00         1.336584986421328e-10         
7.856250000000000e+00         1.339339987958244e-10         
7.859375000000000e+00         1.342108275882483e-10         
7.862500000000001e+00         1.344900855205227e-10         
7.865625000000001e+00         1.347694343645901e-10         
7.868750000000000e+00         1.350501192835571e-10         
7.871875000000000e+00         1.353310192087343e-10         
7.875000000000000e+00         1.356142106755433e-10         
7.878125000000001e+00         1.358998696550023e-10         
7.881250000000001e+00         1.361857705317153e-10         
7.884375000000000e+00         1.364728735595148e-10         
7.887500000000000e+00         1.367611324239703e-10         
7.890625000000000e+00         1.370497207759640e-10         
7.893750000000001e+00         1.373416082062622e-10         
7.896875000000001e+00         1.376338974601523e-10         
7.900000000000000e+00         1.379272773678789e-10         
7.903125000000000e+00         1.382219348591884e-10         
7.906250000000000e+00         1.385180113028077e-10         
7.909375000000001e+00         1.388151297040424e-10         
7.912500000000001e+00         1.391136699044580e-10         
7.915625000000000e+00         1.394131688932586e-10         
7.918750000000000e+00         1.397141951089874e-10         
7.921875000000000e+00         1.400163703618021e-10         
7.925000000000001e+00         1.403196546356489e-10         
7.928125000000001e+00         1.406242877581444e-10         
7.931250000000000e+00         1.409301705802186e-10         
7.934375000000000e+00         1.412370852704548e-10         
7.937500000000000e+00         1.415453406340685e-10         
7.940625000000001e+00         1.418549084485836e-10         
7.943750000000001e+00         1.421655433136882e-10         
7.946875000000000e+00         1.424774173896900e-10         
7.950000000000000e+00         1.427904665871428e-10         
7.953125000000000e+00         1.431046487139536e-10         
7.956250000000001e+00         1.434199161037727e-10         
7.959375000000001e+00         1.437364996523506e-10         
7.962500000000000e+00         1.440542160206849e-10         
7.965625000000000e+00         1.443730797567415e-10         
7.968750000000000e+00         1.446929643153218e-10         
7.971875000000001e+00         1.450142027668774e-10         
7.975000000000001e+00         1.453365106686089e-10         
7.978125000000000e+00         1.456599309701878e-10         
7.981250000000000e+00         1.459843526714945e-10         
7.984375000000000e+00         1.463100722557702e-10         
7.987500000000001e+00         1.466366562477043e-10         
7.990625000000001e+00         1.469644680247822e-10         
7.993750000000000e+00         1.472933508062436e-10         
7.996875000000000e+00         1.476231577746289e-10         
8.000000000000000e+00         1.479541454522261e-10         
8.003125000000001e+00         1.482862346460929e-10         
8.006250000000000e+00         1.486192692750027e-10         
8.009375000000000e+00         1.489534011100755e-10         
8.012500000000001e+00         1.492895978544407e-10         
8.015625000000000e+00         1.496245326292487e-10         
8.018750000000001e+00         1.499627140398834e-10         
8.021875000000000e+00         1.502994674448611e-10         
8.025000000000000e+00         1.506384909901803e-10         
8.028125000000001e+00         1.509795505053614e-10         
8.031250000000000e+00         1.513191983895611e-10         
8.034375000000001e+00         1.516622444948410e-10         
8.037500000000000e+00         1.520036259727479e-10         
8.040625000000000e+00         1.523471520474699e-10         
8.043750000000001e+00         1.526929477104006e-10         
8.046875000000000e+00         1.530370050850416e-10         
8.050000000000001e+00         1.533844049722135e-10         
8.053125000000000e+00         1.537300626342987e-10         
8.056250000000000e+00         1.540789707987754e-10         
8.059375000000001e+00         1.544275342956649e-10         
8.062500000000000e+00         1.547755722421509e-10         
8.065625000000001e+00         1.551267613499115e-10         
8.068750000000000e+00         1.554762404401057e-10         
8.071875000000000e+00         1.558291280690333e-10         
8.075000000000001e+00         1.561812739605179e-10         
8.078125000000000e+00         1.565328911347968e-10         
8.081250000000001e+00         1.568878629212685e-10         
8.084375000000000e+00         1.572406920894716e-10         
8.087500000000000e+00         1.575967154528711e-10         
8.090625000000001e+00         1.579521951761790e-10         
8.093750000000000e+00         1.583069121126933e-10         
8.096875000000001e+00         1.586647500604740e-10         
8.100000000000000e+00         1.590204189766558e-10         
8.103125000000000e+00         1.593793204791297e-10         
8.106250000000001e+00         1.597373087740204e-10         
8.109375000000000e+00         1.600958012471558e-10         
8.112500000000001e+00         1.604548739159753e-10         
8.115625000000000e+00         1.608129243257937e-10         
8.118750000000000e+00         1.611740809685289e-10         
8.121875000000001e+00         1.615338982794540e-10         
8.125000000000000e+00         1.618944471069210e-10         
8.128125000000001e+00         1.622553583202271e-10         
8.131250000000000e+00         1.626150032346633e-10         
8.134375000000000e+00         1.629776874854973e-10         
8.137500000000001e+00         1.633392020796363e-10         
8.140625000000000e+00         1.637010941700193e-10         
8.143750000000001e+00         1.640628446068127e-10         
8.146875000000000e+00         1.644249552824889e-10         
8.150000000000000e+00         1.647869964865536e-10         
8.153125000000001e+00         1.651491558899603e-10         
8.156250000000000e+00         1.655115253603943e-10         
8.159375000000001e+00         1.658737695781314e-10         
8.162500000000000e+00         1.662360791256651e-10         
8.165625000000000e+00         1.665982290385129e-10         
8.168750000000001e+00         1.669618920121912e-10         
8.171875000000000e+00         1.673227150641552e-10         
8.175000000000001e+00         1.676844479689351e-10         
8.178125000000000e+00         1.680463809725688e-10         
8.181250000000000e+00         1.684078093305930e-10         
8.184375000000001e+00         1.687704341029103e-10         
8.187500000000000e+00         1.691300719333079e-10         
8.190625000000001e+00         1.694908594282050e-10         
8.193750000000000e+00         1.698511519150626e-10         
8.196875000000000e+00         1.702109158120673e-10         
8.200000000000001e+00         1.705717603884586e-10         
8.203125000000000e+00         1.709294646567363e-10         
8.206250000000001e+00         1.712879431150842e-10         
8.209375000000000e+00         1.716459003605585e-10         
8.212500000000000e+00         1.720033087405135e-10         
8.215625000000001e+00         1.723614088011428e-10         
8.218750000000000e+00         1.727161851272264e-10         
8.221875000000001e+00         1.730731236559134e-10         
8.225000000000000e+00         1.734263046655615e-10         
8.228125000000000e+00         1.737799191887873e-10         
8.231250000000001e+00         1.741344375761482e-10         
8.234375000000000e+00         1.744853026025900e-10         
8.237500000000001e+00         1.748379265541283e-10         
8.240625000000000e+00         1.751868108780319e-10         
8.243750000000000e+00         1.755359682665093e-10         
8.246875000000001e+00         1.758855996791750e-10         
8.250000000000000e+00         1.762314555763426e-10         
8.253125000000001e+00         1.765788874912300e-10         
8.256250000000000e+00         1.769223490844300e-10         
8.259375000000000e+00         1.772673050324436e-10         
8.262500000000001e+00         1.776096534051765e-10         
8.265625000000000e+00         1.779491631329395e-10         
8.268750000000001e+00         1.782903287916112e-10         
8.271875000000000e+00         1.786271242973142e-10         
8.275000000000000e+00         1.789655749038003e-10         
8.278125000000001e+00         1.793007536549973e-10         
8.281250000000000e+00         1.796332360328195e-10         
8.284375000000001e+00         1.799666388535839e-10         
8.287500000000000e+00         1.802959001006300e-10         
8.290625000000000e+00         1.806262815185235e-10         
8.293750000000001e+00         1.809532663556233e-10         
8.296875000000000e+00         1.812770894045062e-10         
8.300000000000001e+00         1.816020751137106e-10         
8.303125000000000e+00         1.819223531780951e-10         
8.306250000000000e+00         1.822433850355707e-10         
8.309375000000001e+00         1.825611532372229e-10         
8.312500000000000e+00         1.828769330983733e-10         
8.315625000000001e+00         1.831903484876026e-10         
8.318750000000000e+00         1.835005756909373e-10         
8.321875000000000e+00         1.838113662652396e-10         
8.325000000000001e+00         1.841182711755532e-10         
8.328125000000000e+00         1.844230846015402e-10         
8.331250000000001e+00         1.847257545424716e-10         
8.334375000000000e+00         1.850241568095983e-10         
8.337500000000000e+00         1.853232399047046e-10         
8.340625000000001e+00         1.856184446649474e-10         
8.343750000000000e+00         1.859113940180346e-10         
8.346875000000001e+00         1.862013018165233e-10         
8.350000000000000e+00         1.864888887274022e-10         
8.353125000000000e+00         1.867737718903952e-10         
8.356250000000001e+00         1.870558188628110e-10         
8.359375000000000e+00         1.873351320577698e-10         
8.362500000000001e+00         1.876116002672882e-10         
8.365625000000000e+00         1.878852413534126e-10         
8.368750000000000e+00         1.881561171689800e-10         
8.371875000000001e+00         1.884252623490816e-10         
8.375000000000000e+00         1.886887113017166e-10         
8.378125000000001e+00         1.889502659506847e-10         
8.381250000000000e+00         1.892090111354609e-10         
8.384375000000000e+00         1.894643542641184e-10         
8.387500000000001e+00         1.897180991066770e-10         
8.390625000000000e+00         1.899658215955769e-10         
8.393750000000001e+00         1.902114814245035e-10         
8.396875000000000e+00         1.904539705833871e-10         
8.400000000000000e+00         1.906929383312363e-10         
8.403125000000001e+00         1.909299950243231e-10         
8.406250000000000e+00         1.911608496891526e-10         
8.409375000000001e+00         1.913910538164849e-10         
8.412500000000000e+00         1.916146844708119e-10         
8.415625000000000e+00         1.918361384894337e-10         
8.418750000000001e+00         1.920554340995234e-10         
8.421875000000000e+00         1.922682011238964e-10         
8.425000000000001e+00         1.924802458069340e-10         
8.428125000000000e+00         1.926856480098795e-10         
8.431250000000000e+00         1.928886088310787e-10         
8.434375000000001e+00         1.930892575993197e-10         
8.437500000000000e+00         1.932831458524760e-10         
8.440625000000001e+00         1.934760546238913e-10         
8.443750000000000e+00         1.936620874775000e-10         
8.446875000000000e+00         1.938456008413466e-10         
8.450000000000001e+00         1.940267515819547e-10         
8.453125000000000e+00         1.942006323047385e-10         
8.456250000000001e+00         1.943736415395468e-10         
8.459375000000000e+00         1.945396528245369e-10         
8.462500000000000e+00         1.947043491748854e-10         
8.465625000000001e+00         1.948631294124388e-10         
8.468750000000000e+00         1.950166522008038e-10         
8.471875000000001e+00         1.951689390408589e-10         
8.475000000000000e+00         1.953138800548928e-10         
8.478125000000000e+00         1.954575439270595e-10         
8.481250000000001e+00         1.955953024461946e-10         
8.484375000000000e+00         1.957274040959107e-10         
8.487500000000001e+00         1.958583771179350e-10         
8.490625000000000e+00         1.959815897998628e-10         
8.493750000000000e+00         1.961037381024765e-10         
8.496875000000001e+00         1.962196401121618e-10         
8.500000000000000e+00         1.963300854313070e-10         
8.503125000000001e+00         1.964389871841743e-10         
8.506250000000000e+00         1.965402307294494e-10         
8.509375000000000e+00         1.966403562415639e-10         
8.512500000000001e+00         1.967340083733513e-10         
8.515625000000000e+00         1.968238031835541e-10         
8.518750000000001e+00         1.969084545600645e-10         
8.521875000000000e+00         1.969873737407048e-10         
8.525000000000000e+00         1.970647287857159e-10         
8.528125000000001e+00         1.971363582191976e-10         
8.531250000000000e+00         1.972030895542721e-10         
8.534375000000001e+00         1.972652955688205e-10         
8.537500000000000e+00         1.973217948240138e-10         
8.540625000000000e+00         1.973765220062247e-10         
8.543750000000001e+00         1.974250543469957e-10         
8.546875000000000e+00         1.974691723091727e-10         
8.550000000000001e+00         1.975089423366861e-10         
8.553125000000000e+00         1.975440034482724e-10         
8.556250000000000e+00         1.975744619816015e-10         
8.559375000000001e+00         1.976004012552684e-10         
8.562500000000000e+00         1.976219098525060e-10         
8.565625000000001e+00         1.976387424104683e-10         
8.568750000000000e+00         1.976511956599561e-10         
8.571875000000000e+00         1.976590402021983e-10         
8.575000000000001e+00         1.976639673090420e-10         
8.578125000000000e+00         1.976612926470290e-10         
8.581250000000001e+00         1.976554460721806e-10         
8.584375000000000e+00         1.976456919302373e-10         
8.587500000000000e+00         1.976309577795998e-10         
8.590625000000001e+00         1.976135131391947e-10         
8.593750000000000e+00         1.975887209163759e-10         
8.596875000000001e+00         1.975607078250153e-10         
8.600000000000000e+00         1.975286348993027e-10         
8.603125000000000e+00         1.974918822851106e-10         
8.606250000000001e+00         1.974525073060112e-10         
8.609375000000000e+00         1.974056068301287e-10         
8.612500000000001e+00         1.973575887704548e-10         
8.615625000000000e+00         1.973022409166377e-10         
8.618750000000000e+00         1.972439411964685e-10         
8.621875000000001e+00         1.971830775174694e-10         
8.625000000000000e+00         1.971150496081217e-10         
8.628125000000001e+00         1.970459170042236e-10         
8.631250000000000e+00         1.969693571488801e-10         
8.634375000000000e+00         1.968903459299523e-10         
8.637500000000001e+00         1.968084723721565e-10         
8.640625000000000e+00         1.967198692350751e-10         
8.643750000000001e+00         1.966301074925896e-10         
8.646875000000000e+00         1.965334380975332e-10         
8.650000000000000e+00         1.964341779564908e-10         
8.653125000000001e+00         1.963323874879405e-10         
8.656250000000000e+00         1.962239205736251e-10         
8.659375000000001e+00         1.961145043547864e-10         
8.662500000000000e+00         1.959981687002915e-10         
8.665625000000000e+00         1.958810603550533e-10         
8.668750000000001e+00         1.957585817638689e-10         
8.671875000000000e+00         1.956312364854139e-10         
8.675000000000001e+00         1.955028048079141e-10         
8.678125000000000e+00         1.953678561842142e-10         
8.681250000000000e+00         1.952323975443501e-10         
8.684375000000001e+00         1.950918442417676e-10         
8.687500000000000e+00         1.949461416272998e-10         
8.690625000000001e+00         1.948000968862184e-10         
8.693750000000000e+00         1.946478179539677e-10         
8.696875000000000e+00         1.944946474543294e-10         
8.700000000000001e+00         1.943368593641225e-10         
8.703125000000000e+00         1.941758224930437e-10         
8.706250000000001e+00         1.940113938397435e-10         
8.709375000000000e+00         1.938424480676730e-10         
8.712500000000000e+00         1.936730103851379e-10         
8.715625000000001e+00         1.934990587654672e-10         
8.718750000000000e+00         1.933223190624800e-10         
8.721875000000001e+00         1.931420535764944e-10         
8.725000000000000e+00         1.929575552088783e-10         
8.728125000000000e+00         1.927729707715011e-10         
8.731250000000001e+00         1.925842874153781e-10         
8.734375000000000e+00         1.923925399813192e-10         
8.737500000000001e+00         1.921978229722273e-10         
8.740625000000000e+00         1.919991688764165e-10         
8.743750000000000e+00         1.918005360616571e-10         
8.746875000000001e+00         1.915975845676799e-10         
8.750000000000000e+00         1.913924321597060e-10         
8.753125000000001e+00         1.911843958795315e-10         
8.756250000000000e+00         1.909739208418718e-10         
8.759375000000000e+00         1.907609791413249e-10         
8.762500000000001e+00         1.905467658618207e-10         
8.765625000000000e+00         1.903274845317527e-10         
8.768750000000001e+00         1.901073703888924e-10         
8.771875000000000e+00         1.898850495010700e-10         
8.775000000000000e+00         1.896602415699117e-10         
8.778125000000001e+00         1.894345394920222e-10         
8.781250000000000e+00         1.892041588833022e-10         
8.784375000000001e+00         1.889727624556396e-10         
8.787500000000000e+00         1.887397052416597e-10         
8.790625000000000e+00         1.885043953316327e-10         
8.793750000000001e+00         1.882685121958926e-10         
8.796875000000000e+00         1.880278749947944e-10         
8.800000000000001e+00         1.877866700944508e-10         
8.803125000000000e+00         1.875437602187306e-10         
8.806250000000000e+00         1.872990570755932e-10         
8.809375000000001e+00         1.870539913176638e-10         
8.812500000000000e+00         1.868044442810096e-10         
8.815625000000001e+00         1.865561778810969e-10         
8.818750000000000e+00         1.863034094821916e-10         
8.821875000000000e+00         1.860502884297649e-10         
8.825000000000001e+00         1.857970839453787e-10         
8.828125000000000e+00         1.855398618025064e-10         
8.831250000000001e+00         1.852838400974768e-10         
8.834375000000000e+00         1.850235747170234e-10         
8.837500000000000e+00         1.847634555984073e-10         
8.840625000000001e+00         1.845033064642273e-10         
8.843750000000000e+00         1.842391095159011e-10         
8.846875000000001e+00         1.839766165974311e-10         
8.850000000000000e+00         1.837100794838546e-10         
8.853125000000000e+00         1.834438419118505e-10         
8.856250000000001e+00         1.831779596534228e-10         
8.859375000000000e+00         1.829080882907664e-10         
8.862500000000001e+00         1.826401725837324e-10         
8.865625000000000e+00         1.823683791729129e-10         
8.868750000000000e+00         1.820986382472864e-10         
8.871875000000001e+00         1.818262757309840e-10         
8.875000000000000e+00         1.815519228725468e-10         
8.878125000000001e+00         1.812794104957837e-10         
8.881250000000000e+00         1.810033984724024e-10         
8.884375000000000e+00         1.807294288776073e-10         
8.887500000000001e+00         1.804533088906992e-10         
8.890625000000000e+00         1.801753300329103e-10         
8.893750000000001e+00         1.798991693131954e-10         
8.896875000000000e+00         1.796199791768813e-10         
8.900000000000000e+00         1.793426788488827e-10         
8.903125000000001e+00         1.790637008709959e-10         
8.906250000000000e+00         1.787841798582243e-10         
8.909375000000001e+00         1.785041903002188e-10         
8.912500000000000e+00         1.782226215178193e-10         
8.915625000000000e+00         1.779430327465096e-10         
8.918750000000001e+00         1.776618292151722e-10         
8.921875000000000e+00         1.773805103642409e-10         
8.925000000000001e+00         1.770986617328981e-10         
8.928125000000000e+00         1.768155268324465e-10         
8.931250000000000e+00         1.765346351115457e-10         
8.934375000000001e+00         1.762520930687069e-10         
8.937500000000000e+00         1.759695854742210e-10         
8.940625000000001e+00         1.756868502550292e-10         
8.943750000000000e+00         1.754027373095993e-10         
8.946875000000000e+00         1.751212299705173e-10         
8.950000000000001e+00         1.748384384521197e-10         
8.953125000000000e+00         1.745555882418908e-10         
8.956250000000001e+00         1.742725228912956e-10         
8.959375000000000e+00         1.739898155812698e-10         
8.962500000000000e+00         1.737069377053759e-10         
8.965625000000001e+00         1.734255618768297e-10         
8.968750000000000e+00         1.731417848963607e-10         
8.971875000000001e+00         1.728592509991131e-10         
8.975000000000000e+00         1.725770390866969e-10         
8.978125000000000e+00         1.722948821100352e-10         
8.981250000000001e+00         1.720143655105611e-10         
8.984375000000000e+00         1.717314821111228e-10         
8.987500000000001e+00         1.714500850568657e-10         
8.990625000000000e+00         1.711688879147790e-10         
8.993750000000000e+00         1.708883170116817e-10         
8.996875000000001e+00         1.706092497267479e-10         
9.000000000000000e+00         1.703279189657217e-10         
9.003125000000001e+00         1.700481426545737e-10         
9.006250000000000e+00         1.697690024884409e-10         
9.009375000000000e+00         1.694902893216047e-10         
9.012500000000001e+00         1.692131331814094e-10         
9.015625000000000e+00         1.689339873259973e-10         
9.018750000000001e+00         1.686578487752615e-10         
9.021875000000000e+00         1.683797321065649e-10         
9.025000000000000e+00         1.681032180893153e-10         
9.028125000000001e+00         1.678286843063269e-10         
9.031250000000000e+00         1.675521359477488e-10         
9.034375000000001e+00         1.672785658817167e-10         
9.037500000000000e+00         1.670032960623615e-10         
9.040625000000000e+00         1.667296874226889e-10         
9.043750000000001e+00         1.664579644191164e-10         
9.046875000000000e+00         1.661846479158772e-10         
9.050000000000001e+00         1.659142483473150e-10         
9.053125000000000e+00         1.656422029429136e-10         
9.056250000000000e+00         1.653731191442004e-10         
9.059375000000001e+00         1.651035137886088e-10         
9.062500000000000e+00         1.648336705711831e-10         
9.065625000000001e+00         1.645668137784746e-10         
9.068750000000000e+00         1.642983614052901e-10         
9.071875000000000e+00         1.640330755940983e-10         
9.075000000000001e+00         1.637674643209745e-10         
9.078125000000000e+00         1.635012612571892e-10         
9.081250000000001e+00         1.632383254864460e-10         
9.084375000000000e+00         1.629738483539985e-10         
9.087500000000000e+00         1.627126489288452e-10         
9.090625000000001e+00         1.624511011272291e-10         
9.093750000000000e+00         1.621891478240372e-10         
9.096875000000001e+00         1.619304863831454e-10         
9.100000000000000e+00         1.616701381665209e-10         
9.103125000000000e+00         1.614131146804116e-10         
9.106250000000001e+00         1.611560148446329e-10         
9.109375000000000e+00         1.608996941789840e-10         
9.112500000000001e+00         1.606442814500685e-10         
9.115625000000000e+00         1.603886204015474e-10         
9.118750000000000e+00         1.601362860704834e-10         
9.121875000000001e+00         1.598837153512443e-10         
9.125000000000000e+00         1.596319689008237e-10         
9.128125000000001e+00         1.593814688081811e-10         
9.131250000000000e+00         1.591305260240467e-10         
9.134375000000000e+00         1.588831113625696e-10         
9.137500000000001e+00         1.586354298955003e-10         
9.140625000000000e+00         1.583888288191288e-10         
9.143750000000001e+00         1.581431301987967e-10         
9.146875000000000e+00         1.578985157706557e-10         
9.150000000000000e+00         1.576550163217713e-10         
9.153125000000001e+00         1.574121875537516e-10         
9.156250000000000e+00         1.571707751187281e-10         
9.159375000000001e+00         1.569302019343889e-10         
9.162500000000000e+00         1.566909687523114e-10         
9.165625000000000e+00         1.564524738242217e-10         
9.168750000000001e+00         1.562163447337243e-10         
9.171875000000000e+00         1.559790144925766e-10         
9.175000000000001e+00         1.557437959919359e-10         
9.178125000000000e+00         1.555098567589197e-10         
9.181250000000000e+00         1.552767864634600e-10         
9.184375000000001e+00         1.550460079822290e-10         
9.187500000000000e+00         1.548141446286160e-10         
9.190625000000001e+00         1.545844822029965e-10         
9.193750000000000e+00         1.543558324182137e-10         
9.196875000000000e+00         1.541283418467780e-10         
9.200000000000001e+00         1.539032849035322e-10         
9.203125000000000e+00         1.536768389855989e-10         
9.206250000000001e+00         1.534527198694604e-10         
9.209375000000000e+00         1.532297529911017e-10         
9.212500000000000e+00         1.530080131603804e-10         
9.215625000000001e+00         1.527884345644664e-10         
9.218750000000000e+00         1.525678035291115e-10         
9.221875000000001e+00         1.523506040448104e-10         
9.225000000000000e+00         1.521323083962161e-10         
9.228125000000000e+00         1.519162250236736e-10         
9.231250000000001e+00         1.517024631898348e-10         
9.234375000000000e+00         1.514875873111236e-10         
9.237500000000001e+00         1.512762367871519e-10         
9.240625000000000e+00         1.510636582834624e-10         
9.243750000000000e+00         1.508533134350303e-10         
9.246875000000001e+00         1.506453266150165e-10         
9.250000000000000e+00         1.504362726870656e-10         
9.253125000000001e+00         1.502307032453919e-10         
9.256250000000000e+00         1.500240002564675e-10         
9.259375000000000e+00         1.498205981047857e-10         
9.262500000000001e+00         1.496175174769312e-10         
9.265625000000000e+00         1.494144168955471e-10         
9.268750000000001e+00         1.492146628031433e-10         
9.271875000000000e+00         1.490139331421279e-10         
9.275000000000000e+00         1.488165070375704e-10         
9.278125000000001e+00         1.486193189789364e-10         
9.281250000000000e+00         1.484220887482854e-10         
9.284375000000001e+00         1.482283090270967e-10         
9.287500000000000e+00         1.480334841301581e-10         
9.290625000000000e+00         1.478421020835123e-10         
9.293750000000001e+00         1.476507853055778e-10         
9.296875000000000e+00         1.474595720504095e-10         
9.300000000000001e+00         1.472717475477339e-10         
9.303125000000000e+00         1.470828627883121e-10         
9.306250000000000e+00         1.468975243843732e-10         
9.309375000000001e+00         1.467121764560206e-10         
9.312500000000000e+00         1.465279991077675e-10         
9.315625000000001e+00         1.463450414235420e-10         
9.318750000000000e+00         1.461623375641792e-10         
9.321875000000000e+00         1.459828758593581e-10         
9.325000000000001e+00         1.458034281019904e-10         
9.328125000000000e+00         1.456253658886016e-10         
9.331250000000001e+00         1.454484887960061e-10         
9.334375000000000e+00         1.452717209822224e-10         
9.337500000000000e+00         1.450982566741944e-10         
9.340625000000001e+00         1.449249244989292e-10         
9.343750000000000e+00         1.447528574099708e-10         
9.346875000000001e+00         1.445818297559020e-10         
9.350000000000000e+00         1.444121623482851e-10         
9.353125000000000e+00         1.442437442281118e-10         
9.356250000000001e+00         1.440763914292493e-10         
9.359375000000000e+00         1.439102212257070e-10         
9.362500000000001e+00         1.437452460512792e-10         
9.365625000000000e+00         1.435815835891823e-10         
9.368750000000000e+00         1.434190138049781e-10         
9.371875000000001e+00         1.432587287082970e-10         
9.375000000000000e+00         1.430975330327861e-10         
9.378125000000001e+00         1.429385339488547e-10         
9.381250000000000e+00         1.427808488117210e-10         
9.384375000000000e+00         1.426243172163375e-10         
9.387500000000001e+00         1.424700058794626e-10         
9.390625000000000e+00         1.423147498047787e-10         
9.393750000000001e+00         1.421618699975748e-10         
9.396875000000000e+00         1.420100604068777e-10         
9.400000000000000e+00         1.418595071537260e-10         
9.403125000000001e+00         1.417111357591348e-10         
9.406250000000000e+00         1.415618051385550e-10         
9.409375000000001e+00         1.414158387866872e-10         
9.412500000000000e+00         1.412689014578382e-10         
9.415625000000000e+00         1.411242750109476e-10         
9.418750000000001e+00         1.409819344078056e-10         
9.421875000000000e+00         1.408386492283315e-10         
9.425000000000001e+00         1.406984861458060e-10         
9.428125000000000e+00         1.405574945744422e-10         
9.431250000000000e+00         1.404186969751360e-10         
9.434375000000001e+00         1.402822104764915e-10         
9.437500000000000e+00         1.401447572805480e-10         
9.440625000000001e+00         1.400107017590290e-10         
9.443750000000000e+00         1.398755785238930e-10         
9.446875000000000e+00         1.397426762433713e-10         
9.450000000000001e+00         1.396120775969400e-10         
9.453125000000000e+00         1.394804554392494e-10         
9.456250000000001e+00         1.393520499796177e-10         
9.459375000000000e+00         1.392229178739433e-10         
9.462500000000000e+00         1.390968851575357e-10         
9.465625000000001e+00         1.389710630537384e-10         
9.468750000000000e+00         1.388454623837418e-10         
9.471875000000001e+00         1.387229865625972e-10         
9.475000000000000e+00         1.385995527711369e-10         
9.478125000000000e+00         1.384793334338742e-10         
9.481250000000001e+00         1.383594266859939e-10         
9.484375000000000e+00         1.382395851540793e-10         
9.487500000000001e+00         1.381229022276639e-10         
9.490625000000000e+00         1.380053590341198e-10         
9.493750000000000e+00         1.378910185482236e-10         
9.496875000000001e+00         1.377768241028966e-10         
9.500000000000000e+00         1.376637519556054e-10         
9.503125000000001e+00         1.375519615628976e-10         
9.506250000000000e+00         1.374401762490459e-10         
9.509375000000000e+00         1.373315221901962e-10         
9.512500000000001e+00         1.372231060964661e-10         
9.515625000000000e+00         1.371158407750489e-10         
9.518750000000001e+00         1.370096989613724e-10         
9.521875000000000e+00         1.369036874811736e-10         
9.525000000000000e+00         1.368009208936571e-10         
9.528125000000001e+00         1.366981331207723e-10         
9.531250000000000e+00         1.365965320320410e-10         
9.534375000000001e+00         1.364961167560504e-10         
9.537500000000000e+00         1.363957058804057e-10         
9.540625000000000e+00         1.362986609944734e-10         
9.543750000000001e+00         1.362015483306815e-10         
9.546875000000000e+00         1.361057404518224e-10         
9.550000000000001e+00         1.360110011507868e-10         
9.553125000000000e+00         1.359172572723820e-10         
9.556250000000000e+00         1.358247529120595e-10         
9.559375000000001e+00         1.357334162090899e-10         
9.562500000000000e+00         1.356430878296015e-10         
9.565625000000001e+00         1.355540978744204e-10         
9.568750000000000e+00         1.354660467059197e-10         
9.571875000000000e+00         1.353791768676904e-10         
9.575000000000001e+00         1.352943750239791e-10         
9.578125000000000e+00         1.352086855101191e-10         
9.581250000000001e+00         1.351252254735935e-10         
9.584375000000000e+00         1.350428862203365e-10         
9.587500000000000e+00         1.349617550240984e-10         
9.590625000000001e+00         1.348827670181139e-10         
9.593750000000000e+00         1.348025968986613e-10         
9.596875000000001e+00         1.347247447848293e-10         
9.600000000000001e+00         1.346490417135603e-10         
9.603125000000000e+00         1.345722300994116e-10         
9.606250000000001e+00         1.344987942337717e-10         
9.609375000000000e+00         1.344242933239436e-10         
9.612500000000001e+00         1.343530244121592e-10         
9.615625000000001e+00         1.342818191099981e-10         
9.618750000000000e+00         1.342106281108797e-10         
9.621875000000001e+00         1.341427093997633e-10         
9.625000000000000e+00         1.340737420504756e-10         
9.628125000000001e+00         1.340080702666669e-10         
9.631250000000001e+00         1.339424523738294e-10         
9.634375000000000e+00         1.338769228601229e-10         
9.637500000000001e+00         1.338144515868662e-10         
9.640625000000000e+00         1.337509536095989e-10         
9.643750000000001e+00         1.336908134725227e-10         
9.646875000000001e+00         1.336306193606027e-10         
9.650000000000000e+00         1.335706205766972e-10         
9.653125000000001e+00         1.335135666305053e-10         
9.656250000000000e+00         1.334558025176537e-10         
9.659375000000001e+00         1.334009573386731e-10         
9.662500000000001e+00         1.333463162696960e-10         
9.665625000000000e+00         1.332927091848068e-10         
9.668750000000001e+00         1.332403322932447e-10         
9.671875000000000e+00         1.331880061328505e-10         
9.675000000000001e+00         1.331386392566603e-10         
9.678125000000001e+00         1.330895040908542e-10         
9.681250000000000e+00         1.330414865363072e-10         
9.684375000000001e+00         1.329943796639865e-10         
9.687500000000000e+00         1.329476291281744e-10         
9.690625000000001e+00         1.329036249113155e-10         
9.693750000000001e+00         1.328600147621573e-10         
9.696875000000000e+00         1.328172431005311e-10         
9.700000000000001e+00         1.327758245625169e-10         
9.703125000000000e+00         1.327352798369079e-10         
9.706250000000001e+00         1.326959765924703e-10         
9.709375000000001e+00         1.326577765900442e-10         
9.712500000000000e+00         1.326205171698122e-10         
9.715625000000001e+00         1.325846060097593e-10         
9.718750000000000e+00         1.325493941076588e-10         
9.721875000000001e+00         1.325155284871197e-10         
9.725000000000001e+00         1.324838624342042e-10         
9.728125000000000e+00         1.324510830981664e-10         
9.731250000000001e+00         1.324205558948092e-10         
9.734375000000000e+00         1.323908690324455e-10         
9.737500000000001e+00         1.323623041363775e-10         
9.740625000000001e+00         1.323359981939756e-10         
9.743750000000000e+00         1.323086308619560e-10         
9.746875000000001e+00         1.322836424574695e-10         
9.750000000000000e+00         1.322592398542854e-10         
9.753125000000001e+00         1.322363128078790e-10         
9.756250000000001e+00         1.322154110427989e-10         
9.759375000000000e+00         1.321934150997032e-10         
9.762500000000001e+00         1.321746812434396e-10         
9.765625000000000e+00         1.321549016674320e-10         
9.768750000000001e+00         1.321374119930101e-10         
9.771875000000001e+00         1.321216965440434e-10         
9.775000000000000e+00         1.321052964232431e-10         
9.778125000000001e+00         1.320919398169268e-10         
9.781250000000000e+00         1.320776503052821e-10         
9.784375000000001e+00         1.320657247598026e-10         
9.787500000000001e+00         1.320554878732659e-10         
9.790625000000000e+00         1.320444180573753e-10         
9.793750000000001e+00         1.320364738193060e-10         
9.796875000000000e+00         1.320275944122437e-10         
9.800000000000001e+00         1.320208461123366e-10         
9.803125000000001e+00         1.320161576954793e-10         
9.806250000000000e+00         1.320106425229014e-10         
9.809375000000001e+00         1.320080757128281e-10         
9.812500000000000e+00         1.320046994766778e-10         
9.815625000000001e+00         1.320044095580243e-10         
9.818750000000001e+00         1.320040786705487e-10         
9.821875000000000e+00         1.320040834967868e-10         
9.825000000000001e+00         1.320070203653690e-10         
9.828125000000000e+00         1.320091884771359e-10         
9.831250000000001e+00         1.320141681915095e-10         
9.834375000000001e+00         1.320195571511406e-10         
9.837500000000000e+00         1.320248065095136e-10         
9.840625000000001e+00         1.320330955942332e-10         
9.843750000000000e+00         1.320408380870859e-10         
9.846875000000001e+00         1.320513051375139e-10         
9.850000000000001e+00         1.320622276707711e-10         
9.853125000000000e+00         1.320729771919371e-10         
9.856250000000001e+00         1.320869167061851e-10         
9.859375000000000e+00         1.320999498852686e-10         
9.862500000000001e+00         1.321160913571348e-10         
9.865625000000001e+00         1.321324817004459e-10         
9.868750000000000e+00         1.321497618350043e-10         
9.871875000000001e+00         1.321682047527520e-10         
9.875000000000000e+00         1.321868286238128e-10         
9.878125000000001e+00         1.322084367088369e-10         
9.881250000000001e+00         1.322302335098357e-10         
9.884375000000000e+00         1.322529765697497e-10         
9.887500000000001e+00         1.322772012317812e-10         
9.890625000000000e+00         1.323012729937382e-10         
9.893750000000001e+00         1.323285890174809e-10         
9.896875000000001e+00         1.323559277232475e-10         
9.900000000000000e+00         1.323843008355970e-10         
9.903125000000001e+00         1.324139332613741e-10         
9.906250000000000e+00         1.324443447069856e-10         
9.909375000000001e+00         1.324763959570165e-10         
9.912500000000001e+00         1.325091472615663e-10         
9.915625000000000e+00         1.325431232477305e-10         
9.918750000000001e+00         1.325784310102512e-10         
9.921875000000000e+00         1.326144547923867e-10         
9.925000000000001e+00         1.326520372241647e-10         
9.928125000000001e+00         1.326915094862762e-10         
9.931250000000000e+00         1.327301598897073e-10         
9.934375000000001e+00         1.327708724154197e-10         
9.937500000000000e+00         1.328127338449574e-10         
9.940625000000001e+00         1.328558478995378e-10         
9.943750000000001e+00         1.329008410771599e-10         
9.946875000000000e+00         1.329452777438673e-10         
9.950000000000001e+00         1.329918311684213e-10         
9.953125000000000e+00         1.330394579562236e-10         
9.956250000000001e+00         1.330882009060818e-10         
9.959375000000001e+00         1.331389651200852e-10         
9.962500000000000e+00         1.331891822175583e-10         
9.965625000000001e+00         1.332423084876893e-10         
9.968750000000000e+00         1.332946613305175e-10         
9.971875000000001e+00         1.333490966837660e-10         
9.975000000000001e+00         1.334056841481693e-10         
9.978125000000000e+00         1.334616081822502e-10         
9.981250000000001e+00         1.335203901386734e-10         
9.984375000000000e+00         1.335786902802373e-10         
9.987500000000001e+00         1.336389135333772e-10         
9.990625000000001e+00         1.337015191244069e-10         
9.993750000000000e+00         1.337630011610295e-10         
9.996875000000001e+00         1.338277403549133e-10         
1.000000000000000e+01         1.338918651033668e-10         
1.000312500000000e+01         1.339580063056276e-10         
1.000625000000000e+01         1.340264319657333e-10         
1.000937500000000e+01         1.340939428755906e-10         
1.001250000000000e+01         1.341647095073336e-10         
1.001562500000000e+01         1.342345132765428e-10         
1.001875000000000e+01         1.343075336661866e-10         
1.002187500000000e+01         1.343809528353473e-10         
1.002500000000000e+01         1.344543191873952e-10         
1.002812500000000e+01         1.345310650001834e-10         
1.003125000000000e+01         1.346069007126472e-10         
1.003437500000000e+01         1.346861379229503e-10         
1.003750000000000e+01         1.347653576819289e-10         
1.004062500000000e+01         1.348448348397486e-10         
1.004375000000000e+01         1.349276784802189e-10         
1.004687500000000e+01         1.350094532882085e-10         
1.005000000000000e+01         1.350946804160818e-10         
1.005312500000000e+01         1.351799917545509e-10         
1.005625000000000e+01         1.352666869723878e-10         
1.005937500000000e+01         1.353544946955987e-10         
1.006250000000000e+01         1.354425401305341e-10         
1.006562500000000e+01         1.355338274236686e-10         
1.006875000000000e+01         1.356253617797868e-10         
1.007187500000000e+01         1.357182272451979e-10         
1.007500000000000e+01         1.358122391556349e-10         
1.007812500000000e+01         1.359065399160252e-10         
1.008125000000000e+01         1.360040773307373e-10         
1.008437500000000e+01         1.361018366640032e-10         
1.008750000000000e+01         1.362008377778956e-10         
1.009062500000000e+01         1.363011915778903e-10         
1.009375000000000e+01         1.364018985218792e-10         
1.009687500000000e+01         1.365056050478060e-10         
1.010000000000000e+01         1.366097594094673e-10         
1.010312500000000e+01         1.367151144395595e-10         
1.010625000000000e+01         1.368218460211628e-10         
1.010937500000000e+01         1.369298158447148e-10         
1.011250000000000e+01         1.370391401524465e-10         
1.011562500000000e+01         1.371497678908439e-10         
1.011875000000000e+01         1.372615937333353e-10         
1.012187500000000e+01         1.373748175474293e-10         
1.012500000000000e+01         1.374893012769616e-10         
1.012812500000000e+01         1.376050593605263e-10         
1.013125000000000e+01         1.377232465799544e-10         
1.013437500000000e+01         1.378405109403484e-10         
1.013750000000000e+01         1.379603742487721e-10         
1.014062500000000e+01         1.380814756763599e-10         
1.014375000000000e+01         1.382038712673233e-10         
1.014687500000000e+01         1.383287442286550e-10         
1.015000000000000e+01         1.384527787023008e-10         
1.015312500000000e+01         1.385793404583186e-10         
1.015625000000000e+01         1.387070206383058e-10         
1.015937500000000e+01         1.388361716827676e-10         
1.016250000000000e+01         1.389678830680450e-10         
1.016562500000000e+01         1.390986916964609e-10         
1.016875000000000e+01         1.392330430861990e-10         
1.017187500000000e+01         1.393666606839692e-10         
1.017500000000000e+01         1.395028342468230e-10         
1.017812500000000e+01         1.396411542726475e-10         
1.018125000000000e+01         1.397789670266102e-10         
1.018437500000000e+01         1.399203261052273e-10         
1.018750000000000e+01         1.400608561226322e-10         
1.019062500000000e+01         1.402040411973512e-10         
1.019375000000000e+01         1.403494156945920e-10         
1.019687500000000e+01         1.404943515911612e-10         
1.020000000000000e+01         1.406426711341671e-10         
1.020312500000000e+01         1.407902813834805e-10         
1.020625000000000e+01         1.409406286514149e-10         
1.020937500000000e+01         1.410932234800692e-10         
1.021250000000000e+01         1.412453168149655e-10         
1.021562500000000e+01         1.414008115027396e-10         
1.021875000000000e+01         1.415558958722625e-10         
1.022187500000000e+01         1.417142465978053e-10         
1.022500000000000e+01         1.418731988622825e-10         
1.022812500000000e+01         1.420326439440665e-10         
1.023125000000000e+01         1.421954360762353e-10         
1.023437500000000e+01         1.423578950043141e-10         
1.023750000000000e+01         1.425236933848143e-10         
1.024062500000000e+01         1.426901167479555e-10         
1.024375000000000e+01         1.428570164511094e-10         
1.024687500000000e+01         1.430273804376585e-10         
1.025000000000000e+01         1.431973399611123e-10         
1.025312500000000e+01         1.433707487290231e-10         
1.025625000000000e+01         1.435447295054628e-10         
1.025937500000000e+01         1.437202872518325e-10         
1.026250000000000e+01         1.438973866578767e-10         
1.026562500000000e+01         1.440750588572929e-10         
1.026875000000000e+01         1.442561737063907e-10         
1.027187500000000e+01         1.444380818125368e-10         
1.027500000000000e+01         1.446213161666843e-10         
1.027812500000000e+01         1.448062087122495e-10         
1.028125000000000e+01         1.449918311282371e-10         
1.028437500000000e+01         1.451808750142142e-10         
1.028750000000000e+01         1.453707202321929e-10         
1.029062500000000e+01         1.455619504754852e-10         
1.029375000000000e+01         1.457550125876459e-10         
1.029687500000000e+01         1.459485257514780e-10         
1.030000000000000e+01         1.461457044688395e-10         
1.030312500000000e+01         1.463436975335803e-10         
1.030625000000000e+01         1.465431078648635e-10         
1.030937500000000e+01         1.467443827909113e-10         
1.031250000000000e+01         1.469471031189461e-10         
1.031562500000000e+01         1.471517433075423e-10         
1.031875000000000e+01         1.473588874076454e-10         
1.032187500000000e+01         1.475656891382496e-10         
1.032500000000000e+01         1.477753558771530e-10         
1.032812500000000e+01         1.479866430679740e-10         
1.033125000000000e+01         1.481997123773180e-10         
1.033437500000000e+01         1.484153812061393e-10         
1.033750000000000e+01         1.486308944008090e-10         
1.034062500000000e+01         1.488490464313562e-10         
1.034375000000000e+01         1.490687925586570e-10         
1.034687500000000e+01         1.492906223921204e-10         
1.035000000000000e+01         1.495150995227768e-10         
1.035312500000000e+01         1.497393281709833e-10         
1.035625000000000e+01         1.499663585827525e-10         
1.035937500000000e+01         1.501951791512031e-10         
1.036250000000000e+01         1.504258036787331e-10         
1.036562500000000e+01         1.506592756411365e-10         
1.036875000000000e+01         1.508924238636497e-10         
1.037187500000000e+01         1.511295737197598e-10         
1.037500000000000e+01         1.513664632741561e-10         
1.037812500000000e+01         1.516062460345044e-10         
1.038125000000000e+01         1.518489164492051e-10         
1.038437500000000e+01         1.520914071950907e-10         
1.038750000000000e+01         1.523376934195633e-10         
1.039062500000000e+01         1.525840025351311e-10         
1.039375000000000e+01         1.528330842578521e-10         
1.039687500000000e+01         1.530851335289242e-10         
1.040000000000000e+01         1.533370918630359e-10         
1.040312500000000e+01         1.535930031844665e-10         
1.040625000000000e+01         1.538488546218417e-10         
1.040937500000000e+01         1.541086873241306e-10         
1.041250000000000e+01         1.543695753540536e-10         
1.041562500000000e+01         1.546311609471578e-10         
1.041875000000000e+01         1.548968653911745e-10         
1.042187500000000e+01         1.551624980084298e-10         
1.042500000000000e+01         1.554321373430795e-10         
1.042812500000000e+01         1.557028982624572e-10         
1.043125000000000e+01         1.559744874281633e-10         
1.043437500000000e+01         1.562503054653415e-10         
1.043750000000000e+01         1.565260178389178e-10         
1.044062500000000e+01         1.568059633293442e-10         
1.044375000000000e+01         1.570869630817299e-10         
1.044687500000000e+01         1.573688037086240e-10         
1.045000000000000e+01         1.576550522357971e-10         
1.045312500000000e+01         1.579410856317964e-10         
1.045625000000000e+01         1.582315184916881e-10         
1.045937500000000e+01         1.585229452775999e-10         
1.046250000000000e+01         1.588163888981401e-10         
1.046562500000000e+01         1.591122529853171e-10         
1.046875000000000e+01         1.594089462898114e-10         
1.047187500000000e+01         1.597100413008301e-10         
1.047500000000000e+01         1.600123444357865e-10         
1.047812500000000e+01         1.603168957146437e-10         
1.048125000000000e+01         1.606234426919117e-10         
1.048437500000000e+01         1.609311682309454e-10         
1.048750000000000e+01         1.612433813414058e-10         
1.049062500000000e+01         1.615567964608503e-10         
1.049375000000000e+01         1.618724108122971e-10         
1.049687500000000e+01         1.621902898657756e-10         
1.050000000000000e+01         1.625093791366153e-10         
1.050312500000000e+01         1.628328877889704e-10         
1.050625000000000e+01         1.631577131038525e-10         
1.050937500000000e+01         1.634849170719827e-10         
1.051250000000000e+01         1.638143850486155e-10         
1.051562500000000e+01         1.641461512452668e-10         
1.051875000000000e+01         1.644802226721808e-10         
1.052187500000000e+01         1.648180066397990e-10         
1.052500000000000e+01         1.651558881167263e-10         
1.052812500000000e+01         1.654972962499464e-10         
1.053125000000000e+01         1.658410492690465e-10         
1.053437500000000e+01         1.661872233803123e-10         
1.053750000000000e+01         1.665369197341040e-10         
1.054062500000000e+01         1.668869463627886e-10         
1.054375000000000e+01         1.672405934109490e-10         
1.054687500000000e+01         1.675967156948171e-10         
1.055000000000000e+01         1.679552556820785e-10         
1.055312500000000e+01         1.683177282873884e-10         
1.055625000000000e+01         1.686801233393790e-10         
1.055937500000000e+01         1.690463079011565e-10         
1.056250000000000e+01         1.694152167376301e-10         
1.056562500000000e+01         1.697865421827316e-10         
1.056875000000000e+01         1.701617497718550e-10         
1.057187500000000e+01         1.705370824907191e-10         
1.057500000000000e+01         1.709176454978681e-10         
1.057812500000000e+01         1.712983096999410e-10         
1.058125000000000e+01         1.716827834151706e-10         
1.058437500000000e+01         1.720711705178146e-10         
1.058750000000000e+01         1.724599486379488e-10         
1.059062500000000e+01         1.728537784847651e-10         
1.059375000000000e+01         1.732478564911339e-10         
1.059687500000000e+01         1.736460320702973e-10         
1.060000000000000e+01         1.740480092249247e-10         
1.060312500000000e+01         1.744503448024737e-10         
1.060625000000000e+01         1.748579746860585e-10         
1.060937500000000e+01         1.752660529029253e-10         
1.061250000000000e+01         1.756791832718565e-10         
1.061562500000000e+01         1.760938443026397e-10         
1.061875000000000e+01         1.765104008240300e-10         
1.062187500000000e+01         1.769321809233819e-10         
1.062500000000000e+01         1.773544259457207e-10         
1.062812500000000e+01         1.777819905047595e-10         
1.063125000000000e+01         1.782111915536830e-10         
1.063437500000000e+01         1.786422474438371e-10         
1.063750000000000e+01         1.790787057562100e-10         
1.064062500000000e+01         1.795157297871470e-10         
1.064375000000000e+01         1.799580549145800e-10         
1.064687500000000e+01         1.804022842282132e-10         
1.065000000000000e+01         1.808483369570545e-10         
1.065312500000000e+01         1.812996114755898e-10         
1.065625000000000e+01         1.817516625712869e-10         
1.065937500000000e+01         1.822093314546285e-10         
1.066250000000000e+01         1.826689438247444e-10         
1.066562500000000e+01         1.831316145214643e-10         
1.066875000000000e+01         1.835974429601424e-10         
1.067187500000000e+01         1.840650378389678e-10         
1.067500000000000e+01         1.845383412020157e-10         
1.067812500000000e+01         1.850134889242075e-10         
1.068125000000000e+01         1.854920370850949e-10         
1.068437500000000e+01         1.859736991829648e-10         
1.068750000000000e+01         1.864573436726041e-10         
1.069062500000000e+01         1.869468630347739e-10         
1.069375000000000e+01         1.874382368025323e-10         
1.069687500000000e+01         1.879330645284985e-10         
1.070000000000000e+01         1.884312282501208e-10         
1.070312500000000e+01         1.889326519975424e-10         
1.070625000000000e+01         1.894375618096316e-10         
1.070937500000000e+01         1.899455635585093e-10         
1.071250000000000e+01         1.904572107076909e-10         
1.071562500000000e+01         1.909722940342111e-10         
1.071875000000000e+01         1.914907624648569e-10         
1.072187500000000e+01         1.920127323704166e-10         
1.072500000000000e+01         1.925393542351771e-10         
1.072812500000000e+01         1.930670635065118e-10         
1.073125000000000e+01         1.935994577220381e-10         
1.073437500000000e+01         1.941353347600894e-10         
1.073750000000000e+01         1.946747793470065e-10         
1.074062500000000e+01         1.952189743383940e-10         
1.074375000000000e+01         1.957643768992959e-10         
1.074687500000000e+01         1.963146659577283e-10         
1.075000000000000e+01         1.968683436189184e-10         
1.075312500000000e+01         1.974257558006145e-10         
1.075625000000000e+01         1.979882094036365e-10         
1.075937500000000e+01         1.985516402687694e-10         
1.076250000000000e+01         1.991213325309224e-10         
1.076562500000000e+01         1.996924248789636e-10         
1.076875000000000e+01         2.002682485678508e-10         
1.077187500000000e+01         2.008491633460077e-10         
1.077500000000000e+01         2.014313699635306e-10         
1.077812500000000e+01         2.020197896948959e-10         
1.078125000000000e+01         2.026095272457248e-10         
1.078437500000000e+01         2.032044062593631e-10         
1.078750000000000e+01         2.038044330070547e-10         
1.079062500000000e+01         2.044058127836161e-10         
1.079375000000000e+01         2.050134533095701e-10         
1.079687500000000e+01         2.056227006665247e-10         
1.080000000000000e+01         2.062371862839033e-10         
1.080312500000000e+01         2.068565357238877e-10         
1.080625000000000e+01         2.074774499684963e-10         
1.080937500000000e+01         2.081050666656107e-10         
1.081250000000000e+01         2.087338987465695e-10         
1.081562500000000e+01         2.093692169679903e-10         
1.081875000000000e+01         2.100073758220237e-10         
1.082187500000000e+01         2.106482092214857e-10         
1.082500000000000e+01         2.112957709071683e-10         
1.082812500000000e+01         2.119448472886111e-10         
1.083125000000000e+01         2.126006450769986e-10         
1.083437500000000e+01         2.132591055088521e-10         
1.083750000000000e+01         2.139204405256532e-10         
1.084062500000000e+01         2.145885638742874e-10         
1.084375000000000e+01         2.152581583687468e-10         
1.084687500000000e+01         2.159345812716363e-10         
1.085000000000000e+01         2.166136988995215e-10         
1.085312500000000e+01         2.172958113434285e-10         
1.085625000000000e+01         2.179847768137734e-10         
1.085937500000000e+01         2.186752614147028e-10         
1.086250000000000e+01         2.193727732754838e-10         
1.086562500000000e+01         2.200729150520161e-10         
1.086875000000000e+01         2.207775787553573e-10         
1.087187500000000e+01         2.214863285152934e-10         
1.087500000000000e+01         2.221980669500777e-10         
1.087812500000000e+01         2.229167923779016e-10         
1.088125000000000e+01         2.236382795963795e-10         
1.088437500000000e+01         2.243644455662915e-10         
1.088750000000000e+01         2.250944801115599e-10         
1.089062500000000e+01         2.258278586326440e-10         
1.089375000000000e+01         2.265680410814292e-10         
1.089687500000000e+01         2.273114035568328e-10         
1.090000000000000e+01         2.280590184372613e-10         
1.090312500000000e+01         2.288109301168841e-10         
1.090625000000000e+01         2.295673577302512e-10         
1.090937500000000e+01         2.303278803085634e-10         
1.091250000000000e+01         2.310928449002525e-10         
1.091562500000000e+01         2.318623906361830e-10         
1.091875000000000e+01         2.326360581076561e-10         
1.092187500000000e+01         2.334142130318203e-10         
1.092500000000000e+01         2.341966267324449e-10         
1.092812500000000e+01         2.349851173737052e-10         
1.093125000000000e+01         2.357747502021076e-10         
1.093437500000000e+01         2.365703547665499e-10         
1.093750000000000e+01         2.373703597874705e-10         
1.094062500000000e+01         2.381746586238870e-10         
1.094375000000000e+01         2.389848366433312e-10         
1.094687500000000e+01         2.397963629436092e-10         
1.095000000000000e+01         2.406136427854082e-10         
1.095312500000000e+01         2.414353343598806e-10         
1.095625000000000e+01         2.422614199334770e-10         
1.095937500000000e+01         2.430933993426067e-10         
1.096250000000000e+01         2.439262739692714e-10         
1.096562500000000e+01         2.447667693980773e-10         
1.096875000000000e+01         2.456083512241845e-10         
1.097187500000000e+01         2.464557980862956e-10         
1.097500000000000e+01         2.473090942415694e-10         
1.097812500000000e+01         2.481633897140939e-10         
1.098125000000000e+01         2.490251710844583e-10         
1.098437500000000e+01         2.498881215793258e-10         
1.098750000000000e+01         2.507566243263594e-10         
1.099062500000000e+01         2.516306103945978e-10         
1.099375000000000e+01         2.525059703820073e-10         
1.099687500000000e+01         2.533884611572681e-10         
1.100000000000000e+01         2.542716326778119e-10         
1.100312500000000e+01         2.551607588293577e-10         
1.100625000000000e+01         2.560551849645943e-10         
1.100937500000000e+01         2.569506502673065e-10         
1.101250000000000e+01         2.578529304136701e-10         
1.101562500000000e+01         2.587563880515732e-10         
1.101875000000000e+01         2.596664938188004e-10         
1.102187500000000e+01         2.605787119783826e-10         
1.102500000000000e+01         2.614932759044929e-10         
1.102812500000000e+01         2.624147330335392e-10         
1.103125000000000e+01         2.633368912385927e-10         
1.103437500000000e+01         2.642655255533980e-10         
1.103750000000000e+01         2.651962188789887e-10         
1.104062500000000e+01         2.661291141293239e-10         
1.104375000000000e+01         2.670682173011296e-10         
1.104687500000000e+01         2.680079801701785e-10         
1.105000000000000e+01         2.689539720327595e-10         
1.105312500000000e+01         2.699018461661816e-10         
1.105625000000000e+01         2.708528764901154e-10         
1.105937500000000e+01         2.718071277822904e-10         
1.106250000000000e+01         2.727628132146789e-10         
1.106562500000000e+01         2.737244908498824e-10         
1.106875000000000e+01         2.746878209837162e-10         
1.107187500000000e+01         2.756539312524075e-10         
1.107500000000000e+01         2.766225554484306e-10         
1.107812500000000e+01         2.775921842089180e-10         
1.108125000000000e+01         2.785679756405056e-10         
1.108437500000000e+01         2.795446035549161e-10         
1.108750000000000e+01         2.805234545703017e-10         
1.109062500000000e+01         2.815047418343320e-10         
1.109375000000000e+01         2.824863121404458e-10         
1.109687500000000e+01         2.834735599804757e-10         
1.110000000000000e+01         2.844611112140373e-10         
1.110312500000000e+01         2.854505276693279e-10         
1.110625000000000e+01         2.864415501055188e-10         
1.110937500000000e+01         2.874344015397045e-10         
1.111250000000000e+01         2.884285270570869e-10         
1.111562500000000e+01         2.894245942318651e-10         
1.111875000000000e+01         2.904215110678251e-10         
1.112187500000000e+01         2.914197532812228e-10         
1.112500000000000e+01         2.924187528762793e-10         
1.112812500000000e+01         2.934187711537972e-10         
1.113125000000000e+01         2.944212651384009e-10         
1.113437500000000e+01         2.954211612122114e-10         
1.113750000000000e+01         2.964229522214478e-10         
1.114062500000000e+01         2.974250218014555e-10         
1.114375000000000e+01         2.984274724250170e-10         
1.114687500000000e+01         2.994313917521733e-10         
1.115000000000000e+01         3.004318252140802e-10         
1.115312500000000e+01         3.014331302021970e-10         
1.115625000000000e+01         3.024346311705670e-10         
1.115937500000000e+01         3.034352076655628e-10         
1.116250000000000e+01         3.044363664000489e-10         
1.116562500000000e+01         3.054334149817274e-10         
1.116875000000000e+01         3.064322338949920e-10         
1.117187500000000e+01         3.074266723144883e-10         
1.117500000000000e+01         3.084205811986747e-10         
1.117812500000000e+01         3.094146809835392e-10         
1.118125000000000e+01         3.104036265637922e-10         
1.118437500000000e+01         3.113933766312583e-10         
1.118750000000000e+01         3.123771780826995e-10         
1.119062500000000e+01         3.133601727791802e-10         
1.119375000000000e+01         3.143421895913209e-10         
1.119687500000000e+01         3.153173934860441e-10         
1.120000000000000e+01         3.162927735740205e-10         
1.120312500000000e+01         3.172614760228496e-10         
1.120625000000000e+01         3.182274464847834e-10         
1.120937500000000e+01         3.191919567308133e-10         
1.121250000000000e+01         3.201480164716772e-10         
1.121562500000000e+01         3.211036180486175e-10         
1.121875000000000e+01         3.220505947478448e-10         
1.122187500000000e+01         3.229966543375563e-10         
1.122500000000000e+01         3.239354542374173e-10         
1.122812500000000e+01         3.248667093587941e-10         
1.123125000000000e+01         3.257964013225135e-10         
1.123437500000000e+01         3.267159908465860e-10         
1.123750000000000e+01         3.276335328317631e-10         
1.124062500000000e+01         3.285424594332718e-10         
1.124375000000000e+01         3.294425371049661e-10         
1.124687500000000e+01         3.303396860030186e-10         
1.125000000000000e+01         3.312254225014488e-10         
1.125312500000000e+01         3.321076691868655e-10         
1.125625000000000e+01         3.329800478383982e-10         
1.125937500000000e+01         3.338444678754460e-10         
1.126250000000000e+01         3.347004321931126e-10         
1.126562500000000e+01         3.355453762812467e-10         
1.126875000000000e+01         3.363861061729379e-10         
1.127187500000000e+01         3.372146319521862e-10         
1.127500000000000e+01         3.380348577757013e-10         
1.127812500000000e+01         3.388446950179007e-10         
1.128125000000000e+01         3.396424185438183e-10         
1.128437500000000e+01         3.404341519691695e-10         
1.128750000000000e+01         3.412126129520198e-10         
1.129062500000000e+01         3.419812306107436e-10         
1.129375000000000e+01         3.427378697330687e-10         
1.129687500000000e+01         3.434815567076879e-10         
1.130000000000000e+01         3.442175900034227e-10         
1.130312500000000e+01         3.449393775183841e-10         
1.130625000000000e+01         3.456494389277452e-10         
1.130937500000000e+01         3.463462900772867e-10         
1.131250000000000e+01         3.470312065601601e-10         
1.131562500000000e+01         3.477023533283195e-10         
1.131875000000000e+01         3.483625415312180e-10         
1.132187500000000e+01         3.490056694977869e-10         
1.132500000000000e+01         3.496363692218525e-10         
1.132812500000000e+01         3.502535699305863e-10         
1.133125000000000e+01         3.508559799698474e-10         
1.133437500000000e+01         3.514464523650403e-10         
1.133750000000000e+01         3.520175195472266e-10         
1.134062500000000e+01         3.525763018954797e-10         
1.134375000000000e+01         3.531198497790615e-10         
1.134687500000000e+01         3.536475382703374e-10         
1.135000000000000e+01         3.541619956320014e-10         
1.135312500000000e+01         3.546563794919704e-10         
1.135625000000000e+01         3.551366405150458e-10         
1.135937500000000e+01         3.556009795761353e-10         
1.136250000000000e+01         3.560485848163837e-10         
1.136562500000000e+01         3.564821438807623e-10         
1.136875000000000e+01         3.568943088219141e-10         
1.137187500000000e+01         3.572939053150424e-10         
1.137500000000000e+01         3.576720659393622e-10         
1.137812500000000e+01         3.580353107391187e-10         
1.138125000000000e+01         3.583829716771561e-10         
1.138437500000000e+01         3.587089192493059e-10         
1.138750000000000e+01         3.590215920992263e-10         
1.139062500000000e+01         3.593121698149299e-10         
1.139375000000000e+01         3.595869943563876e-10         
1.139687500000000e+01         3.598459776955446e-10         
1.140000000000000e+01         3.600824684201896e-10         
1.140312500000000e+01         3.603051108406121e-10         
1.140625000000000e+01         3.605051628013699e-10         
1.140937500000000e+01         3.606912459497753e-10         
1.141250000000000e+01         3.608563405348306e-10         
1.141562500000000e+01         3.610015027122314e-10         
1.141875000000000e+01         3.611323186747800e-10         
1.142187500000000e+01         3.612400225980895e-10         
1.142500000000000e+01         3.613336504154895e-10         
1.142812500000000e+01         3.614062787462850e-10         
1.143125000000000e+01         3.614587163356898e-10         
1.143437500000000e+01         3.614962967898688e-10         
1.143750000000000e+01         3.615116818758628e-10         
1.144062500000000e+01         3.615125677713850e-10         
1.144375000000000e+01         3.614923694787311e-10         
1.144687500000000e+01         3.614524675481412e-10         
1.145000000000000e+01         3.613975199248949e-10         
1.145312500000000e+01         3.613208366750403e-10         
1.145625000000000e+01         3.612293952401316e-10         
1.145937500000000e+01         3.611180187546630e-10         
1.146250000000000e+01         3.609888884450377e-10         
1.146562500000000e+01         3.608411253363068e-10         
1.146875000000000e+01         3.606739990183647e-10         
1.147187500000000e+01         3.604925863310217e-10         
1.147500000000000e+01         3.602919284718641e-10         
1.147812500000000e+01         3.600735993229386e-10         
1.148125000000000e+01         3.598379133501878e-10         
1.148437500000000e+01         3.595832350170888e-10         
1.148750000000000e+01         3.593149698534725e-10         
1.149062500000000e+01         3.590281026607187e-10         
1.149375000000000e+01         3.587244794333851e-10         
1.149687500000000e+01         3.584040810301610e-10         
1.150000000000000e+01         3.580679368088794e-10         
1.150312500000000e+01         3.577146924857317e-10         
1.150625000000000e+01         3.573458271041305e-10         
1.150937500000000e+01         3.569609979456434e-10         
1.151250000000000e+01         3.565607089744013e-10         
1.151562500000000e+01         3.561450016579401e-10         
1.151875000000000e+01         3.557140029495999e-10         
1.152187500000000e+01         3.552702484029772e-10         
1.152500000000000e+01         3.548073950101964e-10         
1.152812500000000e+01         3.543322795325311e-10         
1.153125000000000e+01         3.538427893895656e-10         
1.153437500000000e+01         3.533394399803281e-10         
1.153750000000000e+01         3.528244482387858e-10         
1.154062500000000e+01         3.522914565486802e-10         
1.154375000000000e+01         3.517474214698579e-10         
1.154687500000000e+01         3.511902835385914e-10         
1.155000000000000e+01         3.506203572275127e-10         
1.155312500000000e+01         3.500397242160200e-10         
1.155625000000000e+01         3.494431486221339e-10         
1.155937500000000e+01         3.488365234140735e-10         
1.156250000000000e+01         3.482179334308259e-10         
1.156562500000000e+01         3.475879223201496e-10         
1.156875000000000e+01         3.469483685919465e-10         
1.157187500000000e+01         3.462943528002030e-10         
1.157500000000000e+01         3.456333066809205e-10         
1.157812500000000e+01         3.449582421929199e-10         
1.158125000000000e+01         3.442747837150599e-10         
1.158437500000000e+01         3.435830217589008e-10         
1.158750000000000e+01         3.428783975531071e-10         
1.159062500000000e+01         3.421677847376438e-10         
1.159375000000000e+01         3.414445314253068e-10         
1.159687500000000e+01         3.407139675763149e-10         
1.160000000000000e+01         3.399771805412125e-10         
1.160312500000000e+01         3.392283643275625e-10         
1.160625000000000e+01         3.384749419958347e-10         
1.160937500000000e+01         3.377102205307472e-10         
1.161250000000000e+01         3.369415071917863e-10         
1.161562500000000e+01         3.361638500488536e-10         
1.161875000000000e+01         3.353774173730865e-10         
1.162187500000000e+01         3.345876954691099e-10         
1.162500000000000e+01         3.337881172887548e-10         
1.162812500000000e+01         3.329855659541797e-10         
1.163125000000000e+01         3.321754839874191e-10         
1.163437500000000e+01         3.313575354650884e-10         
1.163750000000000e+01         3.305382123341037e-10         
1.164062500000000e+01         3.297098252193530e-10         
1.164375000000000e+01         3.288797835309510e-10         
1.164687500000000e+01         3.280433434744343e-10         
1.165000000000000e+01         3.272002223723131e-10         
1.165312500000000e+01         3.263567440615185e-10         
1.165625000000000e+01         3.255053307705637e-10         
1.165937500000000e+01         3.246537064973858e-10         
1.166250000000000e+01         3.237966884614909e-10         
1.166562500000000e+01         3.229361345163554e-10         
1.166875000000000e+01         3.220722750759044e-10         
1.167187500000000e+01         3.212035269775866e-10         
1.167500000000000e+01         3.203357652862800e-10         
1.167812500000000e+01         3.194634739724577e-10         
1.168125000000000e+01         3.185887150904987e-10         
1.168437500000000e+01         3.177117296413751e-10         
1.168750000000000e+01         3.168307647506805e-10         
1.169062500000000e+01         3.159517783944842e-10         
1.169375000000000e+01         3.150689506851354e-10         
1.169687500000000e+01         3.141850579177215e-10         
1.170000000000000e+01         3.132996356216304e-10         
1.170312500000000e+01         3.124130055088862e-10         
1.170625000000000e+01         3.115255077606349e-10         
1.170937500000000e+01         3.106369213810371e-10         
1.171250000000000e+01         3.097481286485888e-10         
1.171562500000000e+01         3.088582791042856e-10         
1.171875000000000e+01         3.079686209761422e-10         
1.172187500000000e+01         3.070785934866926e-10         
1.172500000000000e+01         3.061900792577595e-10         
1.172812500000000e+01         3.052985368199478e-10         
1.173125000000000e+01         3.044084349949043e-10         
1.173437500000000e+01         3.035192686920944e-10         
1.173750000000000e+01         3.026303621887925e-10         
1.174062500000000e+01         3.017437256499915e-10         
1.174375000000000e+01         3.008547800114851e-10         
1.174687500000000e+01         2.999679595509891e-10         
1.175000000000000e+01         2.990824815145146e-10         
1.175312500000000e+01         2.981979597281990e-10         
1.175625000000000e+01         2.973165889695582e-10         
1.175937500000000e+01         2.964331543677991e-10         
1.176250000000000e+01         2.955543217881744e-10         
1.176562500000000e+01         2.946741093322532e-10         
1.176875000000000e+01         2.937966954900062e-10         
1.177187500000000e+01         2.929231670748838e-10         
1.177500000000000e+01         2.920479857927860e-10         
1.177812500000000e+01         2.911782732837150e-10         
1.178125000000000e+01         2.903073497415825e-10         
1.178437500000000e+01         2.894399020169017e-10         
1.178750000000000e+01         2.885764582238783e-10         
1.179062500000000e+01         2.877120176571755e-10         
1.179375000000000e+01         2.868532974544182e-10         
1.179687500000000e+01         2.859939636054952e-10         
1.180000000000000e+01         2.851385678480669e-10         
1.180312500000000e+01         2.842874723015237e-10         
1.180625000000000e+01         2.834356891567450e-10         
1.180937500000000e+01         2.825900497776724e-10         
1.181250000000000e+01         2.817438918496843e-10         
1.181562500000000e+01         2.809039409841318e-10         
1.181875000000000e+01         2.800651786609990e-10         
1.182187500000000e+01         2.792280517596479e-10         
1.182500000000000e+01         2.783969290557727e-10         
1.182812500000000e+01         2.775657938947527e-10         
1.183125000000000e+01         2.767409357917098e-10         
1.183437500000000e+01         2.759176744413345e-10         
1.183750000000000e+01         2.750963702574894e-10         
1.184062500000000e+01         2.742812622522559e-10         
1.184375000000000e+01         2.734663516625226e-10         
1.184687500000000e+01         2.726581263934508e-10         
1.185000000000000e+01         2.718513317817022e-10         
1.185312500000000e+01         2.710470004217792e-10         
1.185625000000000e+01         2.702490447519578e-10         
1.185937500000000e+01         2.694515136296796e-10         
1.186250000000000e+01         2.686606098759302e-10         
1.186562500000000e+01         2.678715782774517e-10         
1.186875000000000e+01         2.670865133571099e-10         
1.187187500000000e+01         2.663047872318615e-10         
1.187500000000000e+01         2.655254480205197e-10         
1.187812500000000e+01         2.647530363925381e-10         
1.188125000000000e+01         2.639822566000196e-10         
1.188437500000000e+01         2.632157372197997e-10         
1.188750000000000e+01         2.624526433681879e-10         
1.189062500000000e+01         2.616921816833028e-10         
1.189375000000000e+01         2.609382792608094e-10         
1.189687500000000e+01         2.601867887749257e-10         
1.190000000000000e+01         2.594393043534173e-10         
1.190312500000000e+01         2.586951255981904e-10         
1.190625000000000e+01         2.579554660652323e-10         
1.190937500000000e+01         2.572191018137790e-10         
1.191250000000000e+01         2.564870364118242e-10         
1.191562500000000e+01         2.557585920582938e-10         
1.191875000000000e+01         2.550342296118202e-10         
1.192187500000000e+01         2.543141613491946e-10         
1.192500000000000e+01         2.535974360088557e-10         
1.192812500000000e+01         2.528863740446682e-10         
1.193125000000000e+01         2.521762869049088e-10         
1.193437500000000e+01         2.514718068617669e-10         
1.193750000000000e+01         2.507708516633412e-10         
1.194062500000000e+01         2.500741081753960e-10         
1.194375000000000e+01         2.493828245673643e-10         
1.194687500000000e+01         2.486923755254938e-10         
1.195000000000000e+01         2.480074923115689e-10         
1.195312500000000e+01         2.473265296715170e-10         
1.195625000000000e+01         2.466496581220018e-10         
1.195937500000000e+01         2.459779331753805e-10         
1.196250000000000e+01         2.453073680437714e-10         
1.196562500000000e+01         2.446436723750221e-10         
1.196875000000000e+01         2.439812351785968e-10         
1.197187500000000e+01         2.433238737287316e-10         
1.197500000000000e+01         2.426719731137858e-10         
1.197812500000000e+01         2.420211298061029e-10         
1.198125000000000e+01         2.413770337277570e-10         
1.198437500000000e+01         2.407341267418874e-10         
1.198750000000000e+01         2.400965861313627e-10         
1.199062500000000e+01         2.394642608354985e-10         
1.199375000000000e+01         2.388330858580554e-10         
1.199687500000000e+01         2.382085412426318e-10         
1.200000000000000e+01         2.375852847154678e-10         
1.200312500000000e+01         2.369670635567949e-10         
1.200625000000000e+01         2.363541746928335e-10         
1.200937500000000e+01         2.357425486078292e-10         
1.201250000000000e+01         2.351373583437995e-10         
1.201562500000000e+01         2.345333887236930e-10         
1.201875000000000e+01         2.339358522841778e-10         
1.202187500000000e+01         2.333407468769168e-10         
1.202500000000000e+01         2.327482395477639e-10         
1.202812500000000e+01         2.321621438761450e-10         
1.203125000000000e+01         2.315771967471386e-10         
1.203437500000000e+01         2.309985618453213e-10         
1.203750000000000e+01         2.304225979502513e-10         
1.204062500000000e+01         2.298488035604991e-10         
1.204375000000000e+01         2.292814715981321e-10         
1.204687500000000e+01         2.287153970371592e-10         
1.205000000000000e+01         2.281554395082952e-10         
1.205312500000000e+01         2.275978340775472e-10         
1.205625000000000e+01         2.270440364698583e-10         
1.205937500000000e+01         2.264940145488509e-10         
1.206250000000000e+01         2.259462581965115e-10         
1.206562500000000e+01         2.254046453901880e-10         
1.206875000000000e+01         2.248655346984943e-10         
1.207187500000000e+01         2.243298490925035e-10         
1.207500000000000e+01         2.237979207224649e-10         
1.207812500000000e+01         2.232681172711497e-10         
1.208125000000000e+01         2.227446535039794e-10         
1.208437500000000e+01         2.222233062469812e-10         
1.208750000000000e+01         2.217055974692895e-10         
1.209062500000000e+01         2.211913768393663e-10         
1.209375000000000e+01         2.206795450573151e-10         
1.209687500000000e+01         2.201736111144690e-10         
1.210000000000000e+01         2.196699581975886e-10         
1.210312500000000e+01         2.191695755797451e-10         
1.210625000000000e+01         2.186729156375453e-10         
1.210937500000000e+01         2.181794456884466e-10         
1.211250000000000e+01         2.176894589607953e-10         
1.211562500000000e+01         2.172029324752632e-10         
1.211875000000000e+01         2.167198372206544e-10         
1.212187500000000e+01         2.162400779143538e-10         
1.212500000000000e+01         2.157637380213264e-10         
1.212812500000000e+01         2.152906941415352e-10         
1.213125000000000e+01         2.148220926983340e-10         
1.213437500000000e+01         2.143544299109639e-10         
1.213750000000000e+01         2.138913594176563e-10         
1.214062500000000e+01         2.134314654588839e-10         
1.214375000000000e+01         2.129749320166407e-10         
1.214687500000000e+01         2.125227430761430e-10         
1.215000000000000e+01         2.120713798407352e-10         
1.215312500000000e+01         2.116244756208662e-10         
1.215625000000000e+01         2.111808877018813e-10         
1.215937500000000e+01         2.107403755160960e-10         
1.216250000000000e+01         2.103043075709093e-10         
1.216562500000000e+01         2.098689040894349e-10         
1.216875000000000e+01         2.094390998599709e-10         
1.217187500000000e+01         2.090099780806049e-10         
1.217500000000000e+01         2.085851335931664e-10         
1.217812500000000e+01         2.081645967014225e-10         
1.218125000000000e+01         2.077447785213700e-10         
1.218437500000000e+01         2.073304858792483e-10         
1.218750000000000e+01         2.069167148856439e-10         
1.219062500000000e+01         2.065072744773047e-10         
1.219375000000000e+01         2.061020483866399e-10         
1.219687500000000e+01         2.056973164830255e-10         
1.220000000000000e+01         2.052981521983450e-10         
1.220312500000000e+01         2.048994685421804e-10         
1.220625000000000e+01         2.045048800884889e-10         
1.220937500000000e+01         2.041143787070316e-10         
1.221250000000000e+01         2.037247358249594e-10         
1.221562500000000e+01         2.033401153163855e-10         
1.221875000000000e+01         2.029559801293236e-10         
1.222187500000000e+01         2.025771621352185e-10         
1.222500000000000e+01         2.021999686509056e-10         
1.222812500000000e+01         2.018246100518749e-10         
1.223125000000000e+01         2.014543576712763e-10         
1.223437500000000e+01         2.010844711439401e-10         
1.223750000000000e+01         2.007199362353443e-10         
1.224062500000000e+01         2.003568902743155e-10         
1.224375000000000e+01         1.999954313215013e-10         
1.224687500000000e+01         1.996391429838727e-10         
1.225000000000000e+01         1.992833394419213e-10         
1.225312500000000e+01         1.989325092443086e-10         
1.225625000000000e+01         1.985831777579803e-10         
1.225937500000000e+01         1.982366224425543e-10         
1.226250000000000e+01         1.978928374969853e-10         
1.226562500000000e+01         1.975505595055486e-10         
1.226875000000000e+01         1.972132105289133e-10         
1.227187500000000e+01         1.968773614294062e-10         
1.227500000000000e+01         1.965441847741843e-10         
1.227812500000000e+01         1.962135816658658e-10         
1.228125000000000e+01         1.958844741604883e-10         
1.228437500000000e+01         1.955601668450361e-10         
1.228750000000000e+01         1.952375264726900e-10         
1.229062500000000e+01         1.949172555907957e-10         
1.229375000000000e+01         1.945997138278654e-10         
1.229687500000000e+01         1.942834619068299e-10         
1.230000000000000e+01         1.939719617584541e-10         
1.230312500000000e+01         1.936620176886232e-10         
1.230625000000000e+01         1.933544783677105e-10         
1.230937500000000e+01         1.930495539793989e-10         
1.231250000000000e+01         1.927469277343718e-10         
1.231562500000000e+01         1.924470807251857e-10         
1.231875000000000e+01         1.921505605933389e-10         
1.232187500000000e+01         1.918540426909799e-10         
1.232500000000000e+01         1.915615858394013e-10         
1.232812500000000e+01         1.912711949345263e-10         
1.233125000000000e+01         1.909834506397860e-10         
1.233437500000000e+01         1.906989578260556e-10         
1.233750000000000e+01         1.904147969695694e-10         
1.234062500000000e+01         1.901340481820961e-10         
1.234375000000000e+01         1.898556586860281e-10         
1.234687500000000e+01         1.895798757494956e-10         
1.235000000000000e+01         1.893072707593899e-10         
1.235312500000000e+01         1.890348984219438e-10         
1.235625000000000e+01         1.887660750253143e-10         
1.235937500000000e+01         1.884995680030511e-10         
1.236250000000000e+01         1.882349932607754e-10         
1.236562500000000e+01         1.879740685614406e-10         
1.236875000000000e+01         1.877132972944553e-10         
1.237187500000000e+01         1.874568507063664e-10         
1.237500000000000e+01         1.872005404843874e-10         
1.237812500000000e+01         1.869474417519960e-10         
1.238125000000000e+01         1.866975814003587e-10         
1.238437500000000e+01         1.864481510864137e-10         
1.238750000000000e+01         1.862027545891878e-10         
1.239062500000000e+01         1.859575868752835e-10         
1.239375000000000e+01         1.857157256919656e-10         
1.239687500000000e+01         1.854768213859599e-10         
1.240000000000000e+01         1.852382012247582e-10         
1.240312500000000e+01         1.850037487851760e-10         
1.240625000000000e+01         1.847693729858912e-10         
1.240937500000000e+01         1.845392228330461e-10         
1.241250000000000e+01         1.843104113956329e-10         
1.241562500000000e+01         1.840822404802749e-10         
1.241875000000000e+01         1.838585937797926e-10         
1.242187500000000e+01         1.836347683082154e-10         
1.242500000000000e+01         1.834152736506995e-10         
1.242812500000000e+01         1.831968372807741e-10         
1.243125000000000e+01         1.829791874602920e-10         
1.243437500000000e+01         1.827660644061807e-10         
1.243750000000000e+01         1.825526485308471e-10         
1.244062500000000e+01         1.823432717769602e-10         
1.244375000000000e+01         1.821352435583625e-10         
1.244687500000000e+01         1.819279316951189e-10         
1.245000000000000e+01         1.817249231236394e-10         
1.245312500000000e+01         1.815216845870683e-10         
1.245625000000000e+01         1.813227091692609e-10         
1.245937500000000e+01         1.811245966205793e-10         
1.246250000000000e+01         1.809284582157796e-10         
1.246562500000000e+01         1.807343091523226e-10         
1.246875000000000e+01         1.805409412638073e-10         
1.247187500000000e+01         1.803518219553505e-10         
1.247500000000000e+01         1.801636616523321e-10         
1.247812500000000e+01         1.799770722875366e-10         
1.248125000000000e+01         1.797927089676672e-10         
1.248437500000000e+01         1.796091604173193e-10         
1.248750000000000e+01         1.794295669684845e-10         
1.249062500000000e+01         1.792510365076251e-10         
1.249375000000000e+01         1.790743313867889e-10         
1.249687500000000e+01         1.788994425944252e-10         
1.250000000000000e+01         1.787255156674482e-10         
1.250312500000000e+01         1.785555520696990e-10         
1.250625000000000e+01         1.783862532726030e-10         
1.250937500000000e+01         1.782189098863886e-10         
1.251250000000000e+01         1.780535423498328e-10         
1.251562500000000e+01         1.778899673943393e-10         
1.251875000000000e+01         1.777282295197661e-10         
1.252187500000000e+01         1.775693485507295e-10         
1.252500000000000e+01         1.774103265202024e-10         
1.252812500000000e+01         1.772542128306619e-10         
1.253125000000000e+01         1.770996803111599e-10         
1.253437500000000e+01         1.769471760787856e-10         
1.253750000000000e+01         1.767973982238781e-10         
1.254062500000000e+01         1.766474118203031e-10         
1.254375000000000e+01         1.765002829717815e-10         
1.254687500000000e+01         1.763548302211230e-10         
1.255000000000000e+01         1.762113986969264e-10         
1.255312500000000e+01         1.760706077784994e-10         
1.255625000000000e+01         1.759294674156723e-10         
1.255937500000000e+01         1.757912738513012e-10         
1.256250000000000e+01         1.756548189828323e-10         
1.256562500000000e+01         1.755200423478530e-10         
1.256875000000000e+01         1.753881494985235e-10         
1.257187500000000e+01         1.752558482343700e-10         
1.257500000000000e+01         1.751273111418284e-10         
1.257812500000000e+01         1.749983928184329e-10         
1.258125000000000e+01         1.748724354432427e-10         
1.258437500000000e+01         1.747492197252965e-10         
1.258750000000000e+01         1.746253598741978e-10         
1.259062500000000e+01         1.745055294205265e-10         
1.259375000000000e+01         1.743852442663925e-10         
1.259687500000000e+01         1.742678910564370e-10         
1.260000000000000e+01         1.741529330608438e-10         
1.260312500000000e+01         1.740376951729577e-10         
1.260625000000000e+01         1.739263946160888e-10         
1.260937500000000e+01         1.738144956528121e-10         
1.261250000000000e+01         1.737063181519655e-10         
1.261562500000000e+01         1.735988654094430e-10         
1.261875000000000e+01         1.734919777377859e-10         
1.262187500000000e+01         1.733890330551880e-10         
1.262500000000000e+01         1.732854071201227e-10         
1.262812500000000e+01         1.731856729053105e-10         
1.263125000000000e+01         1.730865675439978e-10         
1.263437500000000e+01         1.729880402471466e-10         
1.263750000000000e+01         1.728931286068748e-10         
1.264062500000000e+01         1.727979154454024e-10         
1.264375000000000e+01         1.727063851602176e-10         
1.264687500000000e+01         1.726153235274575e-10         
1.265000000000000e+01         1.725251511290173e-10         
1.265312500000000e+01         1.724382000353067e-10         
1.265625000000000e+01         1.723512076045961e-10         
1.265937500000000e+01         1.722675428904374e-10         
1.266250000000000e+01         1.721845750510016e-10         
1.266562500000000e+01         1.721032527703844e-10         
1.266875000000000e+01         1.720234236795573e-10         
1.267187500000000e+01         1.719443378195001e-10         
1.267500000000000e+01         1.718687061020381e-10         
1.267812500000000e+01         1.717937968629580e-10         
1.268125000000000e+01         1.717202479948090e-10         
1.268437500000000e+01         1.716484632508356e-10         
1.268750000000000e+01         1.715772903156409e-10         
1.269062500000000e+01         1.715095221775225e-10         
1.269375000000000e+01         1.714426438393597e-10         
1.269687500000000e+01         1.713768996852235e-10         
1.270000000000000e+01         1.713130443994137e-10         
1.270312500000000e+01         1.712506044629984e-10         
1.270625000000000e+01         1.711897238014224e-10         
1.270937500000000e+01         1.711304795180583e-10         
1.271250000000000e+01         1.710726017058532e-10         
1.271562500000000e+01         1.710165354600162e-10         
1.271875000000000e+01         1.709616317721860e-10         
1.272187500000000e+01         1.709085018429894e-10         
1.272500000000000e+01         1.708579623689135e-10         
1.272812500000000e+01         1.708067161393506e-10         
1.273125000000000e+01         1.707583222645481e-10         
1.273437500000000e+01         1.707112136929650e-10         
1.273750000000000e+01         1.706656757070543e-10         
1.274062500000000e+01         1.706228761141271e-10         
1.274375000000000e+01         1.705793203815866e-10         
1.274687500000000e+01         1.705384730118549e-10         
1.275000000000000e+01         1.704988380550402e-10         
1.275312500000000e+01         1.704611235506363e-10         
1.275625000000000e+01         1.704256359067432e-10         
1.275937500000000e+01         1.703896986934122e-10         
1.276250000000000e+01         1.703573356452344e-10         
1.276562500000000e+01         1.703244685509839e-10         
1.276875000000000e+01         1.702942464054882e-10         
1.277187500000000e+01         1.702662704713808e-10         
1.277500000000000e+01         1.702379664628591e-10         
1.277812500000000e+01         1.702130547412815e-10         
1.278125000000000e+01         1.701876211026892e-10         
1.278437500000000e+01         1.701649086066975e-10         
1.278750000000000e+01         1.701444254404175e-10         
1.279062500000000e+01         1.701236565912481e-10         
1.279375000000000e+01         1.701061498172394e-10         
1.279687500000000e+01         1.700883347309925e-10         
1.280000000000000e+01         1.700728705678241e-10         
1.280312500000000e+01         1.700597779953861e-10         
1.280625000000000e+01         1.700464004166578e-10         
1.280937500000000e+01         1.700363119087346e-10         
1.281250000000000e+01         1.700258942951390e-10         
1.281562500000000e+01         1.700188096188601e-10         
1.281875000000000e+01         1.700122919455307e-10         
1.282187500000000e+01         1.700062981434511e-10         
1.282500000000000e+01         1.700036087218734e-10         
1.282812500000000e+01         1.700005294863529e-10         
1.283125000000000e+01         1.700007993225255e-10         
1.283437500000000e+01         1.700016788476159e-10         
1.283750000000000e+01         1.700029418224407e-10         
1.284062500000000e+01         1.700075752060545e-10         
1.284375000000000e+01         1.700118765183017e-10         
1.284687500000000e+01         1.700195287313658e-10         
1.285000000000000e+01         1.700278018050529e-10         
1.285312500000000e+01         1.700363062756894e-10         
1.285625000000000e+01         1.700483231777565e-10         
1.285937500000000e+01         1.700599383377835e-10         
1.286250000000000e+01         1.700748261979499e-10         
1.286562500000000e+01         1.700904383955779e-10         
1.286875000000000e+01         1.701072453674764e-10         
1.287187500000000e+01         1.701258262020315e-10         
1.287500000000000e+01         1.701446468747000e-10         
1.287812500000000e+01         1.701668318956030e-10         
1.288125000000000e+01         1.701897856261267e-10         
1.288437500000000e+01         1.702138943120223e-10         
1.288750000000000e+01         1.702397831308105e-10         
1.289062500000000e+01         1.702658850702743e-10         
1.289375000000000e+01         1.702955535429736e-10         
1.289687500000000e+01         1.703256663191776e-10         
1.290000000000000e+01         1.703570401097712e-10         
1.290312500000000e+01         1.703902164082976e-10         
1.290625000000000e+01         1.704245699512288e-10         
1.290937500000000e+01         1.704606390961414e-10         
1.291250000000000e+01         1.704980661771898e-10         
1.291562500000000e+01         1.705369091420757e-10         
1.291875000000000e+01         1.705772328955817e-10         
1.292187500000000e+01         1.706188612216050e-10         
1.292500000000000e+01         1.706622491147008e-10         
1.292812500000000e+01         1.707078782746083e-10         
1.293125000000000e+01         1.707531580893452e-10         
1.293437500000000e+01         1.708007690382796e-10         
1.293750000000000e+01         1.708498960679711e-10         
1.294062500000000e+01         1.709004445254814e-10         
1.294375000000000e+01         1.709533909606746e-10         
1.294687500000000e+01         1.710060082520996e-10         
1.295000000000000e+01         1.710609712531291e-10         
1.295312500000000e+01         1.711173994778860e-10         
1.295625000000000e+01         1.711753253106654e-10         
1.295937500000000e+01         1.712356209245535e-10         
1.296250000000000e+01         1.712955556877347e-10         
1.296562500000000e+01         1.713588019317672e-10         
1.296875000000000e+01         1.714216860076712e-10         
1.297187500000000e+01         1.714869496388025e-10         
1.297500000000000e+01         1.715545874554883e-10         
1.297812500000000e+01         1.716218988641287e-10         
1.298125000000000e+01         1.716925005704570e-10         
1.298437500000000e+01         1.717627773479025e-10         
1.298750000000000e+01         1.718354340952568e-10         
1.299062500000000e+01         1.719105915240619e-10         
1.299375000000000e+01         1.719851601319592e-10         
1.299687500000000e+01         1.720631893239234e-10         
1.300000000000000e+01         1.721408242051283e-10         
1.300312500000000e+01         1.722208973616471e-10         
1.300625000000000e+01         1.723034985616984e-10         
1.300937500000000e+01         1.723854844956735e-10         
1.301250000000000e+01         1.724710722457768e-10         
1.301562500000000e+01         1.725560639621062e-10         
1.301875000000000e+01         1.726444879384333e-10         
1.302187500000000e+01         1.727336793678285e-10         
1.302500000000000e+01         1.728231296370950e-10         
1.302812500000000e+01         1.729161783072948e-10         
1.303125000000000e+01         1.730086586006815e-10         
1.303437500000000e+01         1.731047248360167e-10         
1.303750000000000e+01         1.732012709609294e-10         
1.304062500000000e+01         1.732982585630885e-10         
1.304375000000000e+01         1.733988254725565e-10         
1.304687500000000e+01         1.734988160993830e-10         
1.305000000000000e+01         1.736024770949338e-10         
1.305312500000000e+01         1.737065253813542e-10         
1.305625000000000e+01         1.738121395841581e-10         
1.305937500000000e+01         1.739192959287351e-10         
1.306250000000000e+01         1.740268134210551e-10         
1.306562500000000e+01         1.741380688206342e-10         
1.306875000000000e+01         1.742497460333522e-10         
1.307187500000000e+01         1.743629375675876e-10         
1.307500000000000e+01         1.744776818036792e-10         
1.307812500000000e+01         1.745930621633303e-10         
1.308125000000000e+01         1.747118431984986e-10         
1.308437500000000e+01         1.748312127421479e-10         
1.308750000000000e+01         1.749520949494556e-10         
1.309062500000000e+01         1.750745751097432e-10         
1.309375000000000e+01         1.751976745721681e-10         
1.309687500000000e+01         1.753241567847555e-10         
1.310000000000000e+01         1.754512563584828e-10         
1.310312500000000e+01         1.755799147117839e-10         
1.310625000000000e+01         1.757101373158413e-10         
1.310937500000000e+01         1.758419555248265e-10         
1.311250000000000e+01         1.759752385132627e-10         
1.311562500000000e+01         1.761102091677493e-10         
1.311875000000000e+01         1.762466176448390e-10         
1.312187500000000e+01         1.763847066459406e-10         
1.312500000000000e+01         1.765243515745127e-10         
1.312812500000000e+01         1.766655551313230e-10         
1.313125000000000e+01         1.768093457608090e-10         
1.313437500000000e+01         1.769526987218654e-10         
1.313750000000000e+01         1.770986886527756e-10         
1.314062500000000e+01         1.772462684317025e-10         
1.314375000000000e+01         1.773954140166279e-10         
1.314687500000000e+01         1.775472434444274e-10         
1.315000000000000e+01         1.776985226977395e-10         
1.315312500000000e+01         1.778526285504044e-10         
1.315625000000000e+01         1.780081064068915e-10         
1.315937500000000e+01         1.781652682861114e-10         
1.316250000000000e+01         1.783251644056310e-10         
1.316562500000000e+01         1.784845196649141e-10         
1.316875000000000e+01         1.786476902430669e-10         
1.317187500000000e+01         1.788103335996703e-10         
1.317500000000000e+01         1.789757994197260e-10         
1.317812500000000e+01         1.791436416730450e-10         
1.318125000000000e+01         1.793111459052868e-10         
1.318437500000000e+01         1.794825322041617e-10         
1.318750000000000e+01         1.796532808762130e-10         
1.319062500000000e+01         1.798270714923250e-10         
1.319375000000000e+01         1.800031935697327e-10         
1.319687500000000e+01         1.801790909735077e-10         
1.320000000000000e+01         1.803586501684439e-10         
1.320312500000000e+01         1.805377675472693e-10         
1.320625000000000e+01         1.807197229513482e-10         
1.320937500000000e+01         1.809042192878381e-10         
1.321250000000000e+01         1.810885015474570e-10         
1.321562500000000e+01         1.812764213882843e-10         
1.321875000000000e+01         1.814640398928234e-10         
1.322187500000000e+01         1.816553191087408e-10         
1.322500000000000e+01         1.818472884267799e-10         
1.322812500000000e+01         1.820401453012361e-10         
1.323125000000000e+01         1.822364774039505e-10         
1.323437500000000e+01         1.824326383464283e-10         
1.323750000000000e+01         1.826323723250464e-10         
1.324062500000000e+01         1.828329208179685e-10         
1.324375000000000e+01         1.830341741601026e-10         
1.324687500000000e+01         1.832391712983420e-10         
1.325000000000000e+01         1.834439917733636e-10         
1.325312500000000e+01         1.836524413798213e-10         
1.325625000000000e+01         1.838617407393626e-10         
1.325937500000000e+01         1.840727234080016e-10         
1.326250000000000e+01         1.842855214503460e-10         
1.326562500000000e+01         1.844991183710930e-10         
1.326875000000000e+01         1.847162195779880e-10         
1.327187500000000e+01         1.849344509820958e-10         
1.327500000000000e+01         1.851541998374835e-10         
1.327812500000000e+01         1.853757954981721e-10         
1.328125000000000e+01         1.855982317259991e-10         
1.328437500000000e+01         1.858243336432631e-10         
1.328750000000000e+01         1.860513671241939e-10         
1.329062500000000e+01         1.862800771062530e-10         
1.329375000000000e+01         1.865108216011078e-10         
1.329687500000000e+01         1.867422012657608e-10         
1.330000000000000e+01         1.869773438479645e-10         
1.330312500000000e+01         1.872135334570159e-10         
1.330625000000000e+01         1.874512476655523e-10         
1.330937500000000e+01         1.876910613055706e-10         
1.331250000000000e+01         1.879324960863931e-10         
1.331562500000000e+01         1.881758437312041e-10         
1.331875000000000e+01         1.884220758048313e-10         
1.332187500000000e+01         1.886681074118962e-10         
1.332500000000000e+01         1.889170231098696e-10         
1.332812500000000e+01         1.891677899977100e-10         
1.333125000000000e+01         1.894205597590546e-10         
1.333437500000000e+01         1.896761105325973e-10         
1.333750000000000e+01         1.899315707814153e-10         
1.334062500000000e+01         1.901897393248838e-10         
1.334375000000000e+01         1.904499170402039e-10         
1.334687500000000e+01         1.907121538606321e-10         
1.335000000000000e+01         1.909771154804115e-10         
1.335312500000000e+01         1.912419183265042e-10         
1.335625000000000e+01         1.915098740731072e-10         
1.335937500000000e+01         1.917795272815780e-10         
1.336250000000000e+01         1.920512834774614e-10         
1.336562500000000e+01         1.923258407557801e-10         
1.336875000000000e+01         1.926003048164344e-10         
1.337187500000000e+01         1.928787696204844e-10         
1.337500000000000e+01         1.931570207659586e-10         
1.337812500000000e+01         1.934384943816020e-10         
1.338125000000000e+01         1.937226674840965e-10         
1.338437500000000e+01         1.940070633424119e-10         
1.338750000000000e+01         1.942955138276196e-10         
1.339062500000000e+01         1.945837181816351e-10         
1.339375000000000e+01         1.948749569322997e-10         
1.339687500000000e+01         1.951691105365196e-10         
1.340000000000000e+01         1.954634110246937e-10         
1.340312500000000e+01         1.957617503920278e-10         
1.340625000000000e+01         1.960599304346112e-10         
1.340937500000000e+01         1.963623299599433e-10         
1.341250000000000e+01         1.966655659877100e-10         
1.341562500000000e+01         1.969698831242810e-10         
1.341875000000000e+01         1.972782324687898e-10         
1.342187500000000e+01         1.975866227653872e-10         
1.342500000000000e+01         1.978991664591906e-10         
1.342812500000000e+01         1.982126389865269e-10         
1.343125000000000e+01         1.985272973761289e-10         
1.343437500000000e+01         1.988459352695183e-10         
1.343750000000000e+01         1.991644233321002e-10         
1.344062500000000e+01         1.994871832784087e-10         
1.344375000000000e+01         1.998112380975949e-10         
1.344687500000000e+01         2.001359464386355e-10         
1.345000000000000e+01         2.004651020990692e-10         
1.345312500000000e+01         2.007940783532494e-10         
1.345625000000000e+01         2.011274259684565e-10         
1.345937500000000e+01         2.014616690466465e-10         
1.346250000000000e+01         2.017981239349790e-10         
1.346562500000000e+01         2.021367285683608e-10         
1.346875000000000e+01         2.024764553081254e-10         
1.347187500000000e+01         2.028204056783200e-10         
1.347500000000000e+01         2.031656425754245e-10         
1.347812500000000e+01         2.035127482694457e-10         
1.348125000000000e+01         2.038620393157808e-10         
1.348437500000000e+01         2.042122705602633e-10         
1.348750000000000e+01         2.045668991215432e-10         
1.349062500000000e+01         2.049227135521782e-10         
1.349375000000000e+01         2.052805490481395e-10         
1.349687500000000e+01         2.056407901534515e-10         
1.350000000000000e+01         2.060030666698642e-10         
1.350312500000000e+01         2.063676010751161e-10         
1.350625000000000e+01         2.067342524137973e-10         
1.350937500000000e+01         2.071031365069595e-10         
1.351250000000000e+01         2.074742661855055e-10         
1.351562500000000e+01         2.078474974970211e-10         
1.351875000000000e+01         2.082232119903129e-10         
1.352187500000000e+01         2.086018847215527e-10         
1.352500000000000e+01         2.089809324267927e-10         
1.352812500000000e+01         2.093631522845982e-10         
1.353125000000000e+01         2.097476604734116e-10         
1.353437500000000e+01         2.101343135013565e-10         
1.353750000000000e+01         2.105245661113948e-10         
1.354062500000000e+01         2.109148735541770e-10         
1.354375000000000e+01         2.113083362823339e-10         
1.354687500000000e+01         2.117042342674472e-10         
1.355000000000000e+01         2.121022740782687e-10         
1.355312500000000e+01         2.125035890481049e-10         
1.355625000000000e+01         2.129051919671273e-10         
1.355937500000000e+01         2.133101367055584e-10         
1.356250000000000e+01         2.137173173292672e-10         
1.356562500000000e+01         2.141269531733120e-10         
1.356875000000000e+01         2.145398165628348e-10         
1.357187500000000e+01         2.149527811541426e-10         
1.357500000000000e+01         2.153704906555906e-10         
1.357812500000000e+01         2.157879987420998e-10         
1.358125000000000e+01         2.162090164837795e-10         
1.358437500000000e+01         2.166335612844063e-10         
1.358750000000000e+01         2.170581546906533e-10         
1.359062500000000e+01         2.174874330594301e-10         
1.359375000000000e+01         2.179168046790513e-10         
1.359687500000000e+01         2.183494589601584e-10         
1.360000000000000e+01         2.187857070908197e-10         
1.360312500000000e+01         2.192221388388077e-10         
1.360625000000000e+01         2.196629870889603e-10         
1.360937500000000e+01         2.201038550748399e-10         
1.361250000000000e+01         2.205493630860437e-10         
1.361562500000000e+01         2.209962062803287e-10         
1.361875000000000e+01         2.214444067577015e-10         
1.362187500000000e+01         2.218971097817956e-10         
1.362500000000000e+01         2.223499145908311e-10         
1.362812500000000e+01         2.228074362032161e-10         
1.363125000000000e+01         2.232660058895384e-10         
1.363437500000000e+01         2.237260056920172e-10         
1.363750000000000e+01         2.241903891338701e-10         
1.364062500000000e+01         2.246553021802642e-10         
1.364375000000000e+01         2.251246314593982e-10         
1.364687500000000e+01         2.255951531321603e-10         
1.365000000000000e+01         2.260668703690342e-10         
1.365312500000000e+01         2.265435035978517e-10         
1.365625000000000e+01         2.270200450157231e-10         
1.365937500000000e+01         2.275013395089599e-10         
1.366250000000000e+01         2.279838523145618e-10         
1.366562500000000e+01         2.284687100616204e-10         
1.366875000000000e+01         2.289560062250092e-10         
1.367187500000000e+01         2.294444298039599e-10         
1.367500000000000e+01         2.299376549948326e-10         
1.367812500000000e+01         2.304320981348552e-10         
1.368125000000000e+01         2.309289936709735e-10         
1.368437500000000e+01         2.314280548989382e-10         
1.368750000000000e+01         2.319284198488745e-10         
1.369062500000000e+01         2.324335188550414e-10         
1.369375000000000e+01         2.329397076121635e-10         
1.369687500000000e+01         2.334484755123781e-10         
1.370000000000000e+01         2.339594655487135e-10         
1.370312500000000e+01         2.344728882240516e-10         
1.370625000000000e+01         2.349885398949806e-10         
1.370937500000000e+01         2.355065832530064e-10         
1.371250000000000e+01         2.360272821404509e-10         
1.371562500000000e+01         2.365497547792039e-10         
1.371875000000000e+01         2.370750537164864e-10         
1.372187500000000e+01         2.376025164032333e-10         
1.372500000000000e+01         2.381333986916625e-10         
1.372812500000000e+01         2.386645204055592e-10         
1.373125000000000e+01         2.391990066724293e-10         
1.373437500000000e+01         2.397358020810463e-10         
1.373750000000000e+01         2.402750548510501e-10         
1.374062500000000e+01         2.408176681116735e-10         
1.374375000000000e+01         2.413602380861792e-10         
1.374687500000000e+01         2.419062622013859e-10         
1.375000000000000e+01         2.424544375529612e-10         
1.375312500000000e+01         2.430052915392826e-10         
1.375625000000000e+01         2.435591570376212e-10         
1.375937500000000e+01         2.441131596189052e-10         
1.376250000000000e+01         2.446718746048061e-10         
1.376562500000000e+01         2.452303336160222e-10         
1.376875000000000e+01         2.457919969853255e-10         
1.377187500000000e+01         2.463573363200760e-10         
1.377500000000000e+01         2.469224137628205e-10         
1.377812500000000e+01         2.474921967672560e-10         
1.378125000000000e+01         2.480617855848806e-10         
1.378437500000000e+01         2.486344654359879e-10         
1.378750000000000e+01         2.492106910199184e-10         
1.379062500000000e+01         2.497868086541835e-10         
1.379375000000000e+01         2.503672703567665e-10         
1.379687500000000e+01         2.509475096728341e-10         
1.380000000000000e+01         2.515309063852775e-10         
1.380312500000000e+01         2.521178356756914e-10         
1.380625000000000e+01         2.527042346784859e-10         
1.380937500000000e+01         2.532953948393357e-10         
1.381250000000000e+01         2.538857044117522e-10         
1.381562500000000e+01         2.544808356744107e-10         
1.381875000000000e+01         2.550767146089497e-10         
1.382187500000000e+01         2.556732276376309e-10         
1.382500000000000e+01         2.562742383460011e-10         
1.382812500000000e+01         2.568745229370218e-10         
1.383125000000000e+01         2.574794309569159e-10         
1.383437500000000e+01         2.580849297775779e-10         
1.383750000000000e+01         2.586910520564434e-10         
1.384062500000000e+01         2.593015043408428e-10         
1.384375000000000e+01         2.599114648003058e-10         
1.384687500000000e+01         2.605255802876128e-10         
1.385000000000000e+01         2.611398838578845e-10         
1.385312500000000e+01         2.617550611705236e-10         
1.385625000000000e+01         2.623747716931298e-10         
1.385937500000000e+01         2.629933110823078e-10         
1.386250000000000e+01         2.636161568633372e-10         
1.386562500000000e+01         2.642392465177569e-10         
1.386875000000000e+01         2.648640728089448e-10         
1.387187500000000e+01         2.654905029921361e-10         
1.387500000000000e+01         2.661171704385524e-10         
1.387812500000000e+01         2.667480053534615e-10         
1.388125000000000e+01         2.673789305931795e-10         
1.388437500000000e+01         2.680114710357361e-10         
1.388750000000000e+01         2.686452519784609e-10         
1.389062500000000e+01         2.692792760425843e-10         
1.389375000000000e+01         2.699170786101602e-10         
1.389687500000000e+01         2.705563395667680e-10         
1.390000000000000e+01         2.711943088008037e-10         
1.390312500000000e+01         2.718362576224371e-10         
1.390625000000000e+01         2.724768795779551e-10         
1.390937500000000e+01         2.731209885312735e-10         
1.391250000000000e+01         2.737635443115170e-10         
1.391562500000000e+01         2.744074290334270e-10         
1.391875000000000e+01         2.750550280472564e-10         
1.392187500000000e+01         2.757010256657576e-10         
1.392500000000000e+01         2.763503864220896e-10         
1.392812500000000e+01         2.770008946819914e-10         
1.393125000000000e+01         2.776494813990185e-10         
1.393437500000000e+01         2.783017784035799e-10         
1.393750000000000e+01         2.789519184109735e-10         
1.394062500000000e+01         2.796055128633944e-10         
1.394375000000000e+01         2.802572100267670e-10         
1.394687500000000e+01         2.809096480934024e-10         
1.395000000000000e+01         2.815651192136362e-10         
1.395312500000000e+01         2.822185977694105e-10         
1.395625000000000e+01         2.828751422675017e-10         
1.395937500000000e+01         2.835323696603187e-10         
1.396250000000000e+01         2.841870610998497e-10         
1.396562500000000e+01         2.848448485173283e-10         
1.396875000000000e+01         2.855000045424239e-10         
1.397187500000000e+01         2.861584144591885e-10         
1.397500000000000e+01         2.868137364237873e-10         
1.397812500000000e+01         2.874723975289393e-10         
1.398125000000000e+01         2.881280343757202e-10         
1.398437500000000e+01         2.887838516565705e-10         
1.398750000000000e+01         2.894421543682299e-10         
1.399062500000000e+01         2.901003568035470e-10         
1.399375000000000e+01         2.907556766387984e-10         
1.399687500000000e+01         2.914133332087054e-10         
1.400000000000000e+01         2.920677480671497e-10         
1.400312500000000e+01         2.927247623092070e-10         
1.400625000000000e+01         2.933782220832122e-10         
1.400937500000000e+01         2.940342339365736e-10         
1.401250000000000e+01         2.946863777366613e-10         
1.401562500000000e+01         2.953411747284675e-10         
1.401875000000000e+01         2.959921431294694e-10         
1.402187500000000e+01         2.966448422888330e-10         
1.402500000000000e+01         2.972941653354635e-10         
1.402812500000000e+01         2.979449911927531e-10         
1.403125000000000e+01         2.985921657000313e-10         
1.403437500000000e+01         2.992408455860022e-10         
1.403750000000000e+01         2.998885241938548e-10         
1.404062500000000e+01         3.005318999171874e-10         
1.404375000000000e+01         3.011736897757079e-10         
1.404687500000000e+01         3.018174481513177e-10         
1.405000000000000e+01         3.024561213865294e-10         
1.405312500000000e+01         3.030964179955057e-10         
1.405625000000000e+01         3.037321435297760e-10         
1.405937500000000e+01         3.043688805372731e-10         
1.406250000000000e+01         3.050009616492706e-10         
1.406562500000000e+01         3.056337466645956e-10         
1.406875000000000e+01         3.062646410323684e-10         
1.407187500000000e+01         3.068903815283998e-10         
1.407500000000000e+01         3.075170016056180e-10         
1.407812500000000e+01         3.081381646973939e-10         
1.408125000000000e+01         3.087570307179983e-10         
1.408437500000000e+01         3.093764638230465e-10         
1.408750000000000e+01         3.099901835239501e-10         
1.409062500000000e+01         3.106041814160909e-10         
1.409375000000000e+01         3.112125006130263e-10         
1.409687500000000e+01         3.118211324987829e-10         
1.410000000000000e+01         3.124266780347881e-10         
1.410312500000000e+01         3.130260678167790e-10         
1.410625000000000e+01         3.136255270372958e-10         
1.410937500000000e+01         3.142185615697300e-10         
1.411250000000000e+01         3.148114324785433e-10         
1.411562500000000e+01         3.153978367062113e-10         
1.411875000000000e+01         3.159806744749717e-10         
1.412187500000000e+01         3.165629701559270e-10         
1.412500000000000e+01         3.171385102105784e-10         
1.412812500000000e+01         3.177133199000254e-10         
1.413125000000000e+01         3.182841245540298e-10         
1.413437500000000e+01         3.188481582435356e-10         
1.413750000000000e+01         3.194110209930360e-10         
1.414062500000000e+01         3.199666473000076e-10         
1.414375000000000e+01         3.205209650839598e-10         
1.414687500000000e+01         3.210676502729066e-10         
1.415000000000000e+01         3.216103810507793e-10         
1.415312500000000e+01         3.221511053552412e-10         
1.415625000000000e+01         3.226845773015455e-10         
1.415937500000000e+01         3.232161279509828e-10         
1.416250000000000e+01         3.237426776538084e-10         
1.416562500000000e+01         3.242614324396951e-10         
1.416875000000000e+01         3.247778986166933e-10         
1.417187500000000e+01         3.252865619677412e-10         
1.417500000000000e+01         3.257926340267151e-10         
1.417812500000000e+01         3.262903836034068e-10         
1.418125000000000e+01         3.267862157529828e-10         
1.418437500000000e+01         3.272728431146374e-10         
1.418750000000000e+01         3.277543258803958e-10         
1.419062500000000e+01         3.282326646115831e-10         
1.419375000000000e+01         3.287055606627142e-10         
1.419687500000000e+01         3.291693478795005e-10         
1.420000000000000e+01         3.296303157963196e-10         
1.420312500000000e+01         3.300823652138610e-10         
1.420625000000000e+01         3.305307458593507e-10         
1.420937500000000e+01         3.309700158595979e-10         
1.421250000000000e+01         3.314061736357062e-10         
1.421562500000000e+01         3.318326926454406e-10         
1.421875000000000e+01         3.322558079204930e-10         
1.422187500000000e+01         3.326691446072340e-10         
1.422500000000000e+01         3.330791366676353e-10         
1.422812500000000e+01         3.334790114417930e-10         
1.423125000000000e+01         3.338753096063340e-10         
1.423437500000000e+01         3.342613573384319e-10         
1.423750000000000e+01         3.346437480918281e-10         
1.424062500000000e+01         3.350189632401557e-10         
1.424375000000000e+01         3.353838188418229e-10         
1.424687500000000e+01         3.357414749194780e-10         
1.425000000000000e+01         3.360949867587110e-10         
1.425312500000000e+01         3.364379162403215e-10         
1.425625000000000e+01         3.367766528307792e-10         
1.425937500000000e+01         3.371045810956117e-10         
1.426250000000000e+01         3.374282165606906e-10         
1.426562500000000e+01         3.377409338428539e-10         
1.426875000000000e+01         3.380491756265958e-10         
1.427187500000000e+01         3.383494089756479e-10         
1.427500000000000e+01         3.386390043608942e-10         
1.427812500000000e+01         3.389237895351568e-10         
1.428125000000000e+01         3.391972927464793e-10         
1.428437500000000e+01         3.394628138149406e-10         
1.428750000000000e+01         3.397232812744569e-10         
1.429062500000000e+01         3.399729510958685e-10         
1.429375000000000e+01         3.402171821194870e-10         
1.429687500000000e+01         3.404504340784476e-10         
1.430000000000000e+01         3.406784952027791e-10         
1.430312500000000e+01         3.408980085322894e-10         
1.430625000000000e+01         3.411064393407631e-10         
1.430937500000000e+01         3.413092744265872e-10         
1.431250000000000e+01         3.415009284903200e-10         
1.431562500000000e+01         3.416869299255292e-10         
1.431875000000000e+01         3.418614623860625e-10         
1.432187500000000e+01         3.420277427972943e-10         
1.432500000000000e+01         3.421882983176038e-10         
1.432812500000000e+01         3.423375349051209e-10         
1.433125000000000e+01         3.424809940002397e-10         
1.433437500000000e+01         3.426161595518721e-10         
1.433750000000000e+01         3.427394210862120e-10         
1.434062500000000e+01         3.428573624510954e-10         
1.434375000000000e+01         3.429636828066895e-10         
1.434687500000000e+01         3.430641309091135e-10         
1.435000000000000e+01         3.431529081860698e-10         
1.435312500000000e+01         3.432330686501627e-10         
1.435625000000000e+01         3.433078526911573e-10         
1.435937500000000e+01         3.433706836108513e-10         
1.436250000000000e+01         3.434282167669603e-10         
1.436562500000000e+01         3.434771088957358e-10         
1.436875000000000e+01         3.435140418048353e-10         
1.437187500000000e+01         3.435456930301267e-10         
1.437500000000000e+01         3.435654159610095e-10         
1.437812500000000e+01         3.435798661709837e-10         
1.438125000000000e+01         3.435824450699107e-10         
1.438437500000000e+01         3.435797427449143e-10         
1.438750000000000e+01         3.435652015522943e-10         
1.439062500000000e+01         3.435421393260660e-10         
1.439375000000000e+01         3.435139313980503e-10         
1.439687500000000e+01         3.434772584062349e-10         
1.440000000000000e+01         3.434288548816923e-10         
1.440312500000000e+01         3.433753651972574e-10         
1.440625000000000e+01         3.433102236132827e-10         
1.440937500000000e+01         3.432400346955055e-10         
1.441250000000000e+01         3.431580011384750e-10         
1.441562500000000e+01         3.430715701361899e-10         
1.441875000000000e+01         3.429733907524475e-10         
1.442187500000000e+01         3.428702650228407e-10         
1.442500000000000e+01         3.427557677199019e-10         
1.442812500000000e+01         3.426363099435526e-10         
1.443125000000000e+01         3.425060009181484e-10         
1.443437500000000e+01         3.423705755058737e-10         
1.443750000000000e+01         3.422243926806510e-10         
1.444062500000000e+01         3.420734529307594e-10         
1.444375000000000e+01         3.419144374528085e-10         
1.444687500000000e+01         3.417450045381961e-10         
1.445000000000000e+01         3.415673151589401e-10         
1.445312500000000e+01         3.413858817927383e-10         
1.445625000000000e+01         3.411931259464591e-10         
1.445937500000000e+01         3.409963264922786e-10         
1.446250000000000e+01         3.407891516943414e-10         
1.446562500000000e+01         3.405774786618346e-10         
1.446875000000000e+01         3.403557288035637e-10         
1.447187500000000e+01         3.401295208969337e-10         
1.447500000000000e+01         3.398965228701547e-10         
1.447812500000000e+01         3.396531389340006e-10         
1.448125000000000e+01         3.394061319294794e-10         
1.448437500000000e+01         3.391493046678599e-10         
1.448750000000000e+01         3.388850572145519e-10         
1.449062500000000e+01         3.386176160907436e-10         
1.449375000000000e+01         3.383402475932335e-10         
1.449687500000000e+01         3.380595529715550e-10         
1.450000000000000e+01         3.377691184856545e-10         
1.450312500000000e+01         3.374756360404300e-10         
1.450625000000000e+01         3.371756924816029e-10         
1.450937500000000e+01         3.368665175715107e-10         
1.451250000000000e+01         3.365542733393967e-10         
1.451562500000000e+01         3.362327338269496e-10         
1.451875000000000e+01         3.359083940701558e-10         
1.452187500000000e+01         3.355751726280942e-10         
1.452500000000000e+01         3.352360829485325e-10         
1.452812500000000e+01         3.348944596127555e-10         
1.453125000000000e+01         3.345441056845922e-10         
1.453437500000000e+01         3.341913533671381e-10         
1.453750000000000e+01         3.338331873075816e-10         
1.454062500000000e+01         3.334664843644414e-10         
1.454375000000000e+01         3.330977021854954e-10         
1.454687500000000e+01         3.327206824747932e-10         
1.455000000000000e+01         3.323416248080806e-10         
1.455312500000000e+01         3.319543695608693e-10         
1.455625000000000e+01         3.315657050458635e-10         
1.455937500000000e+01         3.311690184172042e-10         
1.456250000000000e+01         3.307675294439397e-10         
1.456562500000000e+01         3.303645749624727e-10         
1.456875000000000e+01         3.299569484548671e-10         
1.457187500000000e+01         3.295422460540271e-10         
1.457500000000000e+01         3.291258960454615e-10         
1.457812500000000e+01         3.287027055424500e-10         
1.458125000000000e+01         3.282780885750444e-10         
1.458437500000000e+01         3.278463047295580e-10         
1.458750000000000e+01         3.274140231164701e-10         
1.459062500000000e+01         3.269743581100171e-10         
1.459375000000000e+01         3.265314429741254e-10         
1.459687500000000e+01         3.260874277343919e-10         
1.460000000000000e+01         3.256400570508189e-10         
1.460312500000000e+01         3.251861077452373e-10         
1.460625000000000e+01         3.247316662257180e-10         
1.460937500000000e+01         3.242712037496538e-10         
1.461250000000000e+01         3.238102511927161e-10         
1.461562500000000e+01         3.233431110514514e-10         
1.461875000000000e+01         3.228764306817252e-10         
1.462187500000000e+01         3.224032002474576e-10         
1.462500000000000e+01         3.219306545275154e-10         
1.462812500000000e+01         3.214516279095282e-10         
1.463125000000000e+01         3.209733444627372e-10         
1.463437500000000e+01         3.204893664272959e-10         
1.463750000000000e+01         3.200059023703501e-10         
1.464062500000000e+01         3.195171981437785e-10         
1.464375000000000e+01         3.190287057927097e-10         
1.464687500000000e+01         3.185381537381406e-10         
1.465000000000000e+01         3.180422930143169e-10         
1.465312500000000e+01         3.175444415974005e-10         
1.465625000000000e+01         3.170476128048263e-10         
1.465937500000000e+01         3.165457341637184e-10         
1.466250000000000e+01         3.160450107687278e-10         
1.466562500000000e+01         3.155394710368752e-10         
1.466875000000000e+01         3.150351699413082e-10         
1.467187500000000e+01         3.145261065346060e-10         
1.467500000000000e+01         3.140187045249667e-10         
1.467812500000000e+01         3.135096396455592e-10         
1.468125000000000e+01         3.129962510735578e-10         
1.468437500000000e+01         3.124845000069137e-10         
1.468750000000000e+01         3.119686408853738e-10         
1.469062500000000e+01         3.114515335312209e-10         
1.469375000000000e+01         3.109359533290889e-10         
1.469687500000000e+01         3.104166363365723e-10         
1.470000000000000e+01         3.098994730158310e-10         
1.470312500000000e+01         3.093781894827066e-10         
1.470625000000000e+01         3.088589380604013e-10         
1.470937500000000e+01         3.083388044528911e-10         
1.471250000000000e+01         3.078153697012095e-10         
1.471562500000000e+01         3.072938711216019e-10         
1.471875000000000e+01         3.067690620184609e-10         
1.472187500000000e+01         3.062465857704355e-10         
1.472500000000000e+01         3.057206321437437e-10         
1.472812500000000e+01         3.051946261874132e-10         
1.473125000000000e+01         3.046708490729673e-10         
1.473437500000000e+01         3.041442063612649e-10         
1.473750000000000e+01         3.036198139709901e-10         
1.474062500000000e+01         3.030952060037907e-10         
1.474375000000000e+01         3.025680420196488e-10         
1.474687500000000e+01         3.020434572772832e-10         
1.475000000000000e+01         3.015158577980731e-10         
1.475312500000000e+01         3.009913721985383e-10         
1.475625000000000e+01         3.004641376361350e-10         
1.475937500000000e+01         2.999398109780580e-10         
1.476250000000000e+01         2.994128429574957e-10         
1.476562500000000e+01         2.988864038720990e-10         
1.476875000000000e+01         2.983627664898767e-10         
1.477187500000000e+01         2.978395759034946e-10         
1.477500000000000e+01         2.973141012770319e-10         
1.477812500000000e+01         2.967915317811688e-10         
1.478125000000000e+01         2.962671264265588e-10         
1.478437500000000e+01         2.957456852340624e-10         
1.478750000000000e+01         2.952223521740056e-10         
1.479062500000000e+01         2.947021606352651e-10         
1.479375000000000e+01         2.941800695525638e-10         
1.479687500000000e+01         2.936585906577580e-10         
1.480000000000000e+01         2.931407227968848e-10         
1.480312500000000e+01         2.926236120589796e-10         
1.480625000000000e+01         2.921045400071990e-10         
1.480937500000000e+01         2.915891195620984e-10         
1.481250000000000e+01         2.910719176304053e-10         
1.481562500000000e+01         2.905582794891090e-10         
1.481875000000000e+01         2.900458331462701e-10         
1.482187500000000e+01         2.895316059028997e-10         
1.482500000000000e+01         2.890184707183156e-10         
1.482812500000000e+01         2.885088463342419e-10         
1.483125000000000e+01         2.879980514164634e-10         
1.483437500000000e+01         2.874909472393787e-10         
1.483750000000000e+01         2.869824793616650e-10         
1.484062500000000e+01         2.864778370423377e-10         
1.484375000000000e+01         2.859717764707223e-10         
1.484687500000000e+01         2.854697988839374e-10         
1.485000000000000e+01         2.849687907289785e-10         
1.485312500000000e+01         2.844669323863073e-10         
1.485625000000000e+01         2.839661070776526e-10         
1.485937500000000e+01         2.834694716657958e-10         
1.486250000000000e+01         2.829715846378736e-10         
1.486562500000000e+01         2.824777732769310e-10         
1.486875000000000e+01         2.819829422212223e-10         
1.487187500000000e+01         2.814920489584981e-10         
1.487500000000000e+01         2.810002892320893e-10         
1.487812500000000e+01         2.805125278367523e-10         
1.488125000000000e+01         2.800265004017083e-10         
1.488437500000000e+01         2.795392701198345e-10         
1.488750000000000e+01         2.790563761260519e-10         
1.489062500000000e+01         2.785725358666455e-10         
1.489375000000000e+01         2.780903285788216e-10         
1.489687500000000e+01         2.776125319843530e-10         
1.490000000000000e+01         2.771338249982460e-10         
1.490312500000000e+01         2.766591834471612e-10         
1.490625000000000e+01         2.761842038701517e-10         
1.490937500000000e+01         2.757129486589682e-10         
1.491250000000000e+01         2.752438965217744e-10         
1.491562500000000e+01         2.747740667495700e-10         
1.491875000000000e+01         2.743083867656633e-10         
1.492187500000000e+01         2.738421987029763e-10         
1.492500000000000e+01         2.733804744762786e-10         
1.492812500000000e+01         2.729179309930010e-10         
1.493125000000000e+01         2.724571892979432e-10         
1.493437500000000e+01         2.720009975422404e-10         
1.493750000000000e+01         2.715442141951285e-10         
1.494062500000000e+01         2.710918211698875e-10         
1.494375000000000e+01         2.706413757191098e-10         
1.494687500000000e+01         2.701904721842253e-10         
1.495000000000000e+01         2.697439458007742e-10         
1.495312500000000e+01         2.692967345682738e-10         
1.495625000000000e+01         2.688540747457414e-10         
1.495937500000000e+01         2.684110201922876e-10         
1.496250000000000e+01         2.679724417297757e-10         
1.496562500000000e+01         2.675335470254388e-10         
1.496875000000000e+01         2.670965771675799e-10         
1.497187500000000e+01         2.666640675544748e-10         
1.497500000000000e+01         2.662337330331678e-10         
1.497812500000000e+01         2.658028053834726e-10         
1.498125000000000e+01         2.653766943989157e-10         
1.498437500000000e+01         2.649498538748271e-10         
1.498750000000000e+01         2.645277662713949e-10         
1.499062500000000e+01         2.641052981703335e-10         
1.499375000000000e+01         2.636874256471676e-10         
1.499687500000000e+01         2.632693233235935e-10         
1.500000000000000e+01         2.628556337674102e-10         
1.500312500000000e+01         2.624413744397556e-10         
1.500625000000000e+01         2.620318499836259e-10         
1.500937500000000e+01         2.616221855668378e-10         
1.501250000000000e+01         2.612168888879690e-10         
1.501562500000000e+01         2.608114796611383e-10         
1.501875000000000e+01         2.604106550126751e-10         
1.502187500000000e+01         2.600116995397162e-10         
1.502500000000000e+01         2.596128656241435e-10         
1.502812500000000e+01         2.592161328104046e-10         
1.503125000000000e+01         2.588237904321987e-10         
1.503437500000000e+01         2.584312580240134e-10         
1.503750000000000e+01         2.580437116817696e-10         
1.504062500000000e+01         2.576553722509859e-10         
1.504375000000000e+01         2.572718772627246e-10         
1.504687500000000e+01         2.568881619482087e-10         
1.505000000000000e+01         2.565087232296240e-10         
1.505312500000000e+01         2.561317745258578e-10         
1.505625000000000e+01         2.557548342357766e-10         
1.505937500000000e+01         2.553796598547433e-10         
1.506250000000000e+01         2.550094500998374e-10         
1.506562500000000e+01         2.546389273297476e-10         
1.506875000000000e+01         2.542728068903749e-10         
1.507187500000000e+01         2.539067028023627e-10         
1.507500000000000e+01         2.535452044457393e-10         
1.507812500000000e+01         2.531835318448378e-10         
1.508125000000000e+01         2.528264358223806e-10         
1.508437500000000e+01         2.524714452424671e-10         
1.508750000000000e+01         2.521162575175307e-10         
1.509062500000000e+01         2.517656465460064e-10         
1.509375000000000e+01         2.514150139643972e-10         
1.509687500000000e+01         2.510666407867341e-10         
1.510000000000000e+01         2.507226014511100e-10         
1.510312500000000e+01         2.503785305477197e-10         
1.510625000000000e+01         2.500393097611569e-10         
1.510937500000000e+01         2.496996605532030e-10         
1.511250000000000e+01         2.493645165357425e-10         
1.511562500000000e+01         2.490317173530725e-10         
1.511875000000000e+01         2.486987969389858e-10         
1.512187500000000e+01         2.483703189619178e-10         
1.512500000000000e+01         2.480418856950669e-10         
1.512812500000000e+01         2.477180322690044e-10         
1.513125000000000e+01         2.473940479735008e-10         
1.513437500000000e+01         2.470722186177315e-10         
1.513750000000000e+01         2.467548040974032e-10         
1.514062500000000e+01         2.464374992217170e-10         
1.514375000000000e+01         2.461243356507899e-10         
1.514687500000000e+01         2.458139343564164e-10         
1.515000000000000e+01         2.455029391617821e-10         
1.515312500000000e+01         2.451966766608679e-10         
1.515625000000000e+01         2.448902795668998e-10         
1.515937500000000e+01         2.445883171220619e-10         
1.516250000000000e+01         2.442864079655874e-10         
1.516562500000000e+01         2.439888566956590e-10         
1.516875000000000e+01         2.436913364350661e-10         
1.517187500000000e+01         2.433958083665236e-10         
1.517500000000000e+01         2.431050881551453e-10         
1.517812500000000e+01         2.428161951916582e-10         
1.518125000000000e+01         2.425270381573269e-10         
1.518437500000000e+01         2.422427192188430e-10         
1.518750000000000e+01         2.419581614819629e-10         
1.519062500000000e+01         2.416780503576452e-10         
1.519375000000000e+01         2.413980087594657e-10         
1.519687500000000e+01         2.411220898431122e-10         
1.520000000000000e+01         2.408463803771213e-10         
1.520312500000000e+01         2.405748283584035e-10         
1.520625000000000e+01         2.403032961911655e-10         
1.520937500000000e+01         2.400362924902496e-10         
1.521250000000000e+01         2.397690906349005e-10         
1.521562500000000e+01         2.395061212094914e-10         
1.521875000000000e+01         2.392432038778919e-10         
1.522187500000000e+01         2.389846625012449e-10         
1.522500000000000e+01         2.387283818185432e-10         
1.522812500000000e+01         2.384718772899391e-10         
1.523125000000000e+01         2.382175875410805e-10         
1.523437500000000e+01         2.379675288911510e-10         
1.523750000000000e+01         2.377174347430847e-10         
1.524062500000000e+01         2.374718161185040e-10         
1.524375000000000e+01         2.372260631892641e-10         
1.524687500000000e+01         2.369845487405648e-10         
1.525000000000000e+01         2.367431425727629e-10         
1.525312500000000e+01         2.365057893632461e-10         
1.525625000000000e+01         2.362706630521692e-10         
1.525937500000000e+01         2.360356504799813e-10         
1.526250000000000e+01         2.358045837594928e-10         
1.526562500000000e+01         2.355738143120041e-10         
1.526875000000000e+01         2.353448428429500e-10         
1.527187500000000e+01         2.351203985548840e-10         
1.527500000000000e+01         2.348956444270830e-10         
1.527812500000000e+01         2.346752043224829e-10         
1.528125000000000e+01         2.344547040937495e-10         
1.528437500000000e+01         2.342383522304578e-10         
1.528750000000000e+01         2.340243787444348e-10         
1.529062500000000e+01         2.338101195810847e-10         
1.529375000000000e+01         2.336001202988250e-10         
1.529687500000000e+01         2.333897969571015e-10         
1.530000000000000e+01         2.331820455445065e-10         
1.530312500000000e+01         2.329781948788562e-10         
1.530625000000000e+01         2.327742770585046e-10         
1.530937500000000e+01         2.325747239820052e-10         
1.531250000000000e+01         2.323748491397007e-10         
1.531562500000000e+01         2.321793661673362e-10         
1.531875000000000e+01         2.319859288527709e-10         
1.532187500000000e+01         2.317922291323724e-10         
1.532500000000000e+01         2.316029504886269e-10         
1.532812500000000e+01         2.314133795224624e-10         
1.533125000000000e+01         2.312282226721277e-10         
1.533437500000000e+01         2.310427045813534e-10         
1.533750000000000e+01         2.308592952516749e-10         
1.534062500000000e+01         2.306801671193673e-10         
1.534375000000000e+01         2.305007733208598e-10         
1.534687500000000e+01         2.303257784912983e-10         
1.535000000000000e+01         2.301524812652680e-10         
1.535312500000000e+01         2.299791206782772e-10         
1.535625000000000e+01         2.298099334594936e-10         
1.535937500000000e+01         2.296406922817185e-10         
1.536250000000000e+01         2.294755810109191e-10         
1.536562500000000e+01         2.293101977704296e-10         
1.536875000000000e+01         2.291492086615547e-10         
1.537187500000000e+01         2.289879554711763e-10         
1.537500000000000e+01         2.288286648611873e-10         
1.537812500000000e+01         2.286735374222716e-10         
1.538125000000000e+01         2.285203781205871e-10         
1.538437500000000e+01         2.283670164668850e-10         
1.538750000000000e+01         2.282178254086514e-10         
1.539062500000000e+01         2.280684128066167e-10         
1.539375000000000e+01         2.279232002085895e-10         
1.539687500000000e+01         2.277779125027050e-10         
1.540000000000000e+01         2.276365496525481e-10         
1.540312500000000e+01         2.274951041236835e-10         
1.540625000000000e+01         2.273576985814514e-10         
1.540937500000000e+01         2.272203413926108e-10         
1.541250000000000e+01         2.270869986786304e-10         
1.541562500000000e+01         2.269534149059498e-10         
1.541875000000000e+01         2.268238059030760e-10         
1.542187500000000e+01         2.266942266678371e-10         
1.542500000000000e+01         2.265685778330715e-10         
1.542812500000000e+01         2.264450468137107e-10         
1.543125000000000e+01         2.263212489288859e-10         
1.543437500000000e+01         2.261995265939299e-10         
1.543750000000000e+01         2.260816127016446e-10         
1.544062500000000e+01         2.259636041047164e-10         
1.544375000000000e+01         2.258498264522422e-10         
1.544687500000000e+01         2.257357494060022e-10         
1.545000000000000e+01         2.256257846125719e-10         
1.545312500000000e+01         2.255155288056549e-10         
1.545625000000000e+01         2.254094172274186e-10         
1.545937500000000e+01         2.253051228928521e-10         
1.546250000000000e+01         2.252006500859752e-10         
1.546562500000000e+01         2.251002693370273e-10         
1.546875000000000e+01         2.249997505799252e-10         
1.547187500000000e+01         2.249011647867600e-10         
1.547500000000000e+01         2.248064373844990e-10         
1.547812500000000e+01         2.247116695350145e-10         
1.548125000000000e+01         2.246208517671519e-10         
1.548437500000000e+01         2.245296761473138e-10         
1.548750000000000e+01         2.244427460115855e-10         
1.549062500000000e+01         2.243576656765349e-10         
1.549375000000000e+01         2.242724066501737e-10         
1.549687500000000e+01         2.241910253597940e-10         
1.550000000000000e+01         2.241095329392385e-10         
1.550312500000000e+01         2.240301810915836e-10         
1.550625000000000e+01         2.239545393714284e-10         
1.550937500000000e+01         2.238788216635741e-10         
1.551250000000000e+01         2.238069849036027e-10         
1.551562500000000e+01         2.237350610442349e-10         
1.551875000000000e+01         2.236670145432854e-10         
1.552187500000000e+01         2.236009147156580e-10         
1.552500000000000e+01         2.235346672995785e-10         
1.552812500000000e+01         2.234723017255167e-10         
1.553125000000000e+01         2.234097987476261e-10         
1.553437500000000e+01         2.233512099366128e-10         
1.553750000000000e+01         2.232925125042743e-10         
1.554062500000000e+01         2.232356894109476e-10         
1.554375000000000e+01         2.231827288139673e-10         
1.554687500000000e+01         2.231297646751938e-10         
1.555000000000000e+01         2.230805088073181e-10         
1.555312500000000e+01         2.230334438551076e-10         
1.555625000000000e+01         2.229859098728670e-10         
1.555937500000000e+01         2.229424191591157e-10         
1.556250000000000e+01         2.228987877758794e-10         
1.556562500000000e+01         2.228589567676494e-10         
1.556875000000000e+01         2.228192927733059e-10         
1.557187500000000e+01         2.227831006937347e-10         
1.557500000000000e+01         2.227471552940122e-10         
1.557812500000000e+01         2.227127245283079e-10         
1.558125000000000e+01         2.226823495172591e-10         
1.558437500000000e+01         2.226540006926179e-10         
1.558750000000000e+01         2.226252512343024e-10         
1.559062500000000e+01         2.226006325546805e-10         
1.559375000000000e+01         2.225756313314918e-10         
1.559687500000000e+01         2.225547662474889e-10         
1.560000000000000e+01         2.225336800252796e-10         
1.560312500000000e+01         2.225162098818562e-10         
1.560625000000000e+01         2.224990060192444e-10         
1.560937500000000e+01         2.224853313443430e-10         
1.561250000000000e+01         2.224718331867367e-10         
1.561562500000000e+01         2.224620459558641e-10         
1.561875000000000e+01         2.224519917694752e-10         
1.562187500000000e+01         2.224460935201256e-10         
1.562500000000000e+01         2.224398070577698e-10         
1.562812500000000e+01         2.224376513391792e-10         
1.563125000000000e+01         2.224372242255367e-10         
1.563437500000000e+01         2.224366985539449e-10         
1.563750000000000e+01         2.224380478782476e-10         
1.564062500000000e+01         2.224430763926545e-10         
1.564375000000000e+01         2.224483075607527e-10         
1.564687500000000e+01         2.224572580644683e-10         
1.565000000000000e+01         2.224660699250606e-10         
1.565312500000000e+01         2.224787559242562e-10         
1.565625000000000e+01         2.224913417314678e-10         
1.565937500000000e+01         2.225077857190972e-10         
1.566250000000000e+01         2.225261083746842e-10         
1.566562500000000e+01         2.225443361832743e-10         
1.566875000000000e+01         2.225664009950533e-10         
1.567187500000000e+01         2.225883795764410e-10         
1.567500000000000e+01         2.226122412931404e-10         
1.567812500000000e+01         2.226399418424026e-10         
1.568125000000000e+01         2.226675726277999e-10         
1.568437500000000e+01         2.226990310372379e-10         
1.568750000000000e+01         2.227304156531179e-10         
1.569062500000000e+01         2.227656438151971e-10         
1.569375000000000e+01         2.228029249523827e-10         
1.569687500000000e+01         2.228398177235603e-10         
1.570000000000000e+01         2.228806885739868e-10         
1.570312500000000e+01         2.229215112108524e-10         
1.570625000000000e+01         2.229642275407183e-10         
1.570937500000000e+01         2.230109489005531e-10         
1.571250000000000e+01         2.230573058853957e-10         
1.571562500000000e+01         2.231078133759512e-10         
1.571875000000000e+01         2.231579281024554e-10         
1.572187500000000e+01         2.232121077840171e-10         
1.572500000000000e+01         2.232683253706038e-10         
1.572812500000000e+01         2.233241265256129e-10         
1.573125000000000e+01         2.233841516715423e-10         
1.573437500000000e+01         2.234437810306026e-10         
1.573750000000000e+01         2.235074540639533e-10         
1.574062500000000e+01         2.235712222966107e-10         
1.574375000000000e+01         2.236366171260047e-10         
1.574687500000000e+01         2.237061558013511e-10         
1.575000000000000e+01         2.237753616938756e-10         
1.575312500000000e+01         2.238487441344619e-10         
1.575625000000000e+01         2.239239007794459e-10         
1.575937500000000e+01         2.239988409619784e-10         
1.576250000000000e+01         2.240779849499917e-10         
1.576562500000000e+01         2.241567885477372e-10         
1.576875000000000e+01         2.242398297247538e-10         
1.577187500000000e+01         2.243226340469774e-10         
1.577500000000000e+01         2.244093354419557e-10         
1.577812500000000e+01         2.244960593013943e-10         
1.578125000000000e+01         2.245845151299891e-10         
1.578437500000000e+01         2.246772273851629e-10         
1.578750000000000e+01         2.247716483346005e-10         
1.579062500000000e+01         2.248660791311842e-10         
1.579375000000000e+01         2.249644955120964e-10         
1.579687500000000e+01         2.250628294675629e-10         
1.580000000000000e+01         2.251650406000655e-10         
1.580312500000000e+01         2.252674042459099e-10         
1.580625000000000e+01         2.253735591055160e-10         
1.580937500000000e+01         2.254797477771444e-10         
1.581250000000000e+01         2.255899318554932e-10         
1.581562500000000e+01         2.257000344184974e-10         
1.581875000000000e+01         2.258140678415816e-10         
1.582187500000000e+01         2.259281150917512e-10         
1.582500000000000e+01         2.260461271320746e-10         
1.582812500000000e+01         2.261641604385552e-10         
1.583125000000000e+01         2.262861552007765e-10         
1.583437500000000e+01         2.264102520647092e-10         
1.583750000000000e+01         2.265340709329821e-10         
1.584062500000000e+01         2.266600335214737e-10         
1.584375000000000e+01         2.267900600591652e-10         
1.584687500000000e+01         2.269200237959780e-10         
1.585000000000000e+01         2.270541910547913e-10         
1.585312500000000e+01         2.271879901987382e-10         
1.585625000000000e+01         2.273260370818771e-10         
1.585937500000000e+01         2.274640239511259e-10         
1.586250000000000e+01         2.276061211465725e-10         
1.586562500000000e+01         2.277503382329075e-10         
1.586875000000000e+01         2.278943458508158e-10         
1.587187500000000e+01         2.280425578742813e-10         
1.587500000000000e+01         2.281906118275560e-10         
1.587812500000000e+01         2.283408042993617e-10         
1.588125000000000e+01         2.284951855428470e-10         
1.588437500000000e+01         2.286493738001951e-10         
1.588750000000000e+01         2.288079247656392e-10         
1.589062500000000e+01         2.289662398176019e-10         
1.589375000000000e+01         2.291288757974582e-10         
1.589687500000000e+01         2.292934266522797e-10         
1.590000000000000e+01         2.294579481954551e-10         
1.590312500000000e+01         2.296268661074791e-10         
1.590625000000000e+01         2.297955944983905e-10         
1.590937500000000e+01         2.299686272724566e-10         
1.591250000000000e+01         2.301415955645747e-10         
1.591562500000000e+01         2.303166336313086e-10         
1.591875000000000e+01         2.304959179925951e-10         
1.592187500000000e+01         2.306750733531744e-10         
1.592500000000000e+01         2.308586039537967e-10         
1.592812500000000e+01         2.310440716672307e-10         
1.593125000000000e+01         2.312297503742177e-10         
1.593437500000000e+01         2.314193976885919e-10         
1.593750000000000e+01         2.316094006945865e-10         
1.594062500000000e+01         2.318034502985877e-10         
1.594375000000000e+01         2.319976212526473e-10         
1.594687500000000e+01         2.321939343770592e-10         
1.595000000000000e+01         2.323943645932044e-10         
1.595312500000000e+01         2.325950650534653e-10         
1.595625000000000e+01         2.327998840527071e-10         
1.595937500000000e+01         2.330068418662159e-10         
1.596250000000000e+01         2.332140845302320e-10         
1.596562500000000e+01         2.334253669517457e-10         
1.596875000000000e+01         2.336368942601572e-10         
1.597187500000000e+01         2.338525870515821e-10         
1.597500000000000e+01         2.340685207347626e-10         
1.597812500000000e+01         2.342886403149185e-10         
1.598125000000000e+01         2.345090263597608e-10         
1.598437500000000e+01         2.347316205014339e-10         
1.598750000000000e+01         2.349583440343538e-10         
1.599062500000000e+01         2.351875241748677e-10         
1.599375000000000e+01         2.354164787218769e-10         
1.599687500000000e+01         2.356500622778855e-10         
1.600000000000000e+01         2.358837867728863e-10         
1.600312500000000e+01         2.361216956670253e-10         
1.600625000000000e+01         2.363601147456480e-10         
1.600937500000000e+01         2.366025106351343e-10         
1.601250000000000e+01         2.368450597388001e-10         
1.601562500000000e+01         2.370921339576319e-10         
1.601875000000000e+01         2.373395464573962e-10         
1.602187500000000e+01         2.375912276729256e-10         
1.602500000000000e+01         2.378451832842755e-10         
1.602812500000000e+01         2.380972570747977e-10         
1.603125000000000e+01         2.383558228970736e-10         
1.603437500000000e+01         2.386166558224875e-10         
1.603750000000000e+01         2.388798896991696e-10         
1.604062500000000e+01         2.391434708799757e-10         
1.604375000000000e+01         2.394090560249406e-10         
1.604687500000000e+01         2.396793600146601e-10         
1.605000000000000e+01         2.399499762402621e-10         
1.605312500000000e+01         2.402250159593238e-10         
1.605625000000000e+01         2.405021925735766e-10         
1.605937500000000e+01         2.407776381102195e-10         
1.606250000000000e+01         2.410596959070632e-10         
1.606562500000000e+01         2.413442791347347e-10         
1.606875000000000e+01         2.416310838720629e-10         
1.607187500000000e+01         2.419184764232685e-10         
1.607500000000000e+01         2.422077193074568e-10         
1.607812500000000e+01         2.425018838395576e-10         
1.608125000000000e+01         2.427964366403183e-10         
1.608437500000000e+01         2.430953015741347e-10         
1.608750000000000e+01         2.433969090035739e-10         
1.609062500000000e+01         2.436962713944658e-10         
1.609375000000000e+01         2.440026857236011e-10         
1.609687500000000e+01         2.443112764564771e-10         
1.610000000000000e+01         2.446225621348318e-10         
1.610312500000000e+01         2.449344431747070e-10         
1.610625000000000e+01         2.452482663022960e-10         
1.610937500000000e+01         2.455670376853930e-10         
1.611250000000000e+01         2.458882259797605e-10         
1.611562500000000e+01         2.462098798745190e-10         
1.611875000000000e+01         2.465360953472300e-10         
1.612187500000000e+01         2.468626344760065e-10         
1.612500000000000e+01         2.471917738337584e-10         
1.612812500000000e+01         2.475256224182521e-10         
1.613125000000000e+01         2.478620958417613e-10         
1.613437500000000e+01         2.482010949147112e-10         
1.613750000000000e+01         2.485382014131330e-10         
1.614062500000000e+01         2.488822062745054e-10         
1.614375000000000e+01         2.492288170854304e-10         
1.614687500000000e+01         2.495761612229274e-10         
1.615000000000000e+01         2.499278162398357e-10         
1.615312500000000e+01         2.502800142094907e-10         
1.615625000000000e+01         2.506349239200008e-10         
1.615937500000000e+01         2.509944522766585e-10         
1.616250000000000e+01         2.513570013128177e-10         
1.616562500000000e+01         2.517218291530545e-10         
1.616875000000000e+01         2.520851366154276e-10         
1.617187500000000e+01         2.524553312829625e-10         
1.617500000000000e+01         2.528284216204292e-10         
1.617812500000000e+01         2.532016999313830e-10         
1.618125000000000e+01         2.535800614139596e-10         
1.618437500000000e+01         2.539587315914269e-10         
1.618750000000000e+01         2.543402322501201e-10         
1.619062500000000e+01         2.547266846077616e-10         
1.619375000000000e+01         2.551158891235369e-10         
1.619687500000000e+01         2.555076714018841e-10         
1.620000000000000e+01         2.558979107955983e-10         
1.620312500000000e+01         2.562951310058504e-10         
1.620625000000000e+01         2.566950895942478e-10         
1.620937500000000e+01         2.570956410123663e-10         
1.621250000000000e+01         2.575010725451061e-10         
1.621562500000000e+01         2.579071713963883e-10         
1.621875000000000e+01         2.583184198612219e-10         
1.622187500000000e+01         2.587300989654282e-10         
1.622500000000000e+01         2.591468942250785e-10         
1.622812500000000e+01         2.595662563258670e-10         
1.623125000000000e+01         2.599839921195507e-10         
1.623437500000000e+01         2.604092346864697e-10         
1.623750000000000e+01         2.608372336433413e-10         
1.624062500000000e+01         2.612679469190454e-10         
1.624375000000000e+01         2.616995453425564e-10         
1.624687500000000e+01         2.621337731139277e-10         
1.625000000000000e+01         2.625730873732019e-10         
1.625312500000000e+01         2.630129782272568e-10         
1.625625000000000e+01         2.634581920003748e-10         
1.625937500000000e+01         2.639062540489386e-10         
1.626250000000000e+01         2.643525305416575e-10         
1.626562500000000e+01         2.648063865278569e-10         
1.626875000000000e+01         2.652629603455306e-10         
1.627187500000000e+01         2.657227078528557e-10         
1.627500000000000e+01         2.661831172124924e-10         
1.627812500000000e+01         2.666465223097899e-10         
1.628125000000000e+01         2.671149061042963e-10         
1.628437500000000e+01         2.675839712382098e-10         
1.628750000000000e+01         2.680584208424269e-10         
1.629062500000000e+01         2.685360022022928e-10         
1.629375000000000e+01         2.690141200868313e-10         
1.629687500000000e+01         2.694949577487486e-10         
1.630000000000000e+01         2.699813120280842e-10         
1.630312500000000e+01         2.704706148323197e-10         
1.630625000000000e+01         2.709607848895615e-10         
1.630937500000000e+01         2.714537229827872e-10         
1.631250000000000e+01         2.719521541298726e-10         
1.631562500000000e+01         2.724533034354831e-10         
1.631875000000000e+01         2.729554238253192e-10         
1.632187500000000e+01         2.734629118993631e-10         
1.632500000000000e+01         2.739712354038534e-10         
1.632812500000000e+01         2.744823715658846e-10         
1.633125000000000e+01         2.749989814275637e-10         
1.633437500000000e+01         2.755186002083240e-10         
1.633750000000000e+01         2.760412536078715e-10         
1.634062500000000e+01         2.765624087794418e-10         
1.634375000000000e+01         2.770912237488070e-10         
1.634687500000000e+01         2.776231653903477e-10         
1.635000000000000e+01         2.781559359162845e-10         
1.635312500000000e+01         2.786941507208305e-10         
1.635625000000000e+01         2.792330399509118e-10         
1.635937500000000e+01         2.797749379625533e-10         
1.636250000000000e+01         2.803227160928821e-10         
1.636562500000000e+01         2.808733351225539e-10         
1.636875000000000e+01         2.814271961361308e-10         
1.637187500000000e+01         2.819790931683536e-10         
1.637500000000000e+01         2.825389845479036e-10         
1.637812500000000e+01         2.831020593487013e-10         
1.638125000000000e+01         2.836660001013638e-10         
1.638437500000000e+01         2.842354656269901e-10         
1.638750000000000e+01         2.848055331204394e-10         
1.639062500000000e+01         2.853788911106818e-10         
1.639375000000000e+01         2.859577372897164e-10         
1.639687500000000e+01         2.865397205743074e-10         
1.640000000000000e+01         2.871250292598124e-10         
1.640312500000000e+01         2.877084090200278e-10         
1.640625000000000e+01         2.882999198195871e-10         
1.640937500000000e+01         2.888946143331213e-10         
1.641250000000000e+01         2.894899535191581e-10         
1.641562500000000e+01         2.900910556374600e-10         
1.641875000000000e+01         2.906927245383696e-10         
1.642187500000000e+01         2.913000285109448e-10         
1.642500000000000e+01         2.919082015294142e-10         
1.642812500000000e+01         2.925218812191045e-10         
1.643125000000000e+01         2.931387330008449e-10         
1.643437500000000e+01         2.937538123034536e-10         
1.643750000000000e+01         2.943770237110045e-10         
1.644062500000000e+01         2.950033664682453e-10         
1.644375000000000e+01         2.956328841462083e-10         
1.644687500000000e+01         2.962630769788565e-10         
1.645000000000000e+01         2.968965758261601e-10         
1.645312500000000e+01         2.975355965807802e-10         
1.645625000000000e+01         2.981752553452570e-10         
1.645937500000000e+01         2.988205848868577e-10         
1.646250000000000e+01         2.994690513172546e-10         
1.646562500000000e+01         3.001158299678751e-10         
1.646875000000000e+01         3.007705130278513e-10         
1.647187500000000e+01         3.014285141541392e-10         
1.647500000000000e+01         3.020895042669873e-10         
1.647812500000000e+01         3.027511958027959e-10         
1.648125000000000e+01         3.034160972108512e-10         
1.648437500000000e+01         3.040863046546093e-10         
1.648750000000000e+01         3.047573506402270e-10         
1.649062500000000e+01         3.054339325391741e-10         
1.649375000000000e+01         3.061137439663676e-10         
1.649687500000000e+01         3.067939523783948e-10         
1.650000000000000e+01         3.074771804021912e-10         
1.650312500000000e+01         3.081661853149287e-10         
1.650625000000000e+01         3.088580735178837e-10         
1.650937500000000e+01         3.095503586355079e-10         
1.651250000000000e+01         3.102460371554652e-10         
1.651562500000000e+01         3.109470286548858e-10         
1.651875000000000e+01         3.116509954448575e-10         
1.652187500000000e+01         3.123553888246400e-10         
1.652500000000000e+01         3.130653759710326e-10         
1.652812500000000e+01         3.137758152553701e-10         
1.653125000000000e+01         3.144890328622375e-10         
1.653437500000000e+01         3.152078509934320e-10         
1.653750000000000e+01         3.159295633173363e-10         
1.654062500000000e+01         3.166542614122835e-10         
1.654375000000000e+01         3.173765501984647e-10         
1.654687500000000e+01         3.181069030220458e-10         
1.655000000000000e+01         3.188402936449262e-10         
1.655312500000000e+01         3.195735895954840e-10         
1.655625000000000e+01         3.203123825541674e-10         
1.655937500000000e+01         3.210514300555794e-10         
1.656250000000000e+01         3.217931155937562e-10         
1.656562500000000e+01         3.225402046858864e-10         
1.656875000000000e+01         3.232899575418597e-10         
1.657187500000000e+01         3.240426517797646e-10         
1.657500000000000e+01         3.247923812479285e-10         
1.657812500000000e+01         3.255501741711258e-10         
1.658125000000000e+01         3.263106680252345e-10         
1.658437500000000e+01         3.270707709466646e-10         
1.658750000000000e+01         3.278363456305862e-10         
1.659062500000000e+01         3.286017274116714e-10         
1.659375000000000e+01         3.293694038838205e-10         
1.659687500000000e+01         3.301423002903274e-10         
1.660000000000000e+01         3.309175894724268e-10         
1.660312500000000e+01         3.316955241772923e-10         
1.660625000000000e+01         3.324702227096194e-10         
1.660937500000000e+01         3.332526074075190e-10         
1.661250000000000e+01         3.340372120732650e-10         
1.661562500000000e+01         3.348214264064922e-10         
1.661875000000000e+01         3.356104595615041e-10         
1.662187500000000e+01         3.363990113504212e-10         
1.662500000000000e+01         3.371923464744241e-10         
1.662812500000000e+01         3.379850093679391e-10         
1.663125000000000e+01         3.387823900926706e-10         
1.663437500000000e+01         3.395818400382341e-10         
1.663750000000000e+01         3.403777294303764e-10         
1.664062500000000e+01         3.411809088882329e-10         
1.664375000000000e+01         3.419859690147041e-10         
1.664687500000000e+01         3.427930043164295e-10         
1.665000000000000e+01         3.435985937965911e-10         
1.665312500000000e+01         3.444063526214080e-10         
1.665625000000000e+01         3.452182634481854e-10         
1.665937500000000e+01         3.460288933498628e-10         
1.666250000000000e+01         3.468440154949366e-10         
1.666562500000000e+01         3.476604993100177e-10         
1.666875000000000e+01         3.484728458824550e-10         
1.667187500000000e+01         3.492921140586405e-10         
1.667500000000000e+01         3.501126858303824e-10         
1.667812500000000e+01         3.509344900806532e-10         
1.668125000000000e+01         3.517543244876055e-10         
1.668437500000000e+01         3.525758449195990e-10         
1.668750000000000e+01         3.534006917881423e-10         
1.669062500000000e+01         3.542237636469265e-10         
1.669375000000000e+01         3.550506220036973e-10         
1.669687500000000e+01         3.558784619403316e-10         
1.670000000000000e+01         3.567040604117761e-10         
1.670312500000000e+01         3.575302401920551e-10         
1.670625000000000e+01         3.583601204778254e-10         
1.670937500000000e+01         3.591902071927053e-10         
1.671250000000000e+01         3.600179968061696e-10         
1.671562500000000e+01         3.608462651533856e-10         
1.671875000000000e+01         3.616775275076668e-10         
1.672187500000000e+01         3.625092697124455e-10         
1.672500000000000e+01         3.633378487235172e-10         
1.672812500000000e+01         3.641695090926392e-10         
1.673125000000000e+01         3.649983110526628e-10         
1.673437500000000e+01         3.658269214321019e-10         
1.673750000000000e+01         3.666581276677393e-10         
1.674062500000000e+01         3.674889687834763e-10         
1.674375000000000e+01         3.683195904082876e-10         
1.674687500000000e+01         3.691437059554284e-10         
1.675000000000000e+01         3.699730736640037e-10         
1.675312500000000e+01         3.708017886238448e-10         
1.675625000000000e+01         3.716265662047345e-10         
1.675937500000000e+01         3.724535465465116e-10         
1.676250000000000e+01         3.732767164458344e-10         
1.676562500000000e+01         3.740985963099227e-10         
1.676875000000000e+01         3.749220794903257e-10         
1.677187500000000e+01         3.757445574200203e-10         
1.677500000000000e+01         3.765654066700858e-10         
1.677812500000000e+01         3.773788644591864e-10         
1.678125000000000e+01         3.781966149290527e-10         
1.678437500000000e+01         3.790124064361748e-10         
1.678750000000000e+01         3.798234562350037e-10         
1.679062500000000e+01         3.806353495039898e-10         
1.679375000000000e+01         3.814427146843004e-10         
1.679687500000000e+01         3.822470805333174e-10         
1.680000000000000e+01         3.830525364455898e-10         
1.680312500000000e+01         3.838555581045666e-10         
1.680625000000000e+01         3.846557805342966e-10         
1.680937500000000e+01         3.854476248315517e-10         
1.681250000000000e+01         3.862422004688600e-10         
1.681562500000000e+01         3.870341166491327e-10         
1.681875000000000e+01         3.878230001719734e-10         
1.682187500000000e+01         3.886052272068023e-10         
1.682500000000000e+01         3.893846615600422e-10         
1.682812500000000e+01         3.901632271686829e-10         
1.683125000000000e+01         3.909353476399610e-10         
1.683437500000000e+01         3.917066814680082e-10         
1.683750000000000e+01         3.924741943962197e-10         
1.684062500000000e+01         3.932315659775886e-10         
1.684375000000000e+01         3.939912202936590e-10         
1.684687500000000e+01         3.947463480345392e-10         
1.685000000000000e+01         3.954967762982577e-10         
1.685312500000000e+01         3.962399052380032e-10         
1.685625000000000e+01         3.969784203579374e-10         
1.685937500000000e+01         3.977151014830145e-10         
1.686250000000000e+01         3.984436700410255e-10         
1.686562500000000e+01         3.991700844307036e-10         
1.686875000000000e+01         3.998915032699398e-10         
1.687187500000000e+01         4.006012405464576e-10         
1.687500000000000e+01         4.013117681533982e-10         
1.687812500000000e+01         4.020164815775754e-10         
1.688125000000000e+01         4.027153204645212e-10         
1.688437500000000e+01         4.034050167140480e-10         
1.688750000000000e+01         4.040889900799356e-10         
1.689062500000000e+01         4.047695912911851e-10         
1.689375000000000e+01         4.054403666889489e-10         
1.689687500000000e+01         4.061082676475265e-10         
1.690000000000000e+01         4.067693631787597e-10         
1.690312500000000e+01         4.074205831170928e-10         
1.690625000000000e+01         4.080645232006841e-10         
1.690937500000000e+01         4.087046398599342e-10         
1.691250000000000e+01         4.093375985649121e-10         
1.691562500000000e+01         4.099599256735375e-10         
1.691875000000000e+01         4.105748688316987e-10         
1.692187500000000e+01         4.111852824267950e-10         
1.692500000000000e+01         4.117875680191512e-10         
1.692812500000000e+01         4.123789008447905e-10         
1.693125000000000e+01         4.129653329885945e-10         
1.693437500000000e+01         4.135406866507546e-10         
1.693750000000000e+01         4.141070062307792e-10         
1.694062500000000e+01         4.146684871252147e-10         
1.694375000000000e+01         4.152213100749731e-10         
1.694687500000000e+01         4.157651199641818e-10         
1.695000000000000e+01         4.162939843319460e-10         
1.695312500000000e+01         4.168198664152024e-10         
1.695625000000000e+01         4.173368095642284e-10         
1.695937500000000e+01         4.178410179253449e-10         
1.696250000000000e+01         4.183390203309418e-10         
1.696562500000000e+01         4.188248852735850e-10         
1.696875000000000e+01         4.193002189116771e-10         
1.697187500000000e+01         4.197695631134075e-10         
1.697500000000000e+01         4.202287722233967e-10         
1.697812500000000e+01         4.206778882069979e-10         
1.698125000000000e+01         4.211104938807150e-10         
1.698437500000000e+01         4.215394445243347e-10         
1.698750000000000e+01         4.219579952185251e-10         
1.699062500000000e+01         4.223623866413203e-10         
1.699375000000000e+01         4.227598502963034e-10         
1.699687500000000e+01         4.231435667032238e-10         
1.700000000000000e+01         4.235161580761253e-10         
1.700312500000000e+01         4.238813789311878e-10         
1.700625000000000e+01         4.242352414591990e-10         
1.700937500000000e+01         4.245783694326904e-10         
1.701250000000000e+01         4.249036882867927e-10         
1.701562500000000e+01         4.252243763843315e-10         
1.701875000000000e+01         4.255337153935584e-10         
1.702187500000000e+01         4.258314270293439e-10         
1.702500000000000e+01         4.261143806776641e-10         
1.702812500000000e+01         4.263860583745948e-10         
1.703125000000000e+01         4.266492919613567e-10         
1.703437500000000e+01         4.268970535232213e-10         
1.703750000000000e+01         4.271367542612026e-10         
1.704062500000000e+01         4.273646277832532e-10         
1.704375000000000e+01         4.275739815437129e-10         
1.704687500000000e+01         4.277779699797561e-10         
1.705000000000000e+01         4.279697269127487e-10         
1.705312500000000e+01         4.281496839889657e-10         
1.705625000000000e+01         4.283140757850666e-10         
1.705937500000000e+01         4.284665968919537e-10         
1.706250000000000e+01         4.286101510517820e-10         
1.706562500000000e+01         4.287376708426545e-10         
1.706875000000000e+01         4.288568066235591e-10         
1.707187500000000e+01         4.289632520629440e-10         
1.707500000000000e+01         4.290513837314282e-10         
1.707812500000000e+01         4.291332752744542e-10         
1.708125000000000e+01         4.292030769222201e-10         
1.708437500000000e+01         4.292606192975503e-10         
1.708750000000000e+01         4.293019748179074e-10         
1.709062500000000e+01         4.293318902780015e-10         
1.709375000000000e+01         4.293520005377247e-10         
1.709687500000000e+01         4.293566367163421e-10         
1.710000000000000e+01         4.293523695567915e-10         
1.710312500000000e+01         4.293354558854036e-10         
1.710625000000000e+01         4.293036524101350e-10         
1.710937500000000e+01         4.292586439641169e-10         
1.711250000000000e+01         4.292051116377396e-10         
1.711562500000000e+01         4.291394163837725e-10         
1.711875000000000e+01         4.290576232369989e-10         
1.712187500000000e+01         4.289643086877245e-10         
1.712500000000000e+01         4.288619139509762e-10         
1.712812500000000e+01         4.287474143916372e-10         
1.713125000000000e+01         4.286171818455704e-10         
1.713437500000000e+01         4.284786244373078e-10         
1.713750000000000e+01         4.283248906846217e-10         
1.714062500000000e+01         4.281590500732438e-10         
1.714375000000000e+01         4.279846679000295e-10         
1.714687500000000e+01         4.277982976778783e-10         
1.715000000000000e+01         4.276004692673344e-10         
1.715312500000000e+01         4.273843984009127e-10         
1.715625000000000e+01         4.271632475222942e-10         
1.715937500000000e+01         4.269305984581079e-10         
1.716250000000000e+01         4.266828922447771e-10         
1.716562500000000e+01         4.264273840816578e-10         
1.716875000000000e+01         4.261575862026093e-10         
1.717187500000000e+01         4.258762803758772e-10         
1.717500000000000e+01         4.255869889148844e-10         
1.717812500000000e+01         4.252870193783416e-10         
1.718125000000000e+01         4.249761309154356e-10         
1.718437500000000e+01         4.246477180685042e-10         
1.718750000000000e+01         4.243152670394365e-10         
1.719062500000000e+01         4.239718799499410e-10         
1.719375000000000e+01         4.236148994872878e-10         
1.719687500000000e+01         4.232508622251614e-10         
1.720000000000000e+01         4.228734657916178e-10         
1.720312500000000e+01         4.224888837436244e-10         
1.720625000000000e+01         4.220907509378810e-10         
1.720937500000000e+01         4.216862160930855e-10         
1.721250000000000e+01         4.212718968728335e-10         
1.721562500000000e+01         4.208413043421479e-10         
1.721875000000000e+01         4.204073711798851e-10         
1.722187500000000e+01         4.199642412373392e-10         
1.722500000000000e+01         4.195118327759953e-10         
1.722812500000000e+01         4.190464169728439e-10         
1.723125000000000e+01         4.185728144007203e-10         
1.723437500000000e+01         4.180927969830034e-10         
1.723750000000000e+01         4.176008474566535e-10         
1.724062500000000e+01         4.171035502710278e-10         
1.724375000000000e+01         4.165974322699750e-10         
1.724687500000000e+01         4.160770139340320e-10         
1.725000000000000e+01         4.155541729583671e-10         
1.725312500000000e+01         4.150233183939327e-10         
1.725625000000000e+01         4.144845747004856e-10         
1.725937500000000e+01         4.139343835298427e-10         
1.726250000000000e+01         4.133769416899279e-10         
1.726562500000000e+01         4.128148220553869e-10         
1.726875000000000e+01         4.122420348419954e-10         
1.727187500000000e+01         4.116649260606077e-10         
1.727500000000000e+01         4.110808033827419e-10         
1.727812500000000e+01         4.104834595822257e-10         
1.728125000000000e+01         4.098853978038300e-10         
1.728437500000000e+01         4.092806763572927e-10         
1.728750000000000e+01         4.086690011966479e-10         
1.729062500000000e+01         4.080477895091248e-10         
1.729375000000000e+01         4.074205655253330e-10         
1.729687500000000e+01         4.067901530164624e-10         
1.730000000000000e+01         4.061504089236478e-10         
1.730312500000000e+01         4.055076621131382e-10         
1.730625000000000e+01         4.048593083726008e-10         
1.730937500000000e+01         4.042025018951471e-10         
1.731250000000000e+01         4.035399255529474e-10         
1.731562500000000e+01         4.028749529495059e-10         
1.731875000000000e+01         4.022050330498367e-10         
1.732187500000000e+01         4.015267142589772e-10         
1.732500000000000e+01         4.008438349690045e-10         
1.732812500000000e+01         4.001591188107341e-10         
1.733125000000000e+01         3.994693555399042e-10         
1.733437500000000e+01         3.987720733250471e-10         
1.733750000000000e+01         3.980737839020422e-10         
1.734062500000000e+01         3.973680417947992e-10         
1.734375000000000e+01         3.966581132686486e-10         
1.734687500000000e+01         3.959470304294292e-10         
1.735000000000000e+01         3.952323831623814e-10         
1.735312500000000e+01         3.945138655751932e-10         
1.735625000000000e+01         3.937858076634824e-10         
1.735937500000000e+01         3.930599172941739e-10         
1.736250000000000e+01         3.923310234142069e-10         
1.736562500000000e+01         3.915956722370857e-10         
1.736875000000000e+01         3.908602594828562e-10         
1.737187500000000e+01         3.901192808072910e-10         
1.737500000000000e+01         3.893748734971821e-10         
1.737812500000000e+01         3.886310624948509e-10         
1.738125000000000e+01         3.878845182596801e-10         
1.738437500000000e+01         3.871353406688726e-10         
1.738750000000000e+01         3.863782114060441e-10         
1.739062500000000e+01         3.856244459129712e-10         
1.739375000000000e+01         3.848686128608310e-10         
1.739687500000000e+01         3.841077713816958e-10         
1.740000000000000e+01         3.833478409503860e-10         
1.740312500000000e+01         3.825837528275656e-10         
1.740625000000000e+01         3.818202226831557e-10         
1.740937500000000e+01         3.810523484162490e-10         
1.741250000000000e+01         3.802857225497924e-10         
1.741562500000000e+01         3.795178749680526e-10         
1.741875000000000e+01         3.787431234747852e-10         
1.742187500000000e+01         3.779729123464120e-10         
1.742500000000000e+01         3.772017380664428e-10         
1.742812500000000e+01         3.764290816751810e-10         
1.743125000000000e+01         3.756529297914109e-10         
1.743437500000000e+01         3.748762635460567e-10         
1.743750000000000e+01         3.741014791581643e-10         
1.744062500000000e+01         3.733234251190358e-10         
1.744375000000000e+01         3.725474744855117e-10         
1.744687500000000e+01         3.717713084654677e-10         
1.745000000000000e+01         3.709891242613314e-10         
1.745312500000000e+01         3.702122777249149e-10         
1.745625000000000e+01         3.694352535620090e-10         
1.745937500000000e+01         3.686582645646296e-10         
1.746250000000000e+01         3.678784953998531e-10         
1.746562500000000e+01         3.670989209460741e-10         
1.746875000000000e+01         3.663222691369831e-10         
1.747187500000000e+01         3.655425765872639e-10         
1.747500000000000e+01         3.647665385149021e-10         
1.747812500000000e+01         3.639908845258198e-10         
1.748125000000000e+01         3.632102164963737e-10         
1.748437500000000e+01         3.624355560371083e-10         
1.748750000000000e+01         3.616614562626257e-10         
1.749062500000000e+01         3.608879530659104e-10         
1.749375000000000e+01         3.601126822376982e-10         
1.749687500000000e+01         3.593382449732605e-10         
1.750000000000000e+01         3.585673854096109e-10         
1.750312500000000e+01         3.577946054191252e-10         
1.750625000000000e+01         3.570258619171993e-10         
1.750937500000000e+01         3.562580083019573e-10         
1.751250000000000e+01         3.554890051922702e-10         
1.751562500000000e+01         3.547206250955787e-10         
1.751875000000000e+01         3.539565694124714e-10         
1.752187500000000e+01         3.531939699869367e-10         
1.752500000000000e+01         3.524325488655104e-10         
1.752812500000000e+01         3.516674966113292e-10         
1.753125000000000e+01         3.509087909685372e-10         
1.753437500000000e+01         3.501520195613322e-10         
1.753750000000000e+01         3.493940954592555e-10         
1.754062500000000e+01         3.486403638150705e-10         
1.754375000000000e+01         3.478860067127647e-10         
1.754687500000000e+01         3.471330852596150e-10         
1.755000000000000e+01         3.463846676514963e-10         
1.755312500000000e+01         3.456380983901900e-10         
1.755625000000000e+01         3.448935490123262e-10         
1.755937500000000e+01         3.441454483939150e-10         
1.756250000000000e+01         3.434049221121879e-10         
1.756562500000000e+01         3.426662191815483e-10         
1.756875000000000e+01         3.419267485057267e-10         
1.757187500000000e+01         3.411921020472125e-10         
1.757500000000000e+01         3.404571559870430e-10         
1.757812500000000e+01         3.397243628590735e-10         
1.758125000000000e+01         3.389962169184426e-10         
1.758437500000000e+01         3.382701437542590e-10         
1.758750000000000e+01         3.375466200018067e-10         
1.759062500000000e+01         3.368201688816828e-10         
1.759375000000000e+01         3.361012850353328e-10         
1.759687500000000e+01         3.353847681161774e-10         
1.760000000000000e+01         3.346678591152009e-10         
1.760312500000000e+01         3.339560792619346e-10         
1.760625000000000e+01         3.332443488136749e-10         
1.760937500000000e+01         3.325374738892802e-10         
1.761250000000000e+01         3.318305610690188e-10         
1.761562500000000e+01         3.311287925423735e-10         
1.761875000000000e+01         3.304296057286851e-10         
1.762187500000000e+01         3.297279028745078e-10         
1.762500000000000e+01         3.290338000399389e-10         
1.762812500000000e+01         3.283424195218653e-10         
1.763125000000000e+01         3.276537224838244e-10         
1.763437500000000e+01         3.269651582311857e-10         
1.763750000000000e+01         3.262792062329014e-10         
1.764062500000000e+01         3.255986763308844e-10         
1.764375000000000e+01         3.249181320673442e-10         
1.764687500000000e+01         3.242428791549841e-10         
1.765000000000000e+01         3.235704597588734e-10         
1.765312500000000e+01         3.228958674844513e-10         
1.765625000000000e+01         3.222291500638697e-10         
1.765937500000000e+01         3.215649630018808e-10         
1.766250000000000e+01         3.209039465208011e-10         
1.766562500000000e+01         3.202430159911025e-10         
1.766875000000000e+01         3.195852336841009e-10         
1.767187500000000e+01         3.189326128644137e-10         
1.767500000000000e+01         3.182803984325029e-10         
1.767812500000000e+01         3.176335918263554e-10         
1.768125000000000e+01         3.169895498473685e-10         
1.768437500000000e+01         3.163439765121003e-10         
1.768750000000000e+01         3.157058563339901e-10         
1.769062500000000e+01         3.150707427703594e-10         
1.769375000000000e+01         3.144386449379984e-10         
1.769687500000000e+01         3.138070339439180e-10         
1.770000000000000e+01         3.131784375530811e-10         
1.770312500000000e+01         3.125553301709922e-10         
1.770625000000000e+01         3.119326905955079e-10         
1.770937500000000e+01         3.113153777259475e-10         
1.771250000000000e+01         3.107012732800174e-10         
1.771562500000000e+01         3.100877271275725e-10         
1.771875000000000e+01         3.094771170597445e-10         
1.772187500000000e+01         3.088718147824222e-10         
1.772500000000000e+01         3.082697693727410e-10         
1.772812500000000e+01         3.076706200266226e-10         
1.773125000000000e+01         3.070697238346457e-10         
1.773437500000000e+01         3.064766048002153e-10         
1.773750000000000e+01         3.058865160763645e-10         
1.774062500000000e+01         3.052971584460018e-10         
1.774375000000000e+01         3.047131723056718e-10         
1.774687500000000e+01         3.041299405124690e-10         
1.775000000000000e+01         3.035496933015876e-10         
1.775312500000000e+01         3.029749354074431e-10         
1.775625000000000e+01         3.024030665204090e-10         
1.775937500000000e+01         3.018343813607479e-10         
1.776250000000000e+01         3.012641096417149e-10         
1.776562500000000e+01         3.007015261903950e-10         
1.776875000000000e+01         3.001420499110384e-10         
1.777187500000000e+01         2.995832908327997e-10         
1.777500000000000e+01         2.990300040645986e-10         
1.777812500000000e+01         2.984775214128694e-10         
1.778125000000000e+01         2.979277885087913e-10         
1.778437500000000e+01         2.973836092705004e-10         
1.778750000000000e+01         2.968423122312457e-10         
1.779062500000000e+01         2.963041203781597e-10         
1.779375000000000e+01         2.957644178683228e-10         
1.779687500000000e+01         2.952323694552371e-10         
1.780000000000000e+01         2.947033469860347e-10         
1.780312500000000e+01         2.941751184503021e-10         
1.780625000000000e+01         2.936522037426162e-10         
1.780937500000000e+01         2.931299891775539e-10         
1.781250000000000e+01         2.926132964546763e-10         
1.781562500000000e+01         2.920969661213379e-10         
1.781875000000000e+01         2.915862347060621e-10         
1.782187500000000e+01         2.910783052101718e-10         
1.782500000000000e+01         2.905693043769023e-10         
1.782812500000000e+01         2.900674557424633e-10         
1.783125000000000e+01         2.895688422834107e-10         
1.783437500000000e+01         2.890731765641608e-10         
1.783750000000000e+01         2.885782768277569e-10         
1.784062500000000e+01         2.880863973794667e-10         
1.784375000000000e+01         2.875996102614670e-10         
1.784687500000000e+01         2.871137644135449e-10         
1.785000000000000e+01         2.866329886319848e-10         
1.785312500000000e+01         2.861551226290868e-10         
1.785625000000000e+01         2.856760025603699e-10         
1.785937500000000e+01         2.852041067006008e-10         
1.786250000000000e+01         2.847352684268952e-10         
1.786562500000000e+01         2.842693340307105e-10         
1.786875000000000e+01         2.838042723869075e-10         
1.787187500000000e+01         2.833419266794981e-10         
1.787500000000000e+01         2.828849770211255e-10         
1.787812500000000e+01         2.824286867896743e-10         
1.788125000000000e+01         2.819773875004486e-10         
1.788437500000000e+01         2.815290384537202e-10         
1.788750000000000e+01         2.810792961622655e-10         
1.789062500000000e+01         2.806368561945754e-10         
1.789375000000000e+01         2.801974152470518e-10         
1.789687500000000e+01         2.797607365336588e-10         
1.790000000000000e+01         2.793248719156260e-10         
1.790312500000000e+01         2.788917136881520e-10         
1.790625000000000e+01         2.784639466481515e-10         
1.790937500000000e+01         2.780388372319306e-10         
1.791250000000000e+01         2.776142641211566e-10         
1.791562500000000e+01         2.771950920155063e-10         
1.791875000000000e+01         2.767765196451917e-10         
1.792187500000000e+01         2.763606021043493e-10         
1.792500000000000e+01         2.759498831594161e-10         
1.792812500000000e+01         2.755419129760820e-10         
1.793125000000000e+01         2.751367855100205e-10         
1.793437500000000e+01         2.747301639315359e-10         
1.793750000000000e+01         2.743306459935956e-10         
1.794062500000000e+01         2.739340301851641e-10         
1.794375000000000e+01         2.735379071323320e-10         
1.794687500000000e+01         2.731468917822959e-10         
1.795000000000000e+01         2.727563542503790e-10         
1.795312500000000e+01         2.723686518782151e-10         
1.795625000000000e+01         2.719859308192867e-10         
1.795937500000000e+01         2.716060660674581e-10         
1.796250000000000e+01         2.712288162094366e-10         
1.796562500000000e+01         2.708497741866459e-10         
1.796875000000000e+01         2.704781467700170e-10         
1.797187500000000e+01         2.701090952308719e-10         
1.797500000000000e+01         2.697405217259880e-10         
1.797812500000000e+01         2.693769558625327e-10         
1.798125000000000e+01         2.690139845182351e-10         
1.798437500000000e+01         2.686537592380323e-10         
1.798750000000000e+01         2.682983701575099e-10         
1.799062500000000e+01         2.679455283242999e-10         
1.799375000000000e+01         2.675954452459050e-10         
1.799687500000000e+01         2.672438586340152e-10         
1.800000000000000e+01         2.668990736303243e-10         
1.800312500000000e+01         2.665568973125485e-10         
1.800625000000000e+01         2.662155176225870e-10         
1.800937500000000e+01         2.658786092619189e-10         
1.801250000000000e+01         2.655424242394074e-10         
1.801562500000000e+01         2.652109577654056e-10         
1.801875000000000e+01         2.648799597743307e-10         
1.802187500000000e+01         2.645537030712278e-10         
1.802500000000000e+01         2.642300489090137e-10         
1.802812500000000e+01         2.639047473624375e-10         
1.803125000000000e+01         2.635864262598569e-10         
1.803437500000000e+01         2.632705700728789e-10         
1.803750000000000e+01         2.629571150838445e-10         
1.804062500000000e+01         2.626443908387397e-10         
1.804375000000000e+01         2.623341609057024e-10         
1.804687500000000e+01         2.620286950384421e-10         
1.805000000000000e+01         2.617237805129467e-10         
1.805312500000000e+01         2.614233140883844e-10         
1.805625000000000e+01         2.611252866224405e-10         
1.805937500000000e+01         2.608259184404192e-10         
1.806250000000000e+01         2.605329233139498e-10         
1.806562500000000e+01         2.602426574156062e-10         
1.806875000000000e+01         2.599547506902721e-10         
1.807187500000000e+01         2.596675339533330e-10         
1.807500000000000e+01         2.593825132304200e-10         
1.807812500000000e+01         2.591022775264401e-10         
1.808125000000000e+01         2.588223881794216e-10         
1.808437500000000e+01         2.585469470808125e-10         
1.808750000000000e+01         2.582742498017284e-10         
1.809062500000000e+01         2.579996583067711e-10         
1.809375000000000e+01         2.577317735693265e-10         
1.809687500000000e+01         2.574662754993304e-10         
1.810000000000000e+01         2.572032124012478e-10         
1.810312500000000e+01         2.569406853287729e-10         
1.810625000000000e+01         2.566804635739810e-10         
1.810937500000000e+01         2.564247670452334e-10         
1.811250000000000e+01         2.561714521314273e-10         
1.811562500000000e+01         2.559185624061562e-10         
1.811875000000000e+01         2.556700194716455e-10         
1.812187500000000e+01         2.554220174767069e-10         
1.812500000000000e+01         2.551762489575456e-10         
1.812812500000000e+01         2.549349323845112e-10         
1.813125000000000e+01         2.546961926596907e-10         
1.813437500000000e+01         2.544596103771855e-10         
1.813750000000000e+01         2.542214866329319e-10         
1.814062500000000e+01         2.539898290857448e-10         
1.814375000000000e+01         2.537603814609317e-10         
1.814687500000000e+01         2.535314431600823e-10         
1.815000000000000e+01         2.533067498206864e-10         
1.815312500000000e+01         2.530823572622610e-10         
1.815625000000000e+01         2.528603924937677e-10         
1.815937500000000e+01         2.526426421115565e-10         
1.816250000000000e+01         2.524273789344684e-10         
1.816562500000000e+01         2.522143692845149e-10         
1.816875000000000e+01         2.519996801331241e-10         
1.817187500000000e+01         2.517912606886656e-10         
1.817500000000000e+01         2.515852915420503e-10         
1.817812500000000e+01         2.513796391353306e-10         
1.818125000000000e+01         2.511781421650633e-10         
1.818437500000000e+01         2.509768925111962e-10         
1.818750000000000e+01         2.507780782160331e-10         
1.819062500000000e+01         2.505835313012366e-10         
1.819375000000000e+01         2.503911344744885e-10         
1.819687500000000e+01         2.502010830415515e-10         
1.820000000000000e+01         2.500094198685364e-10         
1.820312500000000e+01         2.498238557287469e-10         
1.820625000000000e+01         2.496407022879711e-10         
1.820937500000000e+01         2.494577942243437e-10         
1.821250000000000e+01         2.492788846532734e-10         
1.821562500000000e+01         2.491003852337986e-10         
1.821875000000000e+01         2.489261801114884e-10         
1.822187500000000e+01         2.487522008108147e-10         
1.822500000000000e+01         2.485824164855851e-10         
1.822812500000000e+01         2.484148812993910e-10         
1.823125000000000e+01         2.482455368781887e-10         
1.823437500000000e+01         2.480824143995346e-10         
1.823750000000000e+01         2.479215038030413e-10         
1.824062500000000e+01         2.477627305317002e-10         
1.824375000000000e+01         2.476044302234310e-10         
1.824687500000000e+01         2.474480201059208e-10         
1.825000000000000e+01         2.472959047693861e-10         
1.825312500000000e+01         2.471440991040832e-10         
1.825625000000000e+01         2.469963464122062e-10         
1.825937500000000e+01         2.468508381476416e-10         
1.826250000000000e+01         2.467036173109017e-10         
1.826562500000000e+01         2.465624062867419e-10         
1.826875000000000e+01         2.464233286836231e-10         
1.827187500000000e+01         2.462865810321275e-10         
1.827500000000000e+01         2.461500262973426e-10         
1.827812500000000e+01         2.460155023059308e-10         
1.828125000000000e+01         2.458850603078481e-10         
1.828437500000000e+01         2.457549922643948e-10         
1.828750000000000e+01         2.456290762268865e-10         
1.829062500000000e+01         2.455051325317107e-10         
1.829375000000000e+01         2.453812759344034e-10         
1.829687500000000e+01         2.452598193670822e-10         
1.830000000000000e+01         2.451423055530441e-10         
1.830312500000000e+01         2.450270614070896e-10         
1.830625000000000e+01         2.449119857213261e-10         
1.830937500000000e+01         2.447989621637921e-10         
1.831250000000000e+01         2.446899316410764e-10         
1.831562500000000e+01         2.445831586430693e-10         
1.831875000000000e+01         2.444766309690784e-10         
1.832187500000000e+01         2.443740160012002e-10         
1.832500000000000e+01         2.442715790201451e-10         
1.832812500000000e+01         2.441713537554455e-10         
1.833125000000000e+01         2.440752311712954e-10         
1.833437500000000e+01         2.439810962364483e-10         
1.833750000000000e+01         2.438890045101994e-10         
1.834062500000000e+01         2.437952773732652e-10         
1.834375000000000e+01         2.437074200847721e-10         
1.834687500000000e+01         2.436218135335571e-10         
1.835000000000000e+01         2.435363858976117e-10         
1.835312500000000e+01         2.434548561145399e-10         
1.835625000000000e+01         2.433734499307717e-10         
1.835937500000000e+01         2.432944156608587e-10         
1.836250000000000e+01         2.432191855278739e-10         
1.836562500000000e+01         2.431460300166230e-10         
1.836875000000000e+01         2.430750649165828e-10         
1.837187500000000e+01         2.430021575849186e-10         
1.837500000000000e+01         2.429353848882418e-10         
1.837812500000000e+01         2.428705717061593e-10         
1.838125000000000e+01         2.428059511453196e-10         
1.838437500000000e+01         2.427454048032468e-10         
1.838750000000000e+01         2.426847447663999e-10         
1.839062500000000e+01         2.426265110513817e-10         
1.839375000000000e+01         2.425720404470617e-10         
1.839687500000000e+01         2.425196753391835e-10         
1.840000000000000e+01         2.424695160980609e-10         
1.840312500000000e+01         2.424173878970299e-10         
1.840625000000000e+01         2.423714006678025e-10         
1.840937500000000e+01         2.423272967346271e-10         
1.841250000000000e+01         2.422835970554535e-10         
1.841562500000000e+01         2.422436726566785e-10         
1.841875000000000e+01         2.422038048909942e-10         
1.842187500000000e+01         2.421680142208288e-10         
1.842500000000000e+01         2.421324416739640e-10         
1.842812500000000e+01         2.421008805327195e-10         
1.843125000000000e+01         2.420712773393516e-10         
1.843437500000000e+01         2.420399145217671e-10         
1.843750000000000e+01         2.420144577281137e-10         
1.844062500000000e+01         2.419910011593726e-10         
1.844375000000000e+01         2.419697708066750e-10         
1.844687500000000e+01         2.419486477908991e-10         
1.845000000000000e+01         2.419294355268442e-10         
1.845312500000000e+01         2.419143027098129e-10         
1.845625000000000e+01         2.418995636218367e-10         
1.845937500000000e+01         2.418884303571728e-10         
1.846250000000000e+01         2.418794730254623e-10         
1.846562500000000e+01         2.418687655227109e-10         
1.846875000000000e+01         2.418639152596233e-10         
1.847187500000000e+01         2.418612394003805e-10         
1.847500000000000e+01         2.418605261486812e-10         
1.847812500000000e+01         2.418599983350392e-10         
1.848125000000000e+01         2.418614276740324e-10         
1.848437500000000e+01         2.418668397101300e-10         
1.848750000000000e+01         2.418727488217332e-10         
1.849062500000000e+01         2.418822847358110e-10         
1.849375000000000e+01         2.418939603247298e-10         
1.849687500000000e+01         2.419056967783624e-10         
1.850000000000000e+01         2.419198042089713e-10         
1.850312500000000e+01         2.419376947730600e-10         
1.850625000000000e+01         2.419575946557734e-10         
1.850937500000000e+01         2.419779245555311e-10         
1.851250000000000e+01         2.419999022359334e-10         
1.851562500000000e+01         2.420261959514177e-10         
1.851875000000000e+01         2.420544734302664e-10         
1.852187500000000e+01         2.420829397219624e-10         
1.852500000000000e+01         2.421155046446098e-10         
1.852812500000000e+01         2.421478094818693e-10         
1.853125000000000e+01         2.421826690113692e-10         
1.853437500000000e+01         2.422212564895682e-10         
1.853750000000000e+01         2.422619529102890e-10         
1.854062500000000e+01         2.423048674132016e-10         
1.854375000000000e+01         2.423458860243728e-10         
1.854687500000000e+01         2.423929553227120e-10         
1.855000000000000e+01         2.424420232935738e-10         
1.855312500000000e+01         2.424915143513374e-10         
1.855625000000000e+01         2.425447726095515e-10         
1.855937500000000e+01         2.425982412529814e-10         
1.856250000000000e+01         2.426537687313519e-10         
1.856562500000000e+01         2.427133189568373e-10         
1.856875000000000e+01         2.427751176306830e-10         
1.857187500000000e+01         2.428388500783366e-10         
1.857500000000000e+01         2.429009613161826e-10         
1.857812500000000e+01         2.429689360424548e-10         
1.858125000000000e+01         2.430389922384509e-10         
1.858437500000000e+01         2.431094904798861e-10         
1.858750000000000e+01         2.431839106159730e-10         
1.859062500000000e+01         2.432583674556803e-10         
1.859375000000000e+01         2.433351449676096e-10         
1.859687500000000e+01         2.434159105940025e-10         
1.860000000000000e+01         2.434987106654227e-10         
1.860312500000000e+01         2.435836816249735e-10         
1.860625000000000e+01         2.436669750842537e-10         
1.860937500000000e+01         2.437562170053908e-10         
1.861250000000000e+01         2.438477391726539e-10         
1.861562500000000e+01         2.439395847323209e-10         
1.861875000000000e+01         2.440352476057059e-10         
1.862187500000000e+01         2.441310601635859e-10         
1.862500000000000e+01         2.442311042405947e-10         
1.862812500000000e+01         2.443316451691334e-10         
1.863125000000000e+01         2.444359735830749e-10         
1.863437500000000e+01         2.445425314279681e-10         
1.863750000000000e+01         2.446474962953259e-10         
1.864062500000000e+01         2.447582517630654e-10         
1.864375000000000e+01         2.448715182067659e-10         
1.864687500000000e+01         2.449867697161288e-10         
1.865000000000000e+01         2.451025650943840e-10         
1.865312500000000e+01         2.452200263928738e-10         
1.865625000000000e+01         2.453420586558821e-10         
1.865937500000000e+01         2.454643145303666e-10         
1.866250000000000e+01         2.455905551261857e-10         
1.866562500000000e+01         2.457192147759235e-10         
1.866875000000000e+01         2.458459734636858e-10         
1.867187500000000e+01         2.459789671030334e-10         
1.867500000000000e+01         2.461140515955604e-10         
1.867812500000000e+01         2.462514242890527e-10         
1.868125000000000e+01         2.463892501970088e-10         
1.868437500000000e+01         2.465288911245708e-10         
1.868750000000000e+01         2.466731470378370e-10         
1.869062500000000e+01         2.468176826464580e-10         
1.869375000000000e+01         2.469663611528041e-10         
1.869687500000000e+01         2.471172426350520e-10         
1.870000000000000e+01         2.472683545461921e-10         
1.870312500000000e+01         2.474219880644698e-10         
1.870625000000000e+01         2.475795473042025e-10         
1.870937500000000e+01         2.477397133827828e-10         
1.871250000000000e+01         2.479000919942611e-10         
1.871562500000000e+01         2.480626523418483e-10         
1.871875000000000e+01         2.482295426109639e-10         
1.872187500000000e+01         2.483987796116357e-10         
1.872500000000000e+01         2.485684898891751e-10         
1.872812500000000e+01         2.487424182759952e-10         
1.873125000000000e+01         2.489165370266640e-10         
1.873437500000000e+01         2.490931955230376e-10         
1.873750000000000e+01         2.492739765891717e-10         
1.874062500000000e+01         2.494572692980104e-10         
1.874375000000000e+01         2.496428862832995e-10         
1.874687500000000e+01         2.498268775071419e-10         
1.875000000000000e+01         2.500172346097513e-10         
1.875312500000000e+01         2.502100666278675e-10         
1.875625000000000e+01         2.504032775089606e-10         
1.875937500000000e+01         2.506006868949517e-10         
1.876250000000000e+01         2.507984991629425e-10         
1.876562500000000e+01         2.509988960051647e-10         
1.876875000000000e+01         2.512036913808760e-10         
1.877187500000000e+01         2.514106792345221e-10         
1.877500000000000e+01         2.516200753062721e-10         
1.877812500000000e+01         2.518281817033989e-10         
1.878125000000000e+01         2.520426557879283e-10         
1.878437500000000e+01         2.522596223799996e-10         
1.878750000000000e+01         2.524770195036724e-10         
1.879062500000000e+01         2.526989612090226e-10         
1.879375000000000e+01         2.529210854205267e-10         
1.879687500000000e+01         2.531459397732652e-10         
1.880000000000000e+01         2.533751111097954e-10         
1.880312500000000e+01         2.536068319053129e-10         
1.880625000000000e+01         2.538410959310476e-10         
1.880937500000000e+01         2.540739702536020e-10         
1.881250000000000e+01         2.543134815297751e-10         
1.881562500000000e+01         2.545552255424439e-10         
1.881875000000000e+01         2.547995484557650e-10         
1.882187500000000e+01         2.550447531455988e-10         
1.882500000000000e+01         2.552919745853926e-10         
1.882812500000000e+01         2.555442109488334e-10         
1.883125000000000e+01         2.557971302102847e-10         
1.883437500000000e+01         2.560544344464692e-10         
1.883750000000000e+01         2.563141421673029e-10         
1.884062500000000e+01         2.565727658647921e-10         
1.884375000000000e+01         2.568378125858433e-10         
1.884687500000000e+01         2.571054090365621e-10         
1.885000000000000e+01         2.573758255151524e-10         
1.885312500000000e+01         2.576469121534678e-10         
1.885625000000000e+01         2.579205933422145e-10         
1.885937500000000e+01         2.581988436913876e-10         
1.886250000000000e+01         2.584778431178290e-10         
1.886562500000000e+01         2.587616077434642e-10         
1.886875000000000e+01         2.590481160554376e-10         
1.887187500000000e+01         2.593331503127337e-10         
1.887500000000000e+01         2.596250931599508e-10         
1.887812500000000e+01         2.599197263557640e-10         
1.888125000000000e+01         2.602170455529535e-10         
1.888437500000000e+01         2.605151906046963e-10         
1.888750000000000e+01         2.608159774485899e-10         
1.889062500000000e+01         2.611213784762225e-10         
1.889375000000000e+01         2.614282594999261e-10         
1.889687500000000e+01         2.617394106061998e-10         
1.890000000000000e+01         2.620533645834362e-10         
1.890312500000000e+01         2.623681578879138e-10         
1.890625000000000e+01         2.626859267186719e-10         
1.890937500000000e+01         2.630084640226367e-10         
1.891250000000000e+01         2.633338780274107e-10         
1.891562500000000e+01         2.636600522088555e-10         
1.891875000000000e+01         2.639893782828859e-10         
1.892187500000000e+01         2.643234390848533e-10         
1.892500000000000e+01         2.646605375885554e-10         
1.892812500000000e+01         2.649985627694476e-10         
1.893125000000000e+01         2.653413603901573e-10         
1.893437500000000e+01         2.656850647564377e-10         
1.893750000000000e+01         2.660319212540062e-10         
1.894062500000000e+01         2.663836435299283e-10         
1.894375000000000e+01         2.667384127075702e-10         
1.894687500000000e+01         2.670963040684343e-10         
1.895000000000000e+01         2.674530272396032e-10         
1.895312500000000e+01         2.678167744391469e-10         
1.895625000000000e+01         2.681835312852674e-10         
1.895937500000000e+01         2.685514703824142e-10         
1.896250000000000e+01         2.689246226517538e-10         
1.896562500000000e+01         2.692983921461655e-10         
1.896875000000000e+01         2.696757834008556e-10         
1.897187500000000e+01         2.700581582777885e-10         
1.897500000000000e+01         2.704435765683633e-10         
1.897812500000000e+01         2.708321517115514e-10         
1.898125000000000e+01         2.712199046497369e-10         
1.898437500000000e+01         2.716148788610939e-10         
1.898750000000000e+01         2.720131221973829e-10         
1.899062500000000e+01         2.724124423189573e-10         
1.899375000000000e+01         2.728170821605077e-10         
1.899687500000000e+01         2.732226605501575e-10         
1.900000000000000e+01         2.736337109048639e-10         
1.900312500000000e+01         2.740459930625928e-10         
1.900625000000000e+01         2.744638179658847e-10         
1.900937500000000e+01         2.748846190021611e-10         
1.901250000000000e+01         2.753049001036067e-10         
1.901562500000000e+01         2.757324177277677e-10         
1.901875000000000e+01         2.761634124310283e-10         
1.902187500000000e+01         2.765977470152144e-10         
1.902500000000000e+01         2.770334296629102e-10         
1.902812500000000e+01         2.774723825281872e-10         
1.903125000000000e+01         2.779168692161417e-10         
1.903437500000000e+01         2.783629325036867e-10         
1.903750000000000e+01         2.788143122904668e-10         
1.904062500000000e+01         2.792692323759070e-10         
1.904375000000000e+01         2.797235070875338e-10         
1.904687500000000e+01         2.801855185329287e-10         
1.905000000000000e+01         2.806509554214313e-10         
1.905312500000000e+01         2.811199166914909e-10         
1.905625000000000e+01         2.815904655656810e-10         
1.905937500000000e+01         2.820643820369623e-10         
1.906250000000000e+01         2.825441089752055e-10         
1.906562500000000e+01         2.830254780042291e-10         
1.906875000000000e+01         2.835125431816450e-10         
1.907187500000000e+01         2.840032305751997e-10         
1.907500000000000e+01         2.844932359978498e-10         
1.907812500000000e+01         2.849913700508327e-10         
1.908125000000000e+01         2.854930258538489e-10         
1.908437500000000e+01         2.859984910289056e-10         
1.908750000000000e+01         2.865057032388596e-10         
1.909062500000000e+01         2.870165208904933e-10         
1.909375000000000e+01         2.875333566015467e-10         
1.909687500000000e+01         2.880519308497217e-10         
1.910000000000000e+01         2.885764952627482e-10         
1.910312500000000e+01         2.891048000536524e-10         
1.910625000000000e+01         2.896348380209853e-10         
1.910937500000000e+01         2.901689169055515e-10         
1.911250000000000e+01         2.907088584105615e-10         
1.911562500000000e+01         2.912528208320195e-10         
1.911875000000000e+01         2.917985936556724e-10         
1.912187500000000e+01         2.923483538130683e-10         
1.912500000000000e+01         2.929043488596505e-10         
1.912812500000000e+01         2.934642892610972e-10         
1.913125000000000e+01         2.940262003021499e-10         
1.913437500000000e+01         2.945940978795756e-10         
1.913750000000000e+01         2.951642029519925e-10         
1.914062500000000e+01         2.957382515241205e-10         
1.914375000000000e+01         2.963187578033092e-10         
1.914687500000000e+01         2.969034176772695e-10         
1.915000000000000e+01         2.974922515046530e-10         
1.915312500000000e+01         2.980807973590513e-10         
1.915625000000000e+01         2.986780487183086e-10         
1.915937500000000e+01         2.992795369499352e-10         
1.916250000000000e+01         2.998830017034927e-10         
1.916562500000000e+01         3.004931828059584e-10         
1.916875000000000e+01         3.011053593527270e-10         
1.917187500000000e+01         3.017219514141301e-10         
1.917500000000000e+01         3.023449604917740e-10         
1.917812500000000e+01         3.029724231276494e-10         
1.918125000000000e+01         3.036043815016138e-10         
1.918437500000000e+01         3.042363011421434e-10         
1.918750000000000e+01         3.048771588927401e-10         
1.919062500000000e+01         3.055225441192864e-10         
1.919375000000000e+01         3.061701920902787e-10         
1.919687500000000e+01         3.068245031860608e-10         
1.920000000000000e+01         3.074835690585378e-10         
1.920312500000000e+01         3.081449195252111e-10         
1.920625000000000e+01         3.088109103074836e-10         
1.920937500000000e+01         3.094837350237611e-10         
1.921250000000000e+01         3.101611570693197e-10         
1.921562500000000e+01         3.108412394787096e-10         
1.921875000000000e+01         3.115258656472692e-10         
1.922187500000000e+01         3.122175561791827e-10         
1.922500000000000e+01         3.129141760011498e-10         
1.922812500000000e+01         3.136130519829812e-10         
1.923125000000000e+01         3.143192274464468e-10         
1.923437500000000e+01         3.150278327898073e-10         
1.923750000000000e+01         3.157415575513245e-10         
1.924062500000000e+01         3.164622967912107e-10         
1.924375000000000e+01         3.171879354626080e-10         
1.924687500000000e+01         3.179186815073510e-10         
1.925000000000000e+01         3.186496893523195e-10         
1.925312500000000e+01         3.193903460399649e-10         
1.925625000000000e+01         3.201361783337598e-10         
1.925937500000000e+01         3.208847324355195e-10         
1.926250000000000e+01         3.216405817793150e-10         
1.926562500000000e+01         3.223993444993386e-10         
1.926875000000000e+01         3.231632167410647e-10         
1.927187500000000e+01         3.239345577161585e-10         
1.927500000000000e+01         3.247112017195598e-10         
1.927812500000000e+01         3.254931528740488e-10         
1.928125000000000e+01         3.262756258367423e-10         
1.928437500000000e+01         3.270681992305084e-10         
1.928750000000000e+01         3.278659159602135e-10         
1.929062500000000e+01         3.286666002438184e-10         
1.929375000000000e+01         3.294750586082612e-10         
1.929687500000000e+01         3.302867258745584e-10         
1.930000000000000e+01         3.311036527711080e-10         
1.930312500000000e+01         3.319284961736680e-10         
1.930625000000000e+01         3.327587632544335e-10         
1.930937500000000e+01         3.335947476191585e-10         
1.931250000000000e+01         3.344313738715215e-10         
1.931562500000000e+01         3.352782999535764e-10         
1.931875000000000e+01         3.361309990844933e-10         
1.932187500000000e+01         3.369868002276444e-10         
1.932500000000000e+01         3.378508700953004e-10         
1.932812500000000e+01         3.387181804727660e-10         
1.933125000000000e+01         3.395935400423544e-10         
1.933437500000000e+01         3.404722577274304e-10         
1.933750000000000e+01         3.413592012378634e-10         
1.934062500000000e+01         3.422520984320342e-10         
1.934375000000000e+01         3.431458134452193e-10         
1.934687500000000e+01         3.440502525639224e-10         
1.935000000000000e+01         3.449606737872718e-10         
1.935312500000000e+01         3.458770184881755e-10         
1.935625000000000e+01         3.467968764983028e-10         
1.935937500000000e+01         3.477226409902243e-10         
1.936250000000000e+01         3.486569255280683e-10         
1.936562500000000e+01         3.495948700833588e-10         
1.936875000000000e+01         3.505412862289969e-10         
1.937187500000000e+01         3.514940065853152e-10         
1.937500000000000e+01         3.524475696382424e-10         
1.937812500000000e+01         3.534124059665151e-10         
1.938125000000000e+01         3.543833500436807e-10         
1.938437500000000e+01         3.553604900899169e-10         
1.938750000000000e+01         3.563414796187768e-10         
1.939062500000000e+01         3.573287198331092e-10         
1.939375000000000e+01         3.583248887321874e-10         
1.939687500000000e+01         3.593245669428308e-10         
1.940000000000000e+01         3.603334269448423e-10         
1.940312500000000e+01         3.613484926324521e-10         
1.940625000000000e+01         3.623674748049630e-10         
1.940937500000000e+01         3.633928368518506e-10         
1.941250000000000e+01         3.644272300854108e-10         
1.941562500000000e+01         3.654680378188286e-10         
1.941875000000000e+01         3.665127568473416e-10         
1.942187500000000e+01         3.675643457217332e-10         
1.942500000000000e+01         3.686247784315469e-10         
1.942812500000000e+01         3.696917465834044e-10         
1.943125000000000e+01         3.707627132750217e-10         
1.943437500000000e+01         3.718431389804645e-10         
1.943750000000000e+01         3.729273936473350e-10         
1.944062500000000e+01         3.740181685541290e-10         
1.944375000000000e+01         3.751186140533194e-10         
1.944687500000000e+01         3.762254910110937e-10         
1.945000000000000e+01         3.773390533002311e-10         
1.945312500000000e+01         3.784543286487524e-10         
1.945625000000000e+01         3.795816600732963e-10         
1.945937500000000e+01         3.807155847517720e-10         
1.946250000000000e+01         3.818536613153958e-10         
1.946562500000000e+01         3.830013567111400e-10         
1.946875000000000e+01         3.841532248151774e-10         
1.947187500000000e+01         3.853117439304170e-10         
1.947500000000000e+01         3.864799819543745e-10         
1.947812500000000e+01         3.876550562302482e-10         
1.948125000000000e+01         3.888371072771972e-10         
1.948437500000000e+01         3.900206771871286e-10         
1.948750000000000e+01         3.912164902163171e-10         
1.949062500000000e+01         3.924194007560837e-10         
1.949375000000000e+01         3.936261923628874e-10         
1.949687500000000e+01         3.948431700715474e-10         
1.950000000000000e+01         3.960641127347088e-10         
1.950312500000000e+01         3.972919402712795e-10         
1.950625000000000e+01         3.985294285302052e-10         
1.950937500000000e+01         3.997742353399661e-10         
1.951250000000000e+01         4.010257260696301e-10         
1.951562500000000e+01         4.022788844700821e-10         
1.951875000000000e+01         4.035445073511459e-10         
1.952187500000000e+01         4.048170426381492e-10         
1.952500000000000e+01         4.060965627483803e-10         
1.952812500000000e+01         4.073802545653647e-10         
1.953125000000000e+01         4.086712850661635e-10         
1.953437500000000e+01         4.099719525829329e-10         
1.953750000000000e+01         4.112764561114265e-10         
1.954062500000000e+01         4.125912391671175e-10         
1.954375000000000e+01         4.139125034644982e-10         
1.954687500000000e+01         4.152350970069871e-10         
1.955000000000000e+01         4.165705011032507e-10         
1.955312500000000e+01         4.179130754776209e-10         
1.955625000000000e+01         4.192622785679299e-10         
1.955937500000000e+01         4.206153484599382e-10         
1.956250000000000e+01         4.219758900808701e-10         
1.956562500000000e+01         4.233457222474762e-10         
1.956875000000000e+01         4.247193290443314e-10         
1.957187500000000e+01         4.261027872630885e-10         
1.957500000000000e+01         4.274933071799178e-10         
1.957812500000000e+01         4.288847464099395e-10         
1.958125000000000e+01         4.302884296806067e-10         
1.958437500000000e+01         4.316992409326107e-10         
1.958750000000000e+01         4.331163364866330e-10         
1.959062500000000e+01         4.345370105109127e-10         
1.959375000000000e+01         4.359646115870902e-10         
1.959687500000000e+01         4.374016868086849e-10         
1.960000000000000e+01         4.388421237510469e-10         
1.960312500000000e+01         4.402918586252270e-10         
1.960625000000000e+01         4.417485697456164e-10         
1.960937500000000e+01         4.432081483721906e-10         
1.961250000000000e+01         4.446738129111700e-10         
1.961562500000000e+01         4.461494056575582e-10         
1.961875000000000e+01         4.476306197159870e-10         
1.962187500000000e+01         4.491148696305524e-10         
1.962500000000000e+01         4.506054651290488e-10         
1.962812500000000e+01         4.521051808241805e-10         
1.963125000000000e+01         4.536104321274899e-10         
1.963437500000000e+01         4.551183478454206e-10         
1.963750000000000e+01         4.566354539670893e-10         
1.964062500000000e+01         4.581549828000395e-10         
1.964375000000000e+01         4.596798319666776e-10         
1.964687500000000e+01         4.612132753977720e-10         
1.965000000000000e+01         4.627525093445277e-10         
1.965312500000000e+01         4.642966978311430e-10         
1.965625000000000e+01         4.658398610984692e-10         
1.965937500000000e+01         4.673945330488411e-10         
1.966250000000000e+01         4.689540170610724e-10         
1.966562500000000e+01         4.705148906208553e-10         
1.966875000000000e+01         4.720838863459537e-10         
1.967187500000000e+01         4.736549412171146e-10         
1.967500000000000e+01         4.752295896234760e-10         
1.967812500000000e+01         4.768122002722777e-10         
1.968125000000000e+01         4.783992534013111e-10         
1.968437500000000e+01         4.799899875910335e-10         
1.968750000000000e+01         4.815782916726325e-10         
1.969062500000000e+01         4.831767904165519e-10         
1.969375000000000e+01         4.847791927089829e-10         
1.969687500000000e+01         4.863814313970871e-10         
1.970000000000000e+01         4.879905007965220e-10         
1.970312500000000e+01         4.896000312285339e-10         
1.970625000000000e+01         4.912115341741701e-10         
1.970937500000000e+01         4.928293864709929e-10         
1.971250000000000e+01         4.944502425153111e-10         
1.971562500000000e+01         4.960732397570523e-10         
1.971875000000000e+01         4.976919868039120e-10         
1.972187500000000e+01         4.993191294350331e-10         
1.972500000000000e+01         5.009486972071524e-10         
1.972812500000000e+01         5.025794868028043e-10         
1.973125000000000e+01         5.042079323192875e-10         
1.973437500000000e+01         5.058382905488757e-10         
1.973750000000000e+01         5.074729877104622e-10         
1.974062500000000e+01         5.091045477689529e-10         
1.974375000000000e+01         5.107400438615039e-10         
1.974687500000000e+01         5.123763796187467e-10         
1.975000000000000e+01         5.140055057405637e-10         
1.975312500000000e+01         5.156411954706891e-10         
1.975625000000000e+01         5.172767825170479e-10         
1.975937500000000e+01         5.189111701964562e-10         
1.976250000000000e+01         5.205409358585911e-10         
1.976562500000000e+01         5.221699007632765e-10         
1.976875000000000e+01         5.238009884290802e-10         
1.977187500000000e+01         5.254259707231562e-10         
1.977500000000000e+01         5.270524508587436e-10         
1.977812500000000e+01         5.286770300903706e-10         
1.978125000000000e+01         5.302914712081463e-10         
1.978437500000000e+01         5.319097313538544e-10         
1.978750000000000e+01         5.335245296932394e-10         
1.979062500000000e+01         5.351363336522397e-10         
1.979375000000000e+01         5.367398018697568e-10         
1.979687500000000e+01         5.383392273257311e-10         
1.980000000000000e+01         5.399378161877225e-10         
1.980312500000000e+01         5.415271094142911e-10         
1.980625000000000e+01         5.431148145602157e-10         
1.980937500000000e+01         5.446966685911241e-10         
1.981250000000000e+01         5.462699661242728e-10         
1.981562500000000e+01         5.478355977702004e-10         
1.981875000000000e+01         5.493979939043245e-10         
1.982187500000000e+01         5.509539772892019e-10         
1.982500000000000e+01         5.524979538127632e-10         
1.982812500000000e+01         5.540344648485083e-10         
1.983125000000000e+01         5.555660236406574e-10         
1.983437500000000e+01         5.570893209085329e-10         
1.983750000000000e+01         5.585990222585682e-10         
1.984062500000000e+01         5.601031562708606e-10         
1.984375000000000e+01         5.615945601717106e-10         
1.984687500000000e+01         5.630744370769796e-10         
1.985000000000000e+01         5.645475032165897e-10         
1.985312500000000e+01         5.660100136950350e-10         
1.985625000000000e+01         5.674603901800407e-10         
1.985937500000000e+01         5.688913054093424e-10         
1.986250000000000e+01         5.703172765457923e-10         
1.986562500000000e+01         5.717309754128183e-10         
1.986875000000000e+01         5.731267921325950e-10         
1.987187500000000e+01         5.745128674662396e-10         
1.987500000000000e+01         5.758815324425993e-10         
1.987812500000000e+01         5.772355443640838e-10         
1.988125000000000e+01         5.785780812592041e-10         
1.988437500000000e+01         5.799051436990381e-10         
1.988750000000000e+01         5.812169149442054e-10         
1.989062500000000e+01         5.825045438780872e-10         
1.989375000000000e+01         5.837828058051267e-10         
1.989687500000000e+01         5.850446158733812e-10         
1.990000000000000e+01         5.862841139644098e-10         
1.990312500000000e+01         5.875096717508249e-10         
1.990625000000000e+01         5.887135054391296e-10         
1.990937500000000e+01         5.899026129845176e-10         
1.991250000000000e+01         5.910674438638569e-10         
1.991562500000000e+01         5.922170105312192e-10         
1.991875000000000e+01         5.933470181930344e-10         
1.992187500000000e+01         5.944484534812199e-10         
1.992500000000000e+01         5.955363303076626e-10         
1.992812500000000e+01         5.966029719017071e-10         
1.993125000000000e+01         5.976486377903286e-10         
1.993437500000000e+01         5.986673826290738e-10         
1.993750000000000e+01         5.996643377395086e-10         
1.994062500000000e+01         6.006425229929793e-10         
1.994375000000000e+01         6.015925679839402e-10         
1.994687500000000e+01         6.025233245696864e-10         
1.995000000000000e+01         6.034307536014523e-10         
1.995312500000000e+01         6.043053939273759e-10         
1.995625000000000e+01         6.051632955356534e-10         
1.995937500000000e+01         6.059960225067972e-10         
1.996250000000000e+01         6.068041095971439e-10         
1.996562500000000e+01         6.075816153200062e-10         
1.996875000000000e+01         6.083340320824851e-10         
1.997187500000000e+01         6.090636333324668e-10         
1.997500000000000e+01         6.097630502619299e-10         
1.997812500000000e+01         6.104392576661122e-10         
1.998125000000000e+01         6.110884382646866e-10         
1.998437500000000e+01         6.117028980314355e-10         
1.998750000000000e+01         6.122972126112604e-10         
1.999062500000000e+01         6.128635615577257e-10         
1.999375000000000e+01         6.134022908992111e-10         
1.999687500000000e+01         6.139082651550778e-10         
2.000000000000000e+01         6.143862080792388e-10         
2.000312500000000e+01         6.148391257510086e-10         
2.000625000000000e+01         6.152594918038617e-10         
2.000937500000000e+01         6.156545853594684e-10         
2.001250000000000e+01         6.160204029739387e-10         
2.001562500000000e+01         6.163536522691690e-10         
2.001875000000000e+01         6.166573370124613e-10         
2.002187500000000e+01         6.169351972237247e-10         
2.002500000000000e+01         6.171833269243021e-10         
2.002812500000000e+01         6.173982774530765e-10         
2.003125000000000e+01         6.175834867680607e-10         
2.003437500000000e+01         6.177424113522084e-10         
2.003750000000000e+01         6.178725153353035e-10         
2.004062500000000e+01         6.179676879964368e-10         
2.004375000000000e+01         6.180370593645681e-10         
2.004687500000000e+01         6.180733339729122e-10         
2.005000000000000e+01         6.180795654168485e-10         
2.005312500000000e+01         6.180600084411654e-10         
2.005625000000000e+01         6.180102538690565e-10         
2.005937500000000e+01         6.179317240925321e-10         
2.006250000000000e+01         6.178151269106508e-10         
2.006562500000000e+01         6.176767657909612e-10         
2.006875000000000e+01         6.175090929092530e-10         
2.007187500000000e+01         6.173085190585961e-10         
2.007500000000000e+01         6.170824332662926e-10         
2.007812500000000e+01         6.168240771751948e-10         
2.008125000000000e+01         6.165366752137075e-10         
2.008437500000000e+01         6.162241636119340e-10         
2.008750000000000e+01         6.158832454700629e-10         
2.009062500000000e+01         6.155147890656660e-10         
2.009375000000000e+01         6.151096524115152e-10         
2.009687500000000e+01         6.146846103308488e-10         
2.010000000000000e+01         6.142317904751067e-10         
2.010312500000000e+01         6.137482265169732e-10         
2.010625000000000e+01         6.132411820173951e-10         
2.010937500000000e+01         6.127036205288992e-10         
2.011250000000000e+01         6.121430595476274e-10         
2.011562500000000e+01         6.115526719435564e-10         
2.011875000000000e+01         6.109399877529952e-10         
2.012187500000000e+01         6.103016621471376e-10         
2.012500000000000e+01         6.096307915586235e-10         
2.012812500000000e+01         6.089420730279072e-10         
2.013125000000000e+01         6.082284866920413e-10         
2.013437500000000e+01         6.074911644947898e-10         
2.013750000000000e+01         6.067253099057103e-10         
2.014062500000000e+01         6.059362748892489e-10         
2.014375000000000e+01         6.051275357376038e-10         
2.014687500000000e+01         6.042923241156053e-10         
2.015000000000000e+01         6.034383592487383e-10         
2.015312500000000e+01         6.025617807129967e-10         
2.015625000000000e+01         6.016560785920397e-10         
2.015937500000000e+01         6.007370464476212e-10         
2.016250000000000e+01         5.997963926958725e-10         
2.016562500000000e+01         5.988353656466067e-10         
2.016875000000000e+01         5.978506844913706e-10         
2.017187500000000e+01         5.968459596216875e-10         
2.017500000000000e+01         5.958254725619480e-10         
2.017812500000000e+01         5.947825000432651e-10         
2.018125000000000e+01         5.937244758449091e-10         
2.018437500000000e+01         5.926484906138739e-10         
2.018750000000000e+01         5.915470177152642e-10         
2.019062500000000e+01         5.904363988127969e-10         
2.019375000000000e+01         5.893084643062088e-10         
2.019687500000000e+01         5.881639788211243e-10         
2.020000000000000e+01         5.869999176731997e-10         
2.020312500000000e+01         5.858204914675584e-10         
2.020625000000000e+01         5.846290698060523e-10         
2.020937500000000e+01         5.834188920661423e-10         
2.021250000000000e+01         5.821989204923095e-10         
2.021562500000000e+01         5.809644621624844e-10         
2.021875000000000e+01         5.797131983837167e-10         
2.022187500000000e+01         5.784486400106550e-10         
2.022500000000000e+01         5.771748012111775e-10         
2.022812500000000e+01         5.758888797745482e-10         
2.023125000000000e+01         5.745874487716200e-10         
2.023437500000000e+01         5.732744418076989e-10         
2.023750000000000e+01         5.719540502043149e-10         
2.024062500000000e+01         5.706227645135294e-10         
2.024375000000000e+01         5.692777313750034e-10         
2.024687500000000e+01         5.679265182435453e-10         
2.025000000000000e+01         5.665623370267268e-10         
2.025312500000000e+01         5.651884792137809e-10         
2.025625000000000e+01         5.638103232768258e-10         
2.025937500000000e+01         5.624229858301885e-10         
2.026250000000000e+01         5.610279783525235e-10         
2.026562500000000e+01         5.596187726202472e-10         
2.026875000000000e+01         5.582088306793732e-10         
2.027187500000000e+01         5.567918779773252e-10         
2.027500000000000e+01         5.553650959684192e-10         
2.027812500000000e+01         5.539355734524400e-10         
2.028125000000000e+01         5.524965908233430e-10         
2.028437500000000e+01         5.510518887292524e-10         
2.028750000000000e+01         5.496059935837877e-10         
2.029062500000000e+01         5.481549973358285e-10         
2.029375000000000e+01         5.466994306307022e-10         
2.029687500000000e+01         5.452325398060437e-10         
2.030000000000000e+01         5.437693402905760e-10         
2.030312500000000e+01         5.423020845102834e-10         
2.030625000000000e+01         5.408276987341142e-10         
2.030937500000000e+01         5.393545596147614e-10         
2.031250000000000e+01         5.378748398093977e-10         
2.031562500000000e+01         5.363962457553210e-10         
2.031875000000000e+01         5.349120005293562e-10         
2.032187500000000e+01         5.334292411505739e-10         
2.032500000000000e+01         5.319450938212555e-10         
2.032812500000000e+01         5.304524816657316e-10         
2.033125000000000e+01         5.289660752200328e-10         
2.033437500000000e+01         5.274784515123325e-10         
2.033750000000000e+01         5.259902783315895e-10         
2.034062500000000e+01         5.244986408354206e-10         
2.034375000000000e+01         5.230068054286177e-10         
2.034687500000000e+01         5.215183535855905e-10         
2.035000000000000e+01         5.200265745732951e-10         
2.035312500000000e+01         5.185394727073220e-10         
2.035625000000000e+01         5.170526831396076e-10         
2.035937500000000e+01         5.155602201595817e-10         
2.036250000000000e+01         5.140761315068659e-10         
2.036562500000000e+01         5.125928972123118e-10         
2.036875000000000e+01         5.111113781530028e-10         
2.037187500000000e+01         5.096283623771695e-10         
2.037500000000000e+01         5.081475410123374e-10         
2.037812500000000e+01         5.066716208534428e-10         
2.038125000000000e+01         5.051950208432413e-10         
2.038437500000000e+01         5.037243387064240e-10         
2.038750000000000e+01         5.022562979438985e-10         
2.039062500000000e+01         5.007843405283640e-10         
2.039375000000000e+01         4.993219022650153e-10         
2.039687500000000e+01         4.978630451788491e-10         
2.040000000000000e+01         4.964070983458590e-10         
2.040312500000000e+01         4.949510394953263e-10         
2.040625000000000e+01         4.934994242853778e-10         
2.040937500000000e+01         4.920541090593785e-10         
2.041250000000000e+01         4.906092537858622e-10         
2.041562500000000e+01         4.891720858764333e-10         
2.041875000000000e+01         4.877385069769768e-10         
2.042187500000000e+01         4.863061679673561e-10         
2.042500000000000e+01         4.848778517140674e-10         
2.042812500000000e+01         4.834576395085869e-10         
2.043125000000000e+01         4.820415646388385e-10         
2.043437500000000e+01         4.806300822805452e-10         
2.043750000000000e+01         4.792172774028469e-10         
2.044062500000000e+01         4.778156227119051e-10         
2.044375000000000e+01         4.764187591831039e-10         
2.044687500000000e+01         4.750235465315660e-10         
2.045000000000000e+01         4.736369070063780e-10         
2.045312500000000e+01         4.722522697367971e-10         
2.045625000000000e+01         4.708724795679423e-10         
2.045937500000000e+01         4.695016286716716e-10         
2.046250000000000e+01         4.681357826434898e-10         
2.046562500000000e+01         4.667755503588308e-10         
2.046875000000000e+01         4.654148864317825e-10         
2.047187500000000e+01         4.640659880982170e-10         
2.047500000000000e+01         4.627224211171091e-10         
2.047812500000000e+01         4.613816008041821e-10         
2.048125000000000e+01         4.600497612892608e-10         
2.048437500000000e+01         4.587207901610133e-10         
2.048750000000000e+01         4.573974371398558e-10         
2.049062500000000e+01         4.560830969606065e-10         
2.049375000000000e+01         4.547747839405910e-10         
2.049687500000000e+01         4.534723399004989e-10         
2.050000000000000e+01         4.521701599605595e-10         
2.050312500000000e+01         4.508802490767744e-10         
2.050625000000000e+01         4.495959451594755e-10         
2.050937500000000e+01         4.483150520697072e-10         
2.051250000000000e+01         4.470437082423030e-10         
2.051562500000000e+01         4.457753213795791e-10         
2.051875000000000e+01         4.445160001088642e-10         
2.052187500000000e+01         4.432600833809305e-10         
2.052500000000000e+01         4.420136221204831e-10         
2.052812500000000e+01         4.407733203761241e-10         
2.053125000000000e+01         4.395337218448069e-10         
2.053437500000000e+01         4.383060705649883e-10         
2.053750000000000e+01         4.370851683523663e-10         
2.054062500000000e+01         4.358704728964240e-10         
2.054375000000000e+01         4.346593580342353e-10         
2.054687500000000e+01         4.334547984274856e-10         
2.055000000000000e+01         4.322594283864923e-10         
2.055312500000000e+01         4.310676432985681e-10         
2.055625000000000e+01         4.298853270919933e-10         
2.055937500000000e+01         4.287093312318679e-10         
2.056250000000000e+01         4.275341197495191e-10         
2.056562500000000e+01         4.263710576423564e-10         
2.056875000000000e+01         4.252147277014146e-10         
2.057187500000000e+01         4.240646276632401e-10         
2.057500000000000e+01         4.229183093232666e-10         
2.057812500000000e+01         4.217785900244072e-10         
2.058125000000000e+01         4.206483330457781e-10         
2.058437500000000e+01         4.195214175064354e-10         
2.058750000000000e+01         4.184040364042144e-10         
2.059062500000000e+01         4.172930491399402e-10         
2.059375000000000e+01         4.161829742299842e-10         
2.059687500000000e+01         4.150849983938798e-10         
2.060000000000000e+01         4.139935930743471e-10         
2.060312500000000e+01         4.129085014064181e-10         
2.060625000000000e+01         4.118270765844418e-10         
2.060937500000000e+01         4.107521822660141e-10         
2.061250000000000e+01         4.096867123384576e-10         
2.061562500000000e+01         4.086246375009988e-10         
2.061875000000000e+01         4.075716340943985e-10         
2.062187500000000e+01         4.065253355672956e-10         
2.062500000000000e+01         4.054825811560584e-10         
2.062812500000000e+01         4.044460451940397e-10         
2.063125000000000e+01         4.034187473688769e-10         
2.063437500000000e+01         4.023977760242960e-10         
2.063750000000000e+01         4.013831494419937e-10         
2.064062500000000e+01         4.003694988637276e-10         
2.064375000000000e+01         3.993675002412763e-10         
2.064687500000000e+01         3.983717979222092e-10         
2.065000000000000e+01         3.973796677329198e-10         
2.065312500000000e+01         3.963964985778758e-10         
2.065625000000000e+01         3.954169552970053e-10         
2.065937500000000e+01         3.944435039899743e-10         
2.066250000000000e+01         3.934789553924376e-10         
2.066562500000000e+01         3.925208366131659e-10         
2.066875000000000e+01         3.915684688424203e-10         
2.067187500000000e+01         3.906170593988717e-10         
2.067500000000000e+01         3.896771657324117e-10         
2.067812500000000e+01         3.887434876810218e-10         
2.068125000000000e+01         3.878131184584615e-10         
2.068437500000000e+01         3.868914564495116e-10         
2.068750000000000e+01         3.859730668606092e-10         
2.069062500000000e+01         3.850608371925381e-10         
2.069375000000000e+01         3.841572356001022e-10         
2.069687500000000e+01         3.832597514740689e-10         
2.070000000000000e+01         3.823678911913818e-10         
2.070312500000000e+01         3.814771127775016e-10         
2.070625000000000e+01         3.805971515137002e-10         
2.070937500000000e+01         3.797230969083768e-10         
2.071250000000000e+01         3.788523354245206e-10         
2.071562500000000e+01         3.779900082876698e-10         
2.071875000000000e+01         3.771309296224717e-10         
2.072187500000000e+01         3.762803168576525e-10         
2.072500000000000e+01         3.754327278091553e-10         
2.072812500000000e+01         3.745935027451523e-10         
2.073125000000000e+01         3.737601422178773e-10         
2.073437500000000e+01         3.729271143431355e-10         
2.073750000000000e+01         3.721048882881964e-10         
2.074062500000000e+01         3.712883269011339e-10         
2.074375000000000e+01         3.704772984941124e-10         
2.074687500000000e+01         3.696695539778270e-10         
2.075000000000000e+01         3.688672691424322e-10         
2.075312500000000e+01         3.680729146537489e-10         
2.075625000000000e+01         3.672819304493447e-10         
2.075937500000000e+01         3.664984634406159e-10         
2.076250000000000e+01         3.657208462886014e-10         
2.076562500000000e+01         3.649434911931987e-10         
2.076875000000000e+01         3.641767036748940e-10         
2.077187500000000e+01         3.634150451582284e-10         
2.077500000000000e+01         3.626589241924191e-10         
2.077812500000000e+01         3.619057042478201e-10         
2.078125000000000e+01         3.611578124580971e-10         
2.078437500000000e+01         3.604175744937830e-10         
2.078750000000000e+01         3.596801312420159e-10         
2.079062500000000e+01         3.589503779802590e-10         
2.079375000000000e+01         3.582257601311026e-10         
2.079687500000000e+01         3.575017346291256e-10         
2.080000000000000e+01         3.567875102997768e-10         
2.080312500000000e+01         3.560784888029042e-10         
2.080625000000000e+01         3.553746137129184e-10         
2.080937500000000e+01         3.546734703984986e-10         
2.081250000000000e+01         3.539772419520109e-10         
2.081562500000000e+01         3.532885120465894e-10         
2.081875000000000e+01         3.526048505332318e-10         
2.082187500000000e+01         3.519238801287034e-10         
2.082500000000000e+01         3.512501950111809e-10         
2.082812500000000e+01         3.505788192511546e-10         
2.083125000000000e+01         3.499127179296967e-10         
2.083437500000000e+01         3.492538269928160e-10         
2.083750000000000e+01         3.485997528271541e-10         
2.084062500000000e+01         3.479504626949308e-10         
2.084375000000000e+01         3.473014716203658e-10         
2.084687500000000e+01         3.466616664600388e-10         
2.085000000000000e+01         3.460269566970345e-10         
2.085312500000000e+01         3.453945587254975e-10         
2.085625000000000e+01         3.447693816876162e-10         
2.085937500000000e+01         3.441463791564831e-10         
2.086250000000000e+01         3.435279529783173e-10         
2.086562500000000e+01         3.429168450606387e-10         
2.086875000000000e+01         3.423102001621193e-10         
2.087187500000000e+01         3.417081149119306e-10         
2.087500000000000e+01         3.411060991165761e-10         
2.087812500000000e+01         3.405133148726708e-10         
2.088125000000000e+01         3.399248532708112e-10         
2.088437500000000e+01         3.393388491023430e-10         
2.088750000000000e+01         3.387596641538507e-10         
2.089062500000000e+01         3.381825830033547e-10         
2.089375000000000e+01         3.376098823561474e-10         
2.089687500000000e+01         3.370440756760951e-10         
2.090000000000000e+01         3.364825994942197e-10         
2.090312500000000e+01         3.359254663391242e-10         
2.090625000000000e+01         3.353683113838695e-10         
2.090937500000000e+01         3.348198807555975e-10         
2.091250000000000e+01         3.342759431215022e-10         
2.091562500000000e+01         3.337340614709580e-10         
2.091875000000000e+01         3.331986427115882e-10         
2.092187500000000e+01         3.326651346877943e-10         
2.092500000000000e+01         3.321382014877491e-10         
2.092812500000000e+01         3.316134050640014e-10         
2.093125000000000e+01         3.310950392729796e-10         
2.093437500000000e+01         3.305806199028368e-10         
2.093750000000000e+01         3.300660279786092e-10         
2.094062500000000e+01         3.295600641810483e-10         
2.094375000000000e+01         3.290582971727655e-10         
2.094687500000000e+01         3.285605938548610e-10         
2.095000000000000e+01         3.280647845000795e-10         
2.095312500000000e+01         3.275729705594929e-10         
2.095625000000000e+01         3.270875512443946e-10         
2.095937500000000e+01         3.266036761207522e-10         
2.096250000000000e+01         3.261262644427813e-10         
2.096562500000000e+01         3.256529157213795e-10         
2.096875000000000e+01         3.251787939363742e-10         
2.097187500000000e+01         3.247133678493673e-10         
2.097500000000000e+01         3.242518355174517e-10         
2.097812500000000e+01         3.237938510288693e-10         
2.098125000000000e+01         3.233380690648622e-10         
2.098437500000000e+01         3.228857231296273e-10         
2.098750000000000e+01         3.224397272663057e-10         
2.099062500000000e+01         3.219952561083105e-10         
2.099375000000000e+01         3.215568868779826e-10         
2.099687500000000e+01         3.211222961289352e-10         
2.100000000000000e+01         3.206871204191847e-10         
2.100312500000000e+01         3.202599847948090e-10         
2.100625000000000e+01         3.198368816896071e-10         
2.100937500000000e+01         3.194173744330562e-10         
2.101250000000000e+01         3.189992326702730e-10         
2.101562500000000e+01         3.185849075627600e-10         
2.101875000000000e+01         3.181765118451044e-10         
2.102187500000000e+01         3.177716586689675e-10         
2.102500000000000e+01         3.173685402843017e-10         
2.102812500000000e+01         3.169711227242374e-10         
2.103125000000000e+01         3.165750380662605e-10         
2.103437500000000e+01         3.161825910744788e-10         
2.103750000000000e+01         3.157960485692369e-10         
2.104062500000000e+01         3.154131194685009e-10         
2.104375000000000e+01         3.150333475958446e-10         
2.104687500000000e+01         3.146531452997674e-10         
2.105000000000000e+01         3.142808462785700e-10         
2.105312500000000e+01         3.139120812276847e-10         
2.105625000000000e+01         3.135443718830899e-10         
2.105937500000000e+01         3.131824912488548e-10         
2.106250000000000e+01         3.128218359650632e-10         
2.106562500000000e+01         3.124647623360549e-10         
2.106875000000000e+01         3.121133075582858e-10         
2.107187500000000e+01         3.117652501027812e-10         
2.107500000000000e+01         3.114204546633916e-10         
2.107812500000000e+01         3.110748576503371e-10         
2.108125000000000e+01         3.107369720331163e-10         
2.108437500000000e+01         3.104024652220864e-10         
2.108750000000000e+01         3.100691207024064e-10         
2.109062500000000e+01         3.097414153656577e-10         
2.109375000000000e+01         3.094147300154676e-10         
2.109687500000000e+01         3.090914192973279e-10         
2.110000000000000e+01         3.087735000622959e-10         
2.110312500000000e+01         3.084588336196639e-10         
2.110625000000000e+01         3.081477302232928e-10         
2.110937500000000e+01         3.078352828730139e-10         
2.111250000000000e+01         3.075305410406830e-10         
2.111562500000000e+01         3.072291277683984e-10         
2.111875000000000e+01         3.069286096373864e-10         
2.112187500000000e+01         3.066335091178123e-10         
2.112500000000000e+01         3.063394635652571e-10         
2.112812500000000e+01         3.060509312956134e-10         
2.113125000000000e+01         3.057631357246351e-10         
2.113437500000000e+01         3.054808467434042e-10         
2.113750000000000e+01         3.052017301618660e-10         
2.114062500000000e+01         3.049211666223796e-10         
2.114375000000000e+01         3.046483672696602e-10         
2.114687500000000e+01         3.043785624678133e-10         
2.115000000000000e+01         3.041119903953918e-10         
2.115312500000000e+01         3.038461513979372e-10         
2.115625000000000e+01         3.035835319279830e-10         
2.115937500000000e+01         3.033261506334979e-10         
2.116250000000000e+01         3.030696540497110e-10         
2.116562500000000e+01         3.028184500256335e-10         
2.116875000000000e+01         3.025702743382304e-10         
2.117187500000000e+01         3.023207093375082e-10         
2.117500000000000e+01         3.020783405366191e-10         
2.117812500000000e+01         3.018392987528736e-10         
2.118125000000000e+01         3.016031815391041e-10         
2.118437500000000e+01         3.013677970684297e-10         
2.118750000000000e+01         3.011353901991716e-10         
2.119062500000000e+01         3.009081962895628e-10         
2.119375000000000e+01         3.006820147406375e-10         
2.119687500000000e+01         3.004605464099594e-10         
2.120000000000000e+01         3.002422356352626e-10         
2.120312500000000e+01         3.000246368514408e-10         
2.120625000000000e+01         2.998099418094617e-10         
2.120937500000000e+01         2.996004625840956e-10         
2.121250000000000e+01         2.993938119296137e-10         
2.121562500000000e+01         2.991879082830875e-10         
2.121875000000000e+01         2.989848808510526e-10         
2.122187500000000e+01         2.987869610719828e-10         
2.122500000000000e+01         2.985918129717251e-10         
2.122812500000000e+01         2.983973571680475e-10         
2.123125000000000e+01         2.982080488153414e-10         
2.123437500000000e+01         2.980192697195555e-10         
2.123750000000000e+01         2.978334033057402e-10         
2.124062500000000e+01         2.976526474670873e-10         
2.124375000000000e+01         2.974745759513800e-10         
2.124687500000000e+01         2.972994096210766e-10         
2.125000000000000e+01         2.971226770661154e-10         
2.125312500000000e+01         2.969531106499013e-10         
2.125625000000000e+01         2.967863437315574e-10         
2.125937500000000e+01         2.966201359961894e-10         
2.126250000000000e+01         2.964589645219702e-10         
2.126562500000000e+01         2.962983056757541e-10         
2.126875000000000e+01         2.961407509681867e-10         
2.127187500000000e+01         2.959875260656283e-10         
2.127500000000000e+01         2.958372818152875e-10         
2.127812500000000e+01         2.956899777469256e-10         
2.128125000000000e+01         2.955408061403365e-10         
2.128437500000000e+01         2.953989606528488e-10         
2.128750000000000e+01         2.952597222286092e-10         
2.129062500000000e+01         2.951213481779855e-10         
2.129375000000000e+01         2.949873744404926e-10         
2.129687500000000e+01         2.948539645958737e-10         
2.130000000000000e+01         2.947236865402341e-10         
2.130312500000000e+01         2.945977214294366e-10         
2.130625000000000e+01         2.944746333878613e-10         
2.130937500000000e+01         2.943544608169891e-10         
2.131250000000000e+01         2.942325795016587e-10         
2.131562500000000e+01         2.941172496653760e-10         
2.131875000000000e+01         2.940050402752521e-10         
2.132187500000000e+01         2.938933793170593e-10         
2.132500000000000e+01         2.937860570681234e-10         
2.132812500000000e+01         2.936794230228768e-10         
2.133125000000000e+01         2.935776922850181e-10         
2.133437500000000e+01         2.934767382780107e-10         
2.133750000000000e+01         2.933800875049350e-10         
2.134062500000000e+01         2.932862173072832e-10         
2.134375000000000e+01         2.931910048716926e-10         
2.134687500000000e+01         2.931020299382761e-10         
2.135000000000000e+01         2.930160555255070e-10         
2.135312500000000e+01         2.929327398008225e-10         
2.135625000000000e+01         2.928498208054930e-10         
2.135937500000000e+01         2.927694194885574e-10         
2.136250000000000e+01         2.926940252231028e-10         
2.136562500000000e+01         2.926190900399243e-10         
2.136875000000000e+01         2.925484002271879e-10         
2.137187500000000e+01         2.924806399271043e-10         
2.137500000000000e+01         2.924113415760756e-10         
2.137812500000000e+01         2.923484115427055e-10         
2.138125000000000e+01         2.922882777634239e-10         
2.138437500000000e+01         2.922307731927553e-10         
2.138750000000000e+01         2.921739862831005e-10         
2.139062500000000e+01         2.921190715342182e-10         
2.139375000000000e+01         2.920692622667807e-10         
2.139687500000000e+01         2.920200675746775e-10         
2.140000000000000e+01         2.919751372826358e-10         
2.140312500000000e+01         2.919328648428825e-10         
2.140625000000000e+01         2.918911326361774e-10         
2.140937500000000e+01         2.918520255169906e-10         
2.141250000000000e+01         2.918170913097323e-10         
2.141562500000000e+01         2.917851214696118e-10         
2.141875000000000e+01         2.917537700052509e-10         
2.142187500000000e+01         2.917242361362824e-10         
2.142500000000000e+01         2.916999425141922e-10         
2.142812500000000e+01         2.916779952947936e-10         
2.143125000000000e+01         2.916567209175959e-10         
2.143437500000000e+01         2.916395063874540e-10         
2.143750000000000e+01         2.916230066167919e-10         
2.144062500000000e+01         2.916092887775897e-10         
2.144375000000000e+01         2.915996477666353e-10         
2.144687500000000e+01         2.915926933135080e-10         
2.145000000000000e+01         2.915884643571569e-10         
2.145312500000000e+01         2.915826382383646e-10         
2.145625000000000e+01         2.915829232539426e-10         
2.145937500000000e+01         2.915860995733553e-10         
2.146250000000000e+01         2.915899944420044e-10         
2.146562500000000e+01         2.915977633748084e-10         
2.146875000000000e+01         2.916063886962737e-10         
2.147187500000000e+01         2.916177347984764e-10         
2.147500000000000e+01         2.916331874978204e-10         
2.147812500000000e+01         2.916513184356279e-10         
2.148125000000000e+01         2.916719698412045e-10         
2.148437500000000e+01         2.916909494230985e-10         
2.148750000000000e+01         2.917162801118256e-10         
2.149062500000000e+01         2.917444740933440e-10         
2.149375000000000e+01         2.917732231276881e-10         
2.149687500000000e+01         2.918059208878654e-10         
2.150000000000000e+01         2.918393949664464e-10         
2.150312500000000e+01         2.918756965849994e-10         
2.150625000000000e+01         2.919161171608929e-10         
2.150937500000000e+01         2.919589969141918e-10         
2.151250000000000e+01         2.920044347435651e-10         
2.151562500000000e+01         2.920483428357687e-10         
2.151875000000000e+01         2.920985347957118e-10         
2.152187500000000e+01         2.921515041685619e-10         
2.152500000000000e+01         2.922070440947949e-10         
2.152812500000000e+01         2.922630805457474e-10         
2.153125000000000e+01         2.923210379394278e-10         
2.153437500000000e+01         2.923839537930826e-10         
2.153750000000000e+01         2.924473854272851e-10         
2.154062500000000e+01         2.925149764654865e-10         
2.154375000000000e+01         2.925853054421765e-10         
2.154687500000000e+01         2.926540081438758e-10         
2.155000000000000e+01         2.927294524916864e-10         
2.155312500000000e+01         2.928067746181434e-10         
2.155625000000000e+01         2.928870148181651e-10         
2.155937500000000e+01         2.929678510759288e-10         
2.156250000000000e+01         2.930504747309292e-10         
2.156562500000000e+01         2.931383687242836e-10         
2.156875000000000e+01         2.932266030999920e-10         
2.157187500000000e+01         2.933192137153431e-10         
2.157500000000000e+01         2.934140140829028e-10         
2.157812500000000e+01         2.935077162684317e-10         
2.158125000000000e+01         2.936077422417597e-10         
2.158437500000000e+01         2.937100454003239e-10         
2.158750000000000e+01         2.938151995114588e-10         
2.159062500000000e+01         2.939208573541429e-10         
2.159375000000000e+01         2.940287488581896e-10         
2.159687500000000e+01         2.941410477420536e-10         
2.160000000000000e+01         2.942542131826674e-10         
2.160312500000000e+01         2.943717712027387e-10         
2.160625000000000e+01         2.944915358721370e-10         
2.160937500000000e+01         2.946119241369136e-10         
2.161250000000000e+01         2.947350842842241e-10         
2.161562500000000e+01         2.948622094905254e-10         
2.161875000000000e+01         2.949923308575914e-10         
2.162187500000000e+01         2.951231583786992e-10         
2.162500000000000e+01         2.952560713798099e-10         
2.162812500000000e+01         2.953932736480313e-10         
2.163125000000000e+01         2.955333359301958e-10         
2.163437500000000e+01         2.956741093919956e-10         
2.163750000000000e+01         2.958188583731026e-10         
2.164062500000000e+01         2.959643624891310e-10         
2.164375000000000e+01         2.961126865469279e-10         
2.164687500000000e+01         2.962653079453435e-10         
2.165000000000000e+01         2.964202215098406e-10         
2.165312500000000e+01         2.965779967758565e-10         
2.165625000000000e+01         2.967341867852054e-10         
2.165937500000000e+01         2.968967518252672e-10         
2.166250000000000e+01         2.970619933933366e-10         
2.166562500000000e+01         2.972280391869002e-10         
2.166875000000000e+01         2.973984937983875e-10         
2.167187500000000e+01         2.975689969089799e-10         
2.167500000000000e+01         2.977425145028037e-10         
2.167812500000000e+01         2.979204223207177e-10         
2.168125000000000e+01         2.981007324708243e-10         
2.168437500000000e+01         2.982838273469906e-10         
2.168750000000000e+01         2.984655197972148e-10         
2.169062500000000e+01         2.986537241891960e-10         
2.169375000000000e+01         2.988443300048104e-10         
2.169687500000000e+01         2.990358067400244e-10         
2.170000000000000e+01         2.992317707392067e-10         
2.170312500000000e+01         2.994278771527000e-10         
2.170625000000000e+01         2.996269859238858e-10         
2.170937500000000e+01         2.998305709746696e-10         
2.171250000000000e+01         3.000365884797614e-10         
2.171562500000000e+01         3.002454794905321e-10         
2.171875000000000e+01         3.004527331353489e-10         
2.172187500000000e+01         3.006667846879892e-10         
2.172500000000000e+01         3.008832111602990e-10         
2.172812500000000e+01         3.011023221741492e-10         
2.173125000000000e+01         3.013222433817708e-10         
2.173437500000000e+01         3.015446086101495e-10         
2.173750000000000e+01         3.017713427610440e-10         
2.174062500000000e+01         3.019990968859568e-10         
2.174375000000000e+01         3.022315280334552e-10         
2.174687500000000e+01         3.024661450246796e-10         
2.175000000000000e+01         3.026995668385039e-10         
2.175312500000000e+01         3.029398363009854e-10         
2.175625000000000e+01         3.031823690297151e-10         
2.175937500000000e+01         3.034279492624314e-10         
2.176250000000000e+01         3.036741218008239e-10         
2.176562500000000e+01         3.039226898796835e-10         
2.176875000000000e+01         3.041758584991137e-10         
2.177187500000000e+01         3.044300541767421e-10         
2.177500000000000e+01         3.046888813974658e-10         
2.177812500000000e+01         3.049500964972303e-10         
2.178125000000000e+01         3.052100741687398e-10         
2.178437500000000e+01         3.054768192026405e-10         
2.178750000000000e+01         3.057462148391665e-10         
2.179062500000000e+01         3.060180884148567e-10         
2.179375000000000e+01         3.062909289752136e-10         
2.179687500000000e+01         3.065662333907779e-10         
2.180000000000000e+01         3.068462526579073e-10         
2.180312500000000e+01         3.071272899119693e-10         
2.180625000000000e+01         3.074129175590732e-10         
2.180937500000000e+01         3.077011702289160e-10         
2.181250000000000e+01         3.079898295844514e-10         
2.181562500000000e+01         3.082817340266084e-10         
2.181875000000000e+01         3.085782132634489e-10         
2.182187500000000e+01         3.088772305314071e-10         
2.182500000000000e+01         3.091772959447784e-10         
2.182812500000000e+01         3.094798432279124e-10         
2.183125000000000e+01         3.097873519207409e-10         
2.183437500000000e+01         3.100973747775511e-10         
2.183750000000000e+01         3.104084029945777e-10         
2.184062500000000e+01         3.107242757891641e-10         
2.184375000000000e+01         3.110404663971912e-10         
2.184687500000000e+01         3.113597463616397e-10         
2.185000000000000e+01         3.116839082867320e-10         
2.185312500000000e+01         3.120105634414854e-10         
2.185625000000000e+01         3.123403367315232e-10         
2.185937500000000e+01         3.126686918972119e-10         
2.186250000000000e+01         3.130040225534097e-10         
2.186562500000000e+01         3.133419733889535e-10         
2.186875000000000e+01         3.136807860052045e-10         
2.187187500000000e+01         3.140244432985124e-10         
2.187500000000000e+01         3.143689441022253e-10         
2.187812500000000e+01         3.147161744269354e-10         
2.188125000000000e+01         3.150685212142245e-10         
2.188437500000000e+01         3.154236035364723e-10         
2.188750000000000e+01         3.157813944631304e-10         
2.189062500000000e+01         3.161379904569285e-10         
2.189375000000000e+01         3.165016467612371e-10         
2.189687500000000e+01         3.168680928324787e-10         
2.190000000000000e+01         3.172354850650714e-10         
2.190312500000000e+01         3.176078019011026e-10         
2.190625000000000e+01         3.179807093700628e-10         
2.190937500000000e+01         3.183586009585210e-10         
2.191250000000000e+01         3.187375764133531e-10         
2.191562500000000e+01         3.191214298262829e-10         
2.191875000000000e+01         3.195080537794013e-10         
2.192187500000000e+01         3.198934543313550e-10         
2.192500000000000e+01         3.202860322398061e-10         
2.192812500000000e+01         3.206815460056814e-10         
2.193125000000000e+01         3.210797785631910e-10         
2.193437500000000e+01         3.214791911433409e-10         
2.193750000000000e+01         3.218812656005423e-10         
2.194062500000000e+01         3.222884123854086e-10         
2.194375000000000e+01         3.226965674592181e-10         
2.194687500000000e+01         3.231097023017054e-10         
2.195000000000000e+01         3.235257113846229e-10         
2.195312500000000e+01         3.239405556685621e-10         
2.195625000000000e+01         3.243626880943633e-10         
2.195937500000000e+01         3.247878791972184e-10         
2.196250000000000e+01         3.252157781058208e-10         
2.196562500000000e+01         3.256447209957190e-10         
2.196875000000000e+01         3.260765535235587e-10         
2.197187500000000e+01         3.265135815011788e-10         
2.197500000000000e+01         3.269515309964948e-10         
2.197812500000000e+01         3.273945696708170e-10         
2.198125000000000e+01         3.278406009048660e-10         
2.198437500000000e+01         3.282852676043314e-10         
2.198750000000000e+01         3.287374764398618e-10         
2.199062500000000e+01         3.291926751635571e-10         
2.199375000000000e+01         3.296507504568570e-10         
2.199687500000000e+01         3.301100060711613e-10         
2.200000000000000e+01         3.305720707377280e-10         
2.200312500000000e+01         3.310394227095546e-10         
2.200625000000000e+01         3.315077341715882e-10         
2.200937500000000e+01         3.319812157901766e-10         
2.201250000000000e+01         3.324577619878838e-10         
2.201562500000000e+01         3.329350909340155e-10         
2.201875000000000e+01         3.334156644817371e-10         
2.202187500000000e+01         3.339014837354316e-10         
2.202500000000000e+01         3.343904287950915e-10         
2.202812500000000e+01         3.348801502647137e-10         
2.203125000000000e+01         3.353732510262638e-10         
2.203437500000000e+01         3.358712709664113e-10         
2.203750000000000e+01         3.363724725387685e-10         
2.204062500000000e+01         3.368749453237294e-10         
2.204375000000000e+01         3.373824498428388e-10         
2.204687500000000e+01         3.378909429294386e-10         
2.205000000000000e+01         3.384024162864473e-10         
2.205312500000000e+01         3.389194022317608e-10         
2.205625000000000e+01         3.394393825529904e-10         
2.205937500000000e+01         3.399626313381408e-10         
2.206250000000000e+01         3.404846861486023e-10         
2.206562500000000e+01         3.410143846996137e-10         
2.206875000000000e+01         3.415470701959713e-10         
2.207187500000000e+01         3.420807055091236e-10         
2.207500000000000e+01         3.426195742544456e-10         
2.207812500000000e+01         3.431595046810062e-10         
2.208125000000000e+01         3.437025874325748e-10         
2.208437500000000e+01         3.442509162178922e-10         
2.208750000000000e+01         3.448026646868007e-10         
2.209062500000000e+01         3.453573621409845e-10         
2.209375000000000e+01         3.459110756734873e-10         
2.209687500000000e+01         3.464722651373638e-10         
2.210000000000000e+01         3.470365477281714e-10         
2.210312500000000e+01         3.476018898577182e-10         
2.210625000000000e+01         3.481726507968285e-10         
2.210937500000000e+01         3.487443309992016e-10         
2.211250000000000e+01         3.493215547776666e-10         
2.211562500000000e+01         3.498995393590316e-10         
2.211875000000000e+01         3.504830504966961e-10         
2.212187500000000e+01         3.510697428197325e-10         
2.212500000000000e+01         3.516550826169394e-10         
2.212812500000000e+01         3.522482387915635e-10         
2.213125000000000e+01         3.528444496665167e-10         
2.213437500000000e+01         3.534438515492362e-10         
2.213750000000000e+01         3.540444324408961e-10         
2.214062500000000e+01         3.546479513180190e-10         
2.214375000000000e+01         3.552569888288611e-10         
2.214687500000000e+01         3.558670100633261e-10         
2.215000000000000e+01         3.564824008644586e-10         
2.215312500000000e+01         3.571011213485591e-10         
2.215625000000000e+01         3.577185127388072e-10         
2.215937500000000e+01         3.583435278893405e-10         
2.216250000000000e+01         3.589717041619100e-10         
2.216562500000000e+01         3.596030698141156e-10         
2.216875000000000e+01         3.602354476677495e-10         
2.217187500000000e+01         3.608709338932940e-10         
2.217500000000000e+01         3.615119203118269e-10         
2.217812500000000e+01         3.621538348989397e-10         
2.218125000000000e+01         3.628010298546533e-10         
2.218437500000000e+01         3.634515144930029e-10         
2.218750000000000e+01         3.641006485796569e-10         
2.219062500000000e+01         3.647574948764146e-10         
2.219375000000000e+01         3.654173765055687e-10         
2.219687500000000e+01         3.660806792594388e-10         
2.220000000000000e+01         3.667445610079597e-10         
2.220312500000000e+01         3.674118054389447e-10         
2.220625000000000e+01         3.680842572450616e-10         
2.220937500000000e+01         3.687577303609696e-10         
2.221250000000000e+01         3.694365553903064e-10         
2.221562500000000e+01         3.701184555267839e-10         
2.221875000000000e+01         3.708012939360009e-10         
2.222187500000000e+01         3.714872758820985e-10         
2.222500000000000e+01         3.721783274823879e-10         
2.222812500000000e+01         3.728726696250648e-10         
2.223125000000000e+01         3.735678405720777e-10         
2.223437500000000e+01         3.742660686395888e-10         
2.223750000000000e+01         3.749696246920555e-10         
2.224062500000000e+01         3.756763294248373e-10         
2.224375000000000e+01         3.763837748445243e-10         
2.224687500000000e+01         3.770963520851592e-10         
2.225000000000000e+01         3.778097549954200e-10         
2.225312500000000e+01         3.785261531181351e-10         
2.225625000000000e+01         3.792478884737299e-10         
2.225937500000000e+01         3.799727746142277e-10         
2.226250000000000e+01         3.807003499543322e-10         
2.226562500000000e+01         3.814264994406150e-10         
2.226875000000000e+01         3.821599900564807e-10         
2.227187500000000e+01         3.828964701973756e-10         
2.227500000000000e+01         3.836337133930523e-10         
2.227812500000000e+01         3.843759895391832e-10         
2.228125000000000e+01         3.851189277474786e-10         
2.228437500000000e+01         3.858647992816907e-10         
2.228750000000000e+01         3.866157596108473e-10         
2.229062500000000e+01         3.873695896794489e-10         
2.229375000000000e+01         3.881260849291983e-10         
2.229687500000000e+01         3.888808178105602e-10         
2.230000000000000e+01         3.896430183642837e-10         
2.230312500000000e+01         3.904079217608149e-10         
2.230625000000000e+01         3.911731617661325e-10         
2.230937500000000e+01         3.919437083356658e-10         
2.231250000000000e+01         3.927144762419803e-10         
2.231562500000000e+01         3.934902945432805e-10         
2.231875000000000e+01         3.942664521308257e-10         
2.232187500000000e+01         3.950474269169314e-10         
2.232500000000000e+01         3.958309603287219e-10         
2.232812500000000e+01         3.966124965825835e-10         
2.233125000000000e+01         3.974013011541083e-10         
2.233437500000000e+01         3.981926234005839e-10         
2.233750000000000e+01         3.989864008037784e-10         
2.234062500000000e+01         3.997802630232021e-10         
2.234375000000000e+01         4.005767123493268e-10         
2.234687500000000e+01         4.013778570702968e-10         
2.235000000000000e+01         4.021789314581306e-10         
2.235312500000000e+01         4.029848188318843e-10         
2.235625000000000e+01         4.037930176151827e-10         
2.235937500000000e+01         4.045987318174506e-10         
2.236250000000000e+01         4.054116421154926e-10         
2.236562500000000e+01         4.062265397447215e-10         
2.236875000000000e+01         4.070436084600764e-10         
2.237187500000000e+01         4.078605674616146e-10         
2.237500000000000e+01         4.086796466458630e-10         
2.237812500000000e+01         4.095031123163315e-10         
2.238125000000000e+01         4.103261238472557e-10         
2.238437500000000e+01         4.111538065125591e-10         
2.238750000000000e+01         4.119834321881853e-10         
2.239062500000000e+01         4.128098286053030e-10         
2.239375000000000e+01         4.136431814056527e-10         
2.239687500000000e+01         4.144784342745006e-10         
2.240000000000000e+01         4.153155189240838e-10         
2.240312500000000e+01         4.161515088905231e-10         
2.240625000000000e+01         4.169897531907008e-10         
2.240937500000000e+01         4.178317908649972e-10         
2.241250000000000e+01         4.186729223391338e-10         
2.241562500000000e+01         4.195182245364427e-10         
2.241875000000000e+01         4.203649332764567e-10         
2.242187500000000e+01         4.212108039068669e-10         
2.242500000000000e+01         4.220578251985977e-10         
2.242812500000000e+01         4.229091420537704e-10         
2.243125000000000e+01         4.237615095918803e-10         
2.243437500000000e+01         4.246150673891119e-10         
2.243750000000000e+01         4.254648128815517e-10         
2.244062500000000e+01         4.263209455806357e-10         
2.244375000000000e+01         4.271779878870432e-10         
2.244687500000000e+01         4.280333395493955e-10         
2.245000000000000e+01         4.288926270949693e-10         
2.245312500000000e+01         4.297501763031110e-10         
2.245625000000000e+01         4.306082620584610e-10         
2.245937500000000e+01         4.314702293488537e-10         
2.246250000000000e+01         4.323324518199401e-10         
2.246562500000000e+01         4.331954997855296e-10         
2.246875000000000e+01         4.340539697910240e-10         
2.247187500000000e+01         4.349185195325345e-10         
2.247500000000000e+01         4.357831704929222e-10         
2.247812500000000e+01         4.366454078913262e-10         
2.248125000000000e+01         4.375110773169262e-10         
2.248437500000000e+01         4.383742711350153e-10         
2.248750000000000e+01         4.392374377376774e-10         
2.249062500000000e+01         4.401032618876048e-10         
2.249375000000000e+01         4.409697000858990e-10         
2.249687500000000e+01         4.418354111822532e-10         
2.250000000000000e+01         4.426961133348419e-10         
2.250312500000000e+01         4.435621161151550e-10         
2.250625000000000e+01         4.444275244244723e-10         
2.250937500000000e+01         4.452897112824318e-10         
2.251250000000000e+01         4.461546978766378e-10         
2.251562500000000e+01         4.470162077621330e-10         
2.251875000000000e+01         4.478798278460713e-10         
2.252187500000000e+01         4.487400304818063e-10         
2.252500000000000e+01         4.496024306494658e-10         
2.252812500000000e+01         4.504637051403040e-10         
2.253125000000000e+01         4.513189489386864e-10         
2.253437500000000e+01         4.521781681390048e-10         
2.253750000000000e+01         4.530365829549090e-10         
2.254062500000000e+01         4.538936254856469e-10         
2.254375000000000e+01         4.547465008714691e-10         
2.254687500000000e+01         4.555989008777486e-10         
2.255000000000000e+01         4.564518720732238e-10         
2.255312500000000e+01         4.573001528763940e-10         
2.255625000000000e+01         4.581502517809520e-10         
2.255937500000000e+01         4.589980587851801e-10         
2.256250000000000e+01         4.598388961496187e-10         
2.256562500000000e+01         4.606831723691672e-10         
2.256875000000000e+01         4.615255460211498e-10         
2.257187500000000e+01         4.623654385434763e-10         
2.257500000000000e+01         4.632002566038795e-10         
2.257812500000000e+01         4.640333055839427e-10         
2.258125000000000e+01         4.648664016098682e-10         
2.258437500000000e+01         4.656939470988114e-10         
2.258750000000000e+01         4.665217546830174e-10         
2.259062500000000e+01         4.673471297744931e-10         
2.259375000000000e+01         4.681638492393351e-10         
2.259687500000000e+01         4.689829281907873e-10         
2.260000000000000e+01         4.697994058681690e-10         
2.260312500000000e+01         4.706123154619986e-10         
2.260625000000000e+01         4.714188403741653e-10         
2.260937500000000e+01         4.722226135789594e-10         
2.261250000000000e+01         4.730256336485002e-10         
2.261562500000000e+01         4.738218018414244e-10         
2.261875000000000e+01         4.746168888719653e-10         
2.262187500000000e+01         4.754087954787984e-10         
2.262500000000000e+01         4.761938318827076e-10         
2.262812500000000e+01         4.769741680914764e-10         
2.263125000000000e+01         4.777533681634414e-10         
2.263437500000000e+01         4.785284003531188e-10         
2.263750000000000e+01         4.792989980952305e-10         
2.264062500000000e+01         4.800593618073060e-10         
2.264375000000000e+01         4.808211422714531e-10         
2.264687500000000e+01         4.815775665435537e-10         
2.265000000000000e+01         4.823262931346654e-10         
2.265312500000000e+01         4.830730835320989e-10         
2.265625000000000e+01         4.838122467402118e-10         
2.265937500000000e+01         4.845454221185755e-10         
2.266250000000000e+01         4.852763301044877e-10         
2.266562500000000e+01         4.860020675332816e-10         
2.266875000000000e+01         4.867220755492779e-10         
2.267187500000000e+01         4.874305827732516e-10         
2.267500000000000e+01         4.881390054427044e-10         
2.267812500000000e+01         4.888417617070443e-10         
2.268125000000000e+01         4.895353128187849e-10         
2.268437500000000e+01         4.902254694142089e-10         
2.268750000000000e+01         4.909071275075735e-10         
2.269062500000000e+01         4.915817084281747e-10         
2.269375000000000e+01         4.922527748736632e-10         
2.269687500000000e+01         4.929174303904593e-10         
2.270000000000000e+01         4.935750383790136e-10         
2.270312500000000e+01         4.942201436620817e-10         
2.270625000000000e+01         4.948639654617784e-10         
2.270937500000000e+01         4.955009724955483e-10         
2.271250000000000e+01         4.961274351267476e-10         
2.271562500000000e+01         4.967495373627470e-10         
2.271875000000000e+01         4.973616223968121e-10         
2.272187500000000e+01         4.979691531215414e-10         
2.272500000000000e+01         4.985657394119651e-10         
2.272812500000000e+01         4.991574563928767e-10         
2.273125000000000e+01         4.997416611206334e-10         
2.273437500000000e+01         5.003119402781585e-10         
2.273750000000000e+01         5.008798383249505e-10         
2.274062500000000e+01         5.014398704973908e-10         
2.274375000000000e+01         5.019912985286579e-10         
2.274687500000000e+01         5.025310067430069e-10         
2.275000000000000e+01         5.030628462019339e-10         
2.275312500000000e+01         5.035891225166193e-10         
2.275625000000000e+01         5.041032425576538e-10         
2.275937500000000e+01         5.046114715638913e-10         
2.276250000000000e+01         5.051113932366872e-10         
2.276562500000000e+01         5.055960295429230e-10         
2.276875000000000e+01         5.060775740463218e-10         
2.277187500000000e+01         5.065497037539304e-10         
2.277500000000000e+01         5.070129281894569e-10         
2.277812500000000e+01         5.074633512372955e-10         
2.278125000000000e+01         5.079048765260881e-10         
2.278437500000000e+01         5.083398160263223e-10         
2.278750000000000e+01         5.087617046110169e-10         
2.279062500000000e+01         5.091768836616205e-10         
2.279375000000000e+01         5.095826987526386e-10         
2.279687500000000e+01         5.099724678425373e-10         
2.280000000000000e+01         5.103581445703834e-10         
2.280312500000000e+01         5.107337663336462e-10         
2.280625000000000e+01         5.110997738469697e-10         
2.280937500000000e+01         5.114520400476635e-10         
2.281250000000000e+01         5.117945997171248e-10         
2.281562500000000e+01         5.121294022903993e-10         
2.281875000000000e+01         5.124543772644565e-10         
2.282187500000000e+01         5.127652431499255e-10         
2.282500000000000e+01         5.130689185953428e-10         
2.282812500000000e+01         5.133600254393930e-10         
2.283125000000000e+01         5.136393011227699e-10         
2.283437500000000e+01         5.139111918028561e-10         
2.283750000000000e+01         5.141727985702320e-10         
2.284062500000000e+01         5.144232683223070e-10         
2.284375000000000e+01         5.146571829552820e-10         
2.284687500000000e+01         5.148859374766843e-10         
2.285000000000000e+01         5.151044204610188e-10         
2.285312500000000e+01         5.153085455288000e-10         
2.285625000000000e+01         5.155045832708656e-10         
2.285937500000000e+01         5.156872410265195e-10         
2.286250000000000e+01         5.158588231767885e-10         
2.286562500000000e+01         5.160218118773200e-10         
2.286875000000000e+01         5.161739598763729e-10         
2.287187500000000e+01         5.163155564731194e-10         
2.287500000000000e+01         5.164397797948245e-10         
2.287812500000000e+01         5.165588052925334e-10         
2.288125000000000e+01         5.166670106418241e-10         
2.288437500000000e+01         5.167605889124428e-10         
2.288750000000000e+01         5.168460486615698e-10         
2.289062500000000e+01         5.169177230053680e-10         
2.289375000000000e+01         5.169783877613695e-10         
2.289687500000000e+01         5.170303690778922e-10         
2.290000000000000e+01         5.170713964883850e-10         
2.290312500000000e+01         5.171017050704920e-10         
2.290625000000000e+01         5.171145981203985e-10         
2.290937500000000e+01         5.171222283873258e-10         
2.291250000000000e+01         5.171187613436399e-10         
2.291562500000000e+01         5.171015271185523e-10         
2.291875000000000e+01         5.170759143303514e-10         
2.292187500000000e+01         5.170364423902442e-10         
2.292500000000000e+01         5.169893603386948e-10         
2.292812500000000e+01         5.169275343388276e-10         
2.293125000000000e+01         5.168579779320231e-10         
2.293437500000000e+01         5.167777732865168e-10         
2.293750000000000e+01         5.166805996247856e-10         
2.294062500000000e+01         5.165782669562741e-10         
2.294375000000000e+01         5.164649968197119e-10         
2.294687500000000e+01         5.163417535648648e-10         
2.295000000000000e+01         5.162040923224627e-10         
2.295312500000000e+01         5.160559181515966e-10         
2.295625000000000e+01         5.159001029828510e-10         
2.295937500000000e+01         5.157310030112655e-10         
2.296250000000000e+01         5.155538715619645e-10         
2.296562500000000e+01         5.153663809823759e-10         
2.296875000000000e+01         5.151633054596282e-10         
2.297187500000000e+01         5.149550729972736e-10         
2.297500000000000e+01         5.147365840832104e-10         
2.297812500000000e+01         5.145082488455314e-10         
2.298125000000000e+01         5.142663716630459e-10         
2.298437500000000e+01         5.140147159150886e-10         
2.298750000000000e+01         5.137557839900857e-10         
2.299062500000000e+01         5.134842969948045e-10         
2.299375000000000e+01         5.132054590069598e-10         
2.299687500000000e+01         5.129168972916477e-10         
2.300000000000000e+01         5.126165767388721e-10         
2.300312500000000e+01         5.123055701271077e-10         
2.300625000000000e+01         5.119882424505678e-10         
2.300937500000000e+01         5.116613531931975e-10         
2.301250000000000e+01         5.113225106113305e-10         
2.301562500000000e+01         5.109744810991830e-10         
2.301875000000000e+01         5.106198539968666e-10         
2.302187500000000e+01         5.102563882613222e-10         
2.302500000000000e+01         5.098807091604407e-10         
2.302812500000000e+01         5.094989176263594e-10         
2.303125000000000e+01         5.091057314377097e-10         
2.303437500000000e+01         5.087040682704074e-10         
2.303750000000000e+01         5.082962404673058e-10         
2.304062500000000e+01         5.078799634923865e-10         
2.304375000000000e+01         5.074554963768172e-10         
2.304687500000000e+01         5.070170434430509e-10         
2.305000000000000e+01         5.065756976056138e-10         
2.305312500000000e+01         5.061264522330866e-10         
2.305625000000000e+01         5.056664280134938e-10         
2.305937500000000e+01         5.052013010744634e-10         
2.306250000000000e+01         5.047257074245186e-10         
2.306562500000000e+01         5.042423300955976e-10         
2.306875000000000e+01         5.037540953146824e-10         
2.307187500000000e+01         5.032583189228314e-10         
2.307500000000000e+01         5.027555566730792e-10         
2.307812500000000e+01         5.022395777153358e-10         
2.308125000000000e+01         5.017219893648028e-10         
2.308437500000000e+01         5.011974700498492e-10         
2.308750000000000e+01         5.006636202032516e-10         
2.309062500000000e+01         5.001253395302771e-10         
2.309375000000000e+01         4.995778005843456e-10         
2.309687500000000e+01         4.990234505955049e-10         
2.310000000000000e+01         4.984658068012846e-10         
2.310312500000000e+01         4.979016012290952e-10         
2.310625000000000e+01         4.973312073557030e-10         
2.310937500000000e+01         4.967493413295942e-10         
2.311250000000000e+01         4.961667860628013e-10         
2.311562500000000e+01         4.955781799186249e-10         
2.311875000000000e+01         4.949814900590592e-10         
2.312187500000000e+01         4.943814765021593e-10         
2.312500000000000e+01         4.937735645919914e-10         
2.312812500000000e+01         4.931624680629435e-10         
2.313125000000000e+01         4.925437224741455e-10         
2.313437500000000e+01         4.919222077442782e-10         
2.313750000000000e+01         4.912958042301131e-10         
2.314062500000000e+01         4.906591202019420e-10         
2.314375000000000e+01         4.900228395176591e-10         
2.314687500000000e+01         4.893816368594932e-10         
2.315000000000000e+01         4.887359041120865e-10         
2.315312500000000e+01         4.880833021201129e-10         
2.315625000000000e+01         4.874258825983052e-10         
2.315937500000000e+01         4.867669200151702e-10         
2.316250000000000e+01         4.861011751864324e-10         
2.316562500000000e+01         4.854339202831417e-10         
2.316875000000000e+01         4.847628389846274e-10         
2.317187500000000e+01         4.840820965387328e-10         
2.317500000000000e+01         4.834037746800839e-10         
2.317812500000000e+01         4.827212739214061e-10         
2.318125000000000e+01         4.820352287918984e-10         
2.318437500000000e+01         4.813432009110194e-10         
2.318750000000000e+01         4.806479798581314e-10         
2.319062500000000e+01         4.799518881156361e-10         
2.319375000000000e+01         4.792498277811432e-10         
2.319687500000000e+01         4.785480488404140e-10         
2.320000000000000e+01         4.778429578414474e-10         
2.320312500000000e+01         4.771324713153000e-10         
2.320625000000000e+01         4.764194751387323e-10         
2.320937500000000e+01         4.757062708702843e-10         
2.321250000000000e+01         4.749905220152366e-10         
2.321562500000000e+01         4.742699247240785e-10         
2.321875000000000e+01         4.735471088304771e-10         
2.322187500000000e+01         4.728244717106840e-10         
2.322500000000000e+01         4.720997106879154e-10         
2.322812500000000e+01         4.713704650697652e-10         
2.323125000000000e+01         4.706415832018743e-10         
2.323437500000000e+01         4.699085308767182e-10         
2.323750000000000e+01         4.691737977927209e-10         
2.324062500000000e+01         4.684399247641025e-10         
2.324375000000000e+01         4.677044205977940e-10         
2.324687500000000e+01         4.669672717266041e-10         
2.325000000000000e+01         4.662240538706927e-10         
2.325312500000000e+01         4.654842935889350e-10         
2.325625000000000e+01         4.647435789314704e-10         
2.325937500000000e+01         4.639990782522192e-10         
2.326250000000000e+01         4.632561616333227e-10         
2.326562500000000e+01         4.625097429259930e-10         
2.326875000000000e+01         4.617620148154338e-10         
2.327187500000000e+01         4.610168007650671e-10         
2.327500000000000e+01         4.602703447764270e-10         
2.327812500000000e+01         4.595234533736331e-10         
2.328125000000000e+01         4.587710024120619e-10         
2.328437500000000e+01         4.580227886553965e-10         
2.328750000000000e+01         4.572745598682462e-10         
2.329062500000000e+01         4.565229955003665e-10         
2.329375000000000e+01         4.557741799566351e-10         
2.329687500000000e+01         4.550226978749023e-10         
2.330000000000000e+01         4.542707692871144e-10         
2.330312500000000e+01         4.535217569625210e-10         
2.330625000000000e+01         4.527724934951452e-10         
2.330937500000000e+01         4.520234154895258e-10         
2.331250000000000e+01         4.512692159607517e-10         
2.331562500000000e+01         4.505207734275252e-10         
2.331875000000000e+01         4.497722006500652e-10         
2.332187500000000e+01         4.490216489964062e-10         
2.332500000000000e+01         4.482743257726868e-10         
2.332812500000000e+01         4.475247208730746e-10         
2.333125000000000e+01         4.467781499043443e-10         
2.333437500000000e+01         4.460296654770858e-10         
2.333750000000000e+01         4.452845676089307e-10         
2.334062500000000e+01         4.445399971709128e-10         
2.334375000000000e+01         4.437913779979527e-10         
2.334687500000000e+01         4.430486533879813e-10         
2.335000000000000e+01         4.423067427528348e-10         
2.335312500000000e+01         4.415656558809384e-10         
2.335625000000000e+01         4.408234199744880e-10         
2.335937500000000e+01         4.400820402668981e-10         
2.336250000000000e+01         4.393443228565065e-10         
2.336562500000000e+01         4.386051021104759e-10         
2.336875000000000e+01         4.378699974434483e-10         
2.337187500000000e+01         4.371359330074891e-10         
2.337500000000000e+01         4.363981768076942e-10         
2.337812500000000e+01         4.356670301787507e-10         
2.338125000000000e+01         4.349370761650983e-10         
2.338437500000000e+01         4.342085434897932e-10         
2.338750000000000e+01         4.334790411443232e-10         
2.339062500000000e+01         4.327514642331576e-10         
2.339375000000000e+01         4.320277502724226e-10         
2.339687500000000e+01         4.313030078927593e-10         
2.340000000000000e+01         4.305827587673739e-10         
2.340312500000000e+01         4.298639387018632e-10         
2.340625000000000e+01         4.291445376944229e-10         
2.340937500000000e+01         4.284267645864413e-10         
2.341250000000000e+01         4.277137096278603e-10         
2.341562500000000e+01         4.270022249095205e-10         
2.341875000000000e+01         4.262901436485335e-10         
2.342187500000000e+01         4.255804077019639e-10         
2.342500000000000e+01         4.248749186924896e-10         
2.342812500000000e+01         4.241713415844975e-10         
2.343125000000000e+01         4.234673433797811e-10         
2.343437500000000e+01         4.227679642126614e-10         
2.343750000000000e+01         4.220684032249657e-10         
2.344062500000000e+01         4.213708397185976e-10         
2.344375000000000e+01         4.206780577640405e-10         
2.344687500000000e+01         4.199873216308160e-10         
2.345000000000000e+01         4.192987630879797e-10         
2.345312500000000e+01         4.186078120683552e-10         
2.345625000000000e+01         4.179239147303087e-10         
2.345937500000000e+01         4.172423624752296e-10         
2.346250000000000e+01         4.165607552257002e-10         
2.346562500000000e+01         4.158839975933273e-10         
2.346875000000000e+01         4.152072937459564e-10         
2.347187500000000e+01         4.145329082124547e-10         
2.347500000000000e+01         4.138633871525080e-10         
2.347812500000000e+01         4.131963963346220e-10         
2.348125000000000e+01         4.125318471649576e-10         
2.348437500000000e+01         4.118649835537782e-10         
2.348750000000000e+01         4.112057386763162e-10         
2.349062500000000e+01         4.105487969382756e-10         
2.349375000000000e+01         4.098921601080719e-10         
2.349687500000000e+01         4.092404438589706e-10         
2.350000000000000e+01         4.085890418664120e-10         
2.350312500000000e+01         4.079400745440157e-10         
2.350625000000000e+01         4.072964993869215e-10         
2.350937500000000e+01         4.066553159530360e-10         
2.351250000000000e+01         4.060170329558289e-10         
2.351562500000000e+01         4.053766652401425e-10         
2.351875000000000e+01         4.047439097982787e-10         
2.352187500000000e+01         4.041137389075019e-10         
2.352500000000000e+01         4.034864901207104e-10         
2.352812500000000e+01         4.028594684953601e-10         
2.353125000000000e+01         4.022354244062311e-10         
2.353437500000000e+01         4.016163957765771e-10         
2.353750000000000e+01         4.009978167730521e-10         
2.354062500000000e+01         4.003845646577047e-10         
2.354375000000000e+01         3.997740992876029e-10         
2.354687500000000e+01         3.991619241043204e-10         
2.355000000000000e+01         3.985572195544654e-10         
2.355312500000000e+01         3.979555372028853e-10         
2.355625000000000e+01         3.973565164442924e-10         
2.355937500000000e+01         3.967580892510365e-10         
2.356250000000000e+01         3.961628869842884e-10         
2.356562500000000e+01         3.955728886344692e-10         
2.356875000000000e+01         3.949831104243016e-10         
2.357187500000000e+01         3.943989099746127e-10         
2.357500000000000e+01         3.938176332140574e-10         
2.357812500000000e+01         3.932348709699243e-10         
2.358125000000000e+01         3.926595264829140e-10         
2.358437500000000e+01         3.920872274927676e-10         
2.358750000000000e+01         3.915178284851583e-10         
2.359062500000000e+01         3.909492714991325e-10         
2.359375000000000e+01         3.903835256261771e-10         
2.359687500000000e+01         3.898231071225061e-10         
2.360000000000000e+01         3.892636582298176e-10         
2.360312500000000e+01         3.887093024389706e-10         
2.360625000000000e+01         3.881580787160479e-10         
2.360937500000000e+01         3.876075323018268e-10         
2.361250000000000e+01         3.870600567870045e-10         
2.361562500000000e+01         3.865180973536796e-10         
2.361875000000000e+01         3.859789864316846e-10         
2.362187500000000e+01         3.854408145354930e-10         
2.362500000000000e+01         3.849054966012842e-10         
2.362812500000000e+01         3.843756504203614e-10         
2.363125000000000e+01         3.838489096782406e-10         
2.363437500000000e+01         3.833228385053293e-10         
2.363750000000000e+01         3.828022158578922e-10         
2.364062500000000e+01         3.822822952513184e-10         
2.364375000000000e+01         3.817656744647515e-10         
2.364687500000000e+01         3.812543359038269e-10         
2.365000000000000e+01         3.807459942783852e-10         
2.365312500000000e+01         3.802408002384040e-10         
2.365625000000000e+01         3.797342410076465e-10         
2.365937500000000e+01         3.792352474676539e-10         
2.366250000000000e+01         3.787393459210661e-10         
2.366562500000000e+01         3.782444470979075e-10         
2.366875000000000e+01         3.777547284464061e-10         
2.367187500000000e+01         3.772658444448503e-10         
2.367500000000000e+01         3.767800791476969e-10         
2.367812500000000e+01         3.762997560375397e-10         
2.368125000000000e+01         3.758223617995020e-10         
2.368437500000000e+01         3.753482741839670e-10         
2.368750000000000e+01         3.748728393855337e-10         
2.369062500000000e+01         3.744049316283328e-10         
2.369375000000000e+01         3.739400040928906e-10         
2.369687500000000e+01         3.734761174964454e-10         
2.370000000000000e+01         3.730175593068476e-10         
2.370312500000000e+01         3.725596637127627e-10         
2.370625000000000e+01         3.721050490386941e-10         
2.370937500000000e+01         3.716557296504198e-10         
2.371250000000000e+01         3.712095234403462e-10         
2.371562500000000e+01         3.707663401751766e-10         
2.371875000000000e+01         3.703220829996801e-10         
2.372187500000000e+01         3.698851786198137e-10         
2.372500000000000e+01         3.694512643069139e-10         
2.372812500000000e+01         3.690206267001450e-10         
2.373125000000000e+01         3.685908946226699e-10         
2.373437500000000e+01         3.681640879538735e-10         
2.373750000000000e+01         3.677426571104462e-10         
2.374062500000000e+01         3.673222157809223e-10         
2.374375000000000e+01         3.669070193204123e-10         
2.374687500000000e+01         3.664948413473015e-10         
2.375000000000000e+01         3.660812878849443e-10         
2.375312500000000e+01         3.656754501413537e-10         
2.375625000000000e+01         3.652724912218455e-10         
2.375937500000000e+01         3.648728326414423e-10         
2.376250000000000e+01         3.644739639060409e-10         
2.376562500000000e+01         3.640781875202589e-10         
2.376875000000000e+01         3.636873741231279e-10         
2.377187500000000e+01         3.632978507836839e-10         
2.377500000000000e+01         3.629135264022896e-10         
2.377812500000000e+01         3.625319323627020e-10         
2.378125000000000e+01         3.621495306455866e-10         
2.378437500000000e+01         3.617743895692478e-10         
2.378750000000000e+01         3.614021727227794e-10         
2.379062500000000e+01         3.610329522739814e-10         
2.379375000000000e+01         3.606648509597796e-10         
2.379687500000000e+01         3.602995531724370e-10         
2.380000000000000e+01         3.599395605352536e-10         
2.380312500000000e+01         3.595805109117631e-10         
2.380625000000000e+01         3.592267300404176e-10         
2.380937500000000e+01         3.588760630915528e-10         
2.381250000000000e+01         3.585258347341534e-10         
2.381562500000000e+01         3.581791880310922e-10         
2.381875000000000e+01         3.578375351316510e-10         
2.382187500000000e+01         3.574987372927760e-10         
2.382500000000000e+01         3.571609220721580e-10         
2.382812500000000e+01         3.568261828217901e-10         
2.383125000000000e+01         3.564966093636400e-10         
2.383437500000000e+01         3.561699637709385e-10         
2.383750000000000e+01         3.558442375451601e-10         
2.384062500000000e+01         3.555237931217118e-10         
2.384375000000000e+01         3.552038762369393e-10         
2.384687500000000e+01         3.548872918916417e-10         
2.385000000000000e+01         3.545758388760860e-10         
2.385312500000000e+01         3.542671110640862e-10         
2.385625000000000e+01         3.539616104168277e-10         
2.385937500000000e+01         3.536548653111155e-10         
2.386250000000000e+01         3.533553502567890e-10         
2.386562500000000e+01         3.530585184136368e-10         
2.386875000000000e+01         3.527630465902700e-10         
2.387187500000000e+01         3.524723375140783e-10         
2.387500000000000e+01         3.521825065411489e-10         
2.387812500000000e+01         3.518956311221808e-10         
2.388125000000000e+01         3.516139430661463e-10         
2.388437500000000e+01         3.513352118850717e-10         
2.388750000000000e+01         3.510591870588897e-10         
2.389062500000000e+01         3.507822502802185e-10         
2.389375000000000e+01         3.505124017545582e-10         
2.389687500000000e+01         3.502453374354135e-10         
2.390000000000000e+01         3.499794334031142e-10         
2.390312500000000e+01         3.497184617952639e-10         
2.390625000000000e+01         3.494581316162215e-10         
2.390937500000000e+01         3.492028793747972e-10         
2.391250000000000e+01         3.489486044477667e-10         
2.391562500000000e+01         3.486994071956250e-10         
2.391875000000000e+01         3.484528791242778e-10         
2.392187500000000e+01         3.482053110508079e-10         
2.392500000000000e+01         3.479648731813818e-10         
2.392812500000000e+01         3.477273447701879e-10         
2.393125000000000e+01         3.474925796948148e-10         
2.393437500000000e+01         3.472588375594624e-10         
2.393750000000000e+01         3.470278526752773e-10         
2.394062500000000e+01         3.468016893146816e-10         
2.394375000000000e+01         3.465767453906006e-10         
2.394687500000000e+01         3.463566835992741e-10         
2.395000000000000e+01         3.461392281743611e-10         
2.395312500000000e+01         3.459207602090128e-10         
2.395625000000000e+01         3.457094487094732e-10         
2.395937500000000e+01         3.455009960761274e-10         
2.396250000000000e+01         3.452951259624876e-10         
2.396562500000000e+01         3.450904497863203e-10         
2.396875000000000e+01         3.448884109542409e-10         
2.397187500000000e+01         3.446914836658584e-10         
2.397500000000000e+01         3.444952345884179e-10         
2.397812500000000e+01         3.443040308682176e-10         
2.398125000000000e+01         3.441159181236125e-10         
2.398437500000000e+01         3.439260452367303e-10         
2.398750000000000e+01         3.437434967877651e-10         
2.399062500000000e+01         3.435638368944549e-10         
2.399375000000000e+01         3.433867280711353e-10         
2.399687500000000e+01         3.432109383599285e-10         
2.400000000000000e+01         3.430376049077159e-10         
2.400312500000000e+01         3.428693701889781e-10         
2.400625000000000e+01         3.427018428636230e-10         
2.400937500000000e+01         3.425393498817448e-10         
2.401250000000000e+01         3.423797264765466e-10         
2.401562500000000e+01         3.422207290239288e-10         
2.401875000000000e+01         3.420645411586742e-10         
2.402187500000000e+01         3.419134615386943e-10         
2.402500000000000e+01         3.417652200504033e-10         
2.402812500000000e+01         3.416175006326040e-10         
2.403125000000000e+01         3.414726740971567e-10         
2.403437500000000e+01         3.413329895887650e-10         
2.403750000000000e+01         3.411958198560348e-10         
2.404062500000000e+01         3.410598129450760e-10         
2.404375000000000e+01         3.409286656587490e-10         
2.404687500000000e+01         3.407980903205256e-10         
2.405000000000000e+01         3.406702424448783e-10         
2.405312500000000e+01         3.405476361860527e-10         
2.405625000000000e+01         3.404277779534058e-10         
2.405937500000000e+01         3.403105359403092e-10         
2.406250000000000e+01         3.401920521738860e-10         
2.406562500000000e+01         3.400806395982645e-10         
2.406875000000000e+01         3.399721181553403e-10         
2.407187500000000e+01         3.398641325053985e-10         
2.407500000000000e+01         3.397612161536937e-10         
2.407812500000000e+01         3.396588449770863e-10         
2.408125000000000e+01         3.395593685134747e-10         
2.408437500000000e+01         3.394650822473992e-10         
2.408750000000000e+01         3.393733434243129e-10         
2.409062500000000e+01         3.392843654770975e-10         
2.409375000000000e+01         3.391941538522167e-10         
2.409687500000000e+01         3.391111330302368e-10         
2.410000000000000e+01         3.390308105642022e-10         
2.410312500000000e+01         3.389509859201943e-10         
2.410625000000000e+01         3.388763749189004e-10         
2.410937500000000e+01         3.388021555140110e-10         
2.411250000000000e+01         3.387331395387824e-10         
2.411562500000000e+01         3.386646649778616e-10         
2.411875000000000e+01         3.386012030906649e-10         
2.412187500000000e+01         3.385407084223110e-10         
2.412500000000000e+01         3.384782649066232e-10         
2.412812500000000e+01         3.384234314391188e-10         
2.413125000000000e+01         3.383712889925470e-10         
2.413437500000000e+01         3.383216710257910e-10         
2.413750000000000e+01         3.382730603240812e-10         
2.414062500000000e+01         3.382272423128265e-10         
2.414375000000000e+01         3.381863669552306e-10         
2.414687500000000e+01         3.381459973616976e-10         
2.415000000000000e+01         3.381107817739449e-10         
2.415312500000000e+01         3.380782115619246e-10         
2.415625000000000e+01         3.380443591022098e-10         
2.415937500000000e+01         3.380172829310436e-10         
2.416250000000000e+01         3.379933327010764e-10         
2.416562500000000e+01         3.379722020714859e-10         
2.416875000000000e+01         3.379515289519817e-10         
2.417187500000000e+01         3.379337925160062e-10         
2.417500000000000e+01         3.379211759148681e-10         
2.417812500000000e+01         3.379092577750800e-10         
2.418125000000000e+01         3.379021505402109e-10         
2.418437500000000e+01         3.378979388402814e-10         
2.418750000000000e+01         3.378923163926475e-10         
2.419062500000000e+01         3.378934692952453e-10         
2.419375000000000e+01         3.378979585107732e-10         
2.419687500000000e+01         3.379051203985047e-10         
2.420000000000000e+01         3.379128928913470e-10         
2.420312500000000e+01         3.379233814231866e-10         
2.420625000000000e+01         3.379390894694808e-10         
2.420937500000000e+01         3.379557732640676e-10         
2.421250000000000e+01         3.379769243827158e-10         
2.421562500000000e+01         3.380010055828453e-10         
2.421875000000000e+01         3.380259220523599e-10         
2.422187500000000e+01         3.380536268962169e-10         
2.422500000000000e+01         3.380864453289386e-10         
2.422812500000000e+01         3.381220636758240e-10         
2.423125000000000e+01         3.381582762605563e-10         
2.423437500000000e+01         3.381973552514485e-10         
2.423750000000000e+01         3.382415691296402e-10         
2.424062500000000e+01         3.382887229570776e-10         
2.424375000000000e+01         3.383363187904665e-10         
2.424687500000000e+01         3.383891754435949e-10         
2.425000000000000e+01         3.384427421797107e-10         
2.425312500000000e+01         3.384992668720356e-10         
2.425625000000000e+01         3.385604881391123e-10         
2.425937500000000e+01         3.386249327122242e-10         
2.426250000000000e+01         3.386922120755273e-10         
2.426562500000000e+01         3.387578399576617e-10         
2.426875000000000e+01         3.388307759392287e-10         
2.427187500000000e+01         3.389067865005910e-10         
2.427500000000000e+01         3.389833764976566e-10         
2.427812500000000e+01         3.390650630485441e-10         
2.428125000000000e+01         3.391475030399740e-10         
2.428437500000000e+01         3.392331874191194e-10         
2.428750000000000e+01         3.393233434290244e-10         
2.429062500000000e+01         3.394167560180012e-10         
2.429375000000000e+01         3.395131277331648e-10         
2.429687500000000e+01         3.396082841402020e-10         
2.430000000000000e+01         3.397101714514817e-10         
2.430312500000000e+01         3.398151706180327e-10         
2.430625000000000e+01         3.399214044521896e-10         
2.430937500000000e+01         3.400320318175903e-10         
2.431250000000000e+01         3.401437612109775e-10         
2.431562500000000e+01         3.402606267460226e-10         
2.431875000000000e+01         3.403783881514845e-10         
2.432187500000000e+01         3.405012088967608e-10         
2.432500000000000e+01         3.406270579378094e-10         
2.432812500000000e+01         3.407517445804606e-10         
2.433125000000000e+01         3.408831622544361e-10         
2.433437500000000e+01         3.410179649846458e-10         
2.433750000000000e+01         3.411556770563838e-10         
2.434062500000000e+01         3.412942742450638e-10         
2.434375000000000e+01         3.414357379283753e-10         
2.434687500000000e+01         3.415824174308925e-10         
2.435000000000000e+01         3.417303160249363e-10         
2.435312500000000e+01         3.418828192202404e-10         
2.435625000000000e+01         3.420386809752997e-10         
2.435937500000000e+01         3.421934038130856e-10         
2.436250000000000e+01         3.423550309507966e-10         
2.436562500000000e+01         3.425199143454485e-10         
2.436875000000000e+01         3.426879240343671e-10         
2.437187500000000e+01         3.428567420128688e-10         
2.437500000000000e+01         3.430286289145725e-10         
2.437812500000000e+01         3.432059275820137e-10         
2.438125000000000e+01         3.433841928551453e-10         
2.438437500000000e+01         3.435671814483807e-10         
2.438750000000000e+01         3.437538301623522e-10         
2.439062500000000e+01         3.439390684891951e-10         
2.439375000000000e+01         3.441318014563974e-10         
2.439687500000000e+01         3.443272337330462e-10         
2.440000000000000e+01         3.445261251616527e-10         
2.440312500000000e+01         3.447262844011736e-10         
2.440625000000000e+01         3.449287940235147e-10         
2.440937500000000e+01         3.451370507450603e-10         
2.441250000000000e+01         3.453466305473785e-10         
2.441562500000000e+01         3.455608532716135e-10         
2.441875000000000e+01         3.457786120364426e-10         
2.442187500000000e+01         3.459973318050459e-10         
2.442500000000000e+01         3.462195681331831e-10         
2.442812500000000e+01         3.464464379867912e-10         
2.443125000000000e+01         3.466769739793372e-10         
2.443437500000000e+01         3.469107340829249e-10         
2.443750000000000e+01         3.471433569052406e-10         
2.444062500000000e+01         3.473832730020219e-10         
2.444375000000000e+01         3.476265886115973e-10         
2.444687500000000e+01         3.478712661307779e-10         
2.445000000000000e+01         3.481208082871644e-10         
2.445312500000000e+01         3.483716738818401e-10         
2.445625000000000e+01         3.486260047545536e-10         
2.445937500000000e+01         3.488853288983225e-10         
2.446250000000000e+01         3.491483071475705e-10         
2.446562500000000e+01         3.494145226946010e-10         
2.446875000000000e+01         3.496798255722404e-10         
2.447187500000000e+01         3.499523255820924e-10         
2.447500000000000e+01         3.502284920421780e-10         
2.447812500000000e+01         3.505059496770494e-10         
2.448125000000000e+01         3.507885638210310e-10         
2.448437500000000e+01         3.510724924349838e-10         
2.448750000000000e+01         3.513600365726166e-10         
2.449062500000000e+01         3.516528998686757e-10         
2.449375000000000e+01         3.519488309550838e-10         
2.449687500000000e+01         3.522485010271171e-10         
2.450000000000000e+01         3.525473382553936e-10         
2.450312500000000e+01         3.528535101561275e-10         
2.450625000000000e+01         3.531635351414085e-10         
2.450937500000000e+01         3.534749642492250e-10         
2.451250000000000e+01         3.537913836695123e-10         
2.451562500000000e+01         3.541092946197691e-10         
2.451875000000000e+01         3.544330915856734e-10         
2.452187500000000e+01         3.547583467761326e-10         
2.452500000000000e+01         3.550888181211601e-10         
2.452812500000000e+01         3.554229230976783e-10         
2.453125000000000e+01         3.557564283552377e-10         
2.453437500000000e+01         3.560976220309545e-10         
2.453750000000000e+01         3.564422742402039e-10         
2.454062500000000e+01         3.567905903706668e-10         
2.454375000000000e+01         3.571404577853335e-10         
2.454687500000000e+01         3.574932839791134e-10         
2.455000000000000e+01         3.578523755198858e-10         
2.455312500000000e+01         3.582129222011964e-10         
2.455625000000000e+01         3.585789548591920e-10         
2.455937500000000e+01         3.589488619012350e-10         
2.456250000000000e+01         3.593180693560437e-10         
2.456562500000000e+01         3.596952865803666e-10         
2.456875000000000e+01         3.600757852241001e-10         
2.457187500000000e+01         3.604603110446095e-10         
2.457500000000000e+01         3.608464991407406e-10         
2.457812500000000e+01         3.612360106120376e-10         
2.458125000000000e+01         3.616313280844483e-10         
2.458437500000000e+01         3.620286648868136e-10         
2.458750000000000e+01         3.624317678115436e-10         
2.459062500000000e+01         3.628383392509309e-10         
2.459375000000000e+01         3.632446395731174e-10         
2.459687500000000e+01         3.636590669213951e-10         
2.460000000000000e+01         3.640769227070583e-10         
2.460312500000000e+01         3.644990727001453e-10         
2.460625000000000e+01         3.649227676040244e-10         
2.460937500000000e+01         3.653502454160107e-10         
2.461250000000000e+01         3.657835094625661e-10         
2.461562500000000e+01         3.662189213117759e-10         
2.461875000000000e+01         3.666601800381955e-10         
2.462187500000000e+01         3.671051789193992e-10         
2.462500000000000e+01         3.675519835304437e-10         
2.462812500000000e+01         3.680029804194150e-10         
2.463125000000000e+01         3.684600306983353e-10         
2.463437500000000e+01         3.689206560910609e-10         
2.463750000000000e+01         3.693856605529762e-10         
2.464062500000000e+01         3.698501747154847e-10         
2.464375000000000e+01         3.703228354302094e-10         
2.464687500000000e+01         3.707998461061388e-10         
2.465000000000000e+01         3.712788394240847e-10         
2.465312500000000e+01         3.717636926820074e-10         
2.465625000000000e+01         3.722506246467555e-10         
2.465937500000000e+01         3.727417615496924e-10         
2.466250000000000e+01         3.732391801875489e-10         
2.466562500000000e+01         3.737403981984941e-10         
2.466875000000000e+01         3.742460168714976e-10         
2.467187500000000e+01         3.747513498808843e-10         
2.467500000000000e+01         3.752653045747790e-10         
2.467812500000000e+01         3.757832811408306e-10         
2.468125000000000e+01         3.763035798744945e-10         
2.468437500000000e+01         3.768302142051714e-10         
2.468750000000000e+01         3.773584840889677e-10         
2.469062500000000e+01         3.778914127615916e-10         
2.469375000000000e+01         3.784308060360845e-10         
2.469687500000000e+01         3.789743276540644e-10         
2.470000000000000e+01         3.795223384184922e-10         
2.470312500000000e+01         3.800701402700871e-10         
2.470625000000000e+01         3.806268602611399e-10         
2.470937500000000e+01         3.811877452070467e-10         
2.471250000000000e+01         3.817511801198128e-10         
2.471562500000000e+01         3.823209087610622e-10         
2.471875000000000e+01         3.828928439289113e-10         
2.472187500000000e+01         3.834714393157265e-10         
2.472500000000000e+01         3.840524850838342e-10         
2.472812500000000e+01         3.846402982954730e-10         
2.473125000000000e+01         3.852321628872798e-10         
2.473437500000000e+01         3.858244311401435e-10         
2.473750000000000e+01         3.864256376844390e-10         
2.474062500000000e+01         3.870312643439730e-10         
2.474375000000000e+01         3.876418500742325e-10         
2.474687500000000e+01         3.882545981618494e-10         
2.475000000000000e+01         3.888719814155077e-10         
2.475312500000000e+01         3.894959590821183e-10         
2.475625000000000e+01         3.901228054598701e-10         
2.475937500000000e+01         3.907563745164165e-10         
2.476250000000000e+01         3.913945678291128e-10         
2.476562500000000e+01         3.920330484824195e-10         
2.476875000000000e+01         3.926808794356098e-10         
2.477187500000000e+01         3.933335343683400e-10         
2.477500000000000e+01         3.939906874733395e-10         
2.477812500000000e+01         3.946505497985493e-10         
2.478125000000000e+01         3.953152307494219e-10         
2.478437500000000e+01         3.959869069511817e-10         
2.478750000000000e+01         3.966614433943484e-10         
2.479062500000000e+01         3.973430837082585e-10         
2.479375000000000e+01         3.980292982753506e-10         
2.479687500000000e+01         3.987161073719896e-10         
2.480000000000000e+01         3.994125492360929e-10         
2.480312500000000e+01         4.001139422496124e-10         
2.480625000000000e+01         4.008201661897045e-10         
2.480937500000000e+01         4.015293789819243e-10         
2.481250000000000e+01         4.022433886898725e-10         
2.481562500000000e+01         4.029648388625442e-10         
2.481875000000000e+01         4.036913790617962e-10         
2.482187500000000e+01         4.044208671366851e-10         
2.482500000000000e+01         4.051575170292258e-10         
2.482812500000000e+01         4.058971003775594e-10         
2.483125000000000e+01         4.066419622205331e-10         
2.483437500000000e+01         4.073942071222771e-10         
2.483750000000000e+01         4.081517023847338e-10         
2.484062500000000e+01         4.089142975122661e-10         
2.484375000000000e+01         4.096777683027351e-10         
2.484687500000000e+01         4.104510452455648e-10         
2.485000000000000e+01         4.112294819800232e-10         
2.485312500000000e+01         4.120112234839056e-10         
2.485625000000000e+01         4.128005789156196e-10         
2.485937500000000e+01         4.135927387701000e-10         
2.486250000000000e+01         4.143902927518346e-10         
2.486562500000000e+01         4.151957455543197e-10         
2.486875000000000e+01         4.160068768644592e-10         
2.487187500000000e+01         4.168231413149878e-10         
2.487500000000000e+01         4.176401756875049e-10         
2.487812500000000e+01         4.184675595107847e-10         
2.488125000000000e+01         4.193003118878002e-10         
2.488437500000000e+01         4.201364326461007e-10         
2.488750000000000e+01         4.209804619952095e-10         
2.489062500000000e+01         4.218275857319925e-10         
2.489375000000000e+01         4.226803322643875e-10         
2.489687500000000e+01         4.235412893253635e-10         
2.490000000000000e+01         4.244077935506969e-10         
2.490312500000000e+01         4.252798629005639e-10         
2.490625000000000e+01         4.261531497320927e-10         
2.490937500000000e+01         4.270367789594885e-10         
2.491250000000000e+01         4.279259803997957e-10         
2.491562500000000e+01         4.288188286214360e-10         
2.491875000000000e+01         4.297197716026345e-10         
2.492187500000000e+01         4.306240625069872e-10         
2.492500000000000e+01         4.315366092537466e-10         
2.492812500000000e+01         4.324529200208811e-10         
2.493125000000000e+01         4.333772105169400e-10         
2.493437500000000e+01         4.343074261522229e-10         
2.493750000000000e+01         4.352387746009496e-10         
2.494062500000000e+01         4.361809530748480e-10         
2.494375000000000e+01         4.371289602317036e-10         
2.494687500000000e+01         4.380830408052025e-10         
2.495000000000000e+01         4.390407506368088e-10         
2.495312500000000e+01         4.400044750669337e-10         
2.495625000000000e+01         4.409766407260509e-10         
2.495937500000000e+01         4.419522949779358e-10         
2.496250000000000e+01         4.429367207833318e-10         
2.496562500000000e+01         4.439272615934430e-10         
2.496875000000000e+01         4.449189384175693e-10         
2.497187500000000e+01         4.459217778536879e-10         
2.497500000000000e+01         4.469305074331896e-10         
2.497812500000000e+01         4.479456931298620e-10         
2.498125000000000e+01         4.489646331729878e-10         
2.498437500000000e+01         4.499898496228583e-10         
2.498750000000000e+01         4.510235464022961e-10         
2.499062500000000e+01         4.520610797335750e-10         
2.499375000000000e+01         4.531075222027793e-10         
2.499687500000000e+01         4.541600725921584e-10         
2.500000000000000e+01         4.552141208930665e-10         
2.500312500000000e+01         4.562793222061338e-10         
2.500625000000000e+01         4.573510181485428e-10         
2.500937500000000e+01         4.584289473777305e-10         
2.501250000000000e+01         4.595108576630586e-10         
2.501562500000000e+01         4.605990912198660e-10         
2.501875000000000e+01         4.616962572408805e-10         
2.502187500000000e+01         4.627999663645951e-10         
2.502500000000000e+01         4.639074186610330e-10         
2.502812500000000e+01         4.650239349481339e-10         
2.503125000000000e+01         4.661442991059884e-10         
2.503437500000000e+01         4.672711867712869e-10         
2.503750000000000e+01         4.684071160213986e-10         
2.504062500000000e+01         4.695494659049717e-10         
2.504375000000000e+01         4.706982615511854e-10         
2.504687500000000e+01         4.718483889895319e-10         
2.505000000000000e+01         4.730102910269145e-10         
2.505312500000000e+01         4.741787520631530e-10         
2.505625000000000e+01         4.753513090306221e-10         
2.505937500000000e+01         4.765330116322267e-10         
2.506250000000000e+01         4.777183519928285e-10         
2.506562500000000e+01         4.789103803970998e-10         
2.506875000000000e+01         4.801117770757694e-10         
2.507187500000000e+01         4.813193783078615e-10         
2.507500000000000e+01         4.825337869800153e-10         
2.507812500000000e+01         4.837494584181704e-10         
2.508125000000000e+01         4.849770952618177e-10         
2.508437500000000e+01         4.862112831033082e-10         
2.508750000000000e+01         4.874493637349560e-10         
2.509062500000000e+01         4.886968421343965e-10         
2.509375000000000e+01         4.899479635906595e-10         
2.509687500000000e+01         4.912058147718837e-10         
2.510000000000000e+01         4.924729078078899e-10         
2.510312500000000e+01         4.937465016006505e-10         
2.510625000000000e+01         4.950265784518717e-10         
2.510937500000000e+01         4.963080603178158e-10         
2.511250000000000e+01         4.976013427246695e-10         
2.511562500000000e+01         4.989011572775188e-10         
2.511875000000000e+01         5.002048850772118e-10         
2.512187500000000e+01         5.015176932234970e-10         
2.512500000000000e+01         5.028344176234215e-10         
2.512812500000000e+01         5.041602793574986e-10         
2.513125000000000e+01         5.054898105259272e-10         
2.513437500000000e+01         5.068284866272781e-10         
2.513750000000000e+01         5.081737616674028e-10         
2.514062500000000e+01         5.095199337031520e-10         
2.514375000000000e+01         5.108779888163075e-10         
2.514687500000000e+01         5.122424443794322e-10         
2.515000000000000e+01         5.136132871744603e-10         
2.515312500000000e+01         5.149875771930098e-10         
2.515625000000000e+01         5.163684160824025e-10         
2.515937500000000e+01         5.177580555913247e-10         
2.516250000000000e+01         5.191512953657656e-10         
2.516562500000000e+01         5.205532453347896e-10         
2.516875000000000e+01         5.219616991873949e-10         
2.517187500000000e+01         5.233704844289634e-10         
2.517500000000000e+01         5.247911198297459e-10         
2.517812500000000e+01         5.262177544691012e-10         
2.518125000000000e+01         5.276504505832244e-10         
2.518437500000000e+01         5.290861984386993e-10         
2.518750000000000e+01         5.305279733205354e-10         
2.519062500000000e+01         5.319784603964431e-10         
2.519375000000000e+01         5.334318507055735e-10         
2.519687500000000e+01         5.348941939510506e-10         
2.520000000000000e+01         5.363621909059359e-10         
2.520312500000000e+01         5.378327694112197e-10         
2.520625000000000e+01         5.393091378024393e-10         
2.520937500000000e+01         5.407938367979906e-10         
2.521250000000000e+01         5.422840290467227e-10         
2.521562500000000e+01         5.437768660828154e-10         
2.521875000000000e+01         5.452750990606100e-10         
2.522187500000000e+01         5.467813891997091e-10         
2.522500000000000e+01         5.482929861436015e-10         
2.522812500000000e+01         5.498067695328520e-10         
2.523125000000000e+01         5.513284413191228e-10         
2.523437500000000e+01         5.528523982326046e-10         
2.523750000000000e+01         5.543811702181301e-10         
2.524062500000000e+01         5.559175071916776e-10         
2.524375000000000e+01         5.574586273020794e-10         
2.524687500000000e+01         5.590044489421200e-10         
2.525000000000000e+01         5.605491744674748e-10         
2.525312500000000e+01         5.621038750149682e-10         
2.525625000000000e+01         5.636631314702610e-10         
2.525937500000000e+01         5.652237257731727e-10         
2.526250000000000e+01         5.667912733044079e-10         
2.526562500000000e+01         5.683599379118948e-10         
2.526875000000000e+01         5.699324297996454e-10         
2.527187500000000e+01         5.715118678556570e-10         
2.527500000000000e+01         5.730947782138851e-10         
2.527812500000000e+01         5.746810679119296e-10         
2.528125000000000e+01         5.762652643530950e-10         
2.528437500000000e+01         5.778583880385144e-10         
2.528750000000000e+01         5.794545873874369e-10         
2.529062500000000e+01         5.810508658551661e-10         
2.529375000000000e+01         5.826533315162056e-10         
2.529687500000000e+01         5.842554097934303e-10         
2.530000000000000e+01         5.858597377096427e-10         
2.530312500000000e+01         5.874699393183435e-10         
2.530625000000000e+01         5.890820362049673e-10         
2.530937500000000e+01         5.906963140599618e-10         
2.531250000000000e+01         5.923062873175300e-10         
2.531562500000000e+01         5.939246772624558e-10         
2.531875000000000e+01         5.955443431217532e-10         
2.532187500000000e+01         5.971621620473815e-10         
2.532500000000000e+01         5.987846270343370e-10         
2.532812500000000e+01         6.004050857872795e-10         
2.533125000000000e+01         6.020292919253923e-10         
2.533437500000000e+01         6.036507364107932e-10         
2.533750000000000e+01         6.052763915119570e-10         
2.534062500000000e+01         6.069019686472115e-10         
2.534375000000000e+01         6.085214986989589e-10         
2.534687500000000e+01         6.101474691300897e-10         
2.535000000000000e+01         6.117724818688801e-10         
2.535312500000000e+01         6.133972185857635e-10         
2.535625000000000e+01         6.150181148152214e-10         
2.535937500000000e+01         6.166380076924577e-10         
2.536250000000000e+01         6.182596377354065e-10         
2.536562500000000e+01         6.198764593364154e-10         
2.536875000000000e+01         6.214952350672607e-10         
2.537187500000000e+01         6.231116292100322e-10         
2.537500000000000e+01         6.247195788709207e-10         
2.537812500000000e+01         6.263315556712157e-10         
2.538125000000000e+01         6.279405063147610e-10         
2.538437500000000e+01         6.295464282000615e-10         
2.538750000000000e+01         6.311459683316649e-10         
2.539062500000000e+01         6.327426671615278e-10         
2.539375000000000e+01         6.343380420713069e-10         
2.539687500000000e+01         6.359259022598782e-10         
2.540000000000000e+01         6.375132652886434e-10         
2.540312500000000e+01         6.390958467620836e-10         
2.540625000000000e+01         6.406700915788607e-10         
2.540937500000000e+01         6.422387985478327e-10         
2.541250000000000e+01         6.438061278996395e-10         
2.541562500000000e+01         6.453668977681693e-10         
2.541875000000000e+01         6.469179994080711e-10         
2.542187500000000e+01         6.484637612551972e-10         
2.542500000000000e+01         6.500055145705386e-10         
2.542812500000000e+01         6.515398350468008e-10         
2.543125000000000e+01         6.530633856786767e-10         
2.543437500000000e+01         6.545833464063397e-10         
2.543750000000000e+01         6.560914515187249e-10         
2.544062500000000e+01         6.575909180251144e-10         
2.544375000000000e+01         6.590856022931717e-10         
2.544687500000000e+01         6.605708745001206e-10         
2.545000000000000e+01         6.620466588043883e-10         
2.545312500000000e+01         6.635062492445693e-10         
2.545625000000000e+01         6.649629139393391e-10         
2.545937500000000e+01         6.664085715504816e-10         
2.546250000000000e+01         6.678398974682368e-10         
2.546562500000000e+01         6.692643848047713e-10         
2.546875000000000e+01         6.706737867000608e-10         
2.547187500000000e+01         6.720707780588230e-10         
2.547500000000000e+01         6.734597196514150e-10         
2.547812500000000e+01         6.748355506453476e-10         
2.548125000000000e+01         6.761987101093519e-10         
2.548437500000000e+01         6.775416954131982e-10         
2.548750000000000e+01         6.788787117117334e-10         
2.549062500000000e+01         6.802010523153871e-10         
2.549375000000000e+01         6.815053725598061e-10         
2.549687500000000e+01         6.827994005250224e-10         
2.550000000000000e+01         6.840745540661529e-10         
2.550312500000000e+01         6.853337582468115e-10         
2.550625000000000e+01         6.865809143996968e-10         
2.550937500000000e+01         6.878127998743204e-10         
2.551250000000000e+01         6.890273963670373e-10         
2.551562500000000e+01         6.902184795620331e-10         
2.551875000000000e+01         6.913996429140836e-10         
2.552187500000000e+01         6.925628507451163e-10         
2.552500000000000e+01         6.937082092955473e-10         
2.552812500000000e+01         6.948313899134748e-10         
2.553125000000000e+01         6.959372143105690e-10         
2.553437500000000e+01         6.970267756550132e-10         
2.553750000000000e+01         6.980930817299697e-10         
2.554062500000000e+01         6.991442429346755e-10         
2.554375000000000e+01         7.001751719661641e-10         
2.554687500000000e+01         7.011784875634218e-10         
2.555000000000000e+01         7.021685064988022e-10         
2.555312500000000e+01         7.031380401933992e-10         
2.555625000000000e+01         7.040856005375935e-10         
2.555937500000000e+01         7.050079958253143e-10         
2.556250000000000e+01         7.059094983897331e-10         
2.556562500000000e+01         7.067917659159653e-10         
2.556875000000000e+01         7.076475503696066e-10         
2.557187500000000e+01         7.084842805220241e-10         
2.557500000000000e+01         7.092987990382654e-10         
2.557812500000000e+01         7.100821196363652e-10         
2.558125000000000e+01         7.108489746108777e-10         
2.558437500000000e+01         7.115925694777554e-10         
2.558750000000000e+01         7.123114157127675e-10         
2.559062500000000e+01         7.130020416531222e-10         
2.559375000000000e+01         7.136687338503745e-10         
2.559687500000000e+01         7.143141017632651e-10         
2.560000000000000e+01         7.149301585004979e-10         
2.560312500000000e+01         7.155247132935449e-10         
2.560625000000000e+01         7.160942664991897e-10         
2.560937500000000e+01         7.166343289522966e-10         
2.561250000000000e+01         7.171479720070842e-10         
2.561562500000000e+01         7.176398185835693e-10         
2.561875000000000e+01         7.181046893789091e-10         
2.562187500000000e+01         7.185393753626621e-10         
2.562500000000000e+01         7.189479929484903e-10         
2.562812500000000e+01         7.193336585215884e-10         
2.563125000000000e+01         7.196918889803363e-10         
2.563437500000000e+01         7.200191266882908e-10         
2.563750000000000e+01         7.203237402351707e-10         
2.564062500000000e+01         7.205972360874543e-10         
2.564375000000000e+01         7.208427569240820e-10         
2.564687500000000e+01         7.210645635113820e-10         
2.565000000000000e+01         7.212596355513377e-10         
2.565312500000000e+01         7.214263102014301e-10         
2.565625000000000e+01         7.215583805858900e-10         
2.565937500000000e+01         7.216704280786311e-10         
2.566250000000000e+01         7.217541119529012e-10         
2.566562500000000e+01         7.218060797617636e-10         
2.566875000000000e+01         7.218343207435117e-10         
2.567187500000000e+01         7.218320979144553e-10         
2.567500000000000e+01         7.218008515347163e-10         
2.567812500000000e+01         7.217457755332577e-10         
2.568125000000000e+01         7.216636258083473e-10         
2.568437500000000e+01         7.215531246815305e-10         
2.568750000000000e+01         7.214079716232625e-10         
2.569062500000000e+01         7.212425213681806e-10         
2.569375000000000e+01         7.210500268144120e-10         
2.569687500000000e+01         7.208257331563896e-10         
2.570000000000000e+01         7.205779829780760e-10         
2.570312500000000e+01         7.203004953498136e-10         
2.570625000000000e+01         7.199946366083533e-10         
2.570937500000000e+01         7.196656700750572e-10         
2.571250000000000e+01         7.193105958324250e-10         
2.571562500000000e+01         7.189283115121503e-10         
2.571875000000000e+01         7.185121922078603e-10         
2.572187500000000e+01         7.180770737777473e-10         
2.572500000000000e+01         7.176162691600902e-10         
2.572812500000000e+01         7.171287869837072e-10         
2.573125000000000e+01         7.166118994498838e-10         
2.573437500000000e+01         7.160697975031121e-10         
2.573750000000000e+01         7.155063251719080e-10         
2.574062500000000e+01         7.149130616584464e-10         
2.574375000000000e+01         7.142989392776905e-10         
2.574687500000000e+01         7.136604959012466e-10         
2.575000000000000e+01         7.129901167326258e-10         
2.575312500000000e+01         7.123025997307626e-10         
2.575625000000000e+01         7.115917077119449e-10         
2.575937500000000e+01         7.108564686423915e-10         
2.576250000000000e+01         7.100940738757072e-10         
2.576562500000000e+01         7.093090431321809e-10         
2.576875000000000e+01         7.085049546695259e-10         
2.577187500000000e+01         7.076739685938386e-10         
2.577500000000000e+01         7.068245942934479e-10         
2.577812500000000e+01         7.059539009020488e-10         
2.578125000000000e+01         7.050538104112584e-10         
2.578437500000000e+01         7.041394077878827e-10         
2.578750000000000e+01         7.032040266854739e-10         
2.579062500000000e+01         7.022484829768858e-10         
2.579375000000000e+01         7.012682467982368e-10         
2.579687500000000e+01         7.002685483646553e-10         
2.580000000000000e+01         6.992528496721084e-10         
2.580312500000000e+01         6.982134357619988e-10         
2.580625000000000e+01         6.971586640440951e-10         
2.580937500000000e+01         6.960852278276708e-10         
2.581250000000000e+01         6.949910007524937e-10         
2.581562500000000e+01         6.938774500696844e-10         
2.581875000000000e+01         6.927500504377361e-10         
2.582187500000000e+01         6.916059801871362e-10         
2.582500000000000e+01         6.904405928068555e-10         
2.582812500000000e+01         6.892591829737073e-10         
2.583125000000000e+01         6.880646367601306e-10         
2.583437500000000e+01         6.868548984742957e-10         
2.583750000000000e+01         6.856252192124693e-10         
2.584062500000000e+01         6.843840723241570e-10         
2.584375000000000e+01         6.831256233125054e-10         
2.584687500000000e+01         6.818516791205119e-10         
2.585000000000000e+01         6.805671971190432e-10         
2.585312500000000e+01         6.792695020359359e-10         
2.585625000000000e+01         6.779578975940678e-10         
2.585937500000000e+01         6.766265712743613e-10         
2.586250000000000e+01         6.752892547095660e-10         
2.586562500000000e+01         6.739402195661358e-10         
2.586875000000000e+01         6.725749825201938e-10         
2.587187500000000e+01         6.712018322862977e-10         
2.587500000000000e+01         6.698142492230308e-10         
2.587812500000000e+01         6.684158816254772e-10         
2.588125000000000e+01         6.670099494996012e-10         
2.588437500000000e+01         6.655937805241825e-10         
2.588750000000000e+01         6.641682789523385e-10         
2.589062500000000e+01         6.627260096049863e-10         
2.589375000000000e+01         6.612811863592761e-10         
2.589687500000000e+01         6.598280494789854e-10         
2.590000000000000e+01         6.583622137378550e-10         
2.590312500000000e+01         6.568917648612880e-10         
2.590625000000000e+01         6.554103701155936e-10         
2.590937500000000e+01         6.539249522182361e-10         
2.591250000000000e+01         6.524282747590976e-10         
2.591562500000000e+01         6.509280322199395e-10         
2.591875000000000e+01         6.494217121294827e-10         
2.592187500000000e+01         6.479022779584315e-10         
2.592500000000000e+01         6.463830949682220e-10         
2.592812500000000e+01         6.448582271883813e-10         
2.593125000000000e+01         6.433284579792382e-10         
2.593437500000000e+01         6.417896644782313e-10         
2.593750000000000e+01         6.402465035284655e-10         
2.594062500000000e+01         6.387020398205543e-10         
2.594375000000000e+01         6.371495761879977e-10         
2.594687500000000e+01         6.355965646022301e-10         
2.595000000000000e+01         6.340401416987913e-10         
2.595312500000000e+01         6.324736209850025e-10         
2.595625000000000e+01         6.309100823122080e-10         
2.595937500000000e+01         6.293436704653864e-10         
2.596250000000000e+01         6.277750788442879e-10         
2.596562500000000e+01         6.262002362113813e-10         
2.596875000000000e+01         6.246236512126263e-10         
2.597187500000000e+01         6.230480736253833e-10         
2.597500000000000e+01         6.214678123304026e-10         
2.597812500000000e+01         6.198889397089661e-10         
2.598125000000000e+01         6.183088843031643e-10         
2.598437500000000e+01         6.167221764938637e-10         
2.598750000000000e+01         6.151403792457028e-10         
2.599062500000000e+01         6.135579422751950e-10         
2.599375000000000e+01         6.119757697032086e-10         
2.599687500000000e+01         6.103895172099797e-10         
2.600000000000000e+01         6.088039774385122e-10         
2.600312500000000e+01         6.072213805800041e-10         
2.600625000000000e+01         6.056365681399690e-10         
2.600937500000000e+01         6.040552296210592e-10         
2.601250000000000e+01         6.024745299608012e-10         
2.601562500000000e+01         6.008922869076310e-10         
2.601875000000000e+01         5.993111809454268e-10         
2.602187500000000e+01         5.977341534418243e-10         
2.602500000000000e+01         5.961587292869118e-10         
2.602812500000000e+01         5.945824259234803e-10         
2.603125000000000e+01         5.930079051991523e-10         
2.603437500000000e+01         5.914381349319726e-10         
2.603750000000000e+01         5.898710579536117e-10         
2.604062500000000e+01         5.883029452636921e-10         
2.604375000000000e+01         5.867401994570999e-10         
2.604687500000000e+01         5.851775738446303e-10         
2.605000000000000e+01         5.836177451618432e-10         
2.605312500000000e+01         5.820636176729981e-10         
2.605625000000000e+01         5.805124949514320e-10         
2.605937500000000e+01         5.789648403042701e-10         
2.606250000000000e+01         5.774146195572629e-10         
2.606562500000000e+01         5.758733803357322e-10         
2.606875000000000e+01         5.743360128460847e-10         
2.607187500000000e+01         5.727993637876070e-10         
2.607500000000000e+01         5.712694194253485e-10         
2.607812500000000e+01         5.697408343584823e-10         
2.608125000000000e+01         5.682160146413386e-10         
2.608437500000000e+01         5.666981891654259e-10         
2.608750000000000e+01         5.651845319893556e-10         
2.609062500000000e+01         5.636756437103530e-10         
2.609375000000000e+01         5.621652552777285e-10         
2.609687500000000e+01         5.606649085403713e-10         
2.610000000000000e+01         5.591692103064780e-10         
2.610312500000000e+01         5.576756001007440e-10         
2.610625000000000e+01         5.561894156609812e-10         
2.610937500000000e+01         5.547055477314956e-10         
2.611250000000000e+01         5.532292835679000e-10         
2.611562500000000e+01         5.517553311119889e-10         
2.611875000000000e+01         5.502891512131415e-10         
2.612187500000000e+01         5.488281428746003e-10         
2.612500000000000e+01         5.473671282102231e-10         
2.612812500000000e+01         5.459167038860330e-10         
2.613125000000000e+01         5.444716772141190e-10         
2.613437500000000e+01         5.430323116712319e-10         
2.613750000000000e+01         5.415953736788671e-10         
2.614062500000000e+01         5.401642365421928e-10         
2.614375000000000e+01         5.387412567932349e-10         
2.614687500000000e+01         5.373213768905760e-10         
2.615000000000000e+01         5.359098554156632e-10         
2.615312500000000e+01         5.345039366347998e-10         
2.615625000000000e+01         5.330986096251180e-10         
2.615937500000000e+01         5.317046906888554e-10         
2.616250000000000e+01         5.303163867982236e-10         
2.616562500000000e+01         5.289340414339446e-10         
2.616875000000000e+01         5.275552451268684e-10         
2.617187500000000e+01         5.261823272029056e-10         
2.617500000000000e+01         5.248180564358495e-10         
2.617812500000000e+01         5.234573616375847e-10         
2.618125000000000e+01         5.221053207539151e-10         
2.618437500000000e+01         5.207593932287006e-10         
2.618750000000000e+01         5.194142417199572e-10         
2.619062500000000e+01         5.180809211307714e-10         
2.619375000000000e+01         5.167535094905787e-10         
2.619687500000000e+01         5.154322118895799e-10         
2.620000000000000e+01         5.141150861408289e-10         
2.620312500000000e+01         5.128040572783219e-10         
2.620625000000000e+01         5.115017012496001e-10         
2.620937500000000e+01         5.102030507938727e-10         
2.621250000000000e+01         5.089136250897497e-10         
2.621562500000000e+01         5.076303745038798e-10         
2.621875000000000e+01         5.063511638536065e-10         
2.622187500000000e+01         5.050781876679826e-10         
2.622500000000000e+01         5.038141287148032e-10         
2.622812500000000e+01         5.025563787815018e-10         
2.623125000000000e+01         5.013027729154032e-10         
2.623437500000000e+01         5.000554000455653e-10         
2.623750000000000e+01         4.988170409995324e-10         
2.624062500000000e+01         4.975851110457303e-10         
2.624375000000000e+01         4.963570076477036e-10         
2.624687500000000e+01         4.951380006696565e-10         
2.625000000000000e+01         4.939229387912096e-10         
2.625312500000000e+01         4.927139450676433e-10         
2.625625000000000e+01         4.915143842158138e-10         
2.625937500000000e+01         4.903211219826983e-10         
2.626250000000000e+01         4.891342578245755e-10         
2.626562500000000e+01         4.879488626607229e-10         
2.626875000000000e+01         4.867750431718292e-10         
2.627187500000000e+01         4.856074202292387e-10         
2.627500000000000e+01         4.844440176651046e-10         
2.627812500000000e+01         4.832893811396783e-10         
2.628125000000000e+01         4.821388211463646e-10         
2.628437500000000e+01         4.809945529564024e-10         
2.628750000000000e+01         4.798592164551250e-10         
2.629062500000000e+01         4.787304440570230e-10         
2.629375000000000e+01         4.776077756876469e-10         
2.629687500000000e+01         4.764867661029723e-10         
2.630000000000000e+01         4.753771780738806e-10         
2.630312500000000e+01         4.742738296771178e-10         
2.630625000000000e+01         4.731742223595811e-10         
2.630937500000000e+01         4.720836936907461e-10         
2.631250000000000e+01         4.709970324220128e-10         
2.631562500000000e+01         4.699190251369395e-10         
2.631875000000000e+01         4.688450328839009e-10         
2.632187500000000e+01         4.677796011914578e-10         
2.632500000000000e+01         4.667204969078918e-10         
2.632812500000000e+01         4.656628734767964e-10         
2.633125000000000e+01         4.646164692417775e-10         
2.633437500000000e+01         4.635763327128517e-10         
2.633750000000000e+01         4.625421982539183e-10         
2.634062500000000e+01         4.615120839708663e-10         
2.634375000000000e+01         4.604879812171989e-10         
2.634687500000000e+01         4.594726929380197e-10         
2.635000000000000e+01         4.584610165489422e-10         
2.635312500000000e+01         4.574579191771105e-10         
2.635625000000000e+01         4.564610105137481e-10         
2.635937500000000e+01         4.554654108251827e-10         
2.636250000000000e+01         4.544807862234800e-10         
2.636562500000000e+01         4.535021620101825e-10         
2.636875000000000e+01         4.525296237810164e-10         
2.637187500000000e+01         4.515607272141975e-10         
2.637500000000000e+01         4.505979671283739e-10         
2.637812500000000e+01         4.496435205679502e-10         
2.638125000000000e+01         4.486927924631417e-10         
2.638437500000000e+01         4.477502269270621e-10         
2.638750000000000e+01         4.468137348723331e-10         
2.639062500000000e+01         4.458785178631460e-10         
2.639375000000000e+01         4.449537866643030e-10         
2.639687500000000e+01         4.440350918099294e-10         
2.640000000000000e+01         4.431221633189528e-10         
2.640312500000000e+01         4.422128143680828e-10         
2.640625000000000e+01         4.413093868213560e-10         
2.640937500000000e+01         4.404139243468598e-10         
2.641250000000000e+01         4.395221007072825e-10         
2.641562500000000e+01         4.386383147632137e-10         
2.641875000000000e+01         4.377602749567381e-10         
2.642187500000000e+01         4.368856044271721e-10         
2.642500000000000e+01         4.360167010212022e-10         
2.642812500000000e+01         4.351559026273925e-10         
2.643125000000000e+01         4.343005555175056e-10         
2.643437500000000e+01         4.334509771166777e-10         
2.643750000000000e+01         4.326024978474026e-10         
2.644062500000000e+01         4.317642334134950e-10         
2.644375000000000e+01         4.309313313070194e-10         
2.644687500000000e+01         4.301017632389474e-10         
2.645000000000000e+01         4.292802172778590e-10         
2.645312500000000e+01         4.284617859591961e-10         
2.645625000000000e+01         4.276489268190550e-10         
2.645937500000000e+01         4.268438454211945e-10         
2.646250000000000e+01         4.260440839735321e-10         
2.646562500000000e+01         4.252498636309060e-10         
2.646875000000000e+01         4.244565081683968e-10         
2.647187500000000e+01         4.236730449937546e-10         
2.647500000000000e+01         4.228950523538012e-10         
2.647812500000000e+01         4.221201117446856e-10         
2.648125000000000e+01         4.213525756485910e-10         
2.648437500000000e+01         4.205883940096930e-10         
2.648750000000000e+01         4.198293715257345e-10         
2.649062500000000e+01         4.190779184588757e-10         
2.649375000000000e+01         4.183314823244998e-10         
2.649687500000000e+01         4.175904072293086e-10         
2.650000000000000e+01         4.168501554647768e-10         
2.650312500000000e+01         4.161194792414201e-10         
2.650625000000000e+01         4.153940030018007e-10         
2.650937500000000e+01         4.146714142151677e-10         
2.651250000000000e+01         4.139560638546449e-10         
2.651562500000000e+01         4.132436347558144e-10         
2.651875000000000e+01         4.125386781254996e-10         
2.652187500000000e+01         4.118364791200324e-10         
2.652500000000000e+01         4.111415101866565e-10         
2.652812500000000e+01         4.104513882935550e-10         
2.653125000000000e+01         4.097620993162151e-10         
2.653437500000000e+01         4.090819997373080e-10         
2.653750000000000e+01         4.084069973474324e-10         
2.654062500000000e+01         4.077367022469497e-10         
2.654375000000000e+01         4.070694601357463e-10         
2.654687500000000e+01         4.064068615196191e-10         
2.655000000000000e+01         4.057513961926015e-10         
2.655312500000000e+01         4.050987586609798e-10         
2.655625000000000e+01         4.044527830346120e-10         
2.655937500000000e+01         4.038117805257483e-10         
2.656250000000000e+01         4.031713583539071e-10         
2.656562500000000e+01         4.025399991967284e-10         
2.656875000000000e+01         4.019132516002494e-10         
2.657187500000000e+01         4.012912146535814e-10         
2.657500000000000e+01         4.006719770856900e-10         
2.657812500000000e+01         4.000572659257103e-10         
2.658125000000000e+01         3.994492257872798e-10         
2.658437500000000e+01         3.988439752016978e-10         
2.658750000000000e+01         3.982454807026082e-10         
2.659062500000000e+01         3.976513040331628e-10         
2.659375000000000e+01         3.970577463711906e-10         
2.659687500000000e+01         3.964729935396818e-10         
2.660000000000000e+01         3.958927007636720e-10         
2.660312500000000e+01         3.953169300412677e-10         
2.660625000000000e+01         3.947436840217937e-10         
2.660937500000000e+01         3.941748629240280e-10         
2.661250000000000e+01         3.936125290475195e-10         
2.661562500000000e+01         3.930527769181755e-10         
2.661875000000000e+01         3.924994800279265e-10         
2.662187500000000e+01         3.919505391495244e-10         
2.662500000000000e+01         3.914039687701921e-10         
2.662812500000000e+01         3.908618348321510e-10         
2.663125000000000e+01         3.903260858417827e-10         
2.663437500000000e+01         3.897946978528818e-10         
2.663750000000000e+01         3.892676802462857e-10         
2.664062500000000e+01         3.887408865290703e-10         
2.664375000000000e+01         3.882223479285361e-10         
2.664687500000000e+01         3.877083793193972e-10         
2.665000000000000e+01         3.871964649466511e-10         
2.665312500000000e+01         3.866908394365239e-10         
2.665625000000000e+01         3.861874485993155e-10         
2.665937500000000e+01         3.856883819194630e-10         
2.666250000000000e+01         3.851954495559779e-10         
2.666562500000000e+01         3.847067736247310e-10         
2.666875000000000e+01         3.842222624359868e-10         
2.667187500000000e+01         3.837378574478549e-10         
2.667500000000000e+01         3.832616429930354e-10         
2.667812500000000e+01         3.827895552309927e-10         
2.668125000000000e+01         3.823195684600638e-10         
2.668437500000000e+01         3.818557894443875e-10         
2.668750000000000e+01         3.813936967999711e-10         
2.669062500000000e+01         3.809361036923785e-10         
2.669375000000000e+01         3.804844644684871e-10         
2.669687500000000e+01         3.800367412119059e-10         
2.670000000000000e+01         3.795930091620744e-10         
2.670312500000000e+01         3.791492075691011e-10         
2.670625000000000e+01         3.787137206695851e-10         
2.670937500000000e+01         3.782818360832471e-10         
2.671250000000000e+01         3.778521437578846e-10         
2.671562500000000e+01         3.774283101475898e-10         
2.671875000000000e+01         3.770062888343234e-10         
2.672187500000000e+01         3.765901966957588e-10         
2.672500000000000e+01         3.761761429059456e-10         
2.672812500000000e+01         3.757679393828104e-10         
2.673125000000000e+01         3.753634716538521e-10         
2.673437500000000e+01         3.749589968349919e-10         
2.673750000000000e+01         3.745624397572862e-10         
2.674062500000000e+01         3.741695015879621e-10         
2.674375000000000e+01         3.737805698149675e-10         
2.674687500000000e+01         3.733935886708522e-10         
2.675000000000000e+01         3.730100622386627e-10         
2.675312500000000e+01         3.726322758092607e-10         
2.675625000000000e+01         3.722565008450564e-10         
2.675937500000000e+01         3.718865713512433e-10         
2.676250000000000e+01         3.715200263169533e-10         
2.676562500000000e+01         3.711535399520672e-10         
2.676875000000000e+01         3.707945254449272e-10         
2.677187500000000e+01         3.704394297873811e-10         
2.677500000000000e+01         3.700878120262095e-10         
2.677812500000000e+01         3.697379774094035e-10         
2.678125000000000e+01         3.693919209642556e-10         
2.678437500000000e+01         3.690512759816309e-10         
2.678750000000000e+01         3.687126526610638e-10         
2.679062500000000e+01         3.683793383205285e-10         
2.679375000000000e+01         3.680496904047001e-10         
2.679687500000000e+01         3.677196324218783e-10         
2.680000000000000e+01         3.673972838644535e-10         
2.680312500000000e+01         3.670784823907491e-10         
2.680625000000000e+01         3.667630564310572e-10         
2.680937500000000e+01         3.664496985444493e-10         
2.681250000000000e+01         3.661394659704945e-10         
2.681562500000000e+01         3.658349587237863e-10         
2.681875000000000e+01         3.655338001586831e-10         
2.682187500000000e+01         3.652344876886469e-10         
2.682500000000000e+01         3.649405998836746e-10         
2.682812500000000e+01         3.646477710901530e-10         
2.683125000000000e+01         3.643589996744566e-10         
2.683437500000000e+01         3.640754552335136e-10         
2.683750000000000e+01         3.637951829465514e-10         
2.684062500000000e+01         3.635186568555789e-10         
2.684375000000000e+01         3.632414417086102e-10         
2.684687500000000e+01         3.629719078255868e-10         
2.685000000000000e+01         3.627054695754634e-10         
2.685312500000000e+01         3.624406946492000e-10         
2.685625000000000e+01         3.621814543842898e-10         
2.685937500000000e+01         3.619233835955992e-10         
2.686250000000000e+01         3.616688275672161e-10         
2.686562500000000e+01         3.614197486625276e-10         
2.686875000000000e+01         3.611739286886113e-10         
2.687187500000000e+01         3.609312688590551e-10         
2.687500000000000e+01         3.606883546852265e-10         
2.687812500000000e+01         3.604526535307059e-10         
2.688125000000000e+01         3.602202140938021e-10         
2.688437500000000e+01         3.599893505016622e-10         
2.688750000000000e+01         3.597637409524140e-10         
2.689062500000000e+01         3.595393324084136e-10         
2.689375000000000e+01         3.593182078195080e-10         
2.689687500000000e+01         3.591024935317876e-10         
2.690000000000000e+01         3.588902035116647e-10         
2.690312500000000e+01         3.586808429580041e-10         
2.690625000000000e+01         3.584709873951695e-10         
2.690937500000000e+01         3.582685146546142e-10         
2.691250000000000e+01         3.580693103151784e-10         
2.691562500000000e+01         3.578710954705418e-10         
2.691875000000000e+01         3.576784272840933e-10         
2.692187500000000e+01         3.574868915457368e-10         
2.692500000000000e+01         3.573002811100647e-10         
2.692812500000000e+01         3.571154370581462e-10         
2.693125000000000e+01         3.569356377086640e-10         
2.693437500000000e+01         3.567588386757554e-10         
2.693750000000000e+01         3.565814704988612e-10         
2.694062500000000e+01         3.564113548553477e-10         
2.694375000000000e+01         3.562444028062794e-10         
2.694687500000000e+01         3.560805109278052e-10         
2.695000000000000e+01         3.559182151281321e-10         
2.695312500000000e+01         3.557586673340082e-10         
2.695625000000000e+01         3.556045860105079e-10         
2.695937500000000e+01         3.554514723579128e-10         
2.696250000000000e+01         3.553037668018206e-10         
2.696562500000000e+01         3.551591663672662e-10         
2.696875000000000e+01         3.550136296490038e-10         
2.697187500000000e+01         3.548752260063588e-10         
2.697500000000000e+01         3.547402167810743e-10         
2.697812500000000e+01         3.546078676121670e-10         
2.698125000000000e+01         3.544771442997535e-10         
2.698437500000000e+01         3.543494692946623e-10         
2.698750000000000e+01         3.542268013408561e-10         
2.699062500000000e+01         3.541053166626588e-10         
2.699375000000000e+01         3.539889375696597e-10         
2.699687500000000e+01         3.538757757892682e-10         
2.700000000000000e+01         3.537632509880959e-10         
2.700312500000000e+01         3.536546236062926e-10         
2.700625000000000e+01         3.535505735811391e-10         
2.700937500000000e+01         3.534497853619455e-10         
2.701250000000000e+01         3.533500033803278e-10         
2.701562500000000e+01         3.532533971880279e-10         
2.701875000000000e+01         3.531618755877991e-10         
2.702187500000000e+01         3.530732365361771e-10         
2.702500000000000e+01         3.529861647548559e-10         
2.702812500000000e+01         3.529039954974470e-10         
2.703125000000000e+01         3.528227977273123e-10         
2.703437500000000e+01         3.527446848749651e-10         
2.703750000000000e+01         3.526717268650693e-10         
2.704062500000000e+01         3.526018198893731e-10         
2.704375000000000e+01         3.525348170668260e-10         
2.704687500000000e+01         3.524671000600168e-10         
2.705000000000000e+01         3.524063649225134e-10         
2.705312500000000e+01         3.523488347395606e-10         
2.705625000000000e+01         3.522921497642184e-10         
2.705937500000000e+01         3.522405804534366e-10         
2.706250000000000e+01         3.521900356733617e-10         
2.706562500000000e+01         3.521425758356130e-10         
2.706875000000000e+01         3.521002619565340e-10         
2.707187500000000e+01         3.520609593488471e-10         
2.707500000000000e+01         3.520245064760639e-10         
2.707812500000000e+01         3.519874619050920e-10         
2.708125000000000e+01         3.519573266406006e-10         
2.708437500000000e+01         3.519302268254358e-10         
2.708750000000000e+01         3.519040891169130e-10         
2.709062500000000e+01         3.518830516982358e-10         
2.709375000000000e+01         3.518630145805113e-10         
2.709687500000000e+01         3.518463603167011e-10         
2.710000000000000e+01         3.518342269139550e-10         
2.710312500000000e+01         3.518253862909783e-10         
2.710625000000000e+01         3.518195997645669e-10         
2.710937500000000e+01         3.518127096354814e-10         
2.711250000000000e+01         3.518129798154812e-10         
2.711562500000000e+01         3.518162567077575e-10         
2.711875000000000e+01         3.518205244380590e-10         
2.712187500000000e+01         3.518299563082522e-10         
2.712500000000000e+01         3.518403748739901e-10         
2.712812500000000e+01         3.518558168403025e-10         
2.713125000000000e+01         3.518722814148006e-10         
2.713437500000000e+01         3.518937530191164e-10         
2.713750000000000e+01         3.519183178636035e-10         
2.714062500000000e+01         3.519417757458039e-10         
2.714375000000000e+01         3.519724671765158e-10         
2.714687500000000e+01         3.520061752567095e-10         
2.715000000000000e+01         3.520429417023151e-10         
2.715312500000000e+01         3.520806376596318e-10         
2.715625000000000e+01         3.521213166899508e-10         
2.715937500000000e+01         3.521671621004723e-10         
2.716250000000000e+01         3.522139858446471e-10         
2.716562500000000e+01         3.522659215772581e-10         
2.716875000000000e+01         3.523209087146077e-10         
2.717187500000000e+01         3.523751195591099e-10         
2.717500000000000e+01         3.524359196069509e-10         
2.717812500000000e+01         3.525000846297179e-10         
2.718125000000000e+01         3.525672678231226e-10         
2.718437500000000e+01         3.526354342256853e-10         
2.718750000000000e+01         3.527066374486036e-10         
2.719062500000000e+01         3.527830306850151e-10         
2.719375000000000e+01         3.528607074388532e-10         
2.719687500000000e+01         3.529428849770344e-10         
2.720000000000000e+01         3.530284422078350e-10         
2.720312500000000e+01         3.531149652511219e-10         
2.720625000000000e+01         3.532046562104947e-10         
2.720937500000000e+01         3.532994286295475e-10         
2.721250000000000e+01         3.533972634886544e-10         
2.721562500000000e+01         3.534961494748674e-10         
2.721875000000000e+01         3.535980928499448e-10         
2.722187500000000e+01         3.537052190399313e-10         
2.722500000000000e+01         3.538154287607998e-10         
2.722812500000000e+01         3.539266163172277e-10         
2.723125000000000e+01         3.540429513665342e-10         
2.723437500000000e+01         3.541603447179732e-10         
2.723750000000000e+01         3.542808835956677e-10         
2.724062500000000e+01         3.544065611792114e-10         
2.724375000000000e+01         3.545353333174398e-10         
2.724687500000000e+01         3.546672337904270e-10         
2.725000000000000e+01         3.547981518129666e-10         
2.725312500000000e+01         3.549363236285831e-10         
2.725625000000000e+01         3.550776409678107e-10         
2.725937500000000e+01         3.552199103578290e-10         
2.726250000000000e+01         3.553674872090755e-10         
2.726562500000000e+01         3.555160942981209e-10         
2.726875000000000e+01         3.556681483588912e-10         
2.727187500000000e+01         3.558248513402747e-10         
2.727500000000000e+01         3.559849539150128e-10         
2.727812500000000e+01         3.561483161764002e-10         
2.728125000000000e+01         3.563105644176056e-10         
2.728437500000000e+01         3.564802021807714e-10         
2.728750000000000e+01         3.566529978391993e-10         
2.729062500000000e+01         3.568272057766250e-10         
2.729375000000000e+01         3.570061308211731e-10         
2.729687500000000e+01         3.571863814040870e-10         
2.730000000000000e+01         3.573701579763971e-10         
2.730312500000000e+01         3.575586441255295e-10         
2.730625000000000e+01         3.577506077775265e-10         
2.730937500000000e+01         3.579458223481554e-10         
2.731250000000000e+01         3.581403110662943e-10         
2.731562500000000e+01         3.583416676876957e-10         
2.731875000000000e+01         3.585465617460373e-10         
2.732187500000000e+01         3.587528839763004e-10         
2.732500000000000e+01         3.589639865199615e-10         
2.732812500000000e+01         3.591764927278466e-10         
2.733125000000000e+01         3.593943686603906e-10         
2.733437500000000e+01         3.596136662857225e-10         
2.733750000000000e+01         3.598378164316698e-10         
2.734062500000000e+01         3.600655730370260e-10         
2.734375000000000e+01         3.602926129596279e-10         
2.734687500000000e+01         3.605266012740509e-10         
2.735000000000000e+01         3.607641814390371e-10         
2.735312500000000e+01         3.610050886795748e-10         
2.735625000000000e+01         3.612471959996658e-10         
2.735937500000000e+01         3.614926301340079e-10         
2.736250000000000e+01         3.617435525591759e-10         
2.736562500000000e+01         3.619959045032880e-10         
2.736875000000000e+01         3.622532399431345e-10         
2.737187500000000e+01         3.625141083026466e-10         
2.737500000000000e+01         3.627745551597879e-10         
2.737812500000000e+01         3.630419626238574e-10         
2.738125000000000e+01         3.633130187029412e-10         
2.738437500000000e+01         3.635874417052499e-10         
2.738750000000000e+01         3.638634999041083e-10         
2.739062500000000e+01         3.641424390265945e-10         
2.739375000000000e+01         3.644270606927300e-10         
2.739687500000000e+01         3.647134396676095e-10         
2.740000000000000e+01         3.650047201310643e-10         
2.740312500000000e+01         3.652997253298536e-10         
2.740625000000000e+01         3.655961274479556e-10         
2.740937500000000e+01         3.658962174892221e-10         
2.741250000000000e+01         3.662014012236073e-10         
2.741562500000000e+01         3.665102343031465e-10         
2.741875000000000e+01         3.668207803538650e-10         
2.742187500000000e+01         3.671343616363495e-10         
2.742500000000000e+01         3.674537838562822e-10         
2.742812500000000e+01         3.677767681693252e-10         
2.743125000000000e+01         3.681013760700935e-10         
2.743437500000000e+01         3.684312402701232e-10         
2.743750000000000e+01         3.687627650555126e-10         
2.744062500000000e+01         3.690980293953248e-10         
2.744375000000000e+01         3.694384943210200e-10         
2.744687500000000e+01         3.697828392552521e-10         
2.745000000000000e+01         3.701308542191558e-10         
2.745312500000000e+01         3.704784396493233e-10         
2.745625000000000e+01         3.708333972488966e-10         
2.745937500000000e+01         3.711922591583321e-10         
2.746250000000000e+01         3.715528468596991e-10         
2.746562500000000e+01         3.719186914349781e-10         
2.746875000000000e+01         3.722864370427902e-10         
2.747187500000000e+01         3.726580889680401e-10         
2.747500000000000e+01         3.730350431834463e-10         
2.747812500000000e+01         3.734159642133638e-10         
2.748125000000000e+01         3.738007068108906e-10         
2.748437500000000e+01         3.741850983865136e-10         
2.748750000000000e+01         3.745769874863737e-10         
2.749062500000000e+01         3.749729347541075e-10         
2.749375000000000e+01         3.753707526525592e-10         
2.749687500000000e+01         3.757739411048742e-10         
2.750000000000000e+01         3.761791459618556e-10         
2.750312500000000e+01         3.765882544059712e-10         
2.750625000000000e+01         3.770032284487462e-10         
2.750937500000000e+01         3.774217636565787e-10         
2.751250000000000e+01         3.778443658177418e-10         
2.751562500000000e+01         3.782667859291281e-10         
2.751875000000000e+01         3.786968592912293e-10         
2.752187500000000e+01         3.791312852826957e-10         
2.752500000000000e+01         3.795694026925704e-10         
2.752812500000000e+01         3.800095124517043e-10         
2.753125000000000e+01         3.804532520707116e-10         
2.753437500000000e+01         3.809033377545210e-10         
2.753750000000000e+01         3.813554279020803e-10         
2.754062500000000e+01         3.818131650121572e-10         
2.754375000000000e+01         3.822751672770911e-10         
2.754687500000000e+01         3.827370699683525e-10         
2.755000000000000e+01         3.832070854506613e-10         
2.755312500000000e+01         3.836810091884162e-10         
2.755625000000000e+01         3.841591472171101e-10         
2.755937500000000e+01         3.846393838956823e-10         
2.756250000000000e+01         3.851233596010345e-10         
2.756562500000000e+01         3.856137961181752e-10         
2.756875000000000e+01         3.861064250639021e-10         
2.757187500000000e+01         3.866050802817221e-10         
2.757500000000000e+01         3.871077624906416e-10         
2.757812500000000e+01         3.876106397954509e-10         
2.758125000000000e+01         3.881218550669801e-10         
2.758437500000000e+01         3.886370581216101e-10         
2.758750000000000e+01         3.891567701726395e-10         
2.759062500000000e+01         3.896787667528938e-10         
2.759375000000000e+01         3.902047918083100e-10         
2.759687500000000e+01         3.907369577187033e-10         
2.760000000000000e+01         3.912718264225017e-10         
2.760312500000000e+01         3.918128867529979e-10         
2.760625000000000e+01         3.923581049597334e-10         
2.760937500000000e+01         3.929057055110508e-10         
2.761250000000000e+01         3.934578541869030e-10         
2.761562500000000e+01         3.940161839317477e-10         
2.761875000000000e+01         3.945790642733454e-10         
2.762187500000000e+01         3.951444969863280e-10         
2.762500000000000e+01         3.957140667769636e-10         
2.762812500000000e+01         3.962901068943405e-10         
2.763125000000000e+01         3.968708040329851e-10         
2.763437500000000e+01         3.974540096751615e-10         
2.763750000000000e+01         3.980435713550010e-10         
2.764062500000000e+01         3.986356965383886e-10         
2.764375000000000e+01         3.992325463789071e-10         
2.764687500000000e+01         3.998359632533346e-10         
2.765000000000000e+01         4.004438261787937e-10         
2.765312500000000e+01         4.010563890951560e-10         
2.765625000000000e+01         4.016695941726628e-10         
2.765937500000000e+01         4.022913280986392e-10         
2.766250000000000e+01         4.029179890486938e-10         
2.766562500000000e+01         4.035473235925516e-10         
2.766875000000000e+01         4.041832862700054e-10         
2.767187500000000e+01         4.048216708623469e-10         
2.767500000000000e+01         4.054652790923055e-10         
2.767812500000000e+01         4.061156622776864e-10         
2.768125000000000e+01         4.067706140813099e-10         
2.768437500000000e+01         4.074306525386125e-10         
2.768750000000000e+01         4.080911357073049e-10         
2.769062500000000e+01         4.087607439549436e-10         
2.769375000000000e+01         4.094352358514850e-10         
2.769687500000000e+01         4.101124698755233e-10         
2.770000000000000e+01         4.107968709844740e-10         
2.770312500000000e+01         4.114838446975494e-10         
2.770625000000000e+01         4.121762486090462e-10         
2.770937500000000e+01         4.128755621148086e-10         
2.771250000000000e+01         4.135797884724116e-10         
2.771562500000000e+01         4.142891245837702e-10         
2.771875000000000e+01         4.149993259852308e-10         
2.772187500000000e+01         4.157188716353676e-10         
2.772500000000000e+01         4.164432982346099e-10         
2.772812500000000e+01         4.171731367598341e-10         
2.773125000000000e+01         4.179059486491290e-10         
2.773437500000000e+01         4.186437044966138e-10         
2.773750000000000e+01         4.193891075876864e-10         
2.774062500000000e+01         4.201375010835382e-10         
2.774375000000000e+01         4.208933249927229e-10         
2.774687500000000e+01         4.216543177926392e-10         
2.775000000000000e+01         4.224164971658849e-10         
2.775312500000000e+01         4.231881814443101e-10         
2.775625000000000e+01         4.239650382512527e-10         
2.775937500000000e+01         4.247476656254097e-10         
2.776250000000000e+01         4.255333869509264e-10         
2.776562500000000e+01         4.263244182804520e-10         
2.776875000000000e+01         4.271231393201778e-10         
2.777187500000000e+01         4.279250886947844e-10         
2.777500000000000e+01         4.287347684480163e-10         
2.777812500000000e+01         4.295498297335847e-10         
2.778125000000000e+01         4.303661746602623e-10         
2.778437500000000e+01         4.311924346863524e-10         
2.778750000000000e+01         4.320243370809771e-10         
2.779062500000000e+01         4.328620435833947e-10         
2.779375000000000e+01         4.337050502457261e-10         
2.779687500000000e+01         4.345495463788171e-10         
2.780000000000000e+01         4.354040802010729e-10         
2.780312500000000e+01         4.362642144619423e-10         
2.780625000000000e+01         4.371303978781485e-10         
2.780937500000000e+01         4.379978814050577e-10         
2.781250000000000e+01         4.388753505475272e-10         
2.781562500000000e+01         4.397587180888362e-10         
2.781875000000000e+01         4.406479898489988e-10         
2.782187500000000e+01         4.415386170355322e-10         
2.782500000000000e+01         4.424397773894832e-10         
2.782812500000000e+01         4.433466493040951e-10         
2.783125000000000e+01         4.442552076223326e-10         
2.783437500000000e+01         4.451741429832781e-10         
2.783750000000000e+01         4.460989013500340e-10         
2.784062500000000e+01         4.470299860058552e-10         
2.784375000000000e+01         4.479624252457527e-10         
2.784687500000000e+01         4.489055264963201e-10         
2.785000000000000e+01         4.498546561581219e-10         
2.785312500000000e+01         4.508098198278402e-10         
2.785625000000000e+01         4.517714497328399e-10         
2.785937500000000e+01         4.527345725893636e-10         
2.786250000000000e+01         4.537082851745504e-10         
2.786562500000000e+01         4.546883173211164e-10         
2.786875000000000e+01         4.556745877294616e-10         
2.787187500000000e+01         4.566672302534260e-10         
2.787500000000000e+01         4.576617385946630e-10         
2.787812500000000e+01         4.586669314001108e-10         
2.788125000000000e+01         4.596786184823690e-10         
2.788437500000000e+01         4.606920838139705e-10         
2.788750000000000e+01         4.617165510779771e-10         
2.789062500000000e+01         4.627476360627834e-10         
2.789375000000000e+01         4.637803890253268e-10         
2.789687500000000e+01         4.648245385402326e-10         
2.790000000000000e+01         4.658748185122072e-10         
2.790312500000000e+01         4.669317798698527e-10         
2.790625000000000e+01         4.679907011231264e-10         
2.790937500000000e+01         4.690606029236632e-10         
2.791250000000000e+01         4.701374138788207e-10         
2.791562500000000e+01         4.712207653078593e-10         
2.791875000000000e+01         4.723108637028156e-10         
2.792187500000000e+01         4.734028426542380e-10         
2.792500000000000e+01         4.745063317674082e-10         
2.792812500000000e+01         4.756163800388596e-10         
2.793125000000000e+01         4.767333853128459e-10         
2.793437500000000e+01         4.778572774333918e-10         
2.793750000000000e+01         4.789830345916340e-10         
2.794062500000000e+01         4.801205403137404e-10         
2.794375000000000e+01         4.812646712032226e-10         
2.794687500000000e+01         4.824158249885579e-10         
2.795000000000000e+01         4.835690901895987e-10         
2.795312500000000e+01         4.847340105892971e-10         
2.795625000000000e+01         4.859058984059736e-10         
2.795937500000000e+01         4.870799905375518e-10         
2.796250000000000e+01         4.882658682657257e-10         
2.796562500000000e+01         4.894588069041611e-10         
2.796875000000000e+01         4.906538177234423e-10         
2.797187500000000e+01         4.918608455790007e-10         
2.797500000000000e+01         4.930748225554307e-10         
2.797812500000000e+01         4.942958618262358e-10         
2.798125000000000e+01         4.955240935248791e-10         
2.798437500000000e+01         4.967546942078982e-10         
2.798750000000000e+01         4.979971700090880e-10         
2.799062500000000e+01         4.992466982190090e-10         
2.799375000000000e+01         5.005035212714304e-10         
2.799687500000000e+01         5.017676094606743e-10         
2.800000000000000e+01         5.030338804112503e-10         
2.800312500000000e+01         5.043123710384445e-10         
2.800625000000000e+01         5.055981193920109e-10         
2.800937500000000e+01         5.068910585500908e-10         
2.801250000000000e+01         5.081862306865620e-10         
2.801562500000000e+01         5.094936669508886e-10         
2.801875000000000e+01         5.108085578002460e-10         
2.802187500000000e+01         5.121307421285574e-10         
2.802500000000000e+01         5.134550958251935e-10         
2.802812500000000e+01         5.147918851965544e-10         
2.803125000000000e+01         5.161361189749220e-10         
2.803437500000000e+01         5.174823864962246e-10         
2.803750000000000e+01         5.188412300768333e-10         
2.804062500000000e+01         5.202074098494502e-10         
2.804375000000000e+01         5.215807706757059e-10         
2.804687500000000e+01         5.229566778918869e-10         
2.805000000000000e+01         5.243452134810622e-10         
2.805312500000000e+01         5.257408066837057e-10         
2.805625000000000e+01         5.271437729357044e-10         
2.805937500000000e+01         5.285545362429068e-10         
2.806250000000000e+01         5.299673172804250e-10         
2.806562500000000e+01         5.313924279115507e-10         
2.806875000000000e+01         5.328250072960951e-10         
2.807187500000000e+01         5.342651390882431e-10         
2.807500000000000e+01         5.357125824577434e-10         
2.807812500000000e+01         5.371622889826580e-10         
2.808125000000000e+01         5.386246271793329e-10         
2.808437500000000e+01         5.400941276226678e-10         
2.808750000000000e+01         5.415657841346634e-10         
2.809062500000000e+01         5.430501999936649e-10         
2.809375000000000e+01         5.445420652427186e-10         
2.809687500000000e+01         5.460355963702794e-10         
2.810000000000000e+01         5.475419116465541e-10         
2.810312500000000e+01         5.490555759874184e-10         
2.810625000000000e+01         5.505763272052293e-10         
2.810937500000000e+01         5.520993697644573e-10         
2.811250000000000e+01         5.536345605572648e-10         
2.811562500000000e+01         5.551773943552802e-10         
2.811875000000000e+01         5.567270780140444e-10         
2.812187500000000e+01         5.582841029701492e-10         
2.812500000000000e+01         5.598432571186816e-10         
2.812812500000000e+01         5.614144787644273e-10         
2.813125000000000e+01         5.629928401565419e-10         
2.813437500000000e+01         5.645784771077209e-10         
2.813750000000000e+01         5.661710259311892e-10         
2.814062500000000e+01         5.677652132506644e-10         
2.814375000000000e+01         5.693716228635206e-10         
2.814687500000000e+01         5.709852129025020e-10         
2.815000000000000e+01         5.726055963771737e-10         
2.815312500000000e+01         5.742271317217763e-10         
2.815625000000000e+01         5.758612072531882e-10         
2.815937500000000e+01         5.775022627186300e-10         
2.816250000000000e+01         5.791439834096197e-10         
2.816562500000000e+01         5.807981261699658e-10         
2.816875000000000e+01         5.824591529746461e-10         
2.817187500000000e+01         5.841208744565124e-10         
2.817500000000000e+01         5.857945029415720e-10         
2.817812500000000e+01         5.874749327874402e-10         
2.818125000000000e+01         5.891613623405706e-10         
2.818437500000000e+01         5.908541714028561e-10         
2.818750000000000e+01         5.925477322097727e-10         
2.819062500000000e+01         5.942532436158892e-10         
2.819375000000000e+01         5.959643632609908e-10         
2.819687500000000e+01         5.976816357024650e-10         
2.820000000000000e+01         5.994052316419829e-10         
2.820312500000000e+01         6.011286482296777e-10         
2.820625000000000e+01         6.028634587700672e-10         
2.820937500000000e+01         6.046040398173395e-10         
2.821250000000000e+01         6.063503386763314e-10         
2.821562500000000e+01         6.080958589150638e-10         
2.821875000000000e+01         6.098531687390205e-10         
2.822187500000000e+01         6.116157387038775e-10         
2.822500000000000e+01         6.133830634578785e-10         
2.822812500000000e+01         6.151494537724718e-10         
2.823125000000000e+01         6.169272468234255e-10         
2.823437500000000e+01         6.187097231317224e-10         
2.823750000000000e+01         6.204906327751878e-10         
2.824062500000000e+01         6.222823137985457e-10         
2.824375000000000e+01         6.240785722698579e-10         
2.824687500000000e+01         6.258789156018144e-10         
2.825000000000000e+01         6.276776780035358e-10         
2.825312500000000e+01         6.294864604792755e-10         
2.825625000000000e+01         6.312993023807376e-10         
2.825937500000000e+01         6.331156313097442e-10         
2.826250000000000e+01         6.349355567091420e-10         
2.826562500000000e+01         6.367537449406821e-10         
2.826875000000000e+01         6.385805301001687e-10         
2.827187500000000e+01         6.404105020436127e-10         
2.827500000000000e+01         6.422441097982282e-10         
2.827812500000000e+01         6.440799472034598e-10         
2.828125000000000e+01         6.459126201828209e-10         
2.828437500000000e+01         6.477536461635917e-10         
2.828750000000000e+01         6.495973232585723e-10         
2.829062500000000e+01         6.514363944773427e-10         
2.829375000000000e+01         6.532838877163817e-10         
2.829687500000000e+01         6.551334588506979e-10         
2.830000000000000e+01         6.569780814357369e-10         
2.830312500000000e+01         6.588299988558923e-10         
2.830625000000000e+01         6.606831070478092e-10         
2.830937500000000e+01         6.625374969170742e-10         
2.831250000000000e+01         6.643864297265690e-10         
2.831562500000000e+01         6.662415573273142e-10         
2.831875000000000e+01         6.680974257190810e-10         
2.832187500000000e+01         6.699530255964494e-10         
2.832500000000000e+01         6.718081604870130e-10         
2.832812500000000e+01         6.736569179132914e-10         
2.833125000000000e+01         6.755115541136358e-10         
2.833437500000000e+01         6.773645147834705e-10         
2.833750000000000e+01         6.792164621229600e-10         
2.834062500000000e+01         6.810673415106425e-10         
2.834375000000000e+01         6.829098766312084e-10         
2.834687500000000e+01         6.847565608029637e-10         
2.835000000000000e+01         6.866010764161174e-10         
2.835312500000000e+01         6.884435102190762e-10         
2.835625000000000e+01         6.902757251742224e-10         
2.835937500000000e+01         6.921122865962866e-10         
2.836250000000000e+01         6.939452362132444e-10         
2.836562500000000e+01         6.957673183055506e-10         
2.836875000000000e+01         6.975919462210931e-10         
2.837187500000000e+01         6.994130780112246e-10         
2.837500000000000e+01         7.012225046490381e-10         
2.837812500000000e+01         7.030333540258703e-10         
2.838125000000000e+01         7.048391006011754e-10         
2.838437500000000e+01         7.066396609658936e-10         
2.838750000000000e+01         7.084337711421087e-10         
2.839062500000000e+01         7.102151987105597e-10         
2.839375000000000e+01         7.119963927526672e-10         
2.839687500000000e+01         7.137713336126461e-10         
2.840000000000000e+01         7.155384192089991e-10         
2.840312500000000e+01         7.172980090412367e-10         
2.840625000000000e+01         7.190436678067988e-10         
2.840937500000000e+01         7.207868411219259e-10         
2.841250000000000e+01         7.225214044487178e-10         
2.841562500000000e+01         7.242474790285072e-10         
2.841875000000000e+01         7.259565177440552e-10         
2.842187500000000e+01         7.276634098208456e-10         
2.842500000000000e+01         7.293596034849629e-10         
2.842812500000000e+01         7.310458910147837e-10         
2.843125000000000e+01         7.327136676615345e-10         
2.843437500000000e+01         7.343770490945633e-10         
2.843750000000000e+01         7.360296137480445e-10         
2.844062500000000e+01         7.376629471524625e-10         
2.844375000000000e+01         7.392903839132187e-10         
2.844687500000000e+01         7.409050067890021e-10         
2.845000000000000e+01         7.425070416064610e-10         
2.845312500000000e+01         7.440882631927833e-10         
2.845625000000000e+01         7.456621665835178e-10         
2.845937500000000e+01         7.472222791838760e-10         
2.846250000000000e+01         7.487670953095095e-10         
2.846562500000000e+01         7.502966892163094e-10         
2.846875000000000e+01         7.518040395553643e-10         
2.847187500000000e+01         7.533027697085265e-10         
2.847500000000000e+01         7.547845245925465e-10         
2.847812500000000e+01         7.562495782987554e-10         
2.848125000000000e+01         7.576981405184354e-10         
2.848437500000000e+01         7.591217576671123e-10         
2.848750000000000e+01         7.605342567135907e-10         
2.849062500000000e+01         7.619284672664883e-10         
2.849375000000000e+01         7.632970982948420e-10         
2.849687500000000e+01         7.646535481196926e-10         
2.850000000000000e+01         7.659911223803206e-10         
2.850312500000000e+01         7.673014023527770e-10         
2.850625000000000e+01         7.685983630139716e-10         
2.850937500000000e+01         7.698745717257531e-10         
2.851250000000000e+01         7.711305461278308e-10         
2.851562500000000e+01         7.723575062011363e-10         
2.851875000000000e+01         7.735697780725850e-10         
2.852187500000000e+01         7.747599032815060e-10         
2.852500000000000e+01         7.759281831207607e-10         
2.852812500000000e+01         7.770730927796957e-10         
2.853125000000000e+01         7.781879795415676e-10         
2.853437500000000e+01         7.792862510317733e-10         
2.853750000000000e+01         7.803613069008271e-10         
2.854062500000000e+01         7.814115726058940e-10         
2.854375000000000e+01         7.824373998476117e-10         
2.854687500000000e+01         7.834320528732384e-10         
2.855000000000000e+01         7.844079663544515e-10         
2.855312500000000e+01         7.853584738511511e-10         
2.855625000000000e+01         7.862838248508384e-10         
2.855937500000000e+01         7.871749498659936e-10         
2.856250000000000e+01         7.880480122856976e-10         
2.856562500000000e+01         7.888938851710576e-10         
2.856875000000000e+01         7.897058403233680e-10         
2.857187500000000e+01         7.904977734499182e-10         
2.857500000000000e+01         7.912623074822402e-10         
2.857812500000000e+01         7.919922140181985e-10         
2.858125000000000e+01         7.927019811145754e-10         
2.858437500000000e+01         7.933830628224176e-10         
2.858750000000000e+01         7.940357953370987e-10         
2.859062500000000e+01         7.946607564926859e-10         
2.859375000000000e+01         7.952493889914075e-10         
2.859687500000000e+01         7.958161594081023e-10         
2.860000000000000e+01         7.963545602607776e-10         
2.860312500000000e+01         7.968631254980765e-10         
2.860625000000000e+01         7.973423697653670e-10         
2.860937500000000e+01         7.977850456809479e-10         
2.861250000000000e+01         7.982057589956055e-10         
2.861562500000000e+01         7.985961272329997e-10         
2.861875000000000e+01         7.989567075479998e-10         
2.862187500000000e+01         7.992802371529553e-10         
2.862500000000000e+01         7.995814272587097e-10         
2.862812500000000e+01         7.998518653903211e-10         
2.863125000000000e+01         8.000921962635411e-10         
2.863437500000000e+01         8.002951724394594e-10         
2.863750000000000e+01         8.004749383659241e-10         
2.864062500000000e+01         8.006251068257319e-10         
2.864375000000000e+01         8.007372369243178e-10         
2.864687500000000e+01         8.008261358489713e-10         
2.865000000000000e+01         8.008847047691073e-10         
2.865312500000000e+01         8.009136406532630e-10         
2.865625000000000e+01         8.009046503132260e-10         
2.865937500000000e+01         8.008724281881587e-10         
2.866250000000000e+01         8.008101473000401e-10         
2.866562500000000e+01         8.007184268810186e-10         
2.866875000000000e+01         8.005959727672306e-10         
2.867187500000000e+01         8.004364833719684e-10         
2.867500000000000e+01         8.002543832482159e-10         
2.867812500000000e+01         8.000430715566286e-10         
2.868125000000000e+01         7.998015923973172e-10         
2.868437500000000e+01         7.995306245882982e-10         
2.868750000000000e+01         7.992239020459346e-10         
2.869062500000000e+01         7.988944704390092e-10         
2.869375000000000e+01         7.985360298925901e-10         
2.869687500000000e+01         7.981417312162991e-10         
2.870000000000000e+01         7.977258200124253e-10         
2.870312500000000e+01         7.972820268967335e-10         
2.870625000000000e+01         7.968017745174468e-10         
2.870937500000000e+01         7.963017364103185e-10         
2.871250000000000e+01         7.957733079673854e-10         
2.871562500000000e+01         7.952172963837131e-10         
2.871875000000000e+01         7.946269017349295e-10         
2.872187500000000e+01         7.940170798612492e-10         
2.872500000000000e+01         7.933798435612785e-10         
2.872812500000000e+01         7.927160507788296e-10         
2.873125000000000e+01         7.920265031884386e-10         
2.873437500000000e+01         7.913034326959039e-10         
2.873750000000000e+01         7.905616411471518e-10         
2.874062500000000e+01         7.897950313614992e-10         
2.874375000000000e+01         7.890025930822022e-10         
2.874687500000000e+01         7.881854341428335e-10         
2.875000000000000e+01         7.873368549821435e-10         
2.875312500000000e+01         7.864716513054517e-10         
2.875625000000000e+01         7.855819740196792e-10         
2.875937500000000e+01         7.846687636692394e-10         
2.876250000000000e+01         7.837255622790873e-10         
2.876562500000000e+01         7.827669633809525e-10         
2.876875000000000e+01         7.817853257491523e-10         
2.877187500000000e+01         7.807741201624519e-10         
2.877500000000000e+01         7.797491212472518e-10         
2.877812500000000e+01         7.787021998165692e-10         
2.878125000000000e+01         7.776273605539841e-10         
2.878437500000000e+01         7.765393332013956e-10         
2.878750000000000e+01         7.754304908452557e-10         
2.879062500000000e+01         7.743015426843438e-10         
2.879375000000000e+01         7.731536926633056e-10         
2.879687500000000e+01         7.719792041669935e-10         
2.880000000000000e+01         7.707927328626565e-10         
2.880312500000000e+01         7.695880315777376e-10         
2.880625000000000e+01         7.683656581838297e-10         
2.880937500000000e+01         7.671250774018750e-10         
2.881250000000000e+01         7.658604057130044e-10         
2.881562500000000e+01         7.645858542665630e-10         
2.881875000000000e+01         7.632950939899095e-10         
2.882187500000000e+01         7.619877107895221e-10         
2.882500000000000e+01         7.606573795110275e-10         
2.882812500000000e+01         7.593199978613334e-10         
2.883125000000000e+01         7.579665695518790e-10         
2.883437500000000e+01         7.565987308620817e-10         
2.883750000000000e+01         7.552098726651751e-10         
2.884062500000000e+01         7.538137896439738e-10         
2.884375000000000e+01         7.524049496088314e-10         
2.884687500000000e+01         7.509751648467311e-10         
2.885000000000000e+01         7.495406064449729e-10         
2.885312500000000e+01         7.480931138850201e-10         
2.885625000000000e+01         7.466337252380994e-10         
2.885937500000000e+01         7.451561557421204e-10         
2.886250000000000e+01         7.436743072689844e-10         
2.886562500000000e+01         7.421813866944732e-10         
2.886875000000000e+01         7.406778730971414e-10         
2.887187500000000e+01         7.391648210521470e-10         
2.887500000000000e+01         7.376350379675336e-10         
2.887812500000000e+01         7.361023036237978e-10         
2.888125000000000e+01         7.345610884515236e-10         
2.888437500000000e+01         7.330105516508088e-10         
2.888750000000000e+01         7.314516686193717e-10         
2.889062500000000e+01         7.298782854479438e-10         
2.889375000000000e+01         7.283042152464519e-10         
2.889687500000000e+01         7.267224210382042e-10         
2.890000000000000e+01         7.251267217826980e-10         
2.890312500000000e+01         7.235316029267068e-10         
2.890625000000000e+01         7.219301224447543e-10         
2.890937500000000e+01         7.203223813511739e-10         
2.891250000000000e+01         7.187016855556079e-10         
2.891562500000000e+01         7.170830590041251e-10         
2.891875000000000e+01         7.154589569338958e-10         
2.892187500000000e+01         7.138235099466769e-10         
2.892500000000000e+01         7.121905027846809e-10         
2.892812500000000e+01         7.105526225211009e-10         
2.893125000000000e+01         7.089110899252074e-10         
2.893437500000000e+01         7.072661399700606e-10         
2.893750000000000e+01         7.056112212918115e-10         
2.894062500000000e+01         7.039593657271032e-10         
2.894375000000000e+01         7.023047523372008e-10         
2.894687500000000e+01         7.006480260960481e-10         
2.895000000000000e+01         6.989883809475480e-10         
2.895312500000000e+01         6.973206990483614e-10         
2.895625000000000e+01         6.956572812398822e-10         
2.895937500000000e+01         6.939928121771039e-10         
2.896250000000000e+01         6.923267480300635e-10         
2.896562500000000e+01         6.906530193655375e-10         
2.896875000000000e+01         6.889856686169863e-10         
2.897187500000000e+01         6.873171232853491e-10         
2.897500000000000e+01         6.856417409469720e-10         
2.897812500000000e+01         6.839728368166887e-10         
2.898125000000000e+01         6.823037430200134e-10         
2.898437500000000e+01         6.806289036552599e-10         
2.898750000000000e+01         6.789608267970598e-10         
2.899062500000000e+01         6.772934817985288e-10         
2.899375000000000e+01         6.756269564692608e-10         
2.899687500000000e+01         6.739614062981281e-10         
2.900000000000000e+01         6.722910563751724e-10         
2.900312500000000e+01         6.706286061240222e-10         
2.900625000000000e+01         6.689673525998694e-10         
2.900937500000000e+01         6.673082191164737e-10         
2.901250000000000e+01         6.656511997417476e-10         
2.901562500000000e+01         6.639900430309036e-10         
2.901875000000000e+01         6.623373150910812e-10         
2.902187500000000e+01         6.606872758936073e-10         
2.902500000000000e+01         6.590398066301201e-10         
2.902812500000000e+01         6.573887830597289e-10         
2.903125000000000e+01         6.557472984991087e-10         
2.903437500000000e+01         6.541089480827675e-10         
2.903750000000000e+01         6.524735841641904e-10         
2.904062500000000e+01         6.508354495135850e-10         
2.904375000000000e+01         6.492073470504711e-10         
2.904687500000000e+01         6.475828032700884e-10         
2.905000000000000e+01         6.459557012656710e-10         
2.905312500000000e+01         6.443386637705345e-10         
2.905625000000000e+01         6.427260502096733e-10         
2.905937500000000e+01         6.411173464502827e-10         
2.906250000000000e+01         6.395071135529952e-10         
2.906562500000000e+01         6.379071535375844e-10         
2.906875000000000e+01         6.363116432720387e-10         
2.907187500000000e+01         6.347206855764938e-10         
2.907500000000000e+01         6.331346051307610e-10         
2.907812500000000e+01         6.315473550304580e-10         
2.908125000000000e+01         6.299708551441656e-10         
2.908437500000000e+01         6.283991117200480e-10         
2.908750000000000e+01         6.268331938956217e-10         
2.909062500000000e+01         6.252716885754477e-10         
2.909375000000000e+01         6.237100734591875e-10         
2.909687500000000e+01         6.221594858925228e-10         
2.910000000000000e+01         6.206143459368584e-10         
2.910312500000000e+01         6.190689177043587e-10         
2.910625000000000e+01         6.175347098653106e-10         
2.910937500000000e+01         6.160066161322579e-10         
2.911250000000000e+01         6.144837056551056e-10         
2.911562500000000e+01         6.129610356695414e-10         
2.911875000000000e+01         6.114499666879413e-10         
2.912187500000000e+01         6.099448549673214e-10         
2.912500000000000e+01         6.084398348518224e-10         
2.912812500000000e+01         6.069465655796368e-10         
2.913125000000000e+01         6.054596148330383e-10         
2.913437500000000e+01         6.039784961650166e-10         
2.913750000000000e+01         6.025037147427568e-10         
2.914062500000000e+01         6.010295875843499e-10         
2.914375000000000e+01         5.995673159833765e-10         
2.914687500000000e+01         5.981111484504835e-10         
2.915000000000000e+01         5.966613140953940e-10         
2.915312500000000e+01         5.952182467458873e-10         
2.915625000000000e+01         5.937759798294645e-10         
2.915937500000000e+01         5.923455879316628e-10         
2.916250000000000e+01         5.909219006138627e-10         
2.916562500000000e+01         5.895046557971444e-10         
2.916875000000000e+01         5.880882250320030e-10         
2.917187500000000e+01         5.866843474896953e-10         
2.917500000000000e+01         5.852868986761123e-10         
2.917812500000000e+01         5.838904151250479e-10         
2.918125000000000e+01         5.825063492615206e-10         
2.918437500000000e+01         5.811288880138809e-10         
2.918750000000000e+01         5.797530223392445e-10         
2.919062500000000e+01         5.783891235909657e-10         
2.919375000000000e+01         5.770319663880822e-10         
2.919687500000000e+01         5.756816100726622e-10         
2.920000000000000e+01         5.743380417600286e-10         
2.920312500000000e+01         5.729960568017543e-10         
2.920625000000000e+01         5.716662607061590e-10         
2.920937500000000e+01         5.703431416415397e-10         
2.921250000000000e+01         5.690269699377052e-10         
2.921562500000000e+01         5.677178522183784e-10         
2.921875000000000e+01         5.664101253265550e-10         
2.922187500000000e+01         5.651146594593939e-10         
2.922500000000000e+01         5.638258305327220e-10         
2.922812500000000e+01         5.625441892705233e-10         
2.923125000000000e+01         5.612639979251029e-10         
2.923437500000000e+01         5.599961295012968e-10         
2.923750000000000e+01         5.587352387953200e-10         
2.924062500000000e+01         5.574810767680368e-10         
2.924375000000000e+01         5.562284461084854e-10         
2.924687500000000e+01         5.549883087297464e-10         
2.925000000000000e+01         5.537548603840036e-10         
2.925312500000000e+01         5.525232248824988e-10         
2.925625000000000e+01         5.513036277480760e-10         
2.925937500000000e+01         5.500909872336032e-10         
2.926250000000000e+01         5.488850976752871e-10         
2.926562500000000e+01         5.476812690080471e-10         
2.926875000000000e+01         5.464893848450539e-10         
2.927187500000000e+01         5.453042876534440e-10         
2.927500000000000e+01         5.441258977103665e-10         
2.927812500000000e+01         5.429547051625499e-10         
2.928125000000000e+01         5.417848945812562e-10         
2.928437500000000e+01         5.406272758227815e-10         
2.928750000000000e+01         5.394767249831583e-10         
2.929062500000000e+01         5.383325458799649e-10         
2.929375000000000e+01         5.371954154881873e-10         
2.929687500000000e+01         5.360602559291208e-10         
2.930000000000000e+01         5.349366447892028e-10         
2.930312500000000e+01         5.338199126131273e-10         
2.930625000000000e+01         5.327051082032534e-10         
2.930937500000000e+01         5.316017760656342e-10         
2.931250000000000e+01         5.305054248908725e-10         
2.931562500000000e+01         5.294155525777999e-10         
2.931875000000000e+01         5.283277955110929e-10         
2.932187500000000e+01         5.272514728590812e-10         
2.932500000000000e+01         5.261819391194193e-10         
2.932812500000000e+01         5.251140631485729e-10         
2.933125000000000e+01         5.240581775535030e-10         
2.933437500000000e+01         5.230084580156722e-10         
2.933750000000000e+01         5.219652943368993e-10         
2.934062500000000e+01         5.209292799016191e-10         
2.934375000000000e+01         5.198946240217400e-10         
2.934687500000000e+01         5.188714702697649e-10         
2.935000000000000e+01         5.178548378192619e-10         
2.935312500000000e+01         5.168448992408705e-10         
2.935625000000000e+01         5.158414151959624e-10         
2.935937500000000e+01         5.148394570026754e-10         
2.936250000000000e+01         5.138488954624988e-10         
2.936562500000000e+01         5.128649482048210e-10         
2.936875000000000e+01         5.118871649781598e-10         
2.937187500000000e+01         5.109114690017825e-10         
2.937500000000000e+01         5.099467653908895e-10         
2.937812500000000e+01         5.089885795244970e-10         
2.938125000000000e+01         5.080316345750768e-10         
2.938437500000000e+01         5.070858273185935e-10         
2.938750000000000e+01         5.061468013535928e-10         
2.939062500000000e+01         5.052089995471302e-10         
2.939375000000000e+01         5.042822960389225e-10         
2.939687500000000e+01         5.033618914303583e-10         
2.940000000000000e+01         5.024478892814369e-10         
2.940312500000000e+01         5.015399637841210e-10         
2.940625000000000e+01         5.006335084981486e-10         
2.940937500000000e+01         4.997378941920756e-10         
2.941250000000000e+01         4.988486953961189e-10         
2.941562500000000e+01         4.979653976642220e-10         
2.941875000000000e+01         4.970884802842510e-10         
2.942187500000000e+01         4.962127200877062e-10         
2.942500000000000e+01         4.953478319193053e-10         
2.942812500000000e+01         4.944889867757251e-10         
2.943125000000000e+01         4.936361217571096e-10         
2.943437500000000e+01         4.927894603160697e-10         
2.943750000000000e+01         4.919438528009055e-10         
2.944062500000000e+01         4.911091543828262e-10         
2.944375000000000e+01         4.902801266574148e-10         
2.944687500000000e+01         4.894528325551585e-10         
2.945000000000000e+01         4.886359765554870e-10         
2.945312500000000e+01         4.878247869596310e-10         
2.945625000000000e+01         4.870148359021117e-10         
2.945937500000000e+01         4.862154639230267e-10         
2.946250000000000e+01         4.854222061955727e-10         
2.946562500000000e+01         4.846343404394272e-10         
2.946875000000000e+01         4.838476471320350e-10         
2.947187500000000e+01         4.830716319864972e-10         
2.947500000000000e+01         4.823011594754315e-10         
2.947812500000000e+01         4.815365796290362e-10         
2.948125000000000e+01         4.807773591436600e-10         
2.948437500000000e+01         4.800195254994959e-10         
2.948750000000000e+01         4.792717286117514e-10         
2.949062500000000e+01         4.785297545662434e-10         
2.949375000000000e+01         4.777933368689821e-10         
2.949687500000000e+01         4.770623121445674e-10         
2.950000000000000e+01         4.763325760649580e-10         
2.950312500000000e+01         4.756128221966177e-10         
2.950625000000000e+01         4.748987059230156e-10         
2.950937500000000e+01         4.741853220871431e-10         
2.951250000000000e+01         4.734820719953648e-10         
2.951562500000000e+01         4.727842197022373e-10         
2.951875000000000e+01         4.720918351174869e-10         
2.952187500000000e+01         4.714006523290319e-10         
2.952500000000000e+01         4.707189841845365e-10         
2.952812500000000e+01         4.700430216321664e-10         
2.953125000000000e+01         4.693675167364861e-10         
2.953437500000000e+01         4.687022878328600e-10         
2.953750000000000e+01         4.680420112395343e-10         
2.954062500000000e+01         4.673871662326432e-10         
2.954375000000000e+01         4.667377227420744e-10         
2.954687500000000e+01         4.660889253959960e-10         
2.955000000000000e+01         4.654500027947014e-10         
2.955312500000000e+01         4.648162554305015e-10         
2.955625000000000e+01         4.641876186819172e-10         
2.955937500000000e+01         4.635644601187513e-10         
2.956250000000000e+01         4.629414669401960e-10         
2.956562500000000e+01         4.623283801177044e-10         
2.956875000000000e+01         4.617205131353990e-10         
2.957187500000000e+01         4.611176376615292e-10         
2.957500000000000e+01         4.605154350345116e-10         
2.957812500000000e+01         4.599226191911168e-10         
2.958125000000000e+01         4.593348518295315e-10         
2.958437500000000e+01         4.587477500789572e-10         
2.958750000000000e+01         4.581704307206386e-10         
2.959062500000000e+01         4.575978219317387e-10         
2.959375000000000e+01         4.570257368054312e-10         
2.959687500000000e+01         4.564628473334036e-10         
2.960000000000000e+01         4.559051704136932e-10         
2.960312500000000e+01         4.553524422996946e-10         
2.960625000000000e+01         4.548042114967561e-10         
2.960937500000000e+01         4.542568524810813e-10         
2.961250000000000e+01         4.537186146729023e-10         
2.961562500000000e+01         4.531850277963486e-10         
2.961875000000000e+01         4.526566381866527e-10         
2.962187500000000e+01         4.521327710817039e-10         
2.962500000000000e+01         4.516094727239066e-10         
2.962812500000000e+01         4.510951995184037e-10         
2.963125000000000e+01         4.505857464014783e-10         
2.963437500000000e+01         4.500811289253713e-10         
2.963750000000000e+01         4.495810097028655e-10         
2.964062500000000e+01         4.490815232167095e-10         
2.964375000000000e+01         4.485909909778816e-10         
2.964687500000000e+01         4.481052591366296e-10         
2.965000000000000e+01         4.476196826299852e-10         
2.965312500000000e+01         4.471431768296781e-10         
2.965625000000000e+01         4.466710814680131e-10         
2.965937500000000e+01         4.461993697540489e-10         
2.966250000000000e+01         4.457366456401664e-10         
2.966562500000000e+01         4.452785015293776e-10         
2.966875000000000e+01         4.448251698683136e-10         
2.967187500000000e+01         4.443716902974789e-10         
2.967500000000000e+01         4.439270706496850e-10         
2.967812500000000e+01         4.434874468070490e-10         
2.968125000000000e+01         4.430516549069009e-10         
2.968437500000000e+01         4.426208127306910e-10         
2.968750000000000e+01         4.421900490391476e-10         
2.969062500000000e+01         4.417680366539102e-10         
2.969375000000000e+01         4.413501950734160e-10         
2.969687500000000e+01         4.409371298970874e-10         
2.970000000000000e+01         4.405284753474399e-10         
2.970312500000000e+01         4.401195672377353e-10         
2.970625000000000e+01         4.397195193457835e-10         
2.970937500000000e+01         4.393240190420714e-10         
2.971250000000000e+01         4.389284164520852e-10         
2.971562500000000e+01         4.385416611437109e-10         
2.971875000000000e+01         4.381589148024808e-10         
2.972187500000000e+01         4.377807051891756e-10         
2.972500000000000e+01         4.374025229089642e-10         
2.972812500000000e+01         4.370329648764584e-10         
2.973125000000000e+01         4.366675793553702e-10         
2.973437500000000e+01         4.363022551944595e-10         
2.973750000000000e+01         4.359452055321999e-10         
2.974062500000000e+01         4.355926108658201e-10         
2.974375000000000e+01         4.352442995757126e-10         
2.974687500000000e+01         4.348998996200571e-10         
2.975000000000000e+01         4.345556657711848e-10         
2.975312500000000e+01         4.342199113092142e-10         
2.975625000000000e+01         4.338879896367302e-10         
2.975937500000000e+01         4.335606939762198e-10         
2.976250000000000e+01         4.332374881328324e-10         
2.976562500000000e+01         4.329140496399593e-10         
2.976875000000000e+01         4.325988885351839e-10         
2.977187500000000e+01         4.322879319748352e-10         
2.977500000000000e+01         4.319813178639781e-10         
2.977812500000000e+01         4.316744755645013e-10         
2.978125000000000e+01         4.313756101754316e-10         
2.978437500000000e+01         4.310811132614081e-10         
2.978750000000000e+01         4.307866578060816e-10         
2.979062500000000e+01         4.305001213874523e-10         
2.979375000000000e+01         4.302178113481502e-10         
2.979687500000000e+01         4.299352369965136e-10         
2.980000000000000e+01         4.296607172684508e-10         
2.980312500000000e+01         4.293904338695491e-10         
2.980625000000000e+01         4.291242156648152e-10         
2.980937500000000e+01         4.288620576091718e-10         
2.981250000000000e+01         4.285991872685925e-10         
2.981562500000000e+01         4.283448782296582e-10         
2.981875000000000e+01         4.280946585947952e-10         
2.982187500000000e+01         4.278479522624850e-10         
2.982500000000000e+01         4.276055261469437e-10         
2.982812500000000e+01         4.273628200997434e-10         
2.983125000000000e+01         4.271281575603137e-10         
2.983437500000000e+01         4.268972509930433e-10         
2.983750000000000e+01         4.266705141512598e-10         
2.984062500000000e+01         4.264476453690662e-10         
2.984375000000000e+01         4.262241420310063e-10         
2.984687500000000e+01         4.260090547933827e-10         
2.985000000000000e+01         4.257978929463809e-10         
2.985312500000000e+01         4.255862985953597e-10         
2.985625000000000e+01         4.253828572658958e-10         
2.985937500000000e+01         4.251829809906061e-10         
2.986250000000000e+01         4.249832667102652e-10         
2.986562500000000e+01         4.247909318738312e-10         
2.986875000000000e+01         4.246028539881844e-10         
2.987187500000000e+01         4.244185474428861e-10         
2.987500000000000e+01         4.242338275775448e-10         
2.987812500000000e+01         4.240568680447486e-10         
2.988125000000000e+01         4.238839532528582e-10         
2.988437500000000e+01         4.237148716527637e-10         
2.988750000000000e+01         4.235492427247318e-10         
2.989062500000000e+01         4.233834539086144e-10         
2.989375000000000e+01         4.232256692685853e-10         
2.989687500000000e+01         4.230713736903066e-10         
2.990000000000000e+01         4.229211189200469e-10         
2.990312500000000e+01         4.227746426304234e-10         
2.990625000000000e+01         4.226276024170661e-10         
2.990937500000000e+01         4.224883004291995e-10         
2.991250000000000e+01         4.223529943059498e-10         
2.991562500000000e+01         4.222175052640031e-10         
2.991875000000000e+01         4.220893114993586e-10         
2.992187500000000e+01         4.219649127797668e-10         
2.992500000000000e+01         4.218444045314076e-10         
2.992812500000000e+01         4.217238209276569e-10         
2.993125000000000e+01         4.216104431437649e-10         
2.993437500000000e+01         4.215010700082734e-10         
2.993750000000000e+01         4.213912356973828e-10         
2.994062500000000e+01         4.212889160554786e-10         
2.994375000000000e+01         4.211906027802056e-10         
2.994687500000000e+01         4.210959487715502e-10         
2.995000000000000e+01         4.210046555332336e-10         
2.995312500000000e+01         4.209131235059394e-10         
2.995625000000000e+01         4.208294917662109e-10         
2.995937500000000e+01         4.207494836396590e-10         
2.996250000000000e+01         4.206728041623174e-10         
2.996562500000000e+01         4.206000940585207e-10         
2.996875000000000e+01         4.205268337057835e-10         
2.997187500000000e+01         4.204613703249297e-10         
2.997500000000000e+01         4.203992620036694e-10         
2.997812500000000e+01         4.203410670362105e-10         
2.998125000000000e+01         4.202826346669730e-10         
2.998437500000000e+01         4.202310561809727e-10         
2.998750000000000e+01         4.201837379183076e-10         
2.999062500000000e+01         4.201361555141923e-10         
2.999375000000000e+01         4.200957373750708e-10         
2.999687500000000e+01         4.200592411970220e-10         
3.000000000000000e+01         4.200260342489282e-10         
3.000312500000000e+01         4.199928863136230e-10         
3.000625000000000e+01         4.199668751780750e-10         
3.000937500000000e+01         4.199447782416610e-10         
3.001250000000000e+01         4.199262735072192e-10         
3.001562500000000e+01         4.199071814059185e-10         
3.001875000000000e+01         4.198955376065000e-10         
3.002187500000000e+01         4.198877954181901e-10         
3.002500000000000e+01         4.198836385300378e-10         
3.002812500000000e+01         4.198827395630420e-10         
3.003125000000000e+01         4.198815579281922e-10         
3.003437500000000e+01         4.198881298122612e-10         
3.003750000000000e+01         4.198979795585963e-10         
3.004062500000000e+01         4.199116946309041e-10         
3.004375000000000e+01         4.199289884847776e-10         
3.004687500000000e+01         4.199456783283225e-10         
3.005000000000000e+01         4.199698081700851e-10         
3.005312500000000e+01         4.199977856509985e-10         
3.005625000000000e+01         4.200254844459977e-10         
3.005937500000000e+01         4.200602802935796e-10         
3.006250000000000e+01         4.200986817520442e-10         
3.006562500000000e+01         4.201370700267997e-10         
3.006875000000000e+01         4.201828666446587e-10         
3.007187500000000e+01         4.202319237180289e-10         
3.007500000000000e+01         4.202848644553717e-10         
3.007812500000000e+01         4.203372111616748e-10         
3.008125000000000e+01         4.203969174690133e-10         
3.008437500000000e+01         4.204605252601766e-10         
3.008750000000000e+01         4.205276990352615e-10         
3.009062500000000e+01         4.205980847215822e-10         
3.009375000000000e+01         4.206682207337807e-10         
3.009687500000000e+01         4.207460647325226e-10         
3.010000000000000e+01         4.208274417483914e-10         
3.010312500000000e+01         4.209120573853168e-10         
3.010625000000000e+01         4.210005643412603e-10         
3.010937500000000e+01         4.210884683705061e-10         
3.011250000000000e+01         4.211841132069346e-10         
3.011562500000000e+01         4.212829969400363e-10         
3.011875000000000e+01         4.213818642250137e-10         
3.012187500000000e+01         4.214881882162858e-10         
3.012500000000000e+01         4.215974323284426e-10         
3.012812500000000e+01         4.217108373159416e-10         
3.013125000000000e+01         4.218239880537229e-10         
3.013437500000000e+01         4.219441904460010e-10         
3.013750000000000e+01         4.220682990924478e-10         
3.014062500000000e+01         4.221918410459784e-10         
3.014375000000000e+01         4.223231273089543e-10         
3.014687500000000e+01         4.224576165602962e-10         
3.015000000000000e+01         4.225960100424261e-10         
3.015312500000000e+01         4.227380270535404e-10         
3.015625000000000e+01         4.228793651944633e-10         
3.015937500000000e+01         4.230282069040935e-10         
3.016250000000000e+01         4.231808941547361e-10         
3.016562500000000e+01         4.233372233843794e-10         
3.016875000000000e+01         4.234967531161586e-10         
3.017187500000000e+01         4.236559704464424e-10         
3.017500000000000e+01         4.238230487027339e-10         
3.017812500000000e+01         4.239933335785056e-10         
3.018125000000000e+01         4.241675131355997e-10         
3.018437500000000e+01         4.243414668190082e-10         
3.018750000000000e+01         4.245225908999685e-10         
3.019062500000000e+01         4.247072780838381e-10         
3.019375000000000e+01         4.248919496524930e-10         
3.019687500000000e+01         4.250841849236794e-10         
3.020000000000000e+01         4.252796544022759e-10         
3.020312500000000e+01         4.254788069677535e-10         
3.020625000000000e+01         4.256779539298263e-10         
3.020937500000000e+01         4.258846151255747e-10         
3.021250000000000e+01         4.260946218893539e-10         
3.021562500000000e+01         4.263084834296367e-10         
3.021875000000000e+01         4.265218257820613e-10         
3.022187500000000e+01         4.267427014160787e-10         
3.022500000000000e+01         4.269674404133301e-10         
3.022812500000000e+01         4.271957842002992e-10         
3.023125000000000e+01         4.274275928038348e-10         
3.023437500000000e+01         4.276590785647018e-10         
3.023750000000000e+01         4.278983638356036e-10         
3.024062500000000e+01         4.281413548637837e-10         
3.024375000000000e+01         4.283877019901755e-10         
3.024687500000000e+01         4.286380063470688e-10         
3.025000000000000e+01         4.288877717674202e-10         
3.025312500000000e+01         4.291454308896872e-10         
3.025625000000000e+01         4.294063425837417e-10         
3.025937500000000e+01         4.296675345665965e-10         
3.026250000000000e+01         4.299361297269630e-10         
3.026562500000000e+01         4.302077893534591e-10         
3.026875000000000e+01         4.304799068138646e-10         
3.027187500000000e+01         4.307595774285724e-10         
3.027500000000000e+01         4.310428251230606e-10         
3.027812500000000e+01         4.313298403336904e-10         
3.028125000000000e+01         4.316165736775636e-10         
3.028437500000000e+01         4.319110931213225e-10         
3.028750000000000e+01         4.322090519529021e-10         
3.029062500000000e+01         4.325110471329886e-10         
3.029375000000000e+01         4.328167088850582e-10         
3.029687500000000e+01         4.331219444560548e-10         
3.030000000000000e+01         4.334347146347154e-10         
3.030312500000000e+01         4.337517313939652e-10         
3.030625000000000e+01         4.340722926526603e-10         
3.030937500000000e+01         4.343964212239206e-10         
3.031250000000000e+01         4.347204157693313e-10         
3.031562500000000e+01         4.350524125445613e-10         
3.031875000000000e+01         4.353878333354976e-10         
3.032187500000000e+01         4.357232350524920e-10         
3.032500000000000e+01         4.360665115134951e-10         
3.032812500000000e+01         4.364133159496831e-10         
3.033125000000000e+01         4.367639154332025e-10         
3.033437500000000e+01         4.371144997460339e-10         
3.033750000000000e+01         4.374729164318916e-10         
3.034062500000000e+01         4.378347901936480e-10         
3.034375000000000e+01         4.381965957984204e-10         
3.034687500000000e+01         4.385665606352282e-10         
3.035000000000000e+01         4.389401596395431e-10         
3.035312500000000e+01         4.393174860295729e-10         
3.035625000000000e+01         4.396989626577019e-10         
3.035937500000000e+01         4.400798612318835e-10         
3.036250000000000e+01         4.404686118780065e-10         
3.036562500000000e+01         4.408615152935410e-10         
3.036875000000000e+01         4.412584755885598e-10         
3.037187500000000e+01         4.416587220117463e-10         
3.037500000000000e+01         4.420591224637080e-10         
3.037812500000000e+01         4.424676017816070e-10         
3.038125000000000e+01         4.428797816498978e-10         
3.038437500000000e+01         4.432958388467852e-10         
3.038750000000000e+01         4.437119406367794e-10         
3.039062500000000e+01         4.441356207722501e-10         
3.039375000000000e+01         4.445634714889066e-10         
3.039687500000000e+01         4.449910401446543e-10         
3.040000000000000e+01         4.454269784549441e-10         
3.040312500000000e+01         4.458666694785324e-10         
3.040625000000000e+01         4.463100215118668e-10         
3.040937500000000e+01         4.467535326456559e-10         
3.041250000000000e+01         4.472051216936832e-10         
3.041562500000000e+01         4.476604182815511e-10         
3.041875000000000e+01         4.481197474315112e-10         
3.042187500000000e+01         4.485790436816516e-10         
3.042500000000000e+01         4.490464887052880e-10         
3.042812500000000e+01         4.495179476425175e-10         
3.043125000000000e+01         4.499935617261337e-10         
3.043437500000000e+01         4.504729423068167e-10         
3.043750000000000e+01         4.509521870728091e-10         
3.044062500000000e+01         4.514394944258407e-10         
3.044375000000000e+01         4.519309884057013e-10         
3.044687500000000e+01         4.524265196534951e-10         
3.045000000000000e+01         4.529260608593217e-10         
3.045312500000000e+01         4.534253105604662e-10         
3.045625000000000e+01         4.539327640047452e-10         
3.045937500000000e+01         4.544445009169309e-10         
3.046250000000000e+01         4.549562506606244e-10         
3.046562500000000e+01         4.554761530711332e-10         
3.046875000000000e+01         4.559999658902758e-10         
3.047187500000000e+01         4.565238281651305e-10         
3.047500000000000e+01         4.570560488191125e-10         
3.047812500000000e+01         4.575922091132717e-10         
3.048125000000000e+01         4.581325388666946e-10         
3.048437500000000e+01         4.586727991968639e-10         
3.048750000000000e+01         4.592213052421942e-10         
3.049062500000000e+01         4.597739571831285e-10         
3.049375000000000e+01         4.603306371465200e-10         
3.049687500000000e+01         4.608917453242794e-10         
3.050000000000000e+01         4.614525174595454e-10         
3.050312500000000e+01         4.620215724661193e-10         
3.050625000000000e+01         4.625951668705191e-10         
3.050937500000000e+01         4.631729331722463e-10         
3.051250000000000e+01         4.637544712959566e-10         
3.051562500000000e+01         4.643363875429320e-10         
3.051875000000000e+01         4.649266419107905e-10         
3.052187500000000e+01         4.655210577299860e-10         
3.052500000000000e+01         4.661195676001145e-10         
3.052812500000000e+01         4.667182739317160e-10         
3.053125000000000e+01         4.673250316534134e-10         
3.053437500000000e+01         4.679363401307026e-10         
3.053750000000000e+01         4.685475510988539e-10         
3.054062500000000e+01         4.691672192732035e-10         
3.054375000000000e+01         4.697912462916177e-10         
3.054687500000000e+01         4.704147712120244e-10         
3.055000000000000e+01         4.710472482799343e-10         
3.055312500000000e+01         4.716841117079427e-10         
3.055625000000000e+01         4.723250232539842e-10         
3.055937500000000e+01         4.729702588000336e-10         
3.056250000000000e+01         4.736154375598875e-10         
3.056562500000000e+01         4.742691018421679e-10         
3.056875000000000e+01         4.749270746609360e-10         
3.057187500000000e+01         4.755894216440844e-10         
3.057500000000000e+01         4.762561398995727e-10         
3.057812500000000e+01         4.769226689302220e-10         
3.058125000000000e+01         4.775978441481296e-10         
3.058437500000000e+01         4.782773050924451e-10         
3.058750000000000e+01         4.789611946035846e-10         
3.059062500000000e+01         4.796451292993745e-10         
3.059375000000000e+01         4.803375945594979e-10         
3.059687500000000e+01         4.810345729324340e-10         
3.060000000000000e+01         4.817310825591087e-10         
3.060312500000000e+01         4.824366977715442e-10         
3.060625000000000e+01         4.831465364587825e-10         
3.060937500000000e+01         4.838607358938394e-10         
3.061250000000000e+01         4.845747586290093e-10         
3.061562500000000e+01         4.852978707856442e-10         
3.061875000000000e+01         4.860248762525736e-10         
3.062187500000000e+01         4.867564462224641e-10         
3.062500000000000e+01         4.874879999364312e-10         
3.062812500000000e+01         4.882283036782846e-10         
3.063125000000000e+01         4.889729959886978e-10         
3.063437500000000e+01         4.897218865214420e-10         
3.063750000000000e+01         4.904754711341239e-10         
3.064062500000000e+01         4.912286338777800e-10         
3.064375000000000e+01         4.919906889959862e-10         
3.064687500000000e+01         4.927573478909466e-10         
3.065000000000000e+01         4.935280637613630e-10         
3.065312500000000e+01         4.943031915525097e-10         
3.065625000000000e+01         4.950782558538139e-10         
3.065937500000000e+01         4.958622107056713e-10         
3.066250000000000e+01         4.966506951204763e-10         
3.066562500000000e+01         4.974387861616629e-10         
3.066875000000000e+01         4.982356614463787e-10         
3.067187500000000e+01         4.990372771058545e-10         
3.067500000000000e+01         4.998385968510349e-10         
3.067812500000000e+01         5.006487239825880e-10         
3.068125000000000e+01         5.014631404229873e-10         
3.068437500000000e+01         5.022820273561792e-10         
3.068750000000000e+01         5.031007873786562e-10         
3.069062500000000e+01         5.039282785050347e-10         
3.069375000000000e+01         5.047600836136055e-10         
3.069687500000000e+01         5.055963938996770e-10         
3.070000000000000e+01         5.064368492892812e-10         
3.070312500000000e+01         5.072773782978575e-10         
3.070625000000000e+01         5.081263949530129e-10         
3.070937500000000e+01         5.089800320581844e-10         
3.071250000000000e+01         5.098379851752950e-10         
3.071562500000000e+01         5.107001721102918e-10         
3.071875000000000e+01         5.115620197585482e-10         
3.072187500000000e+01         5.124326669227478e-10         
3.072500000000000e+01         5.133077817677931e-10         
3.072812500000000e+01         5.141871852691969e-10         
3.073125000000000e+01         5.150660991172653e-10         
3.073437500000000e+01         5.159540638840872e-10         
3.073750000000000e+01         5.168464421933407e-10         
3.074062500000000e+01         5.177381486513441e-10         
3.074375000000000e+01         5.186387627840847e-10         
3.074687500000000e+01         5.195436497859874e-10         
3.075000000000000e+01         5.204482514385931e-10         
3.075312500000000e+01         5.213613887565879e-10         
3.075625000000000e+01         5.222788573524180e-10         
3.075937500000000e+01         5.232006926346560e-10         
3.076250000000000e+01         5.241266253795644e-10         
3.076562500000000e+01         5.250519230864240e-10         
3.076875000000000e+01         5.259860631721443e-10         
3.077187500000000e+01         5.269245139407306e-10         
3.077500000000000e+01         5.278669271311858e-10         
3.077812500000000e+01         5.288134186796186e-10         
3.078125000000000e+01         5.297592633499331e-10         
3.078437500000000e+01         5.307139665210245e-10         
3.078750000000000e+01         5.316726897747460e-10         
3.079062500000000e+01         5.326354580984663e-10         
3.079375000000000e+01         5.335973376571944e-10         
3.079687500000000e+01         5.345681094647445e-10         
3.080000000000000e+01         5.355427048208728e-10         
3.080312500000000e+01         5.365165500982516e-10         
3.080625000000000e+01         5.374991833129786e-10         
3.080937500000000e+01         5.384855218039899e-10         
3.081250000000000e+01         5.394758726376824e-10         
3.081562500000000e+01         5.404652882365353e-10         
3.081875000000000e+01         5.414633978912954e-10         
3.082187500000000e+01         5.424651873647628e-10         
3.082500000000000e+01         5.434707460528621e-10         
3.082812500000000e+01         5.444753117118526e-10         
3.083125000000000e+01         5.454883757671868e-10         
3.083437500000000e+01         5.465051370696955e-10         
3.083750000000000e+01         5.475254667901713e-10         
3.084062500000000e+01         5.485494716400658e-10         
3.084375000000000e+01         5.495723617734961e-10         
3.084687500000000e+01         5.506034425498846e-10         
3.085000000000000e+01         5.516382253394937e-10         
3.085312500000000e+01         5.526764961164522e-10         
3.085625000000000e+01         5.537182346232485e-10         
3.085937500000000e+01         5.547585142188663e-10         
3.086250000000000e+01         5.558069995504175e-10         
3.086562500000000e+01         5.568589907636602e-10         
3.086875000000000e+01         5.579091532210644e-10         
3.087187500000000e+01         5.589677558079233e-10         
3.087500000000000e+01         5.600294849883830e-10         
3.087812500000000e+01         5.610893555024253e-10         
3.088125000000000e+01         5.621574567768123e-10         
3.088437500000000e+01         5.632286543033664e-10         
3.088750000000000e+01         5.643029220428130e-10         
3.089062500000000e+01         5.653751142243124e-10         
3.089375000000000e+01         5.664554661852238e-10         
3.089687500000000e+01         5.675385451774245e-10         
3.090000000000000e+01         5.686244183404954e-10         
3.090312500000000e+01         5.697134407358075e-10         
3.090625000000000e+01         5.708001103185367e-10         
3.090937500000000e+01         5.718943125706082e-10         
3.091250000000000e+01         5.729912885160065e-10         
3.091562500000000e+01         5.740911202641989e-10         
3.091875000000000e+01         5.751930302693484e-10         
3.092187500000000e+01         5.762927025070729e-10         
3.092500000000000e+01         5.774000192274638e-10         
3.092812500000000e+01         5.785093645234392e-10         
3.093125000000000e+01         5.796212016947700e-10         
3.093437500000000e+01         5.807302249535262e-10         
3.093750000000000e+01         5.818465152441029e-10         
3.094062500000000e+01         5.829647726515900e-10         
3.094375000000000e+01         5.840798843787701e-10         
3.094687500000000e+01         5.852025489562767e-10         
3.095000000000000e+01         5.863267415821525e-10         
3.095312500000000e+01         5.874478596331245e-10         
3.095625000000000e+01         5.885756797209716e-10         
3.095937500000000e+01         5.897056974960483e-10         
3.096250000000000e+01         5.908369830883876e-10         
3.096562500000000e+01         5.919697886475224e-10         
3.096875000000000e+01         5.930993099704971e-10         
3.097187500000000e+01         5.942351159487079e-10         
3.097500000000000e+01         5.953720117949647e-10         
3.097812500000000e+01         5.965106199315310e-10         
3.098125000000000e+01         5.976501224145779e-10         
3.098437500000000e+01         5.987855423350484e-10         
3.098750000000000e+01         5.999270249463165e-10         
3.099062500000000e+01         6.010696957517436e-10         
3.099375000000000e+01         6.022129700494449e-10         
3.099687500000000e+01         6.033514844242637e-10         
3.100000000000000e+01         6.044967214219667e-10         
3.100312500000000e+01         6.056418207630444e-10         
3.100625000000000e+01         6.067820815489137e-10         
3.100937500000000e+01         6.079280838920711e-10         
3.101250000000000e+01         6.090745134518082e-10         
3.101562500000000e+01         6.102213227753561e-10         
3.101875000000000e+01         6.113624402591018e-10         
3.102187500000000e+01         6.125089752276827e-10         
3.102500000000000e+01         6.136553489821869e-10         
3.102812500000000e+01         6.148012531491728e-10         
3.103125000000000e+01         6.159419657870429e-10         
3.103437500000000e+01         6.170874052845246e-10         
3.103750000000000e+01         6.182320272948114e-10         
3.104062500000000e+01         6.193760416031160e-10         
3.104375000000000e+01         6.205195083372702e-10         
3.104687500000000e+01         6.216565708515482e-10         
3.105000000000000e+01         6.227978151228247e-10         
3.105312500000000e+01         6.239380201881603e-10         
3.105625000000000e+01         6.250771691775097e-10         
3.105937500000000e+01         6.262146803809512e-10         
3.106250000000000e+01         6.273454432354466e-10         
3.106562500000000e+01         6.284800305146163e-10         
3.106875000000000e+01         6.296128599148531e-10         
3.107187500000000e+01         6.307380043034558e-10         
3.107500000000000e+01         6.318671816559671e-10         
3.107812500000000e+01         6.329942041433111e-10         
3.108125000000000e+01         6.341130422799631e-10         
3.108437500000000e+01         6.352351480221111e-10         
3.108750000000000e+01         6.363551490420965e-10         
3.109062500000000e+01         6.374720100000326e-10         
3.109375000000000e+01         6.385809967393762e-10         
3.109687500000000e+01         6.396922702637471e-10         
3.110000000000000e+01         6.408007875647901e-10         
3.110312500000000e+01         6.419058462329083e-10         
3.110625000000000e+01         6.430075665860858e-10         
3.110937500000000e+01         6.441008837968730e-10         
3.111250000000000e+01         6.451954544888043e-10         
3.111562500000000e+01         6.462864158101371e-10         
3.111875000000000e+01         6.473736479645254e-10         
3.112187500000000e+01         6.484566614572996e-10         
3.112500000000000e+01         6.495300592900968e-10         
3.112812500000000e+01         6.506044469827209e-10         
3.113125000000000e+01         6.516748959480887e-10         
3.113437500000000e+01         6.527402681302400e-10         
3.113750000000000e+01         6.537950338050192e-10         
3.114062500000000e+01         6.548513168438595e-10         
3.114375000000000e+01         6.559018951913646e-10         
3.114687500000000e+01         6.569414554709606e-10         
3.115000000000000e+01         6.579813829745246e-10         
3.115312500000000e+01         6.590160388638718e-10         
3.115625000000000e+01         6.600392807665583e-10         
3.115937500000000e+01         6.610620608493437e-10         
3.116250000000000e+01         6.620792362653793e-10         
3.116562500000000e+01         6.630899069434158e-10         
3.116875000000000e+01         6.640941133710278e-10         
3.117187500000000e+01         6.650864900054606e-10         
3.117500000000000e+01         6.660779955099175e-10         
3.117812500000000e+01         6.670623518139206e-10         
3.118125000000000e+01         6.680398314128255e-10         
3.118437500000000e+01         6.690103985616459e-10         
3.118750000000000e+01         6.699678147151698e-10         
3.119062500000000e+01         6.709234284591512e-10         
3.119375000000000e+01         6.718713354721597e-10         
3.119687500000000e+01         6.728118785549350e-10         
3.120000000000000e+01         6.737381599111976e-10         
3.120312500000000e+01         6.746627541659555e-10         
3.120625000000000e+01         6.755790059655966e-10         
3.120937500000000e+01         6.764804716789515e-10         
3.121250000000000e+01         6.773793922627851e-10         
3.121562500000000e+01         6.782699576107598e-10         
3.121875000000000e+01         6.791516256095874e-10         
3.122187500000000e+01         6.800177324770769e-10         
3.122500000000000e+01         6.808807414779827e-10         
3.122812500000000e+01         6.817347468086537e-10         
3.123125000000000e+01         6.825788612809462e-10         
3.123437500000000e+01         6.834076506572466e-10         
3.123750000000000e+01         6.842326907947432e-10         
3.124062500000000e+01         6.850472941683482e-10         
3.124375000000000e+01         6.858516542766253e-10         
3.124687500000000e+01         6.866457161020027e-10         
3.125000000000000e+01         6.874242387184987e-10         
3.125312500000000e+01         6.881972537553020e-10         
3.125625000000000e+01         6.889594671912135e-10         
3.125937500000000e+01         6.897113312494443e-10         
3.126250000000000e+01         6.904517047416911e-10         
3.126562500000000e+01         6.911751833620809e-10         
3.126875000000000e+01         6.918928777637657e-10         
3.127187500000000e+01         6.925995851435633e-10         
3.127500000000000e+01         6.932880709573761e-10         
3.127812500000000e+01         6.939709639676589e-10         
3.128125000000000e+01         6.946428172475889e-10         
3.128437500000000e+01         6.952956068321408e-10         
3.128750000000000e+01         6.959422001470766e-10         
3.129062500000000e+01         6.965765933832417e-10         
3.129375000000000e+01         6.971989933487326e-10         
3.129687500000000e+01         6.978026543625953e-10         
3.130000000000000e+01         6.983992697083924e-10         
3.130312500000000e+01         6.989834809296817e-10         
3.130625000000000e+01         6.995543068235972e-10         
3.130937500000000e+01         7.001120290158002e-10         
3.131250000000000e+01         7.006509362037339e-10         
3.131562500000000e+01         7.011826343682067e-10         
3.131875000000000e+01         7.017003793729983e-10         
3.132187500000000e+01         7.022047075611609e-10         
3.132500000000000e+01         7.026957744968509e-10         
3.132812500000000e+01         7.031669570750760e-10         
3.133125000000000e+01         7.036299766655247e-10         
3.133437500000000e+01         7.040790093771463e-10         
3.133750000000000e+01         7.045145801788316e-10         
3.134062500000000e+01         7.049292255498346e-10         
3.134375000000000e+01         7.053363688128288e-10         
3.134687500000000e+01         7.057291782363377e-10         
3.135000000000000e+01         7.061008737930655e-10         
3.135312500000000e+01         7.064643536996114e-10         
3.135625000000000e+01         7.068137542309154e-10         
3.135937500000000e+01         7.071422814757893e-10         
3.136250000000000e+01         7.074617979232626e-10         
3.136562500000000e+01         7.077665776275364e-10         
3.136875000000000e+01         7.080570262342307e-10         
3.137187500000000e+01         7.083320194414634e-10         
3.137500000000000e+01         7.085863478082645e-10         
3.137812500000000e+01         7.088318974904166e-10         
3.138125000000000e+01         7.090618939533262e-10         
3.138437500000000e+01         7.092767123149075e-10         
3.138750000000000e+01         7.094764450665429e-10         
3.139062500000000e+01         7.096557375554300e-10         
3.139375000000000e+01         7.098250428816463e-10         
3.139687500000000e+01         7.099790675681877e-10         
3.140000000000000e+01         7.101182771741714e-10         
3.140312500000000e+01         7.102354384095027e-10         
3.140625000000000e+01         7.103440175236870e-10         
3.140937500000000e+01         7.104367168888201e-10         
3.141250000000000e+01         7.105083221045628e-10         
3.141562500000000e+01         7.105703063183578e-10         
3.141875000000000e+01         7.106168526754431e-10         
3.142187500000000e+01         7.106490677020930e-10         
3.142500000000000e+01         7.106586329008954e-10         
3.142812500000000e+01         7.106590322153375e-10         
3.143125000000000e+01         7.106440699506610e-10         
3.143437500000000e+01         7.106142632496163e-10         
3.143750000000000e+01         7.105628559000570e-10         
3.144062500000000e+01         7.105018913331857e-10         
3.144375000000000e+01         7.104260557955012e-10         
3.144687500000000e+01         7.103344762701693e-10         
3.145000000000000e+01         7.102276471599211e-10         
3.145312500000000e+01         7.100999266348082e-10         
3.145625000000000e+01         7.099632067078715e-10         
3.145937500000000e+01         7.098108585822772e-10         
3.146250000000000e+01         7.096434542179991e-10         
3.146562500000000e+01         7.094615019898722e-10         
3.146875000000000e+01         7.092583447685595e-10         
3.147187500000000e+01         7.090460057282035e-10         
3.147500000000000e+01         7.088192883459619e-10         
3.147812500000000e+01         7.085710201750905e-10         
3.148125000000000e+01         7.083142913698664e-10         
3.148437500000000e+01         7.080433747408357e-10         
3.148750000000000e+01         7.077516206674365e-10         
3.149062500000000e+01         7.074511513791428e-10         
3.149375000000000e+01         7.071361205077059e-10         
3.149687500000000e+01         7.068073083769635e-10         
3.150000000000000e+01         7.064580158999946e-10         
3.150312500000000e+01         7.061002448576971e-10         
3.150625000000000e+01         7.057283684088781e-10         
3.150937500000000e+01         7.053430142299560e-10         
3.151250000000000e+01         7.049432240979232e-10         
3.151562500000000e+01         7.045240601684249e-10         
3.151875000000000e+01         7.040972703771727e-10         
3.152187500000000e+01         7.036564748386649e-10         
3.152500000000000e+01         7.032021757748586e-10         
3.152812500000000e+01         7.027345501801052e-10         
3.153125000000000e+01         7.022484594042068e-10         
3.153437500000000e+01         7.017544407061351e-10         
3.153750000000000e+01         7.012473450973678e-10         
3.154062500000000e+01         7.007279060069366e-10         
3.154375000000000e+01         7.001889807435917e-10         
3.154687500000000e+01         6.996440737416068e-10         
3.155000000000000e+01         6.990862774341336e-10         
3.155312500000000e+01         6.985102937646264e-10         
3.155625000000000e+01         6.979277200021613e-10         
3.155937500000000e+01         6.973330710615215e-10         
3.156250000000000e+01         6.967213213230825e-10         
3.156562500000000e+01         6.961027953377606e-10         
3.156875000000000e+01         6.954726427881438e-10         
3.157187500000000e+01         6.948308602738609e-10         
3.157500000000000e+01         6.941781091332712e-10         
3.157812500000000e+01         6.935079467236717e-10         
3.158125000000000e+01         6.928323587353546e-10         
3.158437500000000e+01         6.921461719420615e-10         
3.158750000000000e+01         6.914486653493714e-10         
3.159062500000000e+01         6.907404239680027e-10         
3.159375000000000e+01         6.900162099701072e-10         
3.159687500000000e+01         6.892875261029593e-10         
3.160000000000000e+01         6.885481730635155e-10         
3.160312500000000e+01         6.877987288846169e-10         
3.160625000000000e+01         6.870337346347107e-10         
3.160937500000000e+01         6.862650839651909e-10         
3.161250000000000e+01         6.854862578047295e-10         
3.161562500000000e+01         6.846923683323121e-10         
3.161875000000000e+01         6.838948763355037e-10         
3.162187500000000e+01         6.830880563502087e-10         
3.162500000000000e+01         6.822727411193637e-10         
3.162812500000000e+01         6.814427317571498e-10         
3.163125000000000e+01         6.806094175529950e-10         
3.163437500000000e+01         6.797675684304307e-10         
3.163750000000000e+01         6.789179206168475e-10         
3.164062500000000e+01         6.780540229401001e-10         
3.164375000000000e+01         6.771874890178805e-10         
3.164687500000000e+01         6.763131856648334e-10         
3.165000000000000e+01         6.754315882885111e-10         
3.165312500000000e+01         6.745419001171056e-10         
3.165625000000000e+01         6.736394443114733e-10         
3.165937500000000e+01         6.727355458897167e-10         
3.166250000000000e+01         6.718242007309901e-10         
3.166562500000000e+01         6.709058154791032e-10         
3.166875000000000e+01         6.699807006974825e-10         
3.167187500000000e+01         6.690440660769726e-10         
3.167500000000000e+01         6.681058400548635e-10         
3.167812500000000e+01         6.671611945343401e-10         
3.168125000000000e+01         6.662052161486572e-10         
3.168437500000000e+01         6.652485564783057e-10         
3.168750000000000e+01         6.642864820752893e-10         
3.169062500000000e+01         6.633125922253048e-10         
3.169375000000000e+01         6.623392488680446e-10         
3.169687500000000e+01         6.613601660595381e-10         
3.170000000000000e+01         6.603757911644510e-10         
3.170312500000000e+01         6.593814765218879e-10         
3.170625000000000e+01         6.583871181565902e-10         
3.170937500000000e+01         6.573878386944962e-10         
3.171250000000000e+01         6.563845787312096e-10         
3.171562500000000e+01         6.553762815162932e-10         
3.171875000000000e+01         6.543584432130044e-10         
3.172187500000000e+01         6.533416142245625e-10         
3.172500000000000e+01         6.523212297223899e-10         
3.172812500000000e+01         6.512964780487393e-10         
3.173125000000000e+01         6.502679731469588e-10         
3.173437500000000e+01         6.492305844716641e-10         
3.173750000000000e+01         6.481952385181248e-10         
3.174062500000000e+01         6.471562410259339e-10         
3.174375000000000e+01         6.461140887932240e-10         
3.174687500000000e+01         6.450635800377453e-10         
3.175000000000000e+01         6.440156835925719e-10         
3.175312500000000e+01         6.429647002985033e-10         
3.175625000000000e+01         6.419057168113051e-10         
3.175937500000000e+01         6.408495808885899e-10         
3.176250000000000e+01         6.397908925517022e-10         
3.176562500000000e+01         6.387247193858510e-10         
3.176875000000000e+01         6.376619117191867e-10         
3.177187500000000e+01         6.365968848526610e-10         
3.177500000000000e+01         6.355299044087997e-10         
3.177812500000000e+01         6.344612851258694e-10         
3.178125000000000e+01         6.333858311288103e-10         
3.178437500000000e+01         6.323136616733065e-10         
3.178750000000000e+01         6.312402712876938e-10         
3.179062500000000e+01         6.301657871098445e-10         
3.179375000000000e+01         6.290898855516838e-10         
3.179687500000000e+01         6.280076713765241e-10         
3.180000000000000e+01         6.269299319553859e-10         
3.180312500000000e+01         6.258510902899643e-10         
3.180625000000000e+01         6.247714133203896e-10         
3.180937500000000e+01         6.236858424019751e-10         
3.181250000000000e+01         6.226055915577187e-10         
3.181562500000000e+01         6.215244016797897e-10         
3.181875000000000e+01         6.204428007263797e-10         
3.182187500000000e+01         6.193559676613519e-10         
3.182500000000000e+01         6.182740979476704e-10         
3.182812500000000e+01         6.171925293024251e-10         
3.183125000000000e+01         6.161052920548517e-10         
3.183437500000000e+01         6.150240385995847e-10         
3.183750000000000e+01         6.139424488536564e-10         
3.184062500000000e+01         6.128614612464890e-10         
3.184375000000000e+01         6.117762646589725e-10         
3.184687500000000e+01         6.106961523504563e-10         
3.185000000000000e+01         6.096168143192126e-10         
3.185312500000000e+01         6.085384698511714e-10         
3.185625000000000e+01         6.074606068420019e-10         
3.185937500000000e+01         6.063786478729179e-10         
3.186250000000000e+01         6.053029079302329e-10         
3.186562500000000e+01         6.042281977208721e-10         
3.186875000000000e+01         6.031544962445825e-10         
3.187187500000000e+01         6.020819192065326e-10         
3.187500000000000e+01         6.010056704863667e-10         
3.187812500000000e+01         5.999361013991130e-10         
3.188125000000000e+01         5.988676726104996e-10         
3.188437500000000e+01         5.977957821390221e-10         
3.188750000000000e+01         5.967307796998776e-10         
3.189062500000000e+01         5.956673922409742e-10         
3.189375000000000e+01         5.946004561142036e-10         
3.189687500000000e+01         5.935406830909443e-10         
3.190000000000000e+01         5.924825468130327e-10         
3.190312500000000e+01         5.914263467199550e-10         
3.190625000000000e+01         5.903673310733760e-10         
3.190937500000000e+01         5.893154199583351e-10         
3.191250000000000e+01         5.882654481534700e-10         
3.191562500000000e+01         5.872178153751607e-10         
3.191875000000000e+01         5.861725716611933e-10         
3.192187500000000e+01         5.851245358206009e-10         
3.192500000000000e+01         5.840837302954337e-10         
3.192812500000000e+01         5.830453760208743e-10         
3.193125000000000e+01         5.820097211689690e-10         
3.193437500000000e+01         5.809764747141046e-10         
3.193750000000000e+01         5.799409096789930e-10         
3.194062500000000e+01         5.789130092914475e-10         
3.194375000000000e+01         5.778876593338429e-10         
3.194687500000000e+01         5.768650180558215e-10         
3.195000000000000e+01         5.758403956045987e-10         
3.195312500000000e+01         5.748236064716910e-10         
3.195625000000000e+01         5.738096510451874e-10         
3.195937500000000e+01         5.727934869240375e-10         
3.196250000000000e+01         5.717856139921640e-10         
3.196562500000000e+01         5.707804953867229e-10         
3.196875000000000e+01         5.697738954334105e-10         
3.197187500000000e+01         5.687749736722899e-10         
3.197500000000000e+01         5.677793355078634e-10         
3.197812500000000e+01         5.667868566243158e-10         
3.198125000000000e+01         5.657974990902694e-10         
3.198437500000000e+01         5.648070264188498e-10         
3.198750000000000e+01         5.638241480894972e-10         
3.199062500000000e+01         5.628448158888280e-10         
3.199375000000000e+01         5.618688878602204e-10         
3.199687500000000e+01         5.608963167587567e-10         
3.200000000000000e+01         5.599224344027546e-10         
3.200312500000000e+01         5.589566798190140e-10         
3.200625000000000e+01         5.579946929664529e-10         
3.200937500000000e+01         5.570314478639708e-10         
3.201250000000000e+01         5.560762983810180e-10         
3.201562500000000e+01         5.551249536037231e-10         
3.201875000000000e+01         5.541771545659525e-10         
3.202187500000000e+01         5.532331325311503e-10         
3.202500000000000e+01         5.522879572951290e-10         
3.202812500000000e+01         5.513511618353365e-10         
3.203125000000000e+01         5.504182881120892e-10         
3.203437500000000e+01         5.494889245791666e-10         
3.203750000000000e+01         5.485589097322152e-10         
3.204062500000000e+01         5.476373315959764e-10         
3.204375000000000e+01         5.467194046951689e-10         
3.204687500000000e+01         5.458008518675838e-10         
3.205000000000000e+01         5.448953059081114e-10         
3.205312500000000e+01         5.439844271256436e-10         
3.205625000000000e+01         5.430774895978071e-10         
3.205937500000000e+01         5.421839000082775e-10         
3.206250000000000e+01         5.412847301308359e-10         
3.206562500000000e+01         5.403989402147571e-10         
3.206875000000000e+01         5.395078347535238e-10         
3.207187500000000e+01         5.386208847496341e-10         
3.207500000000000e+01         5.377469805202587e-10         
3.207812500000000e+01         5.368680387900521e-10         
3.208125000000000e+01         5.359977321575180e-10         
3.208437500000000e+01         5.351313439660468e-10         
3.208750000000000e+01         5.342646110485429e-10         
3.209062500000000e+01         5.334065389270105e-10         
3.209375000000000e+01         5.325524124442929e-10         
3.209687500000000e+01         5.317023224176101e-10         
3.210000000000000e+01         5.308522422613590e-10         
3.210312500000000e+01         5.300104317528361e-10         
3.210625000000000e+01         5.291730181229290e-10         
3.210937500000000e+01         5.283350859862217e-10         
3.211250000000000e+01         5.275106360669975e-10         
3.211562500000000e+01         5.266810465748413e-10         
3.211875000000000e+01         5.258557822991746e-10         
3.212187500000000e+01         5.250436583557212e-10         
3.212500000000000e+01         5.242266350169755e-10         
3.212812500000000e+01         5.234229542360473e-10         
3.213125000000000e+01         5.226145770637550e-10         
3.213437500000000e+01         5.218104771014529e-10         
3.213750000000000e+01         5.210193810101793e-10         
3.214062500000000e+01         5.202234227558345e-10         
3.214375000000000e+01         5.194364242541765e-10         
3.214687500000000e+01         5.186535908499716e-10         
3.215000000000000e+01         5.178705727380990e-10         
3.215312500000000e+01         5.170962813319800e-10         
3.215625000000000e+01         5.163264881218501e-10         
3.215937500000000e+01         5.155605032530747e-10         
3.216250000000000e+01         5.147946094746795e-10         
3.216562500000000e+01         5.140375223366167e-10         
3.216875000000000e+01         5.132845132076026e-10         
3.217187500000000e+01         5.125314657942296e-10         
3.217500000000000e+01         5.117914033665505e-10         
3.217812500000000e+01         5.110469576207756e-10         
3.218125000000000e+01         5.103067972217203e-10         
3.218437500000000e+01         5.095795068253370e-10         
3.218750000000000e+01         5.088481337393299e-10         
3.219062500000000e+01         5.081296292031643e-10         
3.219375000000000e+01         5.074066837943096e-10         
3.219687500000000e+01         5.066878887979108e-10         
3.220000000000000e+01         5.059821986600105e-10         
3.220312500000000e+01         5.052720687081582e-10         
3.220625000000000e+01         5.045706238126069e-10         
3.220937500000000e+01         5.038734295820157e-10         
3.221250000000000e+01         5.031761928752049e-10         
3.221562500000000e+01         5.024874892140294e-10         
3.221875000000000e+01         5.018031564089666e-10         
3.222187500000000e+01         5.011233732946623e-10         
3.222500000000000e+01         5.004474586360036e-10         
3.222812500000000e+01         4.997716926982807e-10         
3.223125000000000e+01         4.991045915661842e-10         
3.223437500000000e+01         4.984416852367409e-10         
3.223750000000000e+01         4.977833283812396e-10         
3.224062500000000e+01         4.971247314359564e-10         
3.224375000000000e+01         4.964747538321431e-10         
3.224687500000000e+01         4.958289956605435e-10         
3.225000000000000e+01         4.951832301189387e-10         
3.225312500000000e+01         4.945502362855699e-10         
3.225625000000000e+01         4.939132368587370e-10         
3.225937500000000e+01         4.932801619079233e-10         
3.226250000000000e+01         4.926600359094619e-10         
3.226562500000000e+01         4.920356477083769e-10         
3.226875000000000e+01         4.914240447597528e-10         
3.227187500000000e+01         4.908081322161755e-10         
3.227500000000000e+01         4.901965906983868e-10         
3.227812500000000e+01         4.895975401354830e-10         
3.228125000000000e+01         4.889945151322151e-10         
3.228437500000000e+01         4.883997577606335e-10         
3.228750000000000e+01         4.878091827733168e-10         
3.229062500000000e+01         4.872188183852612e-10         
3.229375000000000e+01         4.866368145248912e-10         
3.229687500000000e+01         4.860590597826187e-10         
3.230000000000000e+01         4.854855396456969e-10         
3.230312500000000e+01         4.849119559249592e-10         
3.230625000000000e+01         4.843467279746963e-10         
3.230937500000000e+01         4.837858993738034e-10         
3.231250000000000e+01         4.832248954602528e-10         
3.231562500000000e+01         4.826765618283514e-10         
3.231875000000000e+01         4.821238548094900e-10         
3.232187500000000e+01         4.815753884676605e-10         
3.232500000000000e+01         4.810395671125227e-10         
3.232812500000000e+01         4.804996579862954e-10         
3.233125000000000e+01         4.799720855154078e-10         
3.233437500000000e+01         4.794403551356090e-10         
3.233750000000000e+01         4.789128017259418e-10         
3.234062500000000e+01         4.783978340541766e-10         
3.234375000000000e+01         4.778786271918592e-10         
3.234687500000000e+01         4.773677659801861e-10         
3.235000000000000e+01         4.768607827814587e-10         
3.235312500000000e+01         4.763538096589813e-10         
3.235625000000000e+01         4.758554340527805e-10         
3.235937500000000e+01         4.753609986033575e-10         
3.236250000000000e+01         4.748706345148663e-10         
3.236562500000000e+01         4.743801799596932e-10         
3.236875000000000e+01         4.738980422699134e-10         
3.237187500000000e+01         4.734201191386941e-10         
3.237500000000000e+01         4.729420069293178e-10         
3.237812500000000e+01         4.724762624635250e-10         
3.238125000000000e+01         4.720064417840527e-10         
3.238437500000000e+01         4.715445522201788e-10         
3.238750000000000e+01         4.710869041623705e-10         
3.239062500000000e+01         4.706291195080754e-10         
3.239375000000000e+01         4.701837083771702e-10         
3.239687500000000e+01         4.697341283872197e-10         
3.240000000000000e+01         4.692884531767494e-10         
3.240312500000000e+01         4.688553009707846e-10         
3.240625000000000e+01         4.684175687172517e-10         
3.240937500000000e+01         4.679884844878696e-10         
3.241250000000000e+01         4.675630865270242e-10         
3.241562500000000e+01         4.671376333931029e-10         
3.241875000000000e+01         4.667203796421845e-10         
3.242187500000000e+01         4.663070859532875e-10         
3.242500000000000e+01         4.658978107594831e-10         
3.242812500000000e+01         4.654923463187636e-10         
3.243125000000000e+01         4.650869518703375e-10         
3.243437500000000e+01         4.646898466063055e-10         
3.243750000000000e+01         4.642963424483896e-10         
3.244062500000000e+01         4.639069810740631e-10         
3.244375000000000e+01         4.635175669369074e-10         
3.244687500000000e+01         4.631359672982651e-10         
3.245000000000000e+01         4.627585525570113e-10         
3.245312500000000e+01         4.623809041240422e-10         
3.245625000000000e+01         4.620155671678857e-10         
3.245937500000000e+01         4.616455734902570e-10         
3.246250000000000e+01         4.612798267895581e-10         
3.246562500000000e+01         4.609262386830472e-10         
3.246875000000000e+01         4.605682564470558e-10         
3.247187500000000e+01         4.602222837525743e-10         
3.247500000000000e+01         4.598722602087649e-10         
3.247812500000000e+01         4.595259544501816e-10         
3.248125000000000e+01         4.591916978722120e-10         
3.248437500000000e+01         4.588533257423343e-10         
3.248750000000000e+01         4.585231455996420e-10         
3.249062500000000e+01         4.581965365812434e-10         
3.249375000000000e+01         4.578695421971938e-10         
3.249687500000000e+01         4.575511179042849e-10         
3.250000000000000e+01         4.572359679409218e-10         
3.250312500000000e+01         4.569250347829951e-10         
3.250625000000000e+01         4.566138521964014e-10         
3.250937500000000e+01         4.563103531523580e-10         
3.251250000000000e+01         4.560109357131913e-10         
3.251562500000000e+01         4.557112929437588e-10         
3.251875000000000e+01         4.554237430206435e-10         
3.252187500000000e+01         4.551317981249573e-10         
3.252500000000000e+01         4.548437668470581e-10         
3.252812500000000e+01         4.545674705434184e-10         
3.253125000000000e+01         4.542871284559106e-10         
3.253437500000000e+01         4.540184136786768e-10         
3.253750000000000e+01         4.537456447703265e-10         
3.254062500000000e+01         4.534767176827819e-10         
3.254375000000000e+01         4.532197173835019e-10         
3.254687500000000e+01         4.529582523356920e-10         
3.255000000000000e+01         4.527051097698697e-10         
3.255312500000000e+01         4.524551960328852e-10         
3.255625000000000e+01         4.522053310429199e-10         
3.255937500000000e+01         4.519633017299243e-10         
3.256250000000000e+01         4.517248503869744e-10         
3.256562500000000e+01         4.514903528058076e-10         
3.256875000000000e+01         4.512556878133991e-10         
3.257187500000000e+01         4.510285455970279e-10         
3.257500000000000e+01         4.508057255924685e-10         
3.257812500000000e+01         4.505823112071269e-10         
3.258125000000000e+01         4.503705758027814e-10         
3.258437500000000e+01         4.501548075268924e-10         
3.258750000000000e+01         4.499465214314233e-10         
3.259062500000000e+01         4.497423328071686e-10         
3.259375000000000e+01         4.495377761094647e-10         
3.259687500000000e+01         4.493451909069498e-10         
3.260000000000000e+01         4.491478808573379e-10         
3.260312500000000e+01         4.489546555963296e-10         
3.260625000000000e+01         4.487732693069189e-10         
3.260937500000000e+01         4.485875060853897e-10         
3.261250000000000e+01         4.484096133093193e-10         
3.261562500000000e+01         4.482351022500963e-10         
3.261875000000000e+01         4.480606177461356e-10         
3.262187500000000e+01         4.478939480169784e-10         
3.262500000000000e+01         4.477307355237349e-10         
3.262812500000000e+01         4.475717650096184e-10         
3.263125000000000e+01         4.474160177198076e-10         
3.263437500000000e+01         4.472599560708867e-10         
3.263750000000000e+01         4.471122289739497e-10         
3.264062500000000e+01         4.469676230777616e-10         
3.264375000000000e+01         4.468271005782702e-10         
3.264687500000000e+01         4.466861928948318e-10         
3.265000000000000e+01         4.465528460710813e-10         
3.265312500000000e+01         4.464234595283541e-10         
3.265625000000000e+01         4.462937452507931e-10         
3.265937500000000e+01         4.461759198166349e-10         
3.266250000000000e+01         4.460536765826056e-10         
3.266562500000000e+01         4.459348660803076e-10         
3.266875000000000e+01         4.458281908226367e-10         
3.267187500000000e+01         4.457170929128023e-10         
3.267500000000000e+01         4.456175998539904e-10         
3.267812500000000e+01         4.455139482188103e-10         
3.268125000000000e+01         4.454140885333666e-10         
3.268437500000000e+01         4.453259301168138e-10         
3.268750000000000e+01         4.452331777409972e-10         
3.269062500000000e+01         4.451487554989164e-10         
3.269375000000000e+01         4.450675477784077e-10         
3.269687500000000e+01         4.449862198200950e-10         
3.270000000000000e+01         4.449127080731498e-10         
3.270312500000000e+01         4.448425396199794e-10         
3.270625000000000e+01         4.447764472364456e-10         
3.270937500000000e+01         4.447100842945136e-10         
3.271250000000000e+01         4.446511423029865e-10         
3.271562500000000e+01         4.445964914367269e-10         
3.271875000000000e+01         4.445412241551348e-10         
3.272187500000000e+01         4.444975294509416e-10         
3.272500000000000e+01         4.444496705902111e-10         
3.272812500000000e+01         4.444056533743389e-10         
3.273125000000000e+01         4.443730611693333e-10         
3.273437500000000e+01         4.443364315623562e-10         
3.273750000000000e+01         4.443116622560564e-10         
3.274062500000000e+01         4.442822319518376e-10         
3.274375000000000e+01         4.442567769896091e-10         
3.274687500000000e+01         4.442431790927271e-10         
3.275000000000000e+01         4.442252477765178e-10         
3.275312500000000e+01         4.442150820037479e-10         
3.275625000000000e+01         4.442083090575412e-10         
3.275937500000000e+01         4.442015908388720e-10         
3.276250000000000e+01         4.442026629207496e-10         
3.276562500000000e+01         4.442071595401403e-10         
3.276875000000000e+01         4.442160314981270e-10         
3.277187500000000e+01         4.442243197578171e-10         
3.277500000000000e+01         4.442397961813942e-10         
3.277812500000000e+01         4.442598741649485e-10         
3.278125000000000e+01         4.442794996420206e-10         
3.278437500000000e+01         4.443105339401162e-10         
3.278750000000000e+01         4.443376395234360e-10         
3.279062500000000e+01         4.443721976994748e-10         
3.279375000000000e+01         4.444108616026632e-10         
3.279687500000000e+01         4.444493131366847e-10         
3.280000000000000e+01         4.444995400482887e-10         
3.280312500000000e+01         4.445455658870497e-10         
3.280625000000000e+01         4.445949975752711e-10         
3.280937500000000e+01         4.446565964955630e-10         
3.281250000000000e+01         4.447138941428403e-10         
3.281562500000000e+01         4.447790948715409e-10         
3.281875000000000e+01         4.448478057972939e-10         
3.282187500000000e+01         4.449165327657491e-10         
3.282500000000000e+01         4.449934623552947e-10         
3.282812500000000e+01         4.450733174053047e-10         
3.283125000000000e+01         4.451579376797292e-10         
3.283437500000000e+01         4.452456351596348e-10         
3.283750000000000e+01         4.453335777062115e-10         
3.284062500000000e+01         4.454292474948818e-10         
3.284375000000000e+01         4.455285525748932e-10         
3.284687500000000e+01         4.456319993559151e-10         
3.285000000000000e+01         4.457352407891702e-10         
3.285312500000000e+01         4.458461504135689e-10         
3.285625000000000e+01         4.459614551334393e-10         
3.285937500000000e+01         4.460762223733032e-10         
3.286250000000000e+01         4.462027850871013e-10         
3.286562500000000e+01         4.463253602711530e-10         
3.286875000000000e+01         4.464518424658635e-10         
3.287187500000000e+01         4.465900443289214e-10         
3.287500000000000e+01         4.467242985749980e-10         
3.287812500000000e+01         4.468706212243540e-10         
3.288125000000000e+01         4.470124030017618e-10         
3.288437500000000e+01         4.471584879481795e-10         
3.288750000000000e+01         4.473165930037608e-10         
3.289062500000000e+01         4.474704198931235e-10         
3.289375000000000e+01         4.476322686430234e-10         
3.289687500000000e+01         4.477978778947081e-10         
3.290000000000000e+01         4.479635607198395e-10         
3.290312500000000e+01         4.481373151365313e-10         
3.290625000000000e+01         4.483148414283856e-10         
3.290937500000000e+01         4.484968789498990e-10         
3.291250000000000e+01         4.486783801783868e-10         
3.291562500000000e+01         4.488675083769539e-10         
3.291875000000000e+01         4.490615406242940e-10         
3.292187500000000e+01         4.492551769943191e-10         
3.292500000000000e+01         4.494606704117844e-10         
3.292812500000000e+01         4.496623306010876e-10         
3.293125000000000e+01         4.498680456551982e-10         
3.293437500000000e+01         4.500856929208599e-10         
3.293750000000000e+01         4.502994923547365e-10         
3.294062500000000e+01         4.505255728537264e-10         
3.294375000000000e+01         4.507474972799903e-10         
3.294687500000000e+01         4.509731993619313e-10         
3.295000000000000e+01         4.512116224513336e-10         
3.295312500000000e+01         4.514457855951118e-10         
3.295625000000000e+01         4.516881747575617e-10         
3.295937500000000e+01         4.519344295133404e-10         
3.296250000000000e+01         4.521811350747433e-10         
3.296562500000000e+01         4.524361963602582e-10         
3.296875000000000e+01         4.526945836654565e-10         
3.297187500000000e+01         4.529580880033757e-10         
3.297500000000000e+01         4.532213703745883e-10         
3.297812500000000e+01         4.534926135429248e-10         
3.298125000000000e+01         4.537683084550661e-10         
3.298437500000000e+01         4.540440964000947e-10         
3.298750000000000e+01         4.543320259545634e-10         
3.299062500000000e+01         4.546163673001724e-10         
3.299375000000000e+01         4.549088101933250e-10         
3.299687500000000e+01         4.552058709806057e-10         
3.300000000000000e+01         4.555030395258483e-10         
3.300312500000000e+01         4.558122582565554e-10         
3.300625000000000e+01         4.561178218058625e-10         
3.300937500000000e+01         4.564277009584509e-10         
3.301250000000000e+01         4.567500023372184e-10         
3.301562500000000e+01         4.570685467600226e-10         
3.301875000000000e+01         4.573957806707135e-10         
3.302187500000000e+01         4.577265269870718e-10         
3.302500000000000e+01         4.580581738301296e-10         
3.302812500000000e+01         4.583985431030636e-10         
3.303125000000000e+01         4.587429222229759e-10         
3.303437500000000e+01         4.590917454106968e-10         
3.303750000000000e+01         4.594447996402237e-10         
3.304062500000000e+01         4.597984867305675e-10         
3.304375000000000e+01         4.601608010033048e-10         
3.304687500000000e+01         4.605272766468505e-10         
3.305000000000000e+01         4.608987910405854e-10         
3.305312500000000e+01         4.612702448356942e-10         
3.305625000000000e+01         4.616499207781020e-10         
3.305937500000000e+01         4.620350172341924e-10         
3.306250000000000e+01         4.624200912031261e-10         
3.306562500000000e+01         4.628176243939549e-10         
3.306875000000000e+01         4.632120323382824e-10         
3.307187500000000e+01         4.636107908152914e-10         
3.307500000000000e+01         4.640222155392434e-10         
3.307812500000000e+01         4.644302596514781e-10         
3.308125000000000e+01         4.648513116625659e-10         
3.308437500000000e+01         4.652686891675264e-10         
3.308750000000000e+01         4.656902665672363e-10         
3.309062500000000e+01         4.661252755708041e-10         
3.309375000000000e+01         4.665566611144955e-10         
3.309687500000000e+01         4.669969009347175e-10         
3.310000000000000e+01         4.674417036979767e-10         
3.310312500000000e+01         4.678872832533437e-10         
3.310625000000000e+01         4.683421685595050e-10         
3.310937500000000e+01         4.688008431034814e-10         
3.311250000000000e+01         4.692652621193996e-10         
3.311562500000000e+01         4.697300138440737e-10         
3.311875000000000e+01         4.702034827648184e-10         
3.312187500000000e+01         4.706822979399069e-10         
3.312500000000000e+01         4.711615087470287e-10         
3.312812500000000e+01         4.716537660812734e-10         
3.313125000000000e+01         4.721430587025659e-10         
3.313437500000000e+01         4.726371533552054e-10         
3.313750000000000e+01         4.731445770271192e-10         
3.314062500000000e+01         4.736484688304098e-10         
3.314375000000000e+01         4.741658262030136e-10         
3.314687500000000e+01         4.746798799947478e-10         
3.315000000000000e+01         4.751989300809941e-10         
3.315312500000000e+01         4.757312267009331e-10         
3.315625000000000e+01         4.762605507742115e-10         
3.315937500000000e+01         4.767993280564057e-10         
3.316250000000000e+01         4.773425922353885e-10         
3.316562500000000e+01         4.778870946664414e-10         
3.316875000000000e+01         4.784413706232796e-10         
3.317187500000000e+01         4.790001938023909e-10         
3.317500000000000e+01         4.795646456350728e-10         
3.317812500000000e+01         4.801300625960918e-10         
3.318125000000000e+01         4.807046613973429e-10         
3.318437500000000e+01         4.812847761126700e-10         
3.318750000000000e+01         4.818659716791786e-10         
3.319062500000000e+01         4.824610305282031e-10         
3.319375000000000e+01         4.830530657440561e-10         
3.319687500000000e+01         4.836540307036748e-10         
3.320000000000000e+01         4.842610900219856e-10         
3.320312500000000e+01         4.848690973942995e-10         
3.320625000000000e+01         4.854909693680886e-10         
3.320937500000000e+01         4.861099269410698e-10         
3.321250000000000e+01         4.867343929854603e-10         
3.321562500000000e+01         4.873727665719192e-10         
3.321875000000000e+01         4.880082296736171e-10         
3.322187500000000e+01         4.886538957397285e-10         
3.322500000000000e+01         4.893046601213916e-10         
3.322812500000000e+01         4.899567676422317e-10         
3.323125000000000e+01         4.906192186571282e-10         
3.323437500000000e+01         4.912868362874583e-10         
3.323750000000000e+01         4.919603596219014e-10         
3.324062500000000e+01         4.926395926683521e-10         
3.324375000000000e+01         4.933203193848854e-10         
3.324687500000000e+01         4.940113684279812e-10         
3.325000000000000e+01         4.947075999014403e-10         
3.325312500000000e+01         4.954103198659814e-10         
3.325625000000000e+01         4.961143696744969e-10         
3.325937500000000e+01         4.968284047952058e-10         
3.326250000000000e+01         4.975485509696091e-10         
3.326562500000000e+01         4.982703272028595e-10         
3.326875000000000e+01         4.990066024605778e-10         
3.327187500000000e+01         4.997402960444425e-10         
3.327500000000000e+01         5.004801894495897e-10         
3.327812500000000e+01         5.012347795449097e-10         
3.328125000000000e+01         5.019864426456986e-10         
3.328437500000000e+01         5.027532234131630e-10         
3.328750000000000e+01         5.035175411879287e-10         
3.329062500000000e+01         5.042880499939854e-10         
3.329375000000000e+01         5.050731233350461e-10         
3.329687500000000e+01         5.058559449853707e-10         
3.330000000000000e+01         5.066496921638402e-10         
3.330312500000000e+01         5.074491824212122e-10         
3.330625000000000e+01         5.082509818383181e-10         
3.330937500000000e+01         5.090636477649379e-10         
3.331250000000000e+01         5.098824454578735e-10         
3.331562500000000e+01         5.107078755875550e-10         
3.331875000000000e+01         5.115353263439661e-10         
3.332187500000000e+01         5.123734631261010e-10         
3.332500000000000e+01         5.132183204528067e-10         
3.332812500000000e+01         5.140656075608518e-10         
3.333125000000000e+01         5.149280602304703e-10         
3.333437500000000e+01         5.157882558179500e-10         
3.333750000000000e+01         5.166550446295366e-10         
3.334062500000000e+01         5.175378000219867e-10         
3.334375000000000e+01         5.184180676726586e-10         
3.334687500000000e+01         5.193139594555386e-10         
3.335000000000000e+01         5.202079122638023e-10         
3.335312500000000e+01         5.211089369796749e-10         
3.335625000000000e+01         5.220253208456080e-10         
3.335937500000000e+01         5.229399671765052e-10         
3.336250000000000e+01         5.238662736852140e-10         
3.336562500000000e+01         5.247991317952543e-10         
3.336875000000000e+01         5.257345860431300e-10         
3.337187500000000e+01         5.266818538758659e-10         
3.337500000000000e+01         5.276359884395666e-10         
3.337812500000000e+01         5.285975507481007e-10         
3.338125000000000e+01         5.295616080186176e-10         
3.338437500000000e+01         5.305372029363421e-10         
3.338750000000000e+01         5.315205223413381e-10         
3.339062500000000e+01         5.325062014973163e-10         
3.339375000000000e+01         5.335085372266229e-10         
3.339687500000000e+01         5.345090827593245e-10         
3.340000000000000e+01         5.355214222136207e-10         
3.340312500000000e+01         5.365414021688958e-10         
3.340625000000000e+01         5.375643620747051e-10         
3.340937500000000e+01         5.386038273114392e-10         
3.341250000000000e+01         5.396417691683822e-10         
3.341562500000000e+01         5.406874581720406e-10         
3.341875000000000e+01         5.417498762075845e-10         
3.342187500000000e+01         5.428106905165747e-10         
3.342500000000000e+01         5.438840815268840e-10         
3.342812500000000e+01         5.449650654523455e-10         
3.343125000000000e+01         5.460492270733892e-10         
3.343437500000000e+01         5.471506170892089e-10         
3.343750000000000e+01         5.482506796777031e-10         
3.344062500000000e+01         5.493633879660245e-10         
3.344375000000000e+01         5.504836905201449e-10         
3.344687500000000e+01         5.516077942859516e-10         
3.345000000000000e+01         5.527446942862740e-10         
3.345312500000000e+01         5.538893949114905e-10         
3.345625000000000e+01         5.550424710569104e-10         
3.345937500000000e+01         5.561989275618760e-10         
3.346250000000000e+01         5.573683205398677e-10         
3.346562500000000e+01         5.585461808359463e-10         
3.346875000000000e+01         5.597276842588924e-10         
3.347187500000000e+01         5.609270021719885e-10         
3.347500000000000e+01         5.621250152066730e-10         
3.347812500000000e+01         5.633316772281347e-10         
3.348125000000000e+01         5.645564963351386e-10         
3.348437500000000e+01         5.657801557990041e-10         
3.348750000000000e+01         5.670220447478208e-10         
3.349062500000000e+01         5.682631120360680e-10         
3.349375000000000e+01         5.695128069682573e-10         
3.349687500000000e+01         5.707807857715899e-10         
3.350000000000000e+01         5.720481257842942e-10         
3.350312500000000e+01         5.733289727449464e-10         
3.350625000000000e+01         5.746186768499880e-10         
3.350937500000000e+01         5.759124965489615e-10         
3.351250000000000e+01         5.772203502975891e-10         
3.351562500000000e+01         5.785370040091788e-10         
3.351875000000000e+01         5.798627620997081e-10         
3.352187500000000e+01         5.811928979172210e-10         
3.352500000000000e+01         5.825368758731697e-10         
3.352812500000000e+01         5.838902866102227e-10         
3.353125000000000e+01         5.852480521112414e-10         
3.353437500000000e+01         5.866248459726203e-10         
3.353750000000000e+01         5.880013537392915e-10         
3.354062500000000e+01         5.893871288023152e-10         
3.354375000000000e+01         5.907921449263806e-10         
3.354687500000000e+01         5.921968419155071e-10         
3.355000000000000e+01         5.936208884135845e-10         
3.355312500000000e+01         5.950448256377612e-10         
3.355625000000000e+01         5.964782696075149e-10         
3.355937500000000e+01         5.979314074769469e-10         
3.356250000000000e+01         5.993842901898427e-10         
3.356562500000000e+01         6.008520814919555e-10         
3.356875000000000e+01         6.023296875194835e-10         
3.357187500000000e+01         6.038120529643272e-10         
3.357500000000000e+01         6.053094209030008e-10         
3.357812500000000e+01         6.068168426638672e-10         
3.358125000000000e+01         6.083340985087928e-10         
3.358437500000000e+01         6.098563880273266e-10         
3.358750000000000e+01         6.113940191539743e-10         
3.359062500000000e+01         6.129418735085292e-10         
3.359375000000000e+01         6.144947113676188e-10         
3.359687500000000e+01         6.160679606215704e-10         
3.360000000000000e+01         6.176415955985903e-10         
3.360312500000000e+01         6.192304047710163e-10         
3.360625000000000e+01         6.208296310934170e-10         
3.360937500000000e+01         6.224344824787124e-10         
3.361250000000000e+01         6.240598254222417e-10         
3.361562500000000e+01         6.256856260910030e-10         
3.361875000000000e+01         6.273218354592202e-10         
3.362187500000000e+01         6.289788825614475e-10         
3.362500000000000e+01         6.306365992721259e-10         
3.362812500000000e+01         6.323100327092700e-10         
3.363125000000000e+01         6.339941430468298e-10         
3.363437500000000e+01         6.356839797548676e-10         
3.363750000000000e+01         6.373950763785636e-10         
3.364062500000000e+01         6.391066535438662e-10         
3.364375000000000e+01         6.408342768830348e-10         
3.364687500000000e+01         6.425730180528139e-10         
3.365000000000000e+01         6.443174274256510e-10         
3.365312500000000e+01         6.460780421807658e-10         
3.365625000000000e+01         6.478500079512474e-10         
3.365937500000000e+01         6.496327445726508e-10         
3.366250000000000e+01         6.514216338234286e-10         
3.366562500000000e+01         6.532271276592481e-10         
3.366875000000000e+01         6.550434945296521e-10         
3.367187500000000e+01         6.568661463694024e-10         
3.367500000000000e+01         6.587105036343610e-10         
3.367812500000000e+01         6.605556609318392e-10         
3.368125000000000e+01         6.624121887080376e-10         
3.368437500000000e+01         6.642909046667739e-10         
3.368750000000000e+01         6.661703099932665e-10         
3.369062500000000e+01         6.680719446611243e-10         
3.369375000000000e+01         6.699742508929957e-10         
3.369687500000000e+01         6.718879619977179e-10         
3.370000000000000e+01         6.738241864770531e-10         
3.370312500000000e+01         6.757613651797196e-10         
3.370625000000000e+01         6.777151965526297e-10         
3.370937500000000e+01         6.796807693980905e-10         
3.371250000000000e+01         6.816527008841331e-10         
3.371562500000000e+01         6.836414711918114e-10         
3.371875000000000e+01         6.856422349399779e-10         
3.372187500000000e+01         6.876545045668990e-10         
3.372500000000000e+01         6.896731834898964e-10         
3.372812500000000e+01         6.917090838953927e-10         
3.373125000000000e+01         6.937564561056667e-10         
3.373437500000000e+01         6.958102414156092e-10         
3.373750000000000e+01         6.978869832843299e-10         
3.374062500000000e+01         6.999641130853868e-10         
3.374375000000000e+01         7.020533114664660e-10         
3.374687500000000e+01         7.041653996980529e-10         
3.375000000000000e+01         7.062779477132927e-10         
3.375312500000000e+01         7.084135733645994e-10         
3.375625000000000e+01         7.105499601859596e-10         
3.375937500000000e+01         7.126977783525299e-10         
3.376250000000000e+01         7.148687999573848e-10         
3.376562500000000e+01         7.170403560850389e-10         
3.376875000000000e+01         7.192291834464249e-10         
3.377187500000000e+01         7.214298781961022e-10         
3.377500000000000e+01         7.236364237069583e-10         
3.377812500000000e+01         7.258603382763655e-10         
3.378125000000000e+01         7.280963439695600e-10         
3.378437500000000e+01         7.303432191234904e-10         
3.378750000000000e+01         7.325963951353394e-10         
3.379062500000000e+01         7.348673578117892e-10         
3.379375000000000e+01         7.371491083852080e-10         
3.379687500000000e+01         7.394369389873226e-10         
3.380000000000000e+01         7.417481875341457e-10         
3.380312500000000e+01         7.440586622795042e-10         
3.380625000000000e+01         7.463869306685686e-10         
3.380937500000000e+01         7.487258779803893e-10         
3.381250000000000e+01         7.510708299420267e-10         
3.381562500000000e+01         7.534383927321473e-10         
3.381875000000000e+01         7.558054292663596e-10         
3.382187500000000e+01         7.581835515235045e-10         
3.382500000000000e+01         7.605847012156100e-10         
3.382812500000000e+01         7.629845771892576e-10         
3.383125000000000e+01         7.654013633342023e-10         
3.383437500000000e+01         7.678293336086771e-10         
3.383750000000000e+01         7.702615522540547e-10         
3.384062500000000e+01         7.727164066168761e-10         
3.384375000000000e+01         7.751700016108793e-10         
3.384687500000000e+01         7.776394988238865e-10         
3.385000000000000e+01         7.801199025419253e-10         
3.385312500000000e+01         7.826039386393965e-10         
3.385625000000000e+01         7.851043169272993e-10         
3.385937500000000e+01         7.876147669212782e-10         
3.386250000000000e+01         7.901346113592224e-10         
3.386562500000000e+01         7.926583354424992e-10         
3.386875000000000e+01         7.951979683572539e-10         
3.387187500000000e+01         7.977463617059026e-10         
3.387500000000000e+01         8.002980521669890e-10         
3.387812500000000e+01         8.028715539758999e-10         
3.388125000000000e+01         8.054410537475317e-10         
3.388437500000000e+01         8.080195194106790e-10         
3.388750000000000e+01         8.106193944989660e-10         
3.389062500000000e+01         8.132146312589781e-10         
3.389375000000000e+01         8.158308388700718e-10         
3.389687500000000e+01         8.184426346207987e-10         
3.390000000000000e+01         8.210617521987748e-10         
3.390312500000000e+01         8.237012669265751e-10         
3.390625000000000e+01         8.263353384462665e-10         
3.390937500000000e+01         8.289829758436249e-10         
3.391250000000000e+01         8.316378962177919e-10         
3.391562500000000e+01         8.342926809507029e-10         
3.391875000000000e+01         8.369603864325199e-10         
3.392187500000000e+01         8.396345926619910e-10         
3.392500000000000e+01         8.423139348579516e-10         
3.392812500000000e+01         8.449928284357257e-10         
3.393125000000000e+01         8.476842658469294e-10         
3.393437500000000e+01         8.503796626788317e-10         
3.393750000000000e+01         8.530736371459293e-10         
3.394062500000000e+01         8.557856335900288e-10         
3.394375000000000e+01         8.584881944304240e-10         
3.394687500000000e+01         8.611944155728489e-10         
3.395000000000000e+01         8.639180215629057e-10         
3.395312500000000e+01         8.666310125285253e-10         
3.395625000000000e+01         8.693600290171213e-10         
3.395937500000000e+01         8.720781755331989e-10         
3.396250000000000e+01         8.747984126234659e-10         
3.396562500000000e+01         8.775341450738905e-10         
3.396875000000000e+01         8.802571657486034e-10         
3.397187500000000e+01         8.829880049966843e-10         
3.397500000000000e+01         8.857198257537907e-10         
3.397812500000000e+01         8.884444624320703e-10         
3.398125000000000e+01         8.911750944797829e-10         
3.398437500000000e+01         8.939063133252065e-10         
3.398750000000000e+01         8.966349644472792e-10         
3.399062500000000e+01         8.993556167025701e-10         
3.399375000000000e+01         9.020813553629526e-10         
3.399687500000000e+01         9.048039334355374e-10         
3.400000000000000e+01         9.075167029767565e-10         
3.400312500000000e+01         9.102394573572520e-10         
3.400625000000000e+01         9.129449414949407e-10         
3.400937500000000e+01         9.156527053702987e-10         
3.401250000000000e+01         9.183543864802511e-10         
3.401562500000000e+01         9.210438799113948e-10         
3.401875000000000e+01         9.237417449368465e-10         
3.402187500000000e+01         9.264181278295935e-10         
3.402500000000000e+01         9.290873621272231e-10         
3.402812500000000e+01         9.317631784835691e-10         
3.403125000000000e+01         9.344159682706257e-10         
3.403437500000000e+01         9.370662009946307e-10         
3.403750000000000e+01         9.397083523775311e-10         
3.404062500000000e+01         9.423319816372416e-10         
3.404375000000000e+01         9.449591296375727e-10         
3.404687500000000e+01         9.475604457692401e-10         
3.405000000000000e+01         9.501566447882608e-10         
3.405312500000000e+01         9.527406948938445e-10         
3.405625000000000e+01         9.553035732822737e-10         
3.405937500000000e+01         9.578595386648908e-10         
3.406250000000000e+01         9.604013281630118e-10         
3.406562500000000e+01         9.629265655672236e-10         
3.406875000000000e+01         9.654290157214834e-10         
3.407187500000000e+01         9.679229576767194e-10         
3.407500000000000e+01         9.703976895130071e-10         
3.407812500000000e+01         9.728474907597350e-10         
3.408125000000000e+01         9.752936643347699e-10         
3.408437500000000e+01         9.777049099518777e-10         
3.408750000000000e+01         9.800958320086679e-10         
3.409062500000000e+01         9.824811537997659e-10         
3.409375000000000e+01         9.848291030237607e-10         
3.409687500000000e+01         9.871696183707164e-10         
3.410000000000000e+01         9.894719438366565e-10         
3.410312500000000e+01         9.917502206728574e-10         
3.410625000000000e+01         9.940193327452449e-10         
3.410937500000000e+01         9.962474458908456e-10         
3.411250000000000e+01         9.984568990555038e-10         
3.411562500000000e+01         1.000639897737173e-09         
3.411875000000000e+01         1.002787252227951e-09         
3.412187500000000e+01         1.004913127344929e-09         
3.412500000000000e+01         1.007011517827858e-09         
3.412812500000000e+01         1.009078202592432e-09         
3.413125000000000e+01         1.011107462223737e-09         
3.413437500000000e+01         1.013113341563044e-09         
3.413750000000000e+01         1.015086542351513e-09         
3.414062500000000e+01         1.017019382678877e-09         
3.414375000000000e+01         1.018933769209944e-09         
3.414687500000000e+01         1.020799323913570e-09         
3.415000000000000e+01         1.022629219748362e-09         
3.415312500000000e+01         1.024438721334272e-09         
3.415625000000000e+01         1.026196612271395e-09         
3.415937500000000e+01         1.027933179559337e-09         
3.416250000000000e+01         1.029616153226650e-09         
3.416562500000000e+01         1.031260622215807e-09         
3.416875000000000e+01         1.032881975144678e-09         
3.417187500000000e+01         1.034447420216599e-09         
3.417500000000000e+01         1.035979683575646e-09         
3.417812500000000e+01         1.037472841958630e-09         
3.418125000000000e+01         1.038915054800677e-09         
3.418437500000000e+01         1.040322417029368e-09         
3.418750000000000e+01         1.041687808541707e-09         
3.419062500000000e+01         1.043009411750990e-09         
3.419375000000000e+01         1.044279106160344e-09         
3.419687500000000e+01         1.045512774446506e-09         
3.420000000000000e+01         1.046700714863754e-09         
3.420312500000000e+01         1.047843414593095e-09         
3.420625000000000e+01         1.048938850475912e-09         
3.420937500000000e+01         1.049980558393606e-09         
3.421250000000000e+01         1.050984389412870e-09         
3.421562500000000e+01         1.051938528770778e-09         
3.421875000000000e+01         1.052837798331721e-09         
3.422187500000000e+01         1.053705010258937e-09         
3.422500000000000e+01         1.054506998019505e-09         
3.422812500000000e+01         1.055260303130897e-09         
3.423125000000000e+01         1.055980385543182e-09         
3.423437500000000e+01         1.056634348580835e-09         
3.423750000000000e+01         1.057245464462356e-09         
3.424062500000000e+01         1.057807766306159e-09         
3.424375000000000e+01         1.058310909945082e-09         
3.424687500000000e+01         1.058779811709196e-09         
3.425000000000000e+01         1.059181222407305e-09         
3.425312500000000e+01         1.059539235319162e-09         
3.425625000000000e+01         1.059847009654040e-09         
3.425937500000000e+01         1.060094622998928e-09         
3.426250000000000e+01         1.060297888455259e-09         
3.426562500000000e+01         1.060451584697235e-09         
3.426875000000000e+01         1.060551687241942e-09         
3.427187500000000e+01         1.060592832764384e-09         
3.427500000000000e+01         1.060590929097874e-09         
3.427812500000000e+01         1.060536747029222e-09         
3.428125000000000e+01         1.060423115834000e-09         
3.428437500000000e+01         1.060274393771012e-09         
3.428750000000000e+01         1.060057565430178e-09         
3.429062500000000e+01         1.059789583682781e-09         
3.429375000000000e+01         1.059486233801231e-09         
3.429687500000000e+01         1.059115986704102e-09         
3.430000000000000e+01         1.058711462073463e-09         
3.430312500000000e+01         1.058239754413770e-09         
3.430625000000000e+01         1.057717936597359e-09         
3.430937500000000e+01         1.057162215053235e-09         
3.431250000000000e+01         1.056540569549069e-09         
3.431562500000000e+01         1.055876456799731e-09         
3.431875000000000e+01         1.055165140176600e-09         
3.432187500000000e+01         1.054395996411683e-09         
3.432500000000000e+01         1.053585451896554e-09         
3.432812500000000e+01         1.052728378415939e-09         
3.433125000000000e+01         1.051822742720609e-09         
3.433437500000000e+01         1.050862438526931e-09         
3.433750000000000e+01         1.049863605738240e-09         
3.434062500000000e+01         1.048818088017830e-09         
3.434375000000000e+01         1.047718847373723e-09         
3.434687500000000e+01         1.046589968942306e-09         
3.435000000000000e+01         1.045400853681247e-09         
3.435312500000000e+01         1.044168304659497e-09         
3.435625000000000e+01         1.042906808086077e-09         
3.435937500000000e+01         1.041586814636588e-09         
3.436250000000000e+01         1.040240409285882e-09         
3.436562500000000e+01         1.038836104674753e-09         
3.436875000000000e+01         1.037390439261518e-09         
3.437187500000000e+01         1.035920314616837e-09         
3.437500000000000e+01         1.034394270894258e-09         
3.437812500000000e+01         1.032835583772099e-09         
3.438125000000000e+01         1.031239681346606e-09         
3.438437500000000e+01         1.029597576563776e-09         
3.438750000000000e+01         1.027925703102710e-09         
3.439062500000000e+01         1.026217958174730e-09         
3.439375000000000e+01         1.024473560670572e-09         
3.439687500000000e+01         1.022686339772682e-09         
3.440000000000000e+01         1.020872688060506e-09         
3.440312500000000e+01         1.019024155562060e-09         
3.440625000000000e+01         1.017144237253091e-09         
3.440937500000000e+01         1.015229944015810e-09         
3.441250000000000e+01         1.013277212391560e-09         
3.441562500000000e+01         1.011301623064507e-09         
3.441875000000000e+01         1.009295320663635e-09         
3.442187500000000e+01         1.007252091719639e-09         
3.442500000000000e+01         1.005195659832295e-09         
3.442812500000000e+01         1.003095889237604e-09         
3.443125000000000e+01         1.000968513249545e-09         
3.443437500000000e+01         9.988298837678073e-10         
3.443750000000000e+01         9.966502367208645e-10         
3.444062500000000e+01         9.944532421876309e-10         
3.444375000000000e+01         9.922323559022111e-10         
3.444687500000000e+01         9.899800003185726e-10         
3.445000000000000e+01         9.877201654514650e-10         
3.445312500000000e+01         9.854229625055549e-10         
3.445625000000000e+01         9.831108977394695e-10         
3.445937500000000e+01         9.807801022494517e-10         
3.446250000000000e+01         9.784208024973853e-10         
3.446562500000000e+01         9.760489595048651e-10         
3.446875000000000e+01         9.736593928487334e-10         
3.447187500000000e+01         9.712519150034244e-10         
3.447500000000000e+01         9.688194729017542e-10         
3.447812500000000e+01         9.663787600084318e-10         
3.448125000000000e+01         9.639214351407243e-10         
3.448437500000000e+01         9.614418550543758e-10         
3.448750000000000e+01         9.589620687176272e-10         
3.449062500000000e+01         9.564540958479779e-10         
3.449375000000000e+01         9.539335420536290e-10         
3.449687500000000e+01         9.514140683410594e-10         
3.450000000000000e+01         9.488686273404249e-10         
3.450312500000000e+01         9.463265623768110e-10         
3.450625000000000e+01         9.437589677313040e-10         
3.450937500000000e+01         9.411815682284594e-10         
3.451250000000000e+01         9.386089355276327e-10         
3.451562500000000e+01         9.360131397189020e-10         
3.451875000000000e+01         9.334154929026963e-10         
3.452187500000000e+01         9.308112630474523e-10         
3.452500000000000e+01         9.281922565358051e-10         
3.452812500000000e+01         9.255736354265483e-10         
3.453125000000000e+01         9.229493907089700e-10         
3.453437500000000e+01         9.203190044796176e-10         
3.453750000000000e+01         9.176768103085271e-10         
3.454062500000000e+01         9.150375570580945e-10         
3.454375000000000e+01         9.123930749078545e-10         
3.454687500000000e+01         9.097395495478239e-10         
3.455000000000000e+01         9.070958844836106e-10         
3.455312500000000e+01         9.044361729179512e-10         
3.455625000000000e+01         9.017742556845622e-10         
3.455937500000000e+01         8.991245782506038e-10         
3.456250000000000e+01         8.964600245362258e-10         
3.456562500000000e+01         8.938086146508751e-10         
3.456875000000000e+01         8.911428120441229e-10         
3.457187500000000e+01         8.884772269403786e-10         
3.457500000000000e+01         8.858252633000233e-10         
3.457812500000000e+01         8.831610895782150e-10         
3.458125000000000e+01         8.805048408029245e-10         
3.458437500000000e+01         8.778504104590480e-10         
3.458750000000000e+01         8.751913001339823e-10         
3.459062500000000e+01         8.725411246508862e-10         
3.459375000000000e+01         8.698939914752241e-10         
3.459687500000000e+01         8.672489392335451e-10         
3.460000000000000e+01         8.646019150024630e-10         
3.460312500000000e+01         8.619650440880315e-10         
3.460625000000000e+01         8.593311532906161e-10         
3.460937500000000e+01         8.567025423231534e-10         
3.461250000000000e+01         8.540780582581695e-10         
3.461562500000000e+01         8.514522049823365e-10         
3.461875000000000e+01         8.488383941311634e-10         
3.462187500000000e+01         8.462296973547341e-10         
3.462500000000000e+01         8.436203746476985e-10         
3.462812500000000e+01         8.410297101197014e-10         
3.463125000000000e+01         8.384326938536566e-10         
3.463437500000000e+01         8.358426146367242e-10         
3.463750000000000e+01         8.332713977744023e-10         
3.464062500000000e+01         8.306945175032786e-10         
3.464375000000000e+01         8.281312662496206e-10         
3.464687500000000e+01         8.255759094699521e-10         
3.465000000000000e+01         8.230213892877107e-10         
3.465312500000000e+01         8.204875259399559e-10         
3.465625000000000e+01         8.179487975888878e-10         
3.465937500000000e+01         8.154240588143140e-10         
3.466250000000000e+01         8.129086775309995e-10         
3.466562500000000e+01         8.103953331810929e-10         
3.466875000000000e+01         8.078965441086141e-10         
3.467187500000000e+01         8.054069903561176e-10         
3.467500000000000e+01         8.029261834774182e-10         
3.467812500000000e+01         8.004485312136350e-10         
3.468125000000000e+01         7.979863918835344e-10         
3.468437500000000e+01         7.955331664006589e-10         
3.468750000000000e+01         7.930842212582741e-10         
3.469062500000000e+01         7.906565445556572e-10         
3.469375000000000e+01         7.882267574275380e-10         
3.469687500000000e+01         7.858069826257721e-10         
3.470000000000000e+01         7.834094699895491e-10         
3.470312500000000e+01         7.810099740796367e-10         
3.470625000000000e+01         7.786328487476864e-10         
3.470937500000000e+01         7.762538157547025e-10         
3.471250000000000e+01         7.738854889398252e-10         
3.471562500000000e+01         7.715392911732589e-10         
3.471875000000000e+01         7.691919754919038e-10         
3.472187500000000e+01         7.668611439518262e-10         
3.472500000000000e+01         7.645414864505544e-10         
3.472812500000000e+01         7.622264919359582e-10         
3.473125000000000e+01         7.599281770445250e-10         
3.473437500000000e+01         7.576412337177788e-10         
3.473750000000000e+01         7.553645689229185e-10         
3.474062500000000e+01         7.530938367700353e-10         
3.474375000000000e+01         7.508399783197178e-10         
3.474687500000000e+01         7.485969063378794e-10         
3.475000000000000e+01         7.463595739381375e-10         
3.475312500000000e+01         7.441449588344511e-10         
3.475625000000000e+01         7.419300632857573e-10         
3.475937500000000e+01         7.397266214546211e-10         
3.476250000000000e+01         7.375458814471407e-10         
3.476562500000000e+01         7.353651453818585e-10         
3.476875000000000e+01         7.332069975172397e-10         
3.477187500000000e+01         7.310491863133935e-10         
3.477500000000000e+01         7.289030964799345e-10         
3.477812500000000e+01         7.267791482786605e-10         
3.478125000000000e+01         7.246558453745564e-10         
3.478437500000000e+01         7.225495957135356e-10         
3.478750000000000e+01         7.204549108373877e-10         
3.479062500000000e+01         7.183661472003726e-10         
3.479375000000000e+01         7.162944577602696e-10         
3.479687500000000e+01         7.142344871930959e-10         
3.480000000000000e+01         7.121854830854708e-10         
3.480312500000000e+01         7.101429375324598e-10         
3.480625000000000e+01         7.081178566476114e-10         
3.480937500000000e+01         7.061035406995625e-10         
3.481250000000000e+01         7.041011426574466e-10         
3.481562500000000e+01         7.021100525274725e-10         
3.481875000000000e+01         7.001252121993251e-10         
3.482187500000000e+01         6.981573780990436e-10         
3.482500000000000e+01         6.962004936020928e-10         
3.482812500000000e+01         6.942503237012996e-10         
3.483125000000000e+01         6.923219759363674e-10         
3.483437500000000e+01         6.903943837124084e-10         
3.483750000000000e+01         6.884783565779617e-10         
3.484062500000000e+01         6.865842486336229e-10         
3.484375000000000e+01         6.846908726083853e-10         
3.484687500000000e+01         6.828142189556488e-10         
3.485000000000000e+01         6.809490757700013e-10         
3.485312500000000e+01         6.790896456453391e-10         
3.485625000000000e+01         6.772520887356026e-10         
3.485937500000000e+01         6.754151627741149e-10         
3.486250000000000e+01         6.735949597099422e-10         
3.486562500000000e+01         6.717858891141265e-10         
3.486875000000000e+01         6.699825881536941e-10         
3.487187500000000e+01         6.681958135937138e-10         
3.487500000000000e+01         6.664200760507238e-10         
3.487812500000000e+01         6.646553183734937e-10         
3.488125000000000e+01         6.628965933480193e-10         
3.488437500000000e+01         6.611538460789587e-10         
3.488750000000000e+01         6.594219023123885e-10         
3.489062500000000e+01         6.576961243708430e-10         
3.489375000000000e+01         6.559914198529410e-10         
3.489687500000000e+01         6.542870819243192e-10         
3.490000000000000e+01         6.525938479094144e-10         
3.490312500000000e+01         6.509213924426716e-10         
3.490625000000000e+01         6.492494729162005e-10         
3.490937500000000e+01         6.475985697506162e-10         
3.491250000000000e+01         6.459481380535939e-10         
3.491562500000000e+01         6.443083101628828e-10         
3.491875000000000e+01         6.426890778171613e-10         
3.492187500000000e+01         6.410702391829772e-10         
3.492500000000000e+01         6.394671343067877e-10         
3.492812500000000e+01         6.378744054042713e-10         
3.493125000000000e+01         6.362870304591671e-10         
3.493437500000000e+01         6.347149725497986e-10         
3.493750000000000e+01         6.331534840096240e-10         
3.494062500000000e+01         6.316016846871919e-10         
3.494375000000000e+01         6.300559006349099e-10         
3.494687500000000e+01         6.285248824125222e-10         
3.495000000000000e+01         6.270039427445878e-10         
3.495312500000000e+01         6.254880962325667e-10         
3.495625000000000e+01         6.239923163831704e-10         
3.495937500000000e+01         6.224967121972521e-10         
3.496250000000000e+01         6.210110856563671e-10         
3.496562500000000e+01         6.195449096627950e-10         
3.496875000000000e+01         6.180792359952616e-10         
3.497187500000000e+01         6.166329471356344e-10         
3.497500000000000e+01         6.151864619118595e-10         
3.497812500000000e+01         6.137499996558898e-10         
3.498125000000000e+01         6.123329361353284e-10         
3.498437500000000e+01         6.109157121742921e-10         
3.498750000000000e+01         6.095129214484762e-10         
3.499062500000000e+01         6.081197492900244e-10         
3.499375000000000e+01         6.067313640746706e-10         
3.499687500000000e+01         6.053572033796175e-10         
3.500000000000000e+01         6.039922486631831e-10         
3.500312500000000e+01         6.026370211527244e-10         
3.500625000000000e+01         6.012860495781908e-10         
3.500937500000000e+01         5.999493075574410e-10         
3.501250000000000e+01         5.986215591204011e-10         
3.501562500000000e+01         5.973031793575247e-10         
3.501875000000000e+01         5.959940376877716e-10         
3.502187500000000e+01         5.946891096213345e-10         
3.502500000000000e+01         5.933978967155286e-10         
3.502812500000000e+01         5.921158919740338e-10         
3.503125000000000e+01         5.908380803464829e-10         
3.503437500000000e+01         5.895783966935301e-10         
3.503750000000000e+01         5.883183023846057e-10         
3.504062500000000e+01         5.870671903066078e-10         
3.504375000000000e+01         5.858339376081259e-10         
3.504687500000000e+01         5.846001984632686e-10         
3.505000000000000e+01         5.833845807054506e-10         
3.505312500000000e+01         5.821681114842536e-10         
3.505625000000000e+01         5.809603003498807e-10         
3.505937500000000e+01         5.797703662614803e-10         
3.506250000000000e+01         5.785797389893017e-10         
3.506562500000000e+01         5.774021739973192e-10         
3.506875000000000e+01         5.762329607622996e-10         
3.507187500000000e+01         5.750676356845103e-10         
3.507500000000000e+01         5.739151355183466e-10         
3.507812500000000e+01         5.727709947097589e-10         
3.508125000000000e+01         5.716350966103898e-10         
3.508437500000000e+01         5.705030366713543e-10         
3.508750000000000e+01         5.693833513570078e-10         
3.509062500000000e+01         5.682720818440452e-10         
3.509375000000000e+01         5.671642933049704e-10         
3.509687500000000e+01         5.660734974667856e-10         
3.510000000000000e+01         5.649817581532982e-10         
3.510312500000000e+01         5.638979632590676e-10         
3.510625000000000e+01         5.628311309411034e-10         
3.510937500000000e+01         5.617629857965465e-10         
3.511250000000000e+01         5.607117874267605e-10         
3.511562500000000e+01         5.596595399546987e-10         
3.511875000000000e+01         5.586147656904201e-10         
3.512187500000000e+01         5.575868927846059e-10         
3.512500000000000e+01         5.565576355011417e-10         
3.512812500000000e+01         5.555406273025353e-10         
3.513125000000000e+01         5.545310221732636e-10         
3.513437500000000e+01         5.535245823545708e-10         
3.513750000000000e+01         5.525303442436250e-10         
3.514062500000000e+01         5.515431792056569e-10         
3.514375000000000e+01         5.505637884423610e-10         
3.514687500000000e+01         5.495872055230750e-10         
3.515000000000000e+01         5.486224592711621e-10         
3.515312500000000e+01         5.476649792028676e-10         
3.515625000000000e+01         5.467103979022865e-10         
3.515937500000000e+01         5.457719041751162e-10         
3.516250000000000e+01         5.448318382821146e-10         
3.516562500000000e+01         5.438990612940316e-10         
3.516875000000000e+01         5.429819605187822e-10         
3.517187500000000e+01         5.420633722007578e-10         
3.517500000000000e+01         5.411603352988050e-10         
3.517812500000000e+01         5.402559263903704e-10         
3.518125000000000e+01         5.393584920119684e-10         
3.518437500000000e+01         5.384766239961563e-10         
3.518750000000000e+01         5.375930317675298e-10         
3.519062500000000e+01         5.367207247128947e-10         
3.519375000000000e+01         5.358551500709584e-10         
3.519687500000000e+01         5.349920869859917e-10         
3.520000000000000e+01         5.341403899731273e-10         
3.520312500000000e+01         5.332951244067450e-10         
3.520625000000000e+01         5.324566622110396e-10         
3.520937500000000e+01         5.316206737496343e-10         
3.521250000000000e+01         5.307955849577281e-10         
3.521562500000000e+01         5.299770955766660e-10         
3.521875000000000e+01         5.291651108056229e-10         
3.522187500000000e+01         5.283600492509647e-10         
3.522500000000000e+01         5.275569322066371e-10         
3.522812500000000e+01         5.267643903338008e-10         
3.523125000000000e+01         5.259787046230914e-10         
3.523437500000000e+01         5.251951084891492e-10         
3.523750000000000e+01         5.244260772004376e-10         
3.524062500000000e+01         5.236552998438073e-10         
3.524375000000000e+01         5.228906659871228e-10         
3.524687500000000e+01         5.221410314649563e-10         
3.525000000000000e+01         5.213888602681754e-10         
3.525312500000000e+01         5.206516252728296e-10         
3.525625000000000e+01         5.199122120460658e-10         
3.525937500000000e+01         5.191789554327835e-10         
3.526250000000000e+01         5.184601733542244e-10         
3.526562500000000e+01         5.177392174053332e-10         
3.526875000000000e+01         5.170286726981388e-10         
3.527187500000000e+01         5.163238702636668e-10         
3.527500000000000e+01         5.156211695956018e-10         
3.527812500000000e+01         5.149288049608999e-10         
3.528125000000000e+01         5.142419252247333e-10         
3.528437500000000e+01         5.135615656120701e-10         
3.528750000000000e+01         5.128827378894299e-10         
3.529062500000000e+01         5.122138618182785e-10         
3.529375000000000e+01         5.115509417190670e-10         
3.529687500000000e+01         5.108898175516425e-10         
3.530000000000000e+01         5.102429252796365e-10         
3.530312500000000e+01         5.095931991772809e-10         
3.530625000000000e+01         5.089494936176400e-10         
3.530937500000000e+01         5.083198810044373e-10         
3.531250000000000e+01         5.076875423566047e-10         
3.531562500000000e+01         5.070691556925786e-10         
3.531875000000000e+01         5.064482712291165e-10         
3.532187500000000e+01         5.058331079529491e-10         
3.532500000000000e+01         5.052316078893668e-10         
3.532812500000000e+01         5.046275604010901e-10         
3.533125000000000e+01         5.040336087633708e-10         
3.533437500000000e+01         5.034446676116751e-10         
3.533750000000000e+01         5.028572393220134e-10         
3.534062500000000e+01         5.022798120976450e-10         
3.534375000000000e+01         5.017074193892251e-10         
3.534687500000000e+01         5.011407481366224e-10         
3.535000000000000e+01         5.005754271202618e-10         
3.535312500000000e+01         5.000193723719621e-10         
3.535625000000000e+01         4.994689376426336e-10         
3.535937500000000e+01         4.989197606758335e-10         
3.536250000000000e+01         4.983841963834774e-10         
3.536562500000000e+01         4.978456573645280e-10         
3.536875000000000e+01         4.973122451138553e-10         
3.537187500000000e+01         4.967925434958948e-10         
3.537500000000000e+01         4.962699516508502e-10         
3.537812500000000e+01         4.957604858849934e-10         
3.538125000000000e+01         4.952482606538243e-10         
3.538437500000000e+01         4.947413012404147e-10         
3.538750000000000e+01         4.942477174723472e-10         
3.539062500000000e+01         4.937508785132484e-10         
3.539375000000000e+01         4.932637930825235e-10         
3.539687500000000e+01         4.927813033738784e-10         
3.540000000000000e+01         4.923000849283924e-10         
3.540312500000000e+01         4.918280198079051e-10         
3.540625000000000e+01         4.913607818947271e-10         
3.540937500000000e+01         4.908987924568132e-10         
3.541250000000000e+01         4.904378720349727e-10         
3.541562500000000e+01         4.899857881834253e-10         
3.541875000000000e+01         4.895390621652053e-10         
3.542187500000000e+01         4.890967197445569e-10         
3.542500000000000e+01         4.886598939944050e-10         
3.542812500000000e+01         4.882238419378470e-10         
3.543125000000000e+01         4.877965437284471e-10         
3.543437500000000e+01         4.873743017760295e-10         
3.543750000000000e+01         4.869529575918100e-10         
3.544062500000000e+01         4.865445558656137e-10         
3.544375000000000e+01         4.861326705028413e-10         
3.544687500000000e+01         4.857258947577088e-10         
3.545000000000000e+01         4.853320545160695e-10         
3.545312500000000e+01         4.849348952427165e-10         
3.545625000000000e+01         4.845504359971154e-10         
3.545937500000000e+01         4.841628983255065e-10         
3.546250000000000e+01         4.837800894329118e-10         
3.546562500000000e+01         4.834098716986526e-10         
3.546875000000000e+01         4.830365074748410e-10         
3.547187500000000e+01         4.826721286077617e-10         
3.547500000000000e+01         4.823117618843559e-10         
3.547812500000000e+01         4.819525124762561e-10         
3.548125000000000e+01         4.816022169837333e-10         
3.548437500000000e+01         4.812561306485228e-10         
3.548750000000000e+01         4.809150145173076e-10         
3.549062500000000e+01         4.805743626559924e-10         
3.549375000000000e+01         4.802422188911967e-10         
3.549687500000000e+01         4.799147791526188e-10         
3.550000000000000e+01         4.795880472939838e-10         
3.550312500000000e+01         4.792737517539347e-10         
3.550625000000000e+01         4.789561139180028e-10         
3.550937500000000e+01         4.786428493734362e-10         
3.551250000000000e+01         4.783424174492111e-10         
3.551562500000000e+01         4.780383421397849e-10         
3.551875000000000e+01         4.777466488995543e-10         
3.552187500000000e+01         4.774516680751785e-10         
3.552500000000000e+01         4.771611779937170e-10         
3.552812500000000e+01         4.768831773103318e-10         
3.553125000000000e+01         4.766012912760322e-10         
3.553437500000000e+01         4.763284517751164e-10         
3.553750000000000e+01         4.760594336544788e-10         
3.554062500000000e+01         4.757912738712709e-10         
3.554375000000000e+01         4.755314924712966e-10         
3.554687500000000e+01         4.752759610153868e-10         
3.555000000000000e+01         4.750249050664162e-10         
3.555312500000000e+01         4.747743263554427e-10         
3.555625000000000e+01         4.745318410505010e-10         
3.555937500000000e+01         4.742942864122080e-10         
3.556250000000000e+01         4.740564886149267e-10         
3.556562500000000e+01         4.738313620380475e-10         
3.556875000000000e+01         4.736025863871727e-10         
3.557187500000000e+01         4.733781250886858e-10         
3.557500000000000e+01         4.731657524002836e-10         
3.557812500000000e+01         4.729499258137741e-10         
3.558125000000000e+01         4.727463919379272e-10         
3.558437500000000e+01         4.725387875941315e-10         
3.558750000000000e+01         4.723359247826901e-10         
3.559062500000000e+01         4.721453036126866e-10         
3.559375000000000e+01         4.719509252541386e-10         
3.559687500000000e+01         4.717647731190708e-10         
3.560000000000000e+01         4.715826325876428e-10         
3.560312500000000e+01         4.714010504507800e-10         
3.560625000000000e+01         4.712275873202658e-10         
3.560937500000000e+01         4.710581833605398e-10         
3.561250000000000e+01         4.708935216219145e-10         
3.561562500000000e+01         4.707284453882204e-10         
3.561875000000000e+01         4.705717106984835e-10         
3.562187500000000e+01         4.704196233564016e-10         
3.562500000000000e+01         4.702711347337316e-10         
3.562812500000000e+01         4.701271628643381e-10         
3.563125000000000e+01         4.699834687242259e-10         
3.563437500000000e+01         4.698474725630143e-10         
3.563750000000000e+01         4.697159737306066e-10         
3.564062500000000e+01         4.695847662128064e-10         
3.564375000000000e+01         4.694656920804872e-10         
3.564687500000000e+01         4.693428403763477e-10         
3.565000000000000e+01         4.692236419566585e-10         
3.565312500000000e+01         4.691169266587907e-10         
3.565625000000000e+01         4.690064172916529e-10         
3.565937500000000e+01         4.689076804568679e-10         
3.566250000000000e+01         4.688053694734989e-10         
3.566562500000000e+01         4.687072026185660e-10         
3.566875000000000e+01         4.686210162006764e-10         
3.567187500000000e+01         4.685308164733826e-10         
3.567500000000000e+01         4.684491145047587e-10         
3.567812500000000e+01         4.683710382614559e-10         
3.568125000000000e+01         4.682935002153317e-10         
3.568437500000000e+01         4.682238016335265e-10         
3.568750000000000e+01         4.681580542873340e-10         
3.569062500000000e+01         4.680965278709895e-10         
3.569375000000000e+01         4.680352656473555e-10         
3.569687500000000e+01         4.679816995140671e-10         
3.570000000000000e+01         4.679327249656436e-10         
3.570312500000000e+01         4.678833988584977e-10         
3.570625000000000e+01         4.678460990794134e-10         
3.570937500000000e+01         4.678052115891588e-10         
3.571250000000000e+01         4.677682613724160e-10         
3.571562500000000e+01         4.677430720005105e-10         
3.571875000000000e+01         4.677143147632492e-10         
3.572187500000000e+01         4.676974473698170e-10         
3.572500000000000e+01         4.676763976297231e-10         
3.572812500000000e+01         4.676597391260670e-10         
3.573125000000000e+01         4.676548349238066e-10         
3.573437500000000e+01         4.676463375215216e-10         
3.573750000000000e+01         4.676456337357812e-10         
3.574062500000000e+01         4.676488207916608e-10         
3.574375000000000e+01         4.676523629761590e-10         
3.574687500000000e+01         4.676638650860557e-10         
3.575000000000000e+01         4.676790516471861e-10         
3.575312500000000e+01         4.676990736433791e-10         
3.575625000000000e+01         4.677183360089461e-10         
3.575937500000000e+01         4.677456655340910e-10         
3.576250000000000e+01         4.677775780280866e-10         
3.576562500000000e+01         4.678094133737213e-10         
3.576875000000000e+01         4.678527565199063e-10         
3.577187500000000e+01         4.678925533359721e-10         
3.577500000000000e+01         4.679362552644970e-10         
3.577812500000000e+01         4.679916749864100e-10         
3.578125000000000e+01         4.680437149311172e-10         
3.578437500000000e+01         4.681075050150165e-10         
3.578750000000000e+01         4.681674064580917e-10         
3.579062500000000e+01         4.682311450642240e-10         
3.579375000000000e+01         4.683069005492216e-10         
3.579687500000000e+01         4.683790124308388e-10         
3.580000000000000e+01         4.684590127891665e-10         
3.580312500000000e+01         4.685427103355346e-10         
3.580625000000000e+01         4.686267497537197e-10         
3.580937500000000e+01         4.687191271922433e-10         
3.581250000000000e+01         4.688146623406035e-10         
3.581562500000000e+01         4.689150792510206e-10         
3.581875000000000e+01         4.690189842800085e-10         
3.582187500000000e+01         4.691232713182806e-10         
3.582500000000000e+01         4.692355166194296e-10         
3.582812500000000e+01         4.693514725185916e-10         
3.583125000000000e+01         4.694718148496751e-10         
3.583437500000000e+01         4.695923347668184e-10         
3.583750000000000e+01         4.697204788264594e-10         
3.584062500000000e+01         4.698531986822263e-10         
3.584375000000000e+01         4.699855401166944e-10         
3.584687500000000e+01         4.701300096477695e-10         
3.585000000000000e+01         4.702706816149734e-10         
3.585312500000000e+01         4.704154853407820e-10         
3.585625000000000e+01         4.705719515170624e-10         
3.585937500000000e+01         4.707250028311424e-10         
3.586250000000000e+01         4.708896691393785e-10         
3.586562500000000e+01         4.710504795720827e-10         
3.586875000000000e+01         4.712154570471247e-10         
3.587187500000000e+01         4.713926077750310e-10         
3.587500000000000e+01         4.715658960044852e-10         
3.587812500000000e+01         4.717472150209374e-10         
3.588125000000000e+01         4.719323326817564e-10         
3.588437500000000e+01         4.721179114079424e-10         
3.588750000000000e+01         4.723114494292383e-10         
3.589062500000000e+01         4.725088783173354e-10         
3.589375000000000e+01         4.727110296699649e-10         
3.589687500000000e+01         4.729127970058202e-10         
3.590000000000000e+01         4.731225464220486e-10         
3.590312500000000e+01         4.733370126071900e-10         
3.590625000000000e+01         4.735513747331908e-10         
3.590937500000000e+01         4.737774387918504e-10         
3.591250000000000e+01         4.739999670834298e-10         
3.591562500000000e+01         4.742268329561202e-10         
3.591875000000000e+01         4.744653207766774e-10         
3.592187500000000e+01         4.747004747039492e-10         
3.592500000000000e+01         4.749475847279430e-10         
3.592812500000000e+01         4.751909587965763e-10         
3.593125000000000e+01         4.754383617991909e-10         
3.593437500000000e+01         4.756978952185416e-10         
3.593750000000000e+01         4.759537589847337e-10         
3.594062500000000e+01         4.762178037643087e-10         
3.594375000000000e+01         4.764857569344098e-10         
3.594687500000000e+01         4.767543507780403e-10         
3.595000000000000e+01         4.770309100072871e-10         
3.595312500000000e+01         4.773115959600942e-10         
3.595625000000000e+01         4.775968865240134e-10         
3.595937500000000e+01         4.778822685866876e-10         
3.596250000000000e+01         4.781755773320117e-10         
3.596562500000000e+01         4.784734588391185e-10         
3.596875000000000e+01         4.787716579288503e-10         
3.597187500000000e+01         4.790815472144393e-10         
3.597500000000000e+01         4.793882994751106e-10         
3.597812500000000e+01         4.796992096338386e-10         
3.598125000000000e+01         4.800222862921164e-10         
3.598437500000000e+01         4.803417260528862e-10         
3.598750000000000e+01         4.806733639504551e-10         
3.599062500000000e+01         4.810014902604533e-10         
3.599375000000000e+01         4.813338117716637e-10         
3.599687500000000e+01         4.816782194777255e-10         
3.600000000000000e+01         4.820193659931053e-10         
3.600312500000000e+01         4.823689756606690e-10         
3.600625000000000e+01         4.827222860874278e-10         
3.600937500000000e+01         4.830764533390060e-10         
3.601250000000000e+01         4.834392139894165e-10         
3.601562500000000e+01         4.838059022236182e-10         
3.601875000000000e+01         4.841771303150357e-10         
3.602187500000000e+01         4.845525832702071e-10         
3.602500000000000e+01         4.849286465666681e-10         
3.602812500000000e+01         4.853131473216397e-10         
3.603125000000000e+01         4.857018649911263e-10         
3.603437500000000e+01         4.860954840361864e-10         
3.603750000000000e+01         4.864891224259546e-10         
3.604062500000000e+01         4.868911510230849e-10         
3.604375000000000e+01         4.872981220662018e-10         
3.604687500000000e+01         4.877052885853934e-10         
3.605000000000000e+01         4.881247459945279e-10         
3.605312500000000e+01         4.885409939175057e-10         
3.605625000000000e+01         4.889618038903790e-10         
3.605937500000000e+01         4.893947890654381e-10         
3.606250000000000e+01         4.898246789706681e-10         
3.606562500000000e+01         4.902669623023376e-10         
3.606875000000000e+01         4.907058340386148e-10         
3.607187500000000e+01         4.911491202609755e-10         
3.607500000000000e+01         4.916051351327367e-10         
3.607812500000000e+01         4.920578669536366e-10         
3.608125000000000e+01         4.925190437139670e-10         
3.608437500000000e+01         4.929846931789543e-10         
3.608750000000000e+01         4.934512196394930e-10         
3.609062500000000e+01         4.939263162685746e-10         
3.609375000000000e+01         4.944058899937693e-10         
3.609687500000000e+01         4.948906287475065e-10         
3.610000000000000e+01         4.953757773784683e-10         
3.610312500000000e+01         4.958693484316084e-10         
3.610625000000000e+01         4.963678790730853e-10         
3.610937500000000e+01         4.968670716529882e-10         
3.611250000000000e+01         4.973787752038581e-10         
3.611562500000000e+01         4.978875897184202e-10         
3.611875000000000e+01         4.984010083620079e-10         
3.612187500000000e+01         4.989272311411479e-10         
3.612500000000000e+01         4.994499257158989e-10         
3.612812500000000e+01         4.999858301015002e-10         
3.613125000000000e+01         5.005184526580261e-10         
3.613437500000000e+01         5.010559071033466e-10         
3.613750000000000e+01         5.016061005645362e-10         
3.614062500000000e+01         5.021531766628602e-10         
3.614375000000000e+01         5.027093207929614e-10         
3.614687500000000e+01         5.032698544717507e-10         
3.615000000000000e+01         5.038315540315009e-10         
3.615312500000000e+01         5.044023943952683e-10         
3.615625000000000e+01         5.049777900868830e-10         
3.615937500000000e+01         5.055583099310008e-10         
3.616250000000000e+01         5.061398268258083e-10         
3.616562500000000e+01         5.067301119376877e-10         
3.616875000000000e+01         5.073255710293334e-10         
3.617187500000000e+01         5.079219919863805e-10         
3.617500000000000e+01         5.085314768629895e-10         
3.617812500000000e+01         5.091377924263157e-10         
3.618125000000000e+01         5.097492502022218e-10         
3.618437500000000e+01         5.103739805845377e-10         
3.618750000000000e+01         5.109955473701554e-10         
3.619062500000000e+01         5.116302939729173e-10         
3.619375000000000e+01         5.122620825531724e-10         
3.619687500000000e+01         5.128989728979812e-10         
3.620000000000000e+01         5.135490420371869e-10         
3.620312500000000e+01         5.141960891147539e-10         
3.620625000000000e+01         5.148528853004171e-10         
3.620937500000000e+01         5.155143065872338e-10         
3.621250000000000e+01         5.161768655206463e-10         
3.621562500000000e+01         5.168492017149410e-10         
3.621875000000000e+01         5.175263357035780e-10         
3.622187500000000e+01         5.182089688239988e-10         
3.622500000000000e+01         5.188965825092843e-10         
3.622812500000000e+01         5.195854926068564e-10         
3.623125000000000e+01         5.202840219640922e-10         
3.623437500000000e+01         5.209876217828621e-10         
3.623750000000000e+01         5.216967101634870e-10         
3.624062500000000e+01         5.224072304995790e-10         
3.624375000000000e+01         5.231268103172385e-10         
3.624687500000000e+01         5.238521172853242e-10         
3.625000000000000e+01         5.245786652803060e-10         
3.625312500000000e+01         5.253187437111258e-10         
3.625625000000000e+01         5.260559879151918e-10         
3.625937500000000e+01         5.267989218939593e-10         
3.626250000000000e+01         5.275553352692143e-10         
3.626562500000000e+01         5.283091430371026e-10         
3.626875000000000e+01         5.290767295207045e-10         
3.627187500000000e+01         5.298414188075863e-10         
3.627500000000000e+01         5.306118574549938e-10         
3.627812500000000e+01         5.313959685118755e-10         
3.628125000000000e+01         5.321775072608391e-10         
3.628437500000000e+01         5.329687048896077e-10         
3.628750000000000e+01         5.337654232921652e-10         
3.629062500000000e+01         5.345638109865277e-10         
3.629375000000000e+01         5.353721078259025e-10         
3.629687500000000e+01         5.361858808848109e-10         
3.630000000000000e+01         5.370053877034980e-10         
3.630312500000000e+01         5.378264889532203e-10         
3.630625000000000e+01         5.386573311500007e-10         
3.630937500000000e+01         5.394941499071174e-10         
3.631250000000000e+01         5.403325318086199e-10         
3.631562500000000e+01         5.411850116796509e-10         
3.631875000000000e+01         5.420347220604904e-10         
3.632187500000000e+01         5.428904285208866e-10         
3.632500000000000e+01         5.437605093636131e-10         
3.632812500000000e+01         5.446278527699535e-10         
3.633125000000000e+01         5.455094368249322e-10         
3.633437500000000e+01         5.463886498382921e-10         
3.633750000000000e+01         5.472738045327912e-10         
3.634062500000000e+01         5.481732441968896e-10         
3.634375000000000e+01         5.490701792819885e-10         
3.634687500000000e+01         5.499774042115947e-10         
3.635000000000000e+01         5.508905711909127e-10         
3.635312500000000e+01         5.518053923269664e-10         
3.635625000000000e+01         5.527307489794335e-10         
3.635937500000000e+01         5.536619551637452e-10         
3.636250000000000e+01         5.545993371106920e-10         
3.636562500000000e+01         5.555383752271029e-10         
3.636875000000000e+01         5.564877969779039e-10         
3.637187500000000e+01         5.574434176203504e-10         
3.637500000000000e+01         5.584009705847952e-10         
3.637812500000000e+01         5.593731137915548e-10         
3.638125000000000e+01         5.603427958583019e-10         
3.638437500000000e+01         5.613230401951088e-10         
3.638750000000000e+01         5.623096544089402e-10         
3.639062500000000e+01         5.632980362257266e-10         
3.639375000000000e+01         5.643013391317465e-10         
3.639687500000000e+01         5.653021650947825e-10         
3.640000000000000e+01         5.663093656524945e-10         
3.640312500000000e+01         5.673315246199422e-10         
3.640625000000000e+01         5.683513034950825e-10         
3.640937500000000e+01         5.693818450667305e-10         
3.641250000000000e+01         5.704186154408570e-10         
3.641562500000000e+01         5.714573988230926e-10         
3.641875000000000e+01         5.725070537551106e-10         
3.642187500000000e+01         5.735628859402692e-10         
3.642500000000000e+01         5.746253240557579e-10         
3.642812500000000e+01         5.756940550929993e-10         
3.643125000000000e+01         5.767648926930397e-10         
3.643437500000000e+01         5.778466292273772e-10         
3.643750000000000e+01         5.789348273572900e-10         
3.644062500000000e+01         5.800295063075300e-10         
3.644375000000000e+01         5.811264804757976e-10         
3.644687500000000e+01         5.822340618988344e-10         
3.645000000000000e+01         5.833483865547471e-10         
3.645312500000000e+01         5.844648251300845e-10         
3.645625000000000e+01         5.855966773162954e-10         
3.645937500000000e+01         5.867261398550400e-10         
3.646250000000000e+01         5.878624333646669e-10         
3.646562500000000e+01         5.890139693312595e-10         
3.646875000000000e+01         5.901633649797156e-10         
3.647187500000000e+01         5.913284396942866e-10         
3.647500000000000e+01         5.924910726979938e-10         
3.647812500000000e+01         5.936605629881827e-10         
3.648125000000000e+01         5.948456017977050e-10         
3.648437500000000e+01         5.960283160354314e-10         
3.648750000000000e+01         5.972221314351382e-10         
3.649062500000000e+01         5.984227782832749e-10         
3.649375000000000e+01         5.996257385067120e-10         
3.649687500000000e+01         6.008398776839494e-10         
3.650000000000000e+01         6.020606635864991e-10         
3.650312500000000e+01         6.032883037570591e-10         
3.650625000000000e+01         6.045182952972356e-10         
3.650937500000000e+01         6.057592991772494e-10         
3.651250000000000e+01         6.070074546628903e-10         
3.651562500000000e+01         6.082577071738570e-10         
3.651875000000000e+01         6.095236828903632e-10         
3.652187500000000e+01         6.107876444192704e-10         
3.652500000000000e+01         6.120581870071274e-10         
3.652812500000000e+01         6.133448582255337e-10         
3.653125000000000e+01         6.146290857403513e-10         
3.653437500000000e+01         6.159295076193026e-10         
3.653750000000000e+01         6.172275671849817e-10         
3.654062500000000e+01         6.185323689475868e-10         
3.654375000000000e+01         6.198532131325277e-10         
3.654687500000000e+01         6.211717768702133e-10         
3.655000000000000e+01         6.225016806040672e-10         
3.655312500000000e+01         6.238386302650186e-10         
3.655625000000000e+01         6.251777013590435e-10         
3.655937500000000e+01         6.265281735936667e-10         
3.656250000000000e+01         6.278857373642510e-10         
3.656562500000000e+01         6.292500737813087e-10         
3.656875000000000e+01         6.306166320779671e-10         
3.657187500000000e+01         6.319947152074783e-10         
3.657500000000000e+01         6.333795224729639e-10         
3.657812500000000e+01         6.347666202737240e-10         
3.658125000000000e+01         6.361699634336651e-10         
3.658437500000000e+01         6.375706926018413e-10         
3.658750000000000e+01         6.389829927706548e-10         
3.659062500000000e+01         6.404021007404269e-10         
3.659375000000000e+01         6.418233074838489e-10         
3.659687500000000e+01         6.432607585436047e-10         
3.660000000000000e+01         6.446957799220196e-10         
3.660312500000000e+01         6.461373051747716e-10         
3.660625000000000e+01         6.475952154953511e-10         
3.660937500000000e+01         6.490502585527696e-10         
3.661250000000000e+01         6.505169977889745e-10         
3.661562500000000e+01         6.519904497126880e-10         
3.661875000000000e+01         6.534658430605354e-10         
3.662187500000000e+01         6.549525855202856e-10         
3.662500000000000e+01         6.564463718456130e-10         
3.662812500000000e+01         6.579464125413553e-10         
3.663125000000000e+01         6.594533083496241e-10         
3.663437500000000e+01         6.609621825582655e-10         
3.663750000000000e+01         6.624820732624722e-10         
3.664062500000000e+01         6.640091575098140e-10         
3.664375000000000e+01         6.655422133612838e-10         
3.664687500000000e+01         6.670772552657395e-10         
3.665000000000000e+01         6.686238281195953e-10         
3.665312500000000e+01         6.701766480948917e-10         
3.665625000000000e+01         6.717311867741511e-10         
3.665937500000000e+01         6.733017872500964e-10         
3.666250000000000e+01         6.748690730490193e-10         
3.666562500000000e+01         6.764427115983374e-10         
3.666875000000000e+01         6.780324271428231e-10         
3.667187500000000e+01         6.796186372671697e-10         
3.667500000000000e+01         6.812210541872162e-10         
3.667812500000000e+01         6.828197329706541e-10         
3.668125000000000e+01         6.844244868388756e-10         
3.668437500000000e+01         6.860452990928067e-10         
3.668750000000000e+01         6.876625546611141e-10         
3.669062500000000e+01         6.892901607737121e-10         
3.669375000000000e+01         6.909243614835497e-10         
3.669687500000000e+01         6.925593235442634e-10         
3.670000000000000e+01         6.942051686917163e-10         
3.670312500000000e+01         6.958570339779289e-10         
3.670625000000000e+01         6.975143784738985e-10         
3.670937500000000e+01         6.991724952019498e-10         
3.671250000000000e+01         7.008414313947865e-10         
3.671562500000000e+01         7.025155525745611e-10         
3.671875000000000e+01         7.041904604537605e-10         
3.672187500000000e+01         7.058812545594387e-10         
3.672500000000000e+01         7.075669162151553e-10         
3.672812500000000e+01         7.092581822413993e-10         
3.673125000000000e+01         7.109647783228934e-10         
3.673437500000000e+01         7.126664149558715e-10         
3.673750000000000e+01         7.143833154603230e-10         
3.674062500000000e+01         7.160951735872062e-10         
3.674375000000000e+01         7.178117837246182e-10         
3.674687500000000e+01         7.195435888489359e-10         
3.675000000000000e+01         7.212699338140784e-10         
3.675312500000000e+01         7.230060924954848e-10         
3.675625000000000e+01         7.247470473880357e-10         
3.675937500000000e+01         7.264872252253488e-10         
3.676250000000000e+01         7.282369924199879e-10         
3.676562500000000e+01         7.299913546207868e-10         
3.676875000000000e+01         7.317495480524425e-10         
3.677187500000000e+01         7.335067867790079e-10         
3.677500000000000e+01         7.352739045498449e-10         
3.677812500000000e+01         7.370440239165344e-10         
3.678125000000000e+01         7.388131506829214e-10         
3.678437500000000e+01         7.405967247333575e-10         
3.678750000000000e+01         7.423730771046184e-10         
3.679062500000000e+01         7.441584966812747e-10         
3.679375000000000e+01         7.459468240665506e-10         
3.679687500000000e+01         7.477334354050404e-10         
3.680000000000000e+01         7.495336378679137e-10         
3.680312500000000e+01         7.513261826994597e-10         
3.680625000000000e+01         7.531217754630161e-10         
3.680937500000000e+01         7.549307327230251e-10         
3.681250000000000e+01         7.567313358961728e-10         
3.681562500000000e+01         7.585397777579964e-10         
3.681875000000000e+01         7.603508245178647e-10         
3.682187500000000e+01         7.621585816922722e-10         
3.682500000000000e+01         7.639730138832010e-10         
3.682812500000000e+01         7.657908348775508e-10         
3.683125000000000e+01         7.676090403165930e-10         
3.683437500000000e+01         7.694294327715219e-10         
3.683750000000000e+01         7.712456718466540e-10         
3.684062500000000e+01         7.730684951324140e-10         
3.684375000000000e+01         7.748927132383721e-10         
3.684687500000000e+01         7.767175747646557e-10         
3.685000000000000e+01         7.785374650385801e-10         
3.685312500000000e+01         7.803638017723750e-10         
3.685625000000000e+01         7.821898734034992e-10         
3.685937500000000e+01         7.840109026823903e-10         
3.686250000000000e+01         7.858433518486212e-10         
3.686562500000000e+01         7.876642297127369e-10         
3.686875000000000e+01         7.894846671224261e-10         
3.687187500000000e+01         7.913161519553424e-10         
3.687500000000000e+01         7.931352436720918e-10         
3.687812500000000e+01         7.949643571785812e-10         
3.688125000000000e+01         7.967818552274217e-10         
3.688437500000000e+01         7.985973140408708e-10         
3.688750000000000e+01         8.004224556485739e-10         
3.689062500000000e+01         8.022347923801077e-10         
3.689375000000000e+01         8.040504018107428e-10         
3.689687500000000e+01         8.058642889692173e-10         
3.690000000000000e+01         8.076696902869576e-10         
3.690312500000000e+01         8.094779930918508e-10         
3.690625000000000e+01         8.112836956775024e-10         
3.690937500000000e+01         8.130855958469477e-10         
3.691250000000000e+01         8.148788524866403e-10         
3.691562500000000e+01         8.166748672693536e-10         
3.691875000000000e+01         8.184657336275731e-10         
3.692187500000000e+01         8.202473153129350e-10         
3.692500000000000e+01         8.220364901544440e-10         
3.692812500000000e+01         8.238088726298450e-10         
3.693125000000000e+01         8.255766727539433e-10         
3.693437500000000e+01         8.273512467439327e-10         
3.693750000000000e+01         8.291083000564071e-10         
3.694062500000000e+01         8.308712974901558e-10         
3.694375000000000e+01         8.326167158255648e-10         
3.694687500000000e+01         8.343565237131346e-10         
3.695000000000000e+01         8.361009591379623e-10         
3.695312500000000e+01         8.378270918976592e-10         
3.695625000000000e+01         8.395519499499683e-10         
3.695937500000000e+01         8.412701754707295e-10         
3.696250000000000e+01         8.429744744676785e-10         
3.696562500000000e+01         8.446764016426292e-10         
3.696875000000000e+01         8.463715581503167e-10         
3.697187500000000e+01         8.480568078039187e-10         
3.697500000000000e+01         8.497279342003027e-10         
3.697812500000000e+01         8.513964935624795e-10         
3.698125000000000e+01         8.530552885953238e-10         
3.698437500000000e+01         8.546986746551102e-10         
3.698750000000000e+01         8.563444702596174e-10         
3.699062500000000e+01         8.579677594025968e-10         
3.699375000000000e+01         8.595868954220411e-10         
3.699687500000000e+01         8.611943693891485e-10         
3.700000000000000e+01         8.627854433142784e-10         
3.700312500000000e+01         8.643775656831511e-10         
3.700625000000000e+01         8.659454187522781e-10         
3.700937500000000e+01         8.675014632030835e-10         
3.701250000000000e+01         8.690575403470491e-10         
3.701562500000000e+01         8.705885612260628e-10         
3.701875000000000e+01         8.721125322220776e-10         
3.702187500000000e+01         8.736245732989243e-10         
3.702500000000000e+01         8.751162366620916e-10         
3.702812500000000e+01         8.765993566929740e-10         
3.703125000000000e+01         8.780695008865149e-10         
3.703437500000000e+01         8.795247416021686e-10         
3.703750000000000e+01         8.809658692038146e-10         
3.704062500000000e+01         8.823854124291468e-10         
3.704375000000000e+01         8.837956342972991e-10         
3.704687500000000e+01         8.851908390798520e-10         
3.705000000000000e+01         8.865688791625413e-10         
3.705312500000000e+01         8.879252778416543e-10         
3.705625000000000e+01         8.892722828724019e-10         
3.705937500000000e+01         8.906009726080983e-10         
3.706250000000000e+01         8.919068345378561e-10         
3.706562500000000e+01         8.932080786648499e-10         
3.706875000000000e+01         8.944788130332550e-10         
3.707187500000000e+01         8.957313846848355e-10         
3.707500000000000e+01         8.969788031798661e-10         
3.707812500000000e+01         8.981947242708232e-10         
3.708125000000000e+01         8.994039730215724e-10         
3.708437500000000e+01         9.005819908758739e-10         
3.708750000000000e+01         9.017409195478146e-10         
3.709062500000000e+01         9.028919822702538e-10         
3.709375000000000e+01         9.040107377643750e-10         
3.709687500000000e+01         9.051155864702802e-10         
3.710000000000000e+01         9.062004014586283e-10         
3.710312500000000e+01         9.072575791475441e-10         
3.710625000000000e+01         9.082994428282893e-10         
3.710937500000000e+01         9.093218979824432e-10         
3.711250000000000e+01         9.103210657731865e-10         
3.711562500000000e+01         9.112927848141850e-10         
3.711875000000000e+01         9.122492845833301e-10         
3.712187500000000e+01         9.131831066567658e-10         
3.712500000000000e+01         9.140881729547686e-10         
3.712812500000000e+01         9.149835904344051e-10         
3.713125000000000e+01         9.158432013428649e-10         
3.713437500000000e+01         9.166795601018274e-10         
3.713750000000000e+01         9.175051203493307e-10         
3.714062500000000e+01         9.182951234645809e-10         
3.714375000000000e+01         9.190736059505921e-10         
3.714687500000000e+01         9.198155802164899e-10         
3.715000000000000e+01         9.205334723160051e-10         
3.715312500000000e+01         9.212403162103167e-10         
3.715625000000000e+01         9.219094010441749e-10         
3.715937500000000e+01         9.225597324023406e-10         
3.716250000000000e+01         9.231868421220434e-10         
3.716562500000000e+01         9.237818968926722e-10         
3.716875000000000e+01         9.243573788327908e-10         
3.717187500000000e+01         9.249087801297869e-10         
3.717500000000000e+01         9.254345310857698e-10         
3.717812500000000e+01         9.259285370458295e-10         
3.718125000000000e+01         9.264038227685217e-10         
3.718437500000000e+01         9.268527439615723e-10         
3.718750000000000e+01         9.272696242626776e-10         
3.719062500000000e+01         9.276733492345197e-10         
3.719375000000000e+01         9.280386246964293e-10         
3.719687500000000e+01         9.283849576059251e-10         
3.720000000000000e+01         9.287038294229422e-10         
3.720312500000000e+01         9.289907887274197e-10         
3.720625000000000e+01         9.292647322700568e-10         
3.720937500000000e+01         9.294990490661805e-10         
3.721250000000000e+01         9.297071853128278e-10         
3.721562500000000e+01         9.299024818397529e-10         
3.721875000000000e+01         9.300579303303820e-10         
3.722187500000000e+01         9.301929347658200e-10         
3.722500000000000e+01         9.303027374222280e-10         
3.722812500000000e+01         9.303797083433749e-10         
3.723125000000000e+01         9.304355621028405e-10         
3.723437500000000e+01         9.304664385799994e-10         
3.723750000000000e+01         9.304701607391073e-10         
3.724062500000000e+01         9.304484661428242e-10         
3.724375000000000e+01         9.303933010252003e-10         
3.724687500000000e+01         9.303179611262832e-10         
3.725000000000000e+01         9.302179864202234e-10         
3.725312500000000e+01         9.300906594740744e-10         
3.725625000000000e+01         9.299314997749681e-10         
3.725937500000000e+01         9.297531031976090e-10         
3.726250000000000e+01         9.295486258327480e-10         
3.726562500000000e+01         9.293118996065130e-10         
3.726875000000000e+01         9.290629137781305e-10         
3.727187500000000e+01         9.287749032204323e-10         
3.727500000000000e+01         9.284618529246205e-10         
3.727812500000000e+01         9.281362298923297e-10         
3.728125000000000e+01         9.277731428501099e-10         
3.728437500000000e+01         9.273972280716465e-10         
3.728750000000000e+01         9.269838560343476e-10         
3.729062500000000e+01         9.265457960392682e-10         
3.729375000000000e+01         9.260963113438531e-10         
3.729687500000000e+01         9.256095357678575e-10         
3.730000000000000e+01         9.251040162215430e-10         
3.730312500000000e+01         9.245761381644594e-10         
3.730625000000000e+01         9.240171773499710e-10         
3.730937500000000e+01         9.234404261083892e-10         
3.731250000000000e+01         9.228411009350388e-10         
3.731562500000000e+01         9.222179659715808e-10         
3.731875000000000e+01         9.215656298361709e-10         
3.732187500000000e+01         9.208973527909740e-10         
3.732500000000000e+01         9.202058129190753e-10         
3.732812500000000e+01         9.194857998859557e-10         
3.733125000000000e+01         9.187559271072131e-10         
3.733437500000000e+01         9.179916318794186e-10         
3.733750000000000e+01         9.172063740549050e-10         
3.734062500000000e+01         9.164114787753330e-10         
3.734375000000000e+01         9.155829356227955e-10         
3.734687500000000e+01         9.147464549693937e-10         
3.735000000000000e+01         9.138761796024744e-10         
3.735312500000000e+01         9.129857140494487e-10         
3.735625000000000e+01         9.120876893286799e-10         
3.735937500000000e+01         9.111569961148495e-10         
3.736250000000000e+01         9.102123858357124e-10         
3.736562500000000e+01         9.092494159228728e-10         
3.736875000000000e+01         9.082610550009382e-10         
3.737187500000000e+01         9.072591786573385e-10         
3.737500000000000e+01         9.062397311586844e-10         
3.737812500000000e+01         9.052014073756373e-10         
3.738125000000000e+01         9.041389603130039e-10         
3.738437500000000e+01         9.030655789188582e-10         
3.738750000000000e+01         9.019737428797083e-10         
3.739062500000000e+01         9.008594794447616e-10         
3.739375000000000e+01         8.997403834416343e-10         
3.739687500000000e+01         8.985923590775845e-10         
3.740000000000000e+01         8.974346694109136e-10         
3.740312500000000e+01         8.962607911602467e-10         
3.740625000000000e+01         8.950649445621011e-10         
3.740937500000000e+01         8.938663013722724e-10         
3.741250000000000e+01         8.926402010113376e-10         
3.741562500000000e+01         8.913991638537906e-10         
3.741875000000000e+01         8.901560822111169e-10         
3.742187500000000e+01         8.888868774881326e-10         
3.742500000000000e+01         8.876090608238331e-10         
3.742812500000000e+01         8.863184056509978e-10         
3.743125000000000e+01         8.850081297144258e-10         
3.743437500000000e+01         8.836974518808526e-10         
3.743750000000000e+01         8.823615352970555e-10         
3.744062500000000e+01         8.810187694189555e-10         
3.744375000000000e+01         8.796652697654868e-10         
3.744687500000000e+01         8.782931751574640e-10         
3.745000000000000e+01         8.769150903096040e-10         
3.745312500000000e+01         8.755266669903576e-10         
3.745625000000000e+01         8.741269330776830e-10         
3.745937500000000e+01         8.727106638716611e-10         
3.746250000000000e+01         8.712904179011924e-10         
3.746562500000000e+01         8.698597667755761e-10         
3.746875000000000e+01         8.684133818685803e-10         
3.747187500000000e+01         8.669695145772972e-10         
3.747500000000000e+01         8.655046767530163e-10         
3.747812500000000e+01         8.640306550419583e-10         
3.748125000000000e+01         8.625600598836143e-10         
3.748437500000000e+01         8.610690913106221e-10         
3.748750000000000e+01         8.595822997241929e-10         
3.749062500000000e+01         8.580755086609968e-10         
3.749375000000000e+01         8.565612851354638e-10         
3.749687500000000e+01         8.550519179578316e-10         
3.750000000000000e+01         8.535232910002540e-10         
3.750312500000000e+01         8.519936876901318e-10         
3.750625000000000e+01         8.504581851265440e-10         
3.750937500000000e+01         8.489105812756824e-10         
3.751250000000000e+01         8.473623079536154e-10         
3.751562500000000e+01         8.458090659109851e-10         
3.751875000000000e+01         8.442499924663335e-10         
3.752187500000000e+01         8.426799183998026e-10         
3.752500000000000e+01         8.411110766226293e-10         
3.752812500000000e+01         8.395366756859089e-10         
3.753125000000000e+01         8.379527964613349e-10         
3.753437500000000e+01         8.363761300085150e-10         
3.753750000000000e+01         8.347835923719468e-10         
3.754062500000000e+01         8.331875729398233e-10         
3.754375000000000e+01         8.315997624861616e-10         
3.754687500000000e+01         8.299968071925522e-10         
3.755000000000000e+01         8.284025984410098e-10         
3.755312500000000e+01         8.267935795188785e-10         
3.755625000000000e+01         8.251820153072303e-10         
3.755937500000000e+01         8.235796893599038e-10         
3.756250000000000e+01         8.219640898921331e-10         
3.756562500000000e+01         8.203512395681472e-10         
3.756875000000000e+01         8.187372377942560e-10         
3.757187500000000e+01         8.171157184071203e-10         
3.757500000000000e+01         8.154986207727074e-10         
3.757812500000000e+01         8.138804364967011e-10         
3.758125000000000e+01         8.122607502796687e-10         
3.758437500000000e+01         8.106350608438649e-10         
3.758750000000000e+01         8.090146612382022e-10         
3.759062500000000e+01         8.073928641697960e-10         
3.759375000000000e+01         8.057655333865125e-10         
3.759687500000000e+01         8.041497631494579e-10         
3.760000000000000e+01         8.025224492925830e-10         
3.760312500000000e+01         8.009013650072459e-10         
3.760625000000000e+01         7.992804856023807e-10         
3.760937500000000e+01         7.976545455951218e-10         
3.761250000000000e+01         7.960404368330627e-10         
3.761562500000000e+01         7.944163259323118e-10         
3.761875000000000e+01         7.927932158931474e-10         
3.762187500000000e+01         7.911823700015563e-10         
3.762500000000000e+01         7.895616494288125e-10         
3.762812500000000e+01         7.879482014372965e-10         
3.763125000000000e+01         7.863365901730714e-10         
3.763437500000000e+01         7.847210459192617e-10         
3.763750000000000e+01         7.831185510461008e-10         
3.764062500000000e+01         7.815070870183068e-10         
3.764375000000000e+01         7.799030629124526e-10         
3.764687500000000e+01         7.783017526203879e-10         
3.765000000000000e+01         7.766973169292456e-10         
3.765312500000000e+01         7.751008137910669e-10         
3.765625000000000e+01         7.735074050810659e-10         
3.765937500000000e+01         7.719167048514802e-10         
3.766250000000000e+01         7.703233818896543e-10         
3.766562500000000e+01         7.687388384530401e-10         
3.766875000000000e+01         7.671570766405898e-10         
3.767187500000000e+01         7.655736553525443e-10         
3.767500000000000e+01         7.640042649709492e-10         
3.767812500000000e+01         7.624275177689058e-10         
3.768125000000000e+01         7.608543303933416e-10         
3.768437500000000e+01         7.592960246889084e-10         
3.768750000000000e+01         7.577304251263604e-10         
3.769062500000000e+01         7.561797087725919e-10         
3.769375000000000e+01         7.546219878480387e-10         
3.769687500000000e+01         7.530683894165648e-10         
3.770000000000000e+01         7.515296945484990e-10         
3.770312500000000e+01         7.499849434230479e-10         
3.770625000000000e+01         7.484493714991885e-10         
3.770937500000000e+01         7.469186166941351e-10         
3.771250000000000e+01         7.453869106629683e-10         
3.771562500000000e+01         7.438651345958204e-10         
3.771875000000000e+01         7.423482729435343e-10         
3.772187500000000e+01         7.408357229798959e-10         
3.772500000000000e+01         7.393230155357196e-10         
3.772812500000000e+01         7.378205274075034e-10         
3.773125000000000e+01         7.363227302634276e-10         
3.773437500000000e+01         7.348249036669913e-10         
3.773750000000000e+01         7.333425474445952e-10         
3.774062500000000e+01         7.318549548858209e-10         
3.774375000000000e+01         7.303725443158904e-10         
3.774687500000000e+01         7.289057788152545e-10         
3.775000000000000e+01         7.274340378537014e-10         
3.775312500000000e+01         7.259779833154642e-10         
3.775625000000000e+01         7.245171402888062e-10         
3.775937500000000e+01         7.230616765405157e-10         
3.776250000000000e+01         7.216220724574389e-10         
3.776562500000000e+01         7.201777003013371e-10         
3.776875000000000e+01         7.187441473220287e-10         
3.777187500000000e+01         7.173164949378734e-10         
3.777500000000000e+01         7.158891206243627e-10         
3.777812500000000e+01         7.144727927828433e-10         
3.778125000000000e+01         7.130625114748356e-10         
3.778437500000000e+01         7.116576344299327e-10         
3.778750000000000e+01         7.102537050554421e-10         
3.779062500000000e+01         7.088608692578029e-10         
3.779375000000000e+01         7.074738736968995e-10         
3.779687500000000e+01         7.060878581037098e-10         
3.780000000000000e+01         7.047181502443023e-10         
3.780312500000000e+01         7.033442113076788e-10         
3.780625000000000e+01         7.019815512343025e-10         
3.780937500000000e+01         7.006247816174055e-10         
3.781250000000000e+01         6.992693807247856e-10         
3.781562500000000e+01         6.979300063396607e-10         
3.781875000000000e+01         6.965868986030503e-10         
3.782187500000000e+01         6.952500158842234e-10         
3.782500000000000e+01         6.939292757830162e-10         
3.782812500000000e+01         6.926049304582593e-10         
3.783125000000000e+01         6.912918069281232e-10         
3.783437500000000e+01         6.899850803503116e-10         
3.783750000000000e+01         6.886795790790568e-10         
3.784062500000000e+01         6.873904282026983e-10         
3.784375000000000e+01         6.860977044176776e-10         
3.784687500000000e+01         6.848162055589102e-10         
3.785000000000000e+01         6.835413881332047e-10         
3.785312500000000e+01         6.822678094491543e-10         
3.785625000000000e+01         6.810056860166516e-10         
3.785937500000000e+01         6.797499837789481e-10         
3.786250000000000e+01         6.785006794883016e-10         
3.786562500000000e+01         6.772530760004267e-10         
3.786875000000000e+01         6.760166520798822e-10         
3.787187500000000e+01         6.747868892532082e-10         
3.787500000000000e+01         6.735585367906587e-10         
3.787812500000000e+01         6.723466285511958e-10         
3.788125000000000e+01         6.711314406072590e-10         
3.788437500000000e+01         6.699225495613548e-10         
3.788750000000000e+01         6.687300683923374e-10         
3.789062500000000e+01         6.675344365820096e-10         
3.789375000000000e+01         6.663548886105714e-10         
3.789687500000000e+01         6.651723162566515e-10         
3.790000000000000e+01         6.639961905397746e-10         
3.790312500000000e+01         6.628363538293740e-10         
3.790625000000000e+01         6.616733085540263e-10         
3.790937500000000e+01         6.605217224159835e-10         
3.791250000000000e+01         6.593766230080507e-10         
3.791562500000000e+01         6.582329990349201e-10         
3.791875000000000e+01         6.571011073499652e-10         
3.792187500000000e+01         6.559755981873918e-10         
3.792500000000000e+01         6.548565891815823e-10         
3.792812500000000e+01         6.537393922737442e-10         
3.793125000000000e+01         6.526333962223055e-10         
3.793437500000000e+01         6.515340739963354e-10         
3.793750000000000e+01         6.504364111147195e-10         
3.794062500000000e+01         6.493548524172573e-10         
3.794375000000000e+01         6.482703063588168e-10         
3.794687500000000e+01         6.471920875228919e-10         
3.795000000000000e+01         6.461300358572934e-10         
3.795312500000000e+01         6.450650353581518e-10         
3.795625000000000e+01         6.440158913451222e-10         
3.795937500000000e+01         6.429638983875890e-10         
3.796250000000000e+01         6.419183057583625e-10         
3.796562500000000e+01         6.408885266535084e-10         
3.796875000000000e+01         6.398558933235102e-10         
3.797187500000000e+01         6.388345252759160e-10         
3.797500000000000e+01         6.378194716835901e-10         
3.797812500000000e+01         6.368062795388057e-10         
3.798125000000000e+01         6.358043668551882e-10         
3.798437500000000e+01         6.348082329973694e-10         
3.798750000000000e+01         6.338191744003529e-10         
3.799062500000000e+01         6.328314644842477e-10         
3.799375000000000e+01         6.318549678582976e-10         
3.799687500000000e+01         6.308848238005417e-10         
3.800000000000000e+01         6.299209496713722e-10         
3.800312500000000e+01         6.289636968390646e-10         
3.800625000000000e+01         6.280079676157583e-10         
3.800937500000000e+01         6.270633205351700e-10         
3.801250000000000e+01         6.261250335626245e-10         
3.801562500000000e+01         6.251884382177093e-10         
3.801875000000000e+01         6.242674066581235e-10         
3.802187500000000e+01         6.233432761620582e-10         
3.802500000000000e+01         6.224257673779869e-10         
3.802812500000000e+01         6.215234172394156e-10         
3.803125000000000e+01         6.206183544014494e-10         
3.803437500000000e+01         6.197241838665312e-10         
3.803750000000000e+01         6.188358653695011e-10         
3.804062500000000e+01         6.179494350110098e-10         
3.804375000000000e+01         6.170785647187951e-10         
3.804687500000000e+01         6.162045877835149e-10         
3.805000000000000e+01         6.153412859552829e-10         
3.805312500000000e+01         6.144840658320258e-10         
3.805625000000000e+01         6.136286417425040e-10         
3.805937500000000e+01         6.127839975229857e-10         
3.806250000000000e+01         6.119452727572173e-10         
3.806562500000000e+01         6.111130936899623e-10         
3.806875000000000e+01         6.102820986235088e-10         
3.807187500000000e+01         6.094616149066378e-10         
3.807500000000000e+01         6.086475971173129e-10         
3.807812500000000e+01         6.078349576621590e-10         
3.808125000000000e+01         6.070373909399138e-10         
3.808437500000000e+01         6.062368712902539e-10         
3.808750000000000e+01         6.054423547005973e-10         
3.809062500000000e+01         6.046628395095368e-10         
3.809375000000000e+01         6.038803837293216e-10         
3.809687500000000e+01         6.031129818971834e-10         
3.810000000000000e+01         6.023425194811792e-10         
3.810312500000000e+01         6.015779980753958e-10         
3.810625000000000e+01         6.008282651316388e-10         
3.810937500000000e+01         6.000755487231882e-10         
3.811250000000000e+01         5.993333514063422e-10         
3.811562500000000e+01         5.985970427088050e-10         
3.811875000000000e+01         5.978619029416944e-10         
3.812187500000000e+01         5.971376188776749e-10         
3.812500000000000e+01         5.964186638420259e-10         
3.812812500000000e+01         5.957059343014582e-10         
3.813125000000000e+01         5.949945500203773e-10         
3.813437500000000e+01         5.942931721965481e-10         
3.813750000000000e+01         5.935977992839346e-10         
3.814062500000000e+01         5.929037911984631e-10         
3.814375000000000e+01         5.922244552338761e-10         
3.814687500000000e+01         5.915416669907361e-10         
3.815000000000000e+01         5.908649720114590e-10         
3.815312500000000e+01         5.902029224278864e-10         
3.815625000000000e+01         5.895376411066884e-10         
3.815937500000000e+01         5.888867494093312e-10         
3.816250000000000e+01         5.882328659609773e-10         
3.816562500000000e+01         5.875846542280972e-10         
3.816875000000000e+01         5.869507693276493e-10         
3.817187500000000e+01         5.863139283221686e-10         
3.817500000000000e+01         5.856873482733081e-10         
3.817812500000000e+01         5.850657366171692e-10         
3.818125000000000e+01         5.844456929596321e-10         
3.818437500000000e+01         5.838359832951681e-10         
3.818750000000000e+01         5.832314013747026e-10         
3.819062500000000e+01         5.826325493014276e-10         
3.819375000000000e+01         5.820349607793813e-10         
3.819687500000000e+01         5.814468522685360e-10         
3.820000000000000e+01         5.808647928183012e-10         
3.820312500000000e+01         5.802878336634250e-10         
3.820625000000000e+01         5.797169308324041e-10         
3.820937500000000e+01         5.791468614347038e-10         
3.821250000000000e+01         5.785862063494128e-10         
3.821562500000000e+01         5.780316678677913e-10         
3.821875000000000e+01         5.774780209252074e-10         
3.822187500000000e+01         5.769382412682960e-10         
3.822500000000000e+01         5.763954382123348e-10         
3.822812500000000e+01         5.758580016844779e-10         
3.823125000000000e+01         5.753346239425580e-10         
3.823437500000000e+01         5.748080062688173e-10         
3.823750000000000e+01         5.742914696669852e-10         
3.824062500000000e+01         5.737797357123597e-10         
3.824375000000000e+01         5.732691818294709e-10         
3.824687500000000e+01         5.727724975711862e-10         
3.825000000000000e+01         5.722726339565042e-10         
3.825312500000000e+01         5.717824515080867e-10         
3.825625000000000e+01         5.712973451521071e-10         
3.825937500000000e+01         5.708132992870186e-10         
3.826250000000000e+01         5.703392868063644e-10         
3.826562500000000e+01         5.698697205685475e-10         
3.826875000000000e+01         5.694061728597799e-10         
3.827187500000000e+01         5.689432854551049e-10         
3.827500000000000e+01         5.684897237440188e-10         
3.827812500000000e+01         5.680418111656067e-10         
3.828125000000000e+01         5.675941966114637e-10         
3.828437500000000e+01         5.671608311744460e-10         
3.828750000000000e+01         5.667239639437462e-10         
3.829062500000000e+01         5.662922594134604e-10         
3.829375000000000e+01         5.658743920464264e-10         
3.829687500000000e+01         5.654530515601159e-10         
3.830000000000000e+01         5.650454626421294e-10         
3.830312500000000e+01         5.646339318559497e-10         
3.830625000000000e+01         5.642279270883688e-10         
3.830937500000000e+01         5.638358190336384e-10         
3.831250000000000e+01         5.634401347473063e-10         
3.831562500000000e+01         5.630541389534620e-10         
3.831875000000000e+01         5.626725878274677e-10         
3.832187500000000e+01         5.622920219306669e-10         
3.832500000000000e+01         5.619206277728453e-10         
3.832812500000000e+01         5.615543771886423e-10         
3.833125000000000e+01         5.611936586726504e-10         
3.833437500000000e+01         5.608333042377443e-10         
3.833750000000000e+01         5.604820906947514e-10         
3.834062500000000e+01         5.601364823180262e-10         
3.834375000000000e+01         5.597911749938363e-10         
3.834687500000000e+01         5.594589395817511e-10         
3.835000000000000e+01         5.591237230056302e-10         
3.835312500000000e+01         5.587933592785383e-10         
3.835625000000000e+01         5.584766417591174e-10         
3.835937500000000e+01         5.581563054282503e-10         
3.836250000000000e+01         5.578496011299268e-10         
3.836562500000000e+01         5.575391004618877e-10         
3.836875000000000e+01         5.572329615559248e-10         
3.837187500000000e+01         5.569410249421803e-10         
3.837500000000000e+01         5.566452829717576e-10         
3.837812500000000e+01         5.563590791034952e-10         
3.838125000000000e+01         5.560772421037219e-10         
3.838437500000000e+01         5.557963088622843e-10         
3.838750000000000e+01         5.555248182823511e-10         
3.839062500000000e+01         5.552570398981015e-10         
3.839375000000000e+01         5.549953680006223e-10         
3.839687500000000e+01         5.547338643490321e-10         
3.840000000000001e+01         5.544858658120041e-10         
3.840312500000000e+01         5.542341328003459e-10         
3.840625000000000e+01         5.539912265019185e-10         
3.840937500000000e+01         5.537531075912613e-10         
3.841250000000000e+01         5.535159163201815e-10         
3.841562500000001e+01         5.532920755289039e-10         
3.841875000000000e+01         5.530645287839567e-10         
3.842187500000000e+01         5.528417817549247e-10         
3.842500000000000e+01         5.526323827367369e-10         
3.842812500000000e+01         5.524191975510233e-10         
3.843125000000001e+01         5.522148131070142e-10         
3.843437500000000e+01         5.520152112652873e-10         
3.843750000000000e+01         5.518164433243347e-10         
3.844062500000000e+01         5.516270149978913e-10         
3.844375000000000e+01         5.514417919349493e-10         
3.844687500000001e+01         5.512618659742869e-10         
3.845000000000000e+01         5.510861116137713e-10         
3.845312500000000e+01         5.509111159919836e-10         
3.845625000000000e+01         5.507449552406249e-10         
3.845937500000000e+01         5.505833746572627e-10         
3.846250000000001e+01         5.504272713941225e-10         
3.846562500000000e+01         5.502713942194583e-10         
3.846875000000000e+01         5.501240427190365e-10         
3.847187500000000e+01         5.499822126587983e-10         
3.847500000000000e+01         5.498397158494092e-10         
3.847812500000001e+01         5.497111879792752e-10         
3.848125000000000e+01         5.495788803150513e-10         
3.848437500000000e+01         5.494512483524743e-10         
3.848750000000000e+01         5.493368279643187e-10         
3.849062500000000e+01         5.492184225410251e-10         
3.849375000000001e+01         5.491134856595550e-10         
3.849687500000000e+01         5.490039027713209e-10         
3.850000000000000e+01         5.488997277229438e-10         
3.850312500000000e+01         5.488088657587942e-10         
3.850625000000000e+01         5.487139990137938e-10         
3.850937500000001e+01         5.486286986606872e-10         
3.851250000000000e+01         5.485470730621159e-10         
3.851562500000000e+01         5.484664395867028e-10         
3.851875000000000e+01         5.483942351143180e-10         
3.852187500000000e+01         5.483267687178477e-10         
3.852500000000001e+01         5.482648218161580e-10         
3.852812500000000e+01         5.482026799978374e-10         
3.853125000000000e+01         5.481492309657383e-10         
3.853437500000000e+01         5.481009343677747e-10         
3.853750000000000e+01         5.480529896849254e-10         
3.854062500000001e+01         5.480173706514663e-10         
3.854375000000000e+01         5.479787394952324e-10         
3.854687500000000e+01         5.479447240944937e-10         
3.855000000000000e+01         5.479238214447978e-10         
3.855312500000000e+01         5.478990859588345e-10         
3.855625000000001e+01         5.478874669541979e-10         
3.855937500000000e+01         5.478719576026870e-10         
3.856250000000000e+01         5.478606551080103e-10         
3.856562500000000e+01         5.478631597111672e-10         
3.856875000000000e+01         5.478615282143778e-10         
3.857187500000001e+01         5.478692399042347e-10         
3.857500000000000e+01         5.478809119684966e-10         
3.857812500000000e+01         5.478935496898414e-10         
3.858125000000000e+01         5.479152883644404e-10         
3.858437500000000e+01         5.479402849417605e-10         
3.858750000000001e+01         5.479712982705488e-10         
3.859062500000000e+01         5.480023224063116e-10         
3.859375000000000e+01         5.480419856985817e-10         
3.859687500000000e+01         5.480869036594428e-10         
3.860000000000000e+01         5.481319091856125e-10         
3.860312500000001e+01         5.481893791682549e-10         
3.860625000000000e+01         5.482437412774397e-10         
3.860937500000000e+01         5.483066264848179e-10         
3.861250000000000e+01         5.483749060413194e-10         
3.861562500000000e+01         5.484431726575146e-10         
3.861875000000001e+01         5.485246087360782e-10         
3.862187500000000e+01         5.486022801761511e-10         
3.862500000000000e+01         5.486844908151733e-10         
3.862812500000000e+01         5.487791905573846e-10         
3.863125000000000e+01         5.488708098340594e-10         
3.863437500000001e+01         5.489715557286449e-10         
3.863750000000000e+01         5.490764540195965e-10         
3.864062500000000e+01         5.491820034151080e-10         
3.864375000000000e+01         5.492968028833362e-10         
3.864687500000000e+01         5.494157212143094e-10         
3.865000000000001e+01         5.495392172757826e-10         
3.865312500000000e+01         5.496675333676558e-10         
3.865625000000000e+01         5.497964019737124e-10         
3.865937500000000e+01         5.499346503105052e-10         
3.866250000000000e+01         5.500769783177348e-10         
3.866562500000001e+01         5.502246604423705e-10         
3.866875000000000e+01         5.503722539287991e-10         
3.867187500000000e+01         5.505279912630265e-10         
3.867500000000000e+01         5.506897035561688e-10         
3.867812500000000e+01         5.508514476578606e-10         
3.868125000000001e+01         5.510265320693121e-10         
3.868437500000000e+01         5.511978197848578e-10         
3.868750000000000e+01         5.513738288513985e-10         
3.869062500000000e+01         5.515624189165456e-10         
3.869375000000000e+01         5.517478851100956e-10         
3.869687500000001e+01         5.519464465199664e-10         
3.870000000000000e+01         5.521413895176437e-10         
3.870312500000000e+01         5.523409926327252e-10         
3.870625000000000e+01         5.525538738848554e-10         
3.870937500000000e+01         5.527629862266343e-10         
3.871250000000001e+01         5.529807969654435e-10         
3.871562500000000e+01         5.532035376460514e-10         
3.871875000000000e+01         5.534269345823478e-10         
3.872187500000000e+01         5.536595299308513e-10         
3.872500000000000e+01         5.538963465680136e-10         
3.872812500000001e+01         5.541386610196806e-10         
3.873125000000000e+01         5.543812254989236e-10         
3.873437500000000e+01         5.546323959567191e-10         
3.873750000000000e+01         5.548885544723854e-10         
3.874062500000000e+01         5.551453256901514e-10         
3.874375000000001e+01         5.554155919617810e-10         
3.874687500000000e+01         5.556820513962443e-10         
3.875000000000000e+01         5.559531915934045e-10         
3.875312500000000e+01         5.562380290094881e-10         
3.875625000000000e+01         5.565183243905975e-10         
3.875937500000001e+01         5.568125963898576e-10         
3.876250000000000e+01         5.571032713069401e-10         
3.876562500000000e+01         5.573988650381723e-10         
3.876875000000000e+01         5.577077942925893e-10         
3.877187500000000e+01         5.580130082220241e-10         
3.877500000000001e+01         5.583277123396897e-10         
3.877812500000000e+01         5.586460922062316e-10         
3.878125000000000e+01         5.589658830821683e-10         
3.878437500000000e+01         5.592951796668044e-10         
3.878750000000000e+01         5.596289211277902e-10         
3.879062500000001e+01         5.599681097748262e-10         
3.879375000000000e+01         5.603076513427675e-10         
3.879687500000000e+01         5.606560693690641e-10         
3.880000000000000e+01         5.610094103205977e-10         
3.880312500000000e+01         5.613636622669937e-10         
3.880625000000001e+01         5.617315384616614e-10         
3.880937500000000e+01         5.620957816137554e-10         
3.881250000000000e+01         5.624690324296825e-10         
3.881562500000000e+01         5.628476897755716e-10         
3.881875000000000e+01         5.632269408869322e-10         
3.882187500000001e+01         5.636190862169756e-10         
3.882500000000000e+01         5.640082285991252e-10         
3.882812500000000e+01         5.644023868637776e-10         
3.883125000000000e+01         5.648101379688373e-10         
3.883437500000000e+01         5.652144278661299e-10         
3.883750000000001e+01         5.656282192958037e-10         
3.884062500000000e+01         5.660465807059061e-10         
3.884375000000000e+01         5.664653357171798e-10         
3.884687500000000e+01         5.668944042262052e-10         
3.885000000000000e+01         5.673278886144471e-10         
3.885312500000001e+01         5.677672112662274e-10         
3.885625000000000e+01         5.682108698886447e-10         
3.885937500000000e+01         5.686556969283327e-10         
3.886250000000000e+01         5.691102361466625e-10         
3.886562500000000e+01         5.695688387021309e-10         
3.886875000000001e+01         5.700335201306564e-10         
3.887187500000000e+01         5.704988818263883e-10         
3.887500000000000e+01         5.709734524851046e-10         
3.887812500000000e+01         5.714536453541548e-10         
3.888125000000000e+01         5.719345099638358e-10         
3.888437500000001e+01         5.724286999355120e-10         
3.888750000000000e+01         5.729199719668386e-10         
3.889062500000000e+01         5.734164352865413e-10         
3.889375000000000e+01         5.739267624299096e-10         
3.889687500000000e+01         5.744335500235132e-10         
3.890000000000001e+01         5.749544926123492e-10         
3.890312500000000e+01         5.754719169518242e-10         
3.890625000000000e+01         5.759944766595102e-10         
3.890937500000000e+01         5.765307962930808e-10         
3.891250000000000e+01         5.770640360679935e-10         
3.891562500000001e+01         5.776072666000812e-10         
3.891875000000000e+01         5.781552237340872e-10         
3.892187500000000e+01         5.787042670750512e-10         
3.892500000000000e+01         5.792634742898872e-10         
3.892812500000000e+01         5.798274687556834e-10         
3.893125000000001e+01         5.803969288397621e-10         
3.893437500000000e+01         5.809674205359255e-10         
3.893750000000000e+01         5.815475335184348e-10         
3.894062500000000e+01         5.821337143134007e-10         
3.894375000000000e+01         5.827204101337511e-10         
3.894687500000001e+01         5.833214616752965e-10         
3.895000000000000e+01         5.839186848420442e-10         
3.895312500000000e+01         5.845217872812243e-10         
3.895625000000000e+01         5.851390991818723e-10         
3.895937500000000e+01         5.857531421608859e-10         
3.896250000000001e+01         5.863815009024935e-10         
3.896562500000000e+01         5.870065808040434e-10         
3.896875000000000e+01         5.876370958515481e-10         
3.897187500000000e+01         5.882815301499483e-10         
3.897500000000000e+01         5.889231535061688e-10         
3.897812500000001e+01         5.895749608547081e-10         
3.898125000000000e+01         5.902318410650652e-10         
3.898437500000000e+01         5.908902099421994e-10         
3.898750000000000e+01         5.915586738712793e-10         
3.899062500000000e+01         5.922324495457099e-10         
3.899375000000001e+01         5.929117516749705e-10         
3.899687500000000e+01         5.935924806156492e-10         
3.900000000000000e+01         5.942831748310210e-10         
3.900312500000000e+01         5.949798464654721e-10         
3.900625000000000e+01         5.956775354579893e-10         
3.900937500000001e+01         5.963898079857797e-10         
3.901250000000000e+01         5.970989609738927e-10         
3.901562500000000e+01         5.978179715607742e-10         
3.901875000000000e+01         5.985426533948599e-10         
3.902187500000000e+01         5.992690475235127e-10         
3.902500000000001e+01         6.000098699530486e-10         
3.902812500000000e+01         6.007475943082730e-10         
3.903125000000000e+01         6.014912667528602e-10         
3.903437500000000e+01         6.022495198747341e-10         
3.903750000000000e+01         6.030042398250471e-10         
3.904062500000001e+01         6.037698419288436e-10         
3.904375000000000e+01         6.045409258587000e-10         
3.904687500000000e+01         6.053137175726183e-10         
3.905000000000000e+01         6.061011742833186e-10         
3.905312500000000e+01         6.068854432945310e-10         
3.905625000000001e+01         6.076804036118924e-10         
3.905937500000000e+01         6.084804133772610e-10         
3.906250000000000e+01         6.092824681924035e-10         
3.906562500000000e+01         6.100950992942753e-10         
3.906875000000000e+01         6.109133729733620e-10         
3.907187500000001e+01         6.117378157652798e-10         
3.907500000000000e+01         6.125637257736494e-10         
3.907812500000000e+01         6.133997909162289e-10         
3.908125000000000e+01         6.142418951088268e-10         
3.908437500000000e+01         6.150856978621953e-10         
3.908750000000001e+01         6.159446442788246e-10         
3.909062500000000e+01         6.168003093736881e-10         
3.909375000000000e+01         6.176622359132478e-10         
3.909687500000000e+01         6.185392476309119e-10         
3.910000000000000e+01         6.194130914522457e-10         
3.910312500000001e+01         6.203020733233034e-10         
3.910625000000000e+01         6.211881986289393e-10         
3.910937500000000e+01         6.220803336804110e-10         
3.911250000000000e+01         6.229877836303704e-10         
3.911562500000000e+01         6.238923696281978e-10         
3.911875000000001e+01         6.248077023345207e-10         
3.912187500000000e+01         6.257289558528772e-10         
3.912500000000000e+01         6.266515128740217e-10         
3.912812500000000e+01         6.275853261340893e-10         
3.913125000000000e+01         6.285251308620610e-10         
3.913437500000001e+01         6.294712967562589e-10         
3.913750000000000e+01         6.304189191648950e-10         
3.914062500000000e+01         6.313773252625112e-10         
3.914375000000000e+01         6.323421779816315e-10         
3.914687500000000e+01         6.333083334603179e-10         
3.915000000000001e+01         6.342901186378538e-10         
3.915312500000000e+01         6.352690681834295e-10         
3.915625000000000e+01         6.362542774983210e-10         
3.915937500000000e+01         6.372548783338285e-10         
3.916250000000000e+01         6.382527361996363e-10         
3.916562500000001e+01         6.392656428618002e-10         
3.916875000000000e+01         6.402759996928318e-10         
3.917187500000000e+01         6.412928526189706e-10         
3.917500000000000e+01         6.423248806644072e-10         
3.917812500000000e+01         6.433543426848744e-10         
3.918125000000001e+01         6.443946739131104e-10         
3.918437500000000e+01         6.454412439031541e-10         
3.918750000000000e+01         6.464897189257653e-10         
3.919062500000000e+01         6.475490808623553e-10         
3.919375000000000e+01         6.486146385837592e-10         
3.919687500000001e+01         6.496868607608764e-10         
3.920000000000000e+01         6.507607248531185e-10         
3.920312500000000e+01         6.518456224676546e-10         
3.920625000000000e+01         6.529372423388815e-10         
3.920937500000000e+01         6.540302992217965e-10         
3.921250000000001e+01         6.551389222673566e-10         
3.921562500000000e+01         6.562447512051082e-10         
3.921875000000000e+01         6.573617796968183e-10         
3.922187500000000e+01         6.584853085553521e-10         
3.922500000000000e+01         6.596105225289366e-10         
3.922812500000001e+01         6.607516078121829e-10         
3.923125000000000e+01         6.618895114072124e-10         
3.923437500000000e+01         6.630339911109992e-10         
3.923750000000000e+01         6.641944523938765e-10         
3.924062500000000e+01         6.653518397003339e-10         
3.924375000000001e+01         6.665203254944961e-10         
3.924687500000000e+01         6.676953039977870e-10         
3.925000000000000e+01         6.688720371044277e-10         
3.925312500000000e+01         6.700645176393495e-10         
3.925625000000000e+01         6.712541500289267e-10         
3.925937500000001e+01         6.724549263411885e-10         
3.926250000000000e+01         6.736622643516217e-10         
3.926562500000000e+01         6.748712043550053e-10         
3.926875000000000e+01         6.760914996160777e-10         
3.927187500000000e+01         6.773178991071328e-10         
3.927500000000001e+01         6.785508291550093e-10         
3.927812500000000e+01         6.797854885031282e-10         
3.928125000000000e+01         6.810313253461252e-10         
3.928437500000000e+01         6.822836718500910e-10         
3.928750000000000e+01         6.835374255959459e-10         
3.929062500000001e+01         6.848074471998416e-10         
3.929375000000000e+01         6.860741189123533e-10         
3.929687500000000e+01         6.873470454743126e-10         
3.930000000000000e+01         6.886360223839471e-10         
3.930312500000000e+01         6.899219939384084e-10         
3.930625000000001e+01         6.912238226765348e-10         
3.930937500000000e+01         6.925223319776304e-10         
3.931250000000000e+01         6.938272028012557e-10         
3.931562500000000e+01         6.951480623266538e-10         
3.931875000000000e+01         6.964656507946337e-10         
3.932187500000001e+01         6.977940458587918e-10         
3.932500000000000e+01         6.991289816047813e-10         
3.932812500000000e+01         7.004651822058590e-10         
3.933125000000000e+01         7.018124602060229e-10         
3.933437500000000e+01         7.031661491229873e-10         
3.933750000000001e+01         7.045258587898601e-10         
3.934062500000000e+01         7.058870988886763e-10         
3.934375000000000e+01         7.072591150013866e-10         
3.934687500000000e+01         7.086374457330149e-10         
3.935000000000000e+01         7.100168316706678e-10         
3.935312500000001e+01         7.114121876248986e-10         
3.935625000000000e+01         7.128037810445804e-10         
3.935937500000000e+01         7.142013597493512e-10         
3.936250000000000e+01         7.156148511287960e-10         
3.936562500000000e+01         7.170246300736188e-10         
3.936875000000001e+01         7.184502638426547e-10         
3.937187500000000e+01         7.198717601566194e-10         
3.937500000000000e+01         7.212991748738889e-10         
3.937812500000000e+01         7.227423607317277e-10         
3.938125000000000e+01         7.241813474334585e-10         
3.938437500000001e+01         7.256313716789632e-10         
3.938750000000000e+01         7.270869365659097e-10         
3.939062500000000e+01         7.285433921918539e-10         
3.939375000000000e+01         7.300101000583218e-10         
3.939687500000000e+01         7.314829319280954e-10         
3.940000000000001e+01         7.329609854608013e-10         
3.940312500000000e+01         7.344397412662586e-10         
3.940625000000000e+01         7.359291539795795e-10         
3.940937500000000e+01         7.374237943211437e-10         
3.941250000000000e+01         7.389187070512171e-10         
3.941562500000001e+01         7.404292841140300e-10         
3.941875000000000e+01         7.419348924783308e-10         
3.942187500000000e+01         7.434510931444872e-10         
3.942500000000000e+01         7.449724111801892e-10         
3.942812500000000e+01         7.464936997904881e-10         
3.943125000000001e+01         7.480302772252873e-10         
3.943437500000000e+01         7.495615404385613e-10         
3.943750000000000e+01         7.510978977307747e-10         
3.944062500000000e+01         7.526492907658667e-10         
3.944375000000000e+01         7.541953378944392e-10         
3.944687500000001e+01         7.557514764299308e-10         
3.945000000000000e+01         7.573123053086063e-10         
3.945312500000000e+01         7.588723920429778e-10         
3.945625000000000e+01         7.604474928620398e-10         
3.945937500000000e+01         7.620166622113867e-10         
3.946250000000001e+01         7.635952144342817e-10         
3.946562500000000e+01         7.651783907813732e-10         
3.946875000000000e+01         7.667605165591219e-10         
3.947187500000000e+01         7.683521149647575e-10         
3.947500000000000e+01         7.699480164054829e-10         
3.947812500000001e+01         7.715474115945582e-10         
3.948125000000000e+01         7.731456542481659e-10         
3.948437500000000e+01         7.747533242407129e-10         
3.948750000000000e+01         7.763640578141242e-10         
3.949062500000000e+01         7.779736848100924e-10         
3.949375000000001e+01         7.795974750743651e-10         
3.949687500000000e+01         7.812139621940750e-10         
3.950000000000000e+01         7.828337659921884e-10         
3.950312500000000e+01         7.844674956484951e-10         
3.950625000000000e+01         7.860936709652304e-10         
3.950937500000001e+01         7.877335378318879e-10         
3.951250000000000e+01         7.893660595701628e-10         
3.951562500000000e+01         7.910011417048994e-10         
3.951875000000000e+01         7.926494238985975e-10         
3.952187500000000e+01         7.942897759799002e-10         
3.952500000000001e+01         7.959377601916365e-10         
3.952812500000000e+01         7.975882698879404e-10         
3.953125000000000e+01         7.992355316865016e-10         
3.953437500000000e+01         8.008905572141870e-10         
3.953750000000000e+01         8.025474565942366e-10         
3.954062500000001e+01         8.042057498707884e-10         
3.954375000000000e+01         8.058608520942663e-10         
3.954687500000000e+01         8.075227788112808e-10         
3.955000000000000e+01         8.091858518310915e-10         
3.955312500000000e+01         8.108451619489587e-10         
3.955625000000001e+01         8.125167156590638e-10         
3.955937500000000e+01         8.141779514971138e-10         
3.956250000000000e+01         8.158402364103734e-10         
3.956562500000000e+01         8.175140682531949e-10         
3.956875000000000e+01         8.191775695486473e-10         
3.957187500000001e+01         8.208522453988958e-10         
3.957500000000000e+01         8.225161329130106e-10         
3.957812500000000e+01         8.241803240062102e-10         
3.958125000000000e+01         8.258559961895789e-10         
3.958437500000000e+01         8.275197401277950e-10         
3.958750000000001e+01         8.291884116922691e-10         
3.959062500000000e+01         8.308570011896749e-10         
3.959375000000000e+01         8.325189035460805e-10         
3.959687500000000e+01         8.341853584947062e-10         
3.960000000000000e+01         8.358514657689393e-10         
3.960312500000001e+01         8.375154018856615e-10         
3.960625000000000e+01         8.391724670563705e-10         
3.960937500000000e+01         8.408334903354601e-10         
3.961250000000000e+01         8.424924860793480e-10         
3.961562500000000e+01         8.441439403511150e-10         
3.961875000000001e+01         8.458042061943580e-10         
3.962187500000000e+01         8.474515356320633e-10         
3.962500000000000e+01         8.491014355390789e-10         
3.962812500000000e+01         8.507480222379955e-10         
3.963125000000000e+01         8.523861146942259e-10         
3.963437500000001e+01         8.540320917588499e-10         
3.963750000000000e+01         8.556634159680352e-10         
3.964062500000000e+01         8.572909888497024e-10         
3.964375000000000e+01         8.589266346877468e-10         
3.964687500000000e+01         8.605461653761924e-10         
3.965000000000001e+01         8.621665769933475e-10         
3.965312500000000e+01         8.637830457371928e-10         
3.965625000000000e+01         8.653888961276402e-10         
3.965937500000000e+01         8.670008742101869e-10         
3.966250000000000e+01         8.685963880402251e-10         
3.966562500000001e+01         8.701924842956724e-10         
3.966875000000000e+01         8.717826508186043e-10         
3.967187500000000e+01         8.733606667515123e-10         
3.967500000000000e+01         8.749382201543049e-10         
3.967812500000000e+01         8.765096301837150e-10         
3.968125000000001e+01         8.780738334214563e-10         
3.968437500000000e+01         8.796257948576820e-10         
3.968750000000000e+01         8.811772400522694e-10         
3.969062500000000e+01         8.827198014614707e-10         
3.969375000000000e+01         8.842491537131267e-10         
3.969687500000001e+01         8.857822162323519e-10         
3.970000000000000e+01         8.872956386025143e-10         
3.970312500000000e+01         8.888003620173368e-10         
3.970625000000000e+01         8.903088385115565e-10         
3.970937500000000e+01         8.917959768762986e-10         
3.971250000000001e+01         8.932855106707420e-10         
3.971562500000000e+01         8.947539180554501e-10         
3.971875000000000e+01         8.962126440536833e-10         
3.972187500000000e+01         8.976729148923080e-10         
3.972500000000000e+01         8.991110819092453e-10         
3.972812500000001e+01         9.005451809512972e-10         
3.973125000000000e+01         9.019683722178352e-10         
3.973437500000000e+01         9.033742109577043e-10         
3.973750000000000e+01         9.047742014887708e-10         
3.974062500000000e+01         9.061633691871076e-10         
3.974375000000001e+01         9.075398554434035e-10         
3.974687500000000e+01         9.088986359902931e-10         
3.975000000000000e+01         9.102514744918703e-10         
3.975312500000000e+01         9.115914571127396e-10         
3.975625000000000e+01         9.129121909119057e-10         
3.975937500000001e+01         9.142314717938281e-10         
3.976250000000000e+01         9.155253079223056e-10         
3.976562500000000e+01         9.168053914039496e-10         
3.976875000000000e+01         9.180834134351041e-10         
3.977187500000000e+01         9.193353543321503e-10         
3.977500000000001e+01         9.205852879239028e-10         
3.977812500000000e+01         9.218077019875024e-10         
3.978125000000000e+01         9.230149689857695e-10         
3.978437500000000e+01         9.242187435728310e-10         
3.978750000000000e+01         9.253949987946881e-10         
3.979062500000001e+01         9.265606760622197e-10         
3.979375000000000e+01         9.277123272715443e-10         
3.979687500000000e+01         9.288399913569545e-10         
3.980000000000000e+01         9.299565256612820e-10         
3.980312500000000e+01         9.310569514917637e-10         
3.980625000000001e+01         9.321394854244511e-10         
3.980937500000000e+01         9.331988767161592e-10         
3.981250000000000e+01         9.342471138898368e-10         
3.981562500000000e+01         9.352775797814511e-10         
3.981875000000000e+01         9.362895438177385e-10         
3.982187500000001e+01         9.372823131309858e-10         
3.982500000000000e+01         9.382509216988248e-10         
3.982812500000000e+01         9.392071522284097e-10         
3.983125000000000e+01         9.401431145668274e-10         
3.983437500000000e+01         9.410542611594476e-10         
3.983750000000001e+01         9.419588184925355e-10         
3.984062500000000e+01         9.428307624102993e-10         
3.984375000000000e+01         9.436823560139663e-10         
3.984687500000000e+01         9.445259176480681e-10         
3.985000000000000e+01         9.453371551325017e-10         
3.985312500000001e+01         9.461330802802949e-10         
3.985625000000000e+01         9.469091664424197e-10         
3.985937500000000e+01         9.476575606283565e-10         
3.986250000000000e+01         9.483979099171018e-10         
3.986562500000000e+01         9.491037394685998e-10         
3.986875000000001e+01         9.497935476330198e-10         
3.987187500000000e+01         9.504626640768735e-10         
3.987500000000000e+01         9.511030427155393e-10         
3.987812500000000e+01         9.517268687442374e-10         
3.988125000000000e+01         9.523304649998156e-10         
3.988437500000001e+01         9.529093892763706e-10         
3.988750000000000e+01         9.534603696663994e-10         
3.989062500000000e+01         9.539947560173270e-10         
3.989375000000000e+01         9.545057007020058e-10         
3.989687500000000e+01         9.549875553091017e-10         
3.990000000000001e+01         9.554598816261881e-10         
3.990312500000000e+01         9.558953654388990e-10         
3.990625000000000e+01         9.563074465867207e-10         
3.990937500000000e+01         9.567085499565199e-10         
3.991250000000000e+01         9.570733314880068e-10         
3.991562500000001e+01         9.574267600946891e-10         
3.991875000000000e+01         9.577441474634739e-10         
3.992187500000000e+01         9.580376116184602e-10         
3.992500000000000e+01         9.583201532763041e-10         
3.992812500000000e+01         9.585654780022408e-10         
3.993125000000001e+01         9.587923053507634e-10         
3.993437500000000e+01         9.589958515088732e-10         
3.993750000000000e+01         9.591684784839181e-10         
3.994062500000000e+01         9.593224673659161e-10         
3.994375000000000e+01         9.594529545692513e-10         
3.994687500000001e+01         9.595593653945888e-10         
3.995000000000000e+01         9.596343982646817e-10         
3.995312500000000e+01         9.596917078068046e-10         
3.995625000000000e+01         9.597235332196600e-10         
3.995937500000000e+01         9.597252948007200e-10         
3.996250000000001e+01         9.597145662451547e-10         
3.996562500000000e+01         9.596673878391532e-10         
3.996875000000000e+01         9.595965722046370e-10         
3.997187500000000e+01         9.595127415453675e-10         
3.997500000000000e+01         9.593921326717356e-10         
3.997812500000001e+01         9.592591976937781e-10         
3.998125000000000e+01         9.590899383427802e-10         
3.998437500000000e+01         9.588963996030248e-10         
3.998750000000000e+01         9.586915904135595e-10         
3.999062500000000e+01         9.584496424045174e-10         
3.999375000000001e+01         9.581889191423722e-10         
3.999687500000000e+01         9.579054616609668e-10         
4.000000000000000e+01         9.575911348796992e-10         
4.000312500000000e+01         9.572584759316924e-10         
4.000625000000000e+01         9.569031674518485e-10         
4.000937500000001e+01         9.565241669085199e-10         
4.001250000000000e+01         9.561149969235344e-10         
4.001562500000000e+01         9.556888238570780e-10         
4.001875000000000e+01         9.552381774758495e-10         
4.002187500000000e+01         9.547654611435551e-10         
4.002500000000001e+01         9.542684540370957e-10         
4.002812500000000e+01         9.537430648294670e-10         
4.003125000000000e+01         9.532013049637934e-10         
4.003437500000000e+01         9.526369499909738e-10         
4.003750000000000e+01         9.520435468856291e-10         
4.004062500000001e+01         9.514397439832374e-10         
4.004375000000000e+01         9.508013021447576e-10         
4.004687500000000e+01         9.501413337143701e-10         
4.005000000000000e+01         9.494710056717503e-10         
4.005312500000000e+01         9.487672717659817e-10         
4.005625000000001e+01         9.480483185722501e-10         
4.005937500000000e+01         9.473082133155990e-10         
4.006250000000000e+01         9.465402130564961e-10         
4.006562500000000e+01         9.457635460896370e-10         
4.006875000000000e+01         9.449539876479493e-10         
4.007187500000001e+01         9.441291772020521e-10         
4.007500000000000e+01         9.432863495501953e-10         
4.007812500000000e+01         9.424156407643363e-10         
4.008125000000000e+01         9.415304575246160e-10         
4.008437500000000e+01         9.406268595343632e-10         
4.008750000000001e+01         9.397025147912065e-10         
4.009062500000000e+01         9.387535073773937e-10         
4.009375000000000e+01         9.377922112482154e-10         
4.009687500000000e+01         9.368118386332845e-10         
4.010000000000000e+01         9.358065682340624e-10         
4.010312500000001e+01         9.347947301818158e-10         
4.010625000000000e+01         9.337531551624815e-10         
4.010937500000000e+01         9.326936334064615e-10         
4.011250000000000e+01         9.316284182623518e-10         
4.011562500000000e+01         9.305339727985113e-10         
4.011875000000001e+01         9.294354281103168e-10         
4.012187500000000e+01         9.283070952430289e-10         
4.012500000000000e+01         9.271622928195273e-10         
4.012812500000000e+01         9.260129835268738e-10         
4.013125000000000e+01         9.248358246143465e-10         
4.013437500000001e+01         9.236482347396000e-10         
4.013750000000000e+01         9.224460834136242e-10         
4.014062500000000e+01         9.212233983676235e-10         
4.014375000000000e+01         9.199901053012565e-10         
4.014687500000000e+01         9.187430635985898e-10         
4.015000000000001e+01         9.174804480282640e-10         
4.015312500000000e+01         9.161984537079452e-10         
4.015625000000000e+01         9.149087111067702e-10         
4.015937500000000e+01         9.136044043727952e-10         
4.016250000000000e+01         9.122823739165867e-10         
4.016562500000001e+01         9.109578240311497e-10         
4.016875000000000e+01         9.096088472653902e-10         
4.017187500000000e+01         9.082472973460511e-10         
4.017500000000000e+01         9.068849877838739e-10         
4.017812500000000e+01         9.054991148219569e-10         
4.018125000000001e+01         9.041139405080950e-10         
4.018437500000000e+01         9.027047393336990e-10         
4.018750000000000e+01         9.012843511820999e-10         
4.019062500000000e+01         8.998644876525990e-10         
4.019375000000000e+01         8.984224029811795e-10         
4.019687500000001e+01         8.969752118495609e-10         
4.020000000000000e+01         8.955187397765321e-10         
4.020312500000000e+01         8.940461894532402e-10         
4.020625000000000e+01         8.925701066672597e-10         
4.020937500000000e+01         8.910847367432245e-10         
4.021250000000001e+01         8.895893174637744e-10         
4.021562500000000e+01         8.880798022197428e-10         
4.021875000000000e+01         8.865678187079154e-10         
4.022187500000000e+01         8.850464698208970e-10         
4.022500000000000e+01         8.835180352039539e-10         
4.022812500000001e+01         8.819817064450014e-10         
4.023125000000000e+01         8.804318061861228e-10         
4.023437500000000e+01         8.788804560820443e-10         
4.023750000000000e+01         8.773213002422042e-10         
4.024062500000000e+01         8.757501022674567e-10         
4.024375000000001e+01         8.741834450170407e-10         
4.024687500000000e+01         8.725993070134329e-10         
4.025000000000000e+01         8.710098714151428e-10         
4.025312500000000e+01         8.694248902667534e-10         
4.025625000000000e+01         8.678231620833204e-10         
4.025937500000001e+01         8.662210342031471e-10         
4.026250000000000e+01         8.646146613570954e-10         
4.026562500000000e+01         8.629974808547220e-10         
4.026875000000000e+01         8.613872739031888e-10         
4.027187500000000e+01         8.597608257222975e-10         
4.027500000000001e+01         8.581352160566444e-10         
4.027812500000000e+01         8.565062355413750e-10         
4.028125000000000e+01         8.548677008304260e-10         
4.028437500000000e+01         8.532305772098304e-10         
4.028750000000000e+01         8.515906854197600e-10         
4.029062500000001e+01         8.499476634246794e-10         
4.029375000000000e+01         8.482957906683579e-10         
4.029687500000000e+01         8.466470444582680e-10         
4.030000000000000e+01         8.449948659932380e-10         
4.030312500000000e+01         8.433353632798826e-10         
4.030625000000001e+01         8.416843311825302e-10         
4.030937500000000e+01         8.400206218776433e-10         
4.031250000000000e+01         8.383551066388560e-10         
4.031562500000000e+01         8.366994717294035e-10         
4.031875000000000e+01         8.350309026908354e-10         
4.032187500000001e+01         8.333718045913668e-10         
4.032500000000000e+01         8.317010240763303e-10         
4.032812500000000e+01         8.300293858236496e-10         
4.033125000000000e+01         8.283674575171829e-10         
4.033437500000000e+01         8.266946272098010e-10         
4.033750000000001e+01         8.250269315229659e-10         
4.034062500000000e+01         8.233591956821899e-10         
4.034375000000000e+01         8.216856795173440e-10         
4.034687500000000e+01         8.200171689631877e-10         
4.035000000000000e+01         8.183498559159166e-10         
4.035312500000001e+01         8.166820545186672e-10         
4.035625000000000e+01         8.150107772511406e-10         
4.035937500000000e+01         8.133451104400320e-10         
4.036250000000000e+01         8.116796470486476e-10         
4.036562500000000e+01         8.100104286370305e-10         
4.036875000000001e+01         8.083526571749901e-10         
4.037187500000000e+01         8.066859378963961e-10         
4.037500000000000e+01         8.050208115106037e-10         
4.037812500000000e+01         8.033680952422803e-10         
4.038125000000000e+01         8.017062621378033e-10         
4.038437500000001e+01         8.000565828564050e-10         
4.038750000000000e+01         7.983986595375858e-10         
4.039062500000000e+01         7.967427837421580e-10         
4.039375000000000e+01         7.950995599376196e-10         
4.039687500000000e+01         7.934483969982442e-10         
4.040000000000001e+01         7.918051147060083e-10         
4.040312500000000e+01         7.901645627218876e-10         
4.040625000000000e+01         7.885212866026979e-10         
4.040937500000000e+01         7.868856150603684e-10         
4.041250000000000e+01         7.852535654796944e-10         
4.041562500000001e+01         7.836239618135496e-10         
4.041875000000000e+01         7.819928235303844e-10         
4.042187500000000e+01         7.803707024982366e-10         
4.042500000000000e+01         7.787509040282334e-10         
4.042812500000000e+01         7.771351375485959e-10         
4.043125000000001e+01         7.755223445626872e-10         
4.043437500000000e+01         7.739084677610882e-10         
4.043750000000000e+01         7.723036356838720e-10         
4.044062500000000e+01         7.707022151322437e-10         
4.044375000000000e+01         7.691003978346542e-10         
4.044687500000001e+01         7.675121540345892e-10         
4.045000000000000e+01         7.659179469324427e-10         
4.045312500000000e+01         7.643279595051631e-10         
4.045625000000000e+01         7.627522569869095e-10         
4.045937500000000e+01         7.611708516766161e-10         
4.046250000000001e+01         7.595990366894529e-10         
4.046562500000000e+01         7.580317465329442e-10         
4.046875000000000e+01         7.564638905306830e-10         
4.047187500000000e+01         7.549105257447764e-10         
4.047500000000000e+01         7.533519251050941e-10         
4.047812500000001e+01         7.518029829296801e-10         
4.048125000000000e+01         7.502591487905302e-10         
4.048437500000000e+01         7.487151025376792e-10         
4.048750000000000e+01         7.471811905527597e-10         
4.049062500000000e+01         7.456522639425523e-10         
4.049375000000001e+01         7.441279626042450e-10         
4.049687500000000e+01         7.426041416915293e-10         
4.050000000000000e+01         7.410907227394717e-10         
4.050312500000000e+01         7.395819799453908e-10         
4.050625000000000e+01         7.380739844162407e-10         
4.050937500000001e+01         7.365813964377317e-10         
4.051250000000000e+01         7.350840821653359e-10         
4.051562500000000e+01         7.335924142047956e-10         
4.051875000000000e+01         7.321156016275308e-10         
4.052187500000000e+01         7.306348482181415e-10         
4.052500000000001e+01         7.291691346681255e-10         
4.052812500000000e+01         7.276996585844496e-10         
4.053125000000000e+01         7.262360444374607e-10         
4.053437500000000e+01         7.247875381538957e-10         
4.053750000000000e+01         7.233350010162244e-10         
4.054062500000001e+01         7.218928592213867e-10         
4.054375000000000e+01         7.204569489367426e-10         
4.054687500000000e+01         7.190219037719280e-10         
4.055000000000000e+01         7.175977078415077e-10         
4.055312500000000e+01         7.161791765738082e-10         
4.055625000000001e+01         7.147664167056762e-10         
4.055937500000000e+01         7.133551577413443e-10         
4.056250000000000e+01         7.119546743423329e-10         
4.056562500000000e+01         7.105598219624325e-10         
4.056875000000000e+01         7.091666211660617e-10         
4.057187500000001e+01         7.077891525003492e-10         
4.057500000000000e+01         7.064080096038862e-10         
4.057812500000000e+01         7.050329999983482e-10         
4.058125000000000e+01         7.036734909307081e-10         
4.058437500000000e+01         7.023109090524473e-10         
4.058750000000001e+01         7.009637926812307e-10         
4.059062500000000e+01         6.996134170178785e-10         
4.059375000000000e+01         6.982693947657505e-10         
4.059687500000000e+01         6.969409972519664e-10         
4.060000000000000e+01         6.956096586720533e-10         
4.060312500000001e+01         6.942888188333329e-10         
4.060625000000000e+01         6.929744397576078e-10         
4.060937500000000e+01         6.916616757376420e-10         
4.061250000000000e+01         6.903597927853981e-10         
4.061562500000000e+01         6.890645198140727e-10         
4.061875000000001e+01         6.877751820607600e-10         
4.062187500000000e+01         6.864876612943797e-10         
4.062500000000000e+01         6.852112249500019e-10         
4.062812500000000e+01         6.839410754202768e-10         
4.063125000000000e+01         6.826771696223973e-10         
4.063437500000001e+01         6.814197617867221e-10         
4.063750000000000e+01         6.801643189625496e-10         
4.064062500000000e+01         6.789196853019527e-10         
4.064375000000000e+01         6.776812714264005e-10         
4.064687500000000e+01         6.764449833132507e-10         
4.065000000000001e+01         6.752239260219745e-10         
4.065312500000000e+01         6.740004398203842e-10         
4.065625000000000e+01         6.727831607567569e-10         
4.065937500000000e+01         6.715814988805181e-10         
4.066250000000000e+01         6.703771769443186e-10         
4.066562500000001e+01         6.691883004036223e-10         
4.066875000000000e+01         6.679967278904405e-10         
4.067187500000000e+01         6.668116169019160e-10         
4.067500000000000e+01         6.656417505471943e-10         
4.067812500000000e+01         6.644696286004824e-10         
4.068125000000001e+01         6.633082424327034e-10         
4.068437500000000e+01         6.621532263996943e-10         
4.068750000000000e+01         6.610002121367080e-10         
4.069062500000000e+01         6.598578910962538e-10         
4.069375000000000e+01         6.587221866811783e-10         
4.069687500000001e+01         6.575927260196522e-10         
4.070000000000000e+01         6.564652170539393e-10         
4.070312500000000e+01         6.553487476217953e-10         
4.070625000000000e+01         6.542385181772454e-10         
4.070937500000000e+01         6.531301846894753e-10         
4.071250000000001e+01         6.520371028442188e-10         
4.071562500000000e+01         6.509417287639580e-10         
4.071875000000000e+01         6.498525356731935e-10         
4.072187500000000e+01         6.487785380859552e-10         
4.072500000000000e+01         6.477020735914478e-10         
4.072812500000001e+01         6.466407822843112e-10         
4.073125000000000e+01         6.455770841757342e-10         
4.073437500000000e+01         6.445196169386032e-10         
4.073750000000000e+01         6.434773407416284e-10         
4.074062500000000e+01         6.424324760829163e-10         
4.074375000000001e+01         6.413984459340770e-10         
4.074687500000000e+01         6.403706444823637e-10         
4.075000000000000e+01         6.393448949137172e-10         
4.075312500000000e+01         6.383295724676863e-10         
4.075625000000000e+01         6.373206110960358e-10         
4.075937500000001e+01         6.363179905172656e-10         
4.076250000000000e+01         6.353172035751659e-10         
4.076562500000000e+01         6.343269170780237e-10         
4.076875000000000e+01         6.333431018420971e-10         
4.077187500000000e+01         6.323608778900042e-10         
4.077500000000001e+01         6.313936675815340e-10         
4.077812500000000e+01         6.304240093472599e-10         
4.078125000000000e+01         6.294605534618523e-10         
4.078437500000000e+01         6.285118747554548e-10         
4.078750000000000e+01         6.275608319030567e-10         
4.079062500000001e+01         6.266243480710420e-10         
4.079375000000000e+01         6.256855096499446e-10         
4.079687500000000e+01         6.247529189609485e-10         
4.080000000000000e+01         6.238349348106332e-10         
4.080312500000000e+01         6.229144042910069e-10         
4.080625000000001e+01         6.220044445250419e-10         
4.080937500000000e+01         6.211004159331283e-10         
4.081250000000000e+01         6.201981607809900e-10         
4.081562500000000e+01         6.193063755275067e-10         
4.081875000000000e+01         6.184204285564500e-10         
4.082187500000001e+01         6.175408177996617e-10         
4.082500000000000e+01         6.166628650421334e-10         
4.082812500000000e+01         6.157949377760243e-10         
4.083125000000000e+01         6.149331440414660e-10         
4.083437500000000e+01         6.140772697163296e-10         
4.083750000000001e+01         6.132275716228707e-10         
4.084062500000000e+01         6.123795702324985e-10         
4.084375000000000e+01         6.115414248813094e-10         
4.084687500000000e+01         6.107096698447988e-10         
4.085000000000000e+01         6.098794013429790e-10         
4.085312500000001e+01         6.090633443285865e-10         
4.085625000000000e+01         6.082448079647644e-10         
4.085937500000000e+01         6.074321824757079e-10         
4.086250000000000e+01         6.066339354425454e-10         
4.086562500000000e+01         6.058330370625983e-10         
4.086875000000001e+01         6.050464043900703e-10         
4.087187500000000e+01         6.042571793728778e-10         
4.087500000000000e+01         6.034739224265939e-10         
4.087812500000000e+01         6.027044624196362e-10         
4.088125000000000e+01         6.019325889818863e-10         
4.088437500000001e+01         6.011709211930045e-10         
4.088750000000000e+01         6.004147426738280e-10         
4.089062500000000e+01         5.996603319513464e-10         
4.089375000000000e+01         5.989157176366679e-10         
4.089687500000000e+01         5.981765249933806e-10         
4.090000000000001e+01         5.974434852288709e-10         
4.090312500000000e+01         5.967117522226068e-10         
4.090625000000000e+01         5.959898722940588e-10         
4.090937500000000e+01         5.952738285961945e-10         
4.091250000000000e+01         5.945591022243007e-10         
4.091562500000001e+01         5.938584393452626e-10         
4.091875000000000e+01         5.931547312313429e-10         
4.092187500000000e+01         5.924569544387514e-10         
4.092500000000000e+01         5.917731375570570e-10         
4.092812500000000e+01         5.910865153149446e-10         
4.093125000000001e+01         5.904137512021461e-10         
4.093437500000000e+01         5.897381824809767e-10         
4.093750000000000e+01         5.890683707107357e-10         
4.094062500000000e+01         5.884118793667615e-10         
4.094375000000000e+01         5.877531426307312e-10         
4.094687500000001e+01         5.871040130627287e-10         
4.095000000000000e+01         5.864599990803463e-10         
4.095312500000000e+01         5.858176547221873e-10         
4.095625000000000e+01         5.851850267260427e-10         
4.095937500000000e+01         5.845575454756360e-10         
4.096250000000001e+01         5.839355196530852e-10         
4.096562500000000e+01         5.833148621313114e-10         
4.096875000000000e+01         5.827037922196538e-10         
4.097187500000000e+01         5.820983258359179e-10         
4.097500000000000e+01         5.814939433029206e-10         
4.097812500000001e+01         5.809032132964608e-10         
4.098125000000000e+01         5.803095756451889e-10         
4.098437500000000e+01         5.797209907508945e-10         
4.098750000000000e+01         5.791462662406312e-10         
4.099062500000000e+01         5.785686891841015e-10         
4.099375000000001e+01         5.780046845927644e-10         
4.099687500000000e+01         5.774376808269882e-10         
4.100000000000000e+01         5.768760998717183e-10         
4.100312500000000e+01         5.763278218360728e-10         
4.100625000000000e+01         5.757763709393084e-10         
4.100937500000001e+01         5.752348371222025e-10         
4.101250000000000e+01         5.746981566333492e-10         
4.101562500000000e+01         5.741628128459399e-10         
4.101875000000000e+01         5.736370058928605e-10         
4.102187500000000e+01         5.731159505562375e-10         
4.102500000000001e+01         5.726001191842240e-10         
4.102812500000000e+01         5.720857618375321e-10         
4.103125000000000e+01         5.715802494334751e-10         
4.103437500000000e+01         5.710803590774455e-10         
4.103750000000000e+01         5.705852186705565e-10         
4.104062500000001e+01         5.700956407690040e-10         
4.104375000000000e+01         5.696069494453134e-10         
4.104687500000000e+01         5.691272716084861e-10         
4.105000000000000e+01         5.686525664377444e-10         
4.105312500000000e+01         5.681792739483455e-10         
4.105625000000001e+01         5.677190477724126e-10         
4.105937500000000e+01         5.672557959647278e-10         
4.106250000000000e+01         5.667978181649096e-10         
4.106562500000000e+01         5.663527526624128e-10         
4.106875000000000e+01         5.659048475044887e-10         
4.107187500000001e+01         5.654695731273825e-10         
4.107500000000000e+01         5.650316548563989e-10         
4.107812500000000e+01         5.645987696171050e-10         
4.108125000000000e+01         5.641790380242594e-10         
4.108437500000000e+01         5.637561533252608e-10         
4.108750000000001e+01         5.633426049523222e-10         
4.109062500000000e+01         5.629330158391505e-10         
4.109375000000000e+01         5.625251495073779e-10         
4.109687500000000e+01         5.621265621510700e-10         
4.110000000000000e+01         5.617325997959350e-10         
4.110312500000001e+01         5.613438124886787e-10         
4.110625000000000e+01         5.609558594101862e-10         
4.110937500000000e+01         5.605764961692092e-10         
4.111250000000000e+01         5.602021031219235e-10         
4.111562500000000e+01         5.598289285314511e-10         
4.111875000000001e+01         5.594685345980509e-10         
4.112187500000000e+01         5.591051977524155e-10         
4.112500000000000e+01         5.587466165068651e-10         
4.112812500000000e+01         5.584008841767097e-10         
4.113125000000000e+01         5.580521207066743e-10         
4.113437500000001e+01         5.577158901129889e-10         
4.113750000000000e+01         5.573767691935723e-10         
4.114062500000000e+01         5.570426674747272e-10         
4.114375000000000e+01         5.567213250044221e-10         
4.114687500000000e+01         5.563968697430208e-10         
4.115000000000001e+01         5.560814362472365e-10         
4.115312500000000e+01         5.557705640592697e-10         
4.115625000000000e+01         5.554605717080479e-10         
4.115937500000000e+01         5.551592076703397e-10         
4.116250000000000e+01         5.548625299805289e-10         
4.116562500000001e+01         5.545713854277542e-10         
4.116875000000000e+01         5.542806980272189e-10         
4.117187500000000e+01         5.539984127048582e-10         
4.117500000000000e+01         5.537214786809919e-10         
4.117812500000000e+01         5.534445685436399e-10         
4.118125000000001e+01         5.531809067790245e-10         
4.118437500000000e+01         5.529140997459950e-10         
4.118750000000000e+01         5.526519969151789e-10         
4.119062500000000e+01         5.524026026270316e-10         
4.119375000000000e+01         5.521500253707612e-10         
4.119687500000001e+01         5.519101141252382e-10         
4.120000000000000e+01         5.516665843177720e-10         
4.120312500000000e+01         5.514281715405743e-10         
4.120625000000000e+01         5.512026040520701e-10         
4.120937500000000e+01         5.509737157484965e-10         
4.121250000000001e+01         5.507538252218815e-10         
4.121562500000000e+01         5.505381223318980e-10         
4.121875000000000e+01         5.503233872785336e-10         
4.122187500000000e+01         5.501170299777524e-10         
4.122500000000000e+01         5.499152901054627e-10         
4.122812500000001e+01         5.497188754912063e-10         
4.123125000000000e+01         5.495229249517032e-10         
4.123437500000000e+01         5.493353267085813e-10         
4.123750000000000e+01         5.491529447614228e-10         
4.124062500000000e+01         5.489746463061080e-10         
4.124375000000001e+01         5.488011482706686e-10         
4.124687500000000e+01         5.486287784058491e-10         
4.125000000000000e+01         5.484645203760441e-10         
4.125312500000000e+01         5.483055745167509e-10         
4.125625000000000e+01         5.481471379692900e-10         
4.125937500000001e+01         5.480013023874499e-10         
4.126250000000000e+01         5.478520989141787e-10         
4.126562500000000e+01         5.477070032275295e-10         
4.126875000000000e+01         5.475751579947710e-10         
4.127187500000000e+01         5.474399147456890e-10         
4.127500000000001e+01         5.473173032220495e-10         
4.127812500000000e+01         5.471914098711924e-10         
4.128125000000000e+01         5.470703178770125e-10         
4.128437500000000e+01         5.469611222825294e-10         
4.128750000000000e+01         5.468492762354448e-10         
4.129062500000001e+01         5.467461325860570e-10         
4.129375000000000e+01         5.466471980371642e-10         
4.129687500000000e+01         5.465493254432414e-10         
4.130000000000000e+01         5.464601943278268e-10         
4.130312500000000e+01         5.463751490113304e-10         
4.130625000000001e+01         5.462947679580193e-10         
4.130937500000000e+01         5.462154141414799e-10         
4.131250000000000e+01         5.461443787864314e-10         
4.131562500000000e+01         5.460786157721695e-10         
4.131875000000000e+01         5.460131376012932e-10         
4.132187500000001e+01         5.459602430792294e-10         
4.132500000000000e+01         5.459041992717153e-10         
4.132812500000000e+01         5.458526216569293e-10         
4.133125000000000e+01         5.458131233218141e-10         
4.133437500000000e+01         5.457709770684815e-10         
4.133750000000001e+01         5.457412789173474e-10         
4.134062500000000e+01         5.457084722296599e-10         
4.134375000000000e+01         5.456801878344437e-10         
4.134687500000000e+01         5.456645724140931e-10         
4.135000000000000e+01         5.456455861825603e-10         
4.135312500000001e+01         5.456349248279788e-10         
4.135625000000000e+01         5.456289306631916e-10         
4.135937500000000e+01         5.456240840118637e-10         
4.136250000000000e+01         5.456279191857673e-10         
4.136562500000000e+01         5.456358891788716e-10         
4.136875000000001e+01         5.456491056556214e-10         
4.137187500000000e+01         5.456620899608277e-10         
4.137500000000000e+01         5.456841387898392e-10         
4.137812500000000e+01         5.457112882135570e-10         
4.138125000000000e+01         5.457389564419140e-10         
4.138437500000001e+01         5.457792572018810e-10         
4.138750000000000e+01         5.458161478821234e-10         
4.139062500000000e+01         5.458579201366978e-10         
4.139375000000000e+01         5.459115852894655e-10         
4.139687500000000e+01         5.459626950361381e-10         
4.140000000000001e+01         5.460264005361524e-10         
4.140312500000000e+01         5.460868525749993e-10         
4.140625000000000e+01         5.461520002663862e-10         
4.140937500000000e+01         5.462297166193085e-10         
4.141250000000000e+01         5.463043523346527e-10         
4.141562500000001e+01         5.463872856563524e-10         
4.141875000000000e+01         5.464748876376473e-10         
4.142187500000000e+01         5.465637246890092e-10         
4.142500000000000e+01         5.466614155112903e-10         
4.142812500000000e+01         5.467632584405146e-10         
4.143125000000001e+01         5.468704636568574e-10         
4.143437500000000e+01         5.469817039639695e-10         
4.143750000000000e+01         5.470941785333209e-10         
4.144062500000000e+01         5.472150097187194e-10         
4.144375000000000e+01         5.473406437676385e-10         
4.144687500000001e+01         5.474715766695030e-10         
4.145000000000000e+01         5.476030240716252e-10         
4.145312500000000e+01         5.477429083687165e-10         
4.145625000000000e+01         5.478882110701827e-10         
4.145937500000000e+01         5.480335179672885e-10         
4.146250000000001e+01         5.481919832819626e-10         
4.146562500000000e+01         5.483474862162196e-10         
4.146875000000000e+01         5.485076973070150e-10         
4.147187500000000e+01         5.486806625582891e-10         
4.147500000000000e+01         5.488505777884042e-10         
4.147812500000001e+01         5.490332409916679e-10         
4.148125000000000e+01         5.492122624765567e-10         
4.148437500000000e+01         5.493966588394228e-10         
4.148750000000000e+01         5.495938562020245e-10         
4.149062500000000e+01         5.497880585151472e-10         
4.149375000000001e+01         5.499913578997391e-10         
4.149687500000000e+01         5.501989383153107e-10         
4.150000000000000e+01         5.504077281081038e-10         
4.150312500000000e+01         5.506251351468312e-10         
4.150625000000000e+01         5.508474208572870e-10         
4.150937500000001e+01         5.510752214508861e-10         
4.151250000000000e+01         5.513037117423473e-10         
4.151562500000000e+01         5.515408029998172e-10         
4.151875000000000e+01         5.517834121661444e-10         
4.152187500000000e+01         5.520267788584417e-10         
4.152500000000001e+01         5.522824014360149e-10         
4.152812500000000e+01         5.525356843501766e-10         
4.153125000000000e+01         5.527939998148751e-10         
4.153437500000000e+01         5.530652229424265e-10         
4.153750000000000e+01         5.533334849961464e-10         
4.154062500000001e+01         5.536147849797080e-10         
4.154375000000000e+01         5.538931324157567e-10         
4.154687500000000e+01         5.541759143399151e-10         
4.155000000000000e+01         5.544723424717200e-10         
4.155312500000000e+01         5.547658132199221e-10         
4.155625000000001e+01         5.550686813493961e-10         
4.155937500000000e+01         5.553761085068501e-10         
4.156250000000000e+01         5.556848792869472e-10         
4.156562500000000e+01         5.560025392714768e-10         
4.156875000000000e+01         5.563252451394381e-10         
4.157187500000001e+01         5.566537663091195e-10         
4.157500000000000e+01         5.569831459047153e-10         
4.157812500000000e+01         5.573213844254451e-10         
4.158125000000000e+01         5.576653495750643e-10         
4.158437500000000e+01         5.580102885068040e-10         
4.158750000000001e+01         5.583678106490741e-10         
4.159062500000000e+01         5.587232160978515e-10         
4.159375000000000e+01         5.590837559394908e-10         
4.159687500000000e+01         5.594576497515534e-10         
4.160000000000000e+01         5.598288433430348e-10         
4.160312500000001e+01         5.602132663147081e-10         
4.160625000000000e+01         5.605949576003393e-10         
4.160937500000000e+01         5.609820129150849e-10         
4.161250000000000e+01         5.613818586723567e-10         
4.161562500000000e+01         5.617795227187917e-10         
4.161875000000001e+01         5.621869243447387e-10         
4.162187500000000e+01         5.625990644107742e-10         
4.162500000000000e+01         5.630129215994179e-10         
4.162812500000000e+01         5.634365358895126e-10         
4.163125000000000e+01         5.638649461482005e-10         
4.163437500000001e+01         5.642988051593718e-10         
4.163750000000000e+01         5.647381128654098e-10         
4.164062500000000e+01         5.651791502229514e-10         
4.164375000000000e+01         5.656300285506909e-10         
4.164687500000000e+01         5.660858264209919e-10         
4.165000000000001e+01         5.665477911150353e-10         
4.165312500000000e+01         5.670103768167787e-10         
4.165625000000000e+01         5.674829040394765e-10         
4.165937500000000e+01         5.679615764067674e-10         
4.166250000000000e+01         5.684414625105952e-10         
4.166562500000001e+01         5.689351690556530e-10         
4.166875000000000e+01         5.694263481017286e-10         
4.167187500000000e+01         5.699231398805825e-10         
4.167500000000000e+01         5.704332590615057e-10         
4.167812500000000e+01         5.709415503677165e-10         
4.168125000000001e+01         5.714636297398889e-10         
4.168437500000000e+01         5.719834074185399e-10         
4.168750000000000e+01         5.725088939183382e-10         
4.169062500000000e+01         5.730482942621720e-10         
4.169375000000000e+01         5.735853750225956e-10         
4.169687500000001e+01         5.741321022470206e-10         
4.170000000000000e+01         5.746846279727122e-10         
4.170312500000000e+01         5.752393347884552e-10         
4.170625000000000e+01         5.758042288121755e-10         
4.170937500000000e+01         5.763744839515998e-10         
4.171250000000001e+01         5.769512473856786e-10         
4.171562500000000e+01         5.775296024214922e-10         
4.171875000000000e+01         5.781177516918887e-10         
4.172187500000000e+01         5.787119317566334e-10         
4.172500000000000e+01         5.793083358483015e-10         
4.172812500000001e+01         5.799189919505391e-10         
4.173125000000000e+01         5.805275030681523e-10         
4.173437500000000e+01         5.811421372981654e-10         
4.173750000000000e+01         5.817710767022569e-10         
4.174062500000000e+01         5.823974765812121e-10         
4.174375000000001e+01         5.830387897986124e-10         
4.174687500000000e+01         5.836781146787237e-10         
4.175000000000000e+01         5.843235674351336e-10         
4.175312500000000e+01         5.849835805824144e-10         
4.175625000000000e+01         5.856416646000090e-10         
4.175937500000001e+01         5.863098935760100e-10         
4.176250000000000e+01         5.869845113587066e-10         
4.176562500000000e+01         5.876615940920368e-10         
4.176875000000000e+01         5.883494017474307e-10         
4.177187500000000e+01         5.890431298160322e-10         
4.177500000000001e+01         5.897438325238720e-10         
4.177812500000000e+01         5.904466546536999e-10         
4.178125000000000e+01         5.911597871227423e-10         
4.178437500000000e+01         5.918795109216133e-10         
4.178750000000000e+01         5.926019345155535e-10         
4.179062500000001e+01         5.933391960014887e-10         
4.179375000000000e+01         5.940747730547331e-10         
4.179687500000000e+01         5.948169862239473e-10         
4.180000000000000e+01         5.955742707910153e-10         
4.180312500000000e+01         5.963298806325860e-10         
4.180625000000001e+01         5.971000435429297e-10         
4.180937500000000e+01         5.978691071706498e-10         
4.181250000000000e+01         5.986450893421335e-10         
4.181562500000000e+01         5.994362469134126e-10         
4.181875000000000e+01         6.002258274949259e-10         
4.182187500000001e+01         6.010267274541393e-10         
4.182500000000000e+01         6.018341719171891e-10         
4.182812500000000e+01         6.026440997039430e-10         
4.183125000000000e+01         6.034659538455452e-10         
4.183437500000000e+01         6.042942843257822e-10         
4.183750000000001e+01         6.051301389412513e-10         
4.184062500000000e+01         6.059726421268226e-10         
4.184375000000000e+01         6.068183506417176e-10         
4.184687500000000e+01         6.076752225863553e-10         
4.185000000000000e+01         6.085391293140143e-10         
4.185312500000001e+01         6.094109019426878e-10         
4.185625000000000e+01         6.102853428200170e-10         
4.185937500000000e+01         6.111712669176476e-10         
4.186250000000000e+01         6.120647841367383e-10         
4.186562500000000e+01         6.129614053727635e-10         
4.186875000000001e+01         6.138734153675589e-10         
4.187187500000000e+01         6.147847779844139e-10         
4.187500000000000e+01         6.157036825034983e-10         
4.187812500000000e+01         6.166386057493503e-10         
4.188125000000000e+01         6.175725039767666e-10         
4.188437500000001e+01         6.185226561633853e-10         
4.188750000000000e+01         6.194718399547356e-10         
4.189062500000000e+01         6.204285895556184e-10         
4.189375000000000e+01         6.214014536868584e-10         
4.189687500000000e+01         6.223737677142560e-10         
4.190000000000001e+01         6.233583053765632e-10         
4.190312500000000e+01         6.243504777778857e-10         
4.190625000000000e+01         6.253462141607262e-10         
4.190937500000000e+01         6.263545028224583e-10         
4.191250000000000e+01         6.273703448182544e-10         
4.191562500000001e+01         6.283941224737526e-10         
4.191875000000000e+01         6.294217180722070e-10         
4.192187500000000e+01         6.304617900289425e-10         
4.192500000000000e+01         6.315103071594270e-10         
4.192812500000000e+01         6.325622823847932e-10         
4.193125000000001e+01         6.336311602143330e-10         
4.193437500000000e+01         6.346994212036661e-10         
4.193750000000000e+01         6.357761955216822e-10         
4.194062500000000e+01         6.368701129990379e-10         
4.194375000000000e+01         6.379638178780116e-10         
4.194687500000001e+01         6.390744729069427e-10         
4.195000000000000e+01         6.401848890918872e-10         
4.195312500000000e+01         6.413038856105289e-10         
4.195625000000000e+01         6.424399163867197e-10         
4.195937500000000e+01         6.435760721037135e-10         
4.196250000000001e+01         6.447254197540783e-10         
4.196562500000000e+01         6.458833891864769e-10         
4.196875000000000e+01         6.470455283464426e-10         
4.197187500000000e+01         6.482212084233862e-10         
4.197500000000000e+01         6.494054129573491e-10         
4.197812500000001e+01         6.505984947200094e-10         
4.198125000000000e+01         6.517962861691529e-10         
4.198437500000000e+01         6.530075204300932e-10         
4.198750000000000e+01         6.542279340348014e-10         
4.199062500000000e+01         6.554528879151701e-10         
4.199375000000001e+01         6.566958334780926e-10         
4.199687500000000e+01         6.579390340635999e-10         
4.200000000000000e+01         6.591915194543172e-10         
4.200312500000000e+01         6.604621010009066e-10         
4.200625000000000e+01         6.617332897915497e-10         
4.200937500000001e+01         6.630226117147296e-10         
4.201250000000000e+01         6.643127385390406e-10         
4.201562500000000e+01         6.656122019713789e-10         
4.201875000000000e+01         6.669303541108282e-10         
4.202187500000000e+01         6.682488336504383e-10         
4.202500000000001e+01         6.695818783864527e-10         
4.202812500000000e+01         6.709244617589845e-10         
4.203125000000000e+01         6.722723464366913e-10         
4.203437500000000e+01         6.736346729862485e-10         
4.203750000000000e+01         6.750068781148392e-10         
4.204062500000001e+01         6.763888033820269e-10         
4.204375000000000e+01         6.777808486201880e-10         
4.204687500000000e+01         6.791785986098710e-10         
4.205000000000000e+01         6.805909071770214e-10         
4.205312500000000e+01         6.820132626236846e-10         
4.205625000000001e+01         6.834461192276068e-10         
4.205937500000000e+01         6.848845333431407e-10         
4.206250000000000e+01         6.863379010386796e-10         
4.206562500000000e+01         6.878016152543421e-10         
4.206875000000000e+01         6.892713125551830e-10         
4.207187500000001e+01         6.907608042100702e-10         
4.207500000000000e+01         6.922516570660535e-10         
4.207812500000000e+01         6.937529534720427e-10         
4.208125000000000e+01         6.952743377820567e-10         
4.208437500000000e+01         6.967972127339629e-10         
4.208750000000001e+01         6.983400166958527e-10         
4.209062500000000e+01         6.998846336157376e-10         
4.209375000000000e+01         7.014400549211967e-10         
4.209687500000000e+01         7.030157441602646e-10         
4.210000000000000e+01         7.045933066657179e-10         
4.210312500000001e+01         7.061867100647521e-10         
4.210625000000000e+01         7.077912966649157e-10         
4.210937500000000e+01         7.094023636816775e-10         
4.211250000000000e+01         7.110293879699558e-10         
4.211562500000000e+01         7.126679431326165e-10         
4.211875000000001e+01         7.143177505543463e-10         
4.212187500000000e+01         7.159745370560967e-10         
4.212500000000000e+01         7.176475155465003e-10         
4.212812500000000e+01         7.193320914975670e-10         
4.213125000000000e+01         7.210239703766054e-10         
4.213437500000001e+01         7.227367926787107e-10         
4.213750000000000e+01         7.244519931527064e-10         
4.214062500000000e+01         7.261791340964470e-10         
4.214375000000000e+01         7.279276732149841e-10         
4.214687500000000e+01         7.296787701877698e-10         
4.215000000000001e+01         7.314515408280821e-10         
4.215312500000000e+01         7.332270615658301e-10         
4.215625000000000e+01         7.350145566588435e-10         
4.215937500000000e+01         7.368240545400201e-10         
4.216250000000000e+01         7.386363297118594e-10         
4.216562500000001e+01         7.404658016045545e-10         
4.216875000000000e+01         7.423076594136172e-10         
4.217187500000000e+01         7.441573237795434e-10         
4.217500000000000e+01         7.460246309181224e-10         
4.217812500000000e+01         7.479045549524166e-10         
4.218125000000001e+01         7.497971317538522e-10         
4.218437500000000e+01         7.516975011012671e-10         
4.218750000000000e+01         7.536156957457785e-10         
4.219062500000000e+01         7.555471308390636e-10         
4.219375000000000e+01         7.574861979284984e-10         
4.219687500000001e+01         7.594487000666458e-10         
4.220000000000000e+01         7.614143360209539e-10         
4.220312500000000e+01         7.633981211375016e-10         
4.220625000000000e+01         7.653952135182560e-10         
4.220937500000000e+01         7.674005926209480e-10         
4.221250000000001e+01         7.694292776877848e-10         
4.221562500000000e+01         7.714616216250201e-10         
4.221875000000000e+01         7.735075357158131e-10         
4.222187500000000e+01         7.755767186067321e-10         
4.222500000000000e+01         7.776498511602065e-10         
4.222812500000001e+01         7.797414940138598e-10         
4.223125000000000e+01         7.818471543403359e-10         
4.223437500000000e+01         7.839615789598283e-10         
4.223750000000000e+01         7.860951996002516e-10         
4.224062500000000e+01         7.882428562310153e-10         
4.224375000000001e+01         7.904039477195432e-10         
4.224687500000000e+01         7.925798082510825e-10         
4.225000000000000e+01         7.947645545947396e-10         
4.225312500000000e+01         7.969686004135307e-10         
4.225625000000000e+01         7.991871285283260e-10         
4.225937500000001e+01         8.014199106074127e-10         
4.226250000000000e+01         8.036621090561151e-10         
4.226562500000000e+01         8.059237362585799e-10         
4.226875000000000e+01         8.082000422735213e-10         
4.227187500000000e+01         8.104856161327976e-10         
4.227500000000001e+01         8.127964520086617e-10         
4.227812500000000e+01         8.151114372034440e-10         
4.228125000000000e+01         8.174415408285111e-10         
4.228437500000000e+01         8.197965642095664e-10         
4.228750000000000e+01         8.221560123230562e-10         
4.229062500000001e+01         8.245411848811102e-10         
4.229375000000000e+01         8.269306516237101e-10         
4.229687500000000e+01         8.293350359205454e-10         
4.230000000000000e+01         8.317650855529241e-10         
4.230312500000000e+01         8.342000830566651e-10         
4.230625000000001e+01         8.366550152672802e-10         
4.230937500000000e+01         8.391256734514121e-10         
4.231250000000000e+01         8.416059602025330e-10         
4.231562500000000e+01         8.441068042426047e-10         
4.231875000000000e+01         8.466234023237734e-10         
4.232187500000001e+01         8.491553312006557e-10         
4.232500000000000e+01         8.516972692950035e-10         
4.232812500000000e+01         8.542601093758608e-10         
4.233125000000000e+01         8.568381612346193e-10         
4.233437500000000e+01         8.594266300074901e-10         
4.233750000000001e+01         8.620414239015163e-10         
4.234062500000000e+01         8.646608122558980e-10         
4.234375000000000e+01         8.672961569262643e-10         
4.234687500000000e+01         8.699581503832631e-10         
4.235000000000000e+01         8.726246517077202e-10         
4.235312500000001e+01         8.753179730863855e-10         
4.235625000000000e+01         8.780159153554231e-10         
4.235937500000000e+01         8.807294133338112e-10         
4.236250000000000e+01         8.834700472699653e-10         
4.236562500000000e+01         8.862152203197798e-10         
4.236875000000001e+01         8.889818406177649e-10         
4.237187500000000e+01         8.917645116088476e-10         
4.237500000000000e+01         8.945570597292301e-10         
4.237812500000000e+01         8.973708057385698e-10         
4.238125000000000e+01         9.002006653874868e-10         
4.238437500000001e+01         9.030459436645464e-10         
4.238750000000000e+01         9.059016496178998e-10         
4.239062500000000e+01         9.087793659587609e-10         
4.239375000000000e+01         9.116719776119588e-10         
4.239687500000000e+01         9.145748155848035e-10         
4.240000000000001e+01         9.175049987400269e-10         
4.240312500000000e+01         9.204393183654318e-10         
4.240625000000000e+01         9.233952809705196e-10         
4.240937500000000e+01         9.263668732973418e-10         
4.241250000000000e+01         9.293479617633425e-10         
4.241562500000001e+01         9.323563294592783e-10         
4.241875000000000e+01         9.353684824765840e-10         
4.242187500000000e+01         9.383960738809030e-10         
4.242500000000000e+01         9.414506653963468e-10         
4.242812500000000e+01         9.445091836144134e-10         
4.243125000000001e+01         9.475887540818049e-10         
4.243437500000000e+01         9.506836584252510e-10         
4.243750000000000e+01         9.537875832166211e-10         
4.244062500000000e+01         9.569120955522503e-10         
4.244375000000000e+01         9.600523048334048e-10         
4.244687500000001e+01         9.632066708538074e-10         
4.245000000000000e+01         9.663764799426335e-10         
4.245312500000000e+01         9.695546494364103e-10         
4.245625000000000e+01         9.727535480378063e-10         
4.245937500000000e+01         9.759670498652736e-10         
4.246250000000001e+01         9.791940489454471e-10         
4.246562500000000e+01         9.824298718425842e-10         
4.246875000000000e+01         9.856857350817762e-10         
4.247187500000000e+01         9.889551766261994e-10         
4.247500000000000e+01         9.922331396712856e-10         
4.247812500000001e+01         9.955364506922618e-10         
4.248125000000000e+01         9.988407807792755e-10         
4.248437500000000e+01         1.002158545092989e-09         
4.248750000000000e+01         1.005501519948283e-09         
4.249062500000000e+01         1.008845166033959e-09         
4.249375000000001e+01         1.012213857352282e-09         
4.249687500000000e+01         1.015583492808286e-09         
4.250000000000000e+01         1.018964481909311e-09         
4.250312500000000e+01         1.022370285243057e-09         
4.250625000000000e+01         1.025775311081463e-09         
4.250937500000001e+01         1.029197908263557e-09         
4.251250000000000e+01         1.032632545881857e-09         
4.251562500000000e+01         1.036071716652934e-09         
4.251875000000000e+01         1.039528374270459e-09         
4.252187500000000e+01         1.042995583983437e-09         
4.252500000000001e+01         1.046472447172047e-09         
4.252812500000000e+01         1.049953238045381e-09         
4.253125000000000e+01         1.053450304383372e-09         
4.253437500000000e+01         1.056956126160314e-09         
4.253750000000000e+01         1.060464983071392e-09         
4.254062500000001e+01         1.063996397696058e-09         
4.254375000000000e+01         1.067522283967854e-09         
4.254687500000000e+01         1.071056164151869e-09         
4.255000000000000e+01         1.074610518844679e-09         
4.255312500000000e+01         1.078159281259924e-09         
4.255625000000001e+01         1.081727977865266e-09         
4.255937500000000e+01         1.085289955924901e-09         
4.256250000000000e+01         1.088858897026432e-09         
4.256562500000000e+01         1.092445547704449e-09         
4.256875000000000e+01         1.096024407114888e-09         
4.257187500000001e+01         1.099613728198164e-09         
4.257500000000000e+01         1.103208457620695e-09         
4.257812500000000e+01         1.106799812007875e-09         
4.258125000000000e+01         1.110400522636640e-09         
4.258437500000000e+01         1.114005910451573e-09         
4.258750000000001e+01         1.117611695599695e-09         
4.259062500000000e+01         1.121212937925265e-09         
4.259375000000000e+01         1.124822491176879e-09         
4.259687500000000e+01         1.128431586066762e-09         
4.260000000000000e+01         1.132034392775809e-09         
4.260312500000001e+01         1.135651332215377e-09         
4.260625000000000e+01         1.139252268061202e-09         
4.260937500000000e+01         1.142858891068928e-09         
4.261250000000000e+01         1.146462132073156e-09         
4.261562500000000e+01         1.150055826184105e-09         
4.261875000000001e+01         1.153659941346441e-09         
4.262187500000000e+01         1.157245496603579e-09         
4.262500000000000e+01         1.160825949623445e-09         
4.262812500000000e+01         1.164415809785260e-09         
4.263125000000000e+01         1.167984031397550e-09         
4.263437500000001e+01         1.171551589024308e-09         
4.263750000000000e+01         1.175112328403220e-09         
4.264062500000000e+01         1.178656629215764e-09         
4.264375000000000e+01         1.182198104974692e-09         
4.264687500000000e+01         1.185730394557978e-09         
4.265000000000001e+01         1.189251624761224e-09         
4.265312500000000e+01         1.192761136384836e-09         
4.265625000000000e+01         1.196250117750774e-09         
4.265937500000000e+01         1.199732231776969e-09         
4.266250000000000e+01         1.203201381251795e-09         
4.266562500000001e+01         1.206654010667267e-09         
4.266875000000000e+01         1.210083934189068e-09         
4.267187500000000e+01         1.213505751137694e-09         
4.267500000000000e+01         1.216907872444361e-09         
4.267812500000000e+01         1.220284035632106e-09         
4.268125000000001e+01         1.223655477122622e-09         
4.268437500000000e+01         1.226991644526439e-09         
4.268750000000000e+01         1.230306346361337e-09         
4.269062500000000e+01         1.233614397324597e-09         
4.269375000000000e+01         1.236883230197509e-09         
4.269687500000001e+01         1.240142559604785e-09         
4.270000000000000e+01         1.243361595139951e-09         
4.270312500000000e+01         1.246554410721981e-09         
4.270625000000000e+01         1.249734923812008e-09         
4.270937500000000e+01         1.252872007731091e-09         
4.271250000000001e+01         1.255988138671621e-09         
4.271562500000000e+01         1.259073910195388e-09         
4.271875000000000e+01         1.262120340689464e-09         
4.272187500000000e+01         1.265141408844166e-09         
4.272500000000000e+01         1.268130245300533e-09         
4.272812500000001e+01         1.271083639981706e-09         
4.273125000000000e+01         1.273994642715699e-09         
4.273437500000000e+01         1.276877531882933e-09         
4.273750000000000e+01         1.279723131708369e-09         
4.274062500000000e+01         1.282522166839991e-09         
4.274375000000001e+01         1.285296992021858e-09         
4.274687500000000e+01         1.288016041356453e-09         
4.275000000000000e+01         1.290693679304807e-09         
4.275312500000000e+01         1.293344249009636e-09         
4.275625000000000e+01         1.295937336766885e-09         
4.275937500000001e+01         1.298500087559097e-09         
4.276250000000000e+01         1.301001857699943e-09         
4.276562500000000e+01         1.303457292324114e-09         
4.276875000000000e+01         1.305880718967685e-09         
4.277187500000000e+01         1.308240462127061e-09         
4.277500000000001e+01         1.310557834108201e-09         
4.277812500000000e+01         1.312827717327868e-09         
4.278125000000000e+01         1.315036444238927e-09         
4.278437500000000e+01         1.317200472987463e-09         
4.278750000000000e+01         1.319312578185094e-09         
4.279062500000001e+01         1.321369556153222e-09         
4.279375000000000e+01         1.323364470608237e-09         
4.279687500000000e+01         1.325312317221955e-09         
4.280000000000000e+01         1.327203702546082e-09         
4.280312500000000e+01         1.329029103736566e-09         
4.280625000000001e+01         1.330812211253478e-09         
4.280937500000000e+01         1.332520761550497e-09         
4.281250000000000e+01         1.334178155136974e-09         
4.281562500000000e+01         1.335773886310746e-09         
4.281875000000000e+01         1.337301215883170e-09         
4.282187500000001e+01         1.338784004952500e-09         
4.282500000000000e+01         1.340187235823570e-09         
4.282812500000000e+01         1.341527320788013e-09         
4.283125000000000e+01         1.342819617906084e-09         
4.283437500000000e+01         1.344031701558550e-09         
4.283750000000001e+01         1.345186294334460e-09         
4.284062500000000e+01         1.346276978523449e-09         
4.284375000000000e+01         1.347294524254506e-09         
4.284687500000000e+01         1.348251757798407e-09         
4.285000000000000e+01         1.349143465468899e-09         
4.285312500000001e+01         1.349966874023472e-09         
4.285625000000000e+01         1.350724119840180e-09         
4.285937500000000e+01         1.351404733811331e-09         
4.286250000000000e+01         1.352024674091405e-09         
4.286562500000000e+01         1.352578960121351e-09         
4.286875000000001e+01         1.353061822880930e-09         
4.287187500000000e+01         1.353468518658553e-09         
4.287500000000000e+01         1.353814998477720e-09         
4.287812500000000e+01         1.354090929052206e-09         
4.288125000000000e+01         1.354290352894628e-09         
4.288437500000001e+01         1.354437874858442e-09         
4.288750000000000e+01         1.354498641481794e-09         
4.289062500000000e+01         1.354490105789570e-09         
4.289375000000000e+01         1.354428368625560e-09         
4.289687500000000e+01         1.354281399295319e-09         
4.290000000000001e+01         1.354081446788681e-09         
4.290312500000000e+01         1.353796504154567e-09         
4.290625000000000e+01         1.353442818475652e-09         
4.290937500000000e+01         1.353038080557477e-09         
4.291250000000000e+01         1.352547593133279e-09         
4.291562500000001e+01         1.351996452052324e-09         
4.291875000000000e+01         1.351378976411133e-09         
4.292187500000000e+01         1.350685524057138e-09         
4.292500000000000e+01         1.349932420786032e-09         
4.292812500000000e+01         1.349114232686259e-09         
4.293125000000001e+01         1.348229923731761e-09         
4.293437500000000e+01         1.347271336047948e-09         
4.293750000000000e+01         1.346256234014128e-09         
4.294062500000000e+01         1.345175272184947e-09         
4.294375000000000e+01         1.344022973797496e-09         
4.294687500000001e+01         1.342823207628960e-09         
4.295000000000000e+01         1.341546160894911e-09         
4.295312500000000e+01         1.340205513334184e-09         
4.295625000000000e+01         1.338819202082043e-09         
4.295937500000000e+01         1.337356340867417e-09         
4.296250000000001e+01         1.335849159210528e-09         
4.296562500000000e+01         1.334266906919481e-09         
4.296875000000000e+01         1.332626071002252e-09         
4.297187500000000e+01         1.330944536327309e-09         
4.297500000000000e+01         1.329188931584769e-09         
4.297812500000001e+01         1.327384299132085e-09         
4.298125000000000e+01         1.325525716808858e-09         
4.298437500000000e+01         1.323604160901229e-09         
4.298750000000000e+01         1.321636178338680e-09         
4.299062500000000e+01         1.319616852105746e-09         
4.299375000000001e+01         1.317545758907134e-09         
4.299687500000000e+01         1.315415308071223e-09         
4.300000000000000e+01         1.313243328379638e-09         
4.300312500000000e+01         1.311021107918457e-09         
4.300625000000000e+01         1.308743588528261e-09         
4.300937500000001e+01         1.306434601249919e-09         
4.301250000000000e+01         1.304064020684465e-09         
4.301562500000000e+01         1.301656608225668e-09         
4.301875000000000e+01         1.299205025523063e-09         
4.302187500000000e+01         1.296702065898179e-09         
4.302500000000001e+01         1.294172126698745e-09         
4.302812500000000e+01         1.291585798896652e-09         
4.303125000000000e+01         1.288959321588573e-09         
4.303437500000000e+01         1.286308967787283e-09         
4.303750000000000e+01         1.283606468774099e-09         
4.304062500000001e+01         1.280872515500443e-09         
4.304375000000000e+01         1.278103722282215e-09         
4.304687500000000e+01         1.275291563056097e-09         
4.305000000000000e+01         1.272460512700101e-09         
4.305312500000000e+01         1.269581228511072e-09         
4.305625000000001e+01         1.266676668329133e-09         
4.305937500000000e+01         1.263743486989443e-09         
4.306250000000000e+01         1.260770855614100e-09         
4.306562500000000e+01         1.257775884879236e-09         
4.306875000000000e+01         1.254754105493421e-09         
4.307187500000001e+01         1.251703878359899e-09         
4.307500000000000e+01         1.248620609961357e-09         
4.307812500000000e+01         1.245520122465171e-09         
4.308125000000000e+01         1.242395282742885e-09         
4.308437500000000e+01         1.239239145003829e-09         
4.308750000000001e+01         1.236075345416732e-09         
4.309062500000000e+01         1.232875330778267e-09         
4.309375000000000e+01         1.229654878999014e-09         
4.309687500000000e+01         1.226429332306947e-09         
4.310000000000000e+01         1.223170423651732e-09         
4.310312500000001e+01         1.219909274617031e-09         
4.310625000000000e+01         1.216615497630210e-09         
4.310937500000000e+01         1.213305590390357e-09         
4.311250000000000e+01         1.209994902625107e-09         
4.311562500000000e+01         1.206655160967675e-09         
4.311875000000001e+01         1.203308657523447e-09         
4.312187500000000e+01         1.199950405973879e-09         
4.312500000000000e+01         1.196573528589206e-09         
4.312812500000000e+01         1.193190992135619e-09         
4.313125000000000e+01         1.189799165560019e-09         
4.313437500000001e+01         1.186396519781652e-09         
4.313750000000000e+01         1.182978409670065e-09         
4.314062500000000e+01         1.179559774360255e-09         
4.314375000000000e+01         1.176132643210376e-09         
4.314687500000000e+01         1.172693295128452e-09         
4.315000000000001e+01         1.169260789052440e-09         
4.315312500000000e+01         1.165809093735752e-09         
4.315625000000000e+01         1.162352705241467e-09         
4.315937500000000e+01         1.158906136946995e-09         
4.316250000000000e+01         1.155442475421730e-09         
4.316562500000001e+01         1.151990579307557e-09         
4.316875000000000e+01         1.148521998724634e-09         
4.317187500000000e+01         1.145051747353669e-09         
4.317500000000000e+01         1.141594514711195e-09         
4.317812500000000e+01         1.138122916448500e-09         
4.318125000000001e+01         1.134658063075871e-09         
4.318437500000000e+01         1.131194858268744e-09         
4.318750000000000e+01         1.127725722842917e-09         
4.319062500000000e+01         1.124265693849179e-09         
4.319375000000000e+01         1.120807756836002e-09         
4.319687500000001e+01         1.117351906131853e-09         
4.320000000000000e+01         1.113893023461477e-09         
4.320312500000000e+01         1.110445158791683e-09         
4.320625000000000e+01         1.107000521835981e-09         
4.320937500000000e+01         1.103554351604096e-09         
4.321250000000001e+01         1.100127438579077e-09         
4.321562500000000e+01         1.096692067106142e-09         
4.321875000000000e+01         1.093269424562429e-09         
4.322187500000000e+01         1.089852418590736e-09         
4.322500000000000e+01         1.086436113843189e-09         
4.322812500000001e+01         1.083039974419890e-09         
4.323125000000000e+01         1.079638890720349e-09         
4.323437500000000e+01         1.076245029468131e-09         
4.323750000000000e+01         1.072872170465227e-09         
4.324062500000000e+01         1.069494994203155e-09         
4.324375000000001e+01         1.066132655059404e-09         
4.324687500000000e+01         1.062780048855479e-09         
4.325000000000000e+01         1.059430395055988e-09         
4.325312500000000e+01         1.056103824715236e-09         
4.325625000000000e+01         1.052773715362090e-09         
4.325937500000001e+01         1.049460209999552e-09         
4.326250000000000e+01         1.046157607816869e-09         
4.326562500000000e+01         1.042859275865226e-09         
4.326875000000000e+01         1.039578042304334e-09         
4.327187500000000e+01         1.036308620952138e-09         
4.327500000000001e+01         1.033050842078525e-09         
4.327812500000000e+01         1.029798172308355e-09         
4.328125000000000e+01         1.026563860727794e-09         
4.328437500000000e+01         1.023341379464609e-09         
4.328750000000000e+01         1.020125166116282e-09         
4.329062500000001e+01         1.016933793566802e-09         
4.329375000000000e+01         1.013742831219958e-09         
4.329687500000000e+01         1.010564726297212e-09         
4.330000000000000e+01         1.007412601726204e-09         
4.330312500000000e+01         1.004260736096825e-09         
4.330625000000001e+01         1.001134234450496e-09         
4.330937500000000e+01         9.980092681309085e-10         
4.331250000000000e+01         9.948978962107275e-10         
4.331562500000000e+01         9.918123555027843e-10         
4.331875000000000e+01         9.887292140080120e-10         
4.332187500000001e+01         9.856651569479682e-10         
4.332500000000000e+01         9.826156584461763e-10         
4.332812500000000e+01         9.795743169303970e-10         
4.333125000000000e+01         9.765528502256768e-10         
4.333437500000000e+01         9.735461776435471e-10         
4.333750000000001e+01         9.705535516051272e-10         
4.334062500000000e+01         9.675704253022222e-10         
4.334375000000000e+01         9.646074617920811e-10         
4.334687500000000e+01         9.616589212500706e-10         
4.335000000000000e+01         9.587192239560209e-10         
4.335312500000001e+01         9.558063733547224e-10         
4.335625000000000e+01         9.528964552774898e-10         
4.335937500000000e+01         9.500016490941764e-10         
4.336250000000000e+01         9.471338913982826e-10         
4.336562500000000e+01         9.442689776750915e-10         
4.336875000000001e+01         9.414309877312396e-10         
4.337187500000000e+01         9.385963967546377e-10         
4.337500000000000e+01         9.357770159497395e-10         
4.337812500000000e+01         9.329842869145300e-10         
4.338125000000000e+01         9.301953155203637e-10         
4.338437500000001e+01         9.274274953894123e-10         
4.338750000000000e+01         9.246750096386319e-10         
4.339062500000000e+01         9.219315872586741e-10         
4.339375000000000e+01         9.192091666767313e-10         
4.339687500000000e+01         9.165023514994740e-10         
4.340000000000001e+01         9.138104784858196e-10         
4.340312500000000e+01         9.111283263485752e-10         
4.340625000000000e+01         9.084678532183693e-10         
4.340937500000000e+01         9.058217575690633e-10         
4.341250000000000e+01         9.031856875452531e-10         
4.341562500000001e+01         9.005758995520428e-10         
4.341875000000000e+01         8.979702206486364e-10         
4.342187500000000e+01         8.953854676284349e-10         
4.342500000000000e+01         8.928160925361904e-10         
4.342812500000000e+01         8.902561466555248e-10         
4.343125000000001e+01         8.877223680637517e-10         
4.343437500000000e+01         8.851928477913722e-10         
4.343750000000000e+01         8.826784678815727e-10         
4.344062500000000e+01         8.801902015260969e-10         
4.344375000000000e+01         8.777059873320711e-10         
4.344687500000001e+01         8.752424889816762e-10         
4.345000000000000e+01         8.727940031269228e-10         
4.345312500000000e+01         8.703551356115780e-10         
4.345625000000000e+01         8.679418451334710e-10         
4.345937500000000e+01         8.655326848895593e-10         
4.346250000000001e+01         8.631439251686094e-10         
4.346562500000000e+01         8.607699779370701e-10         
4.346875000000000e+01         8.584054853127307e-10         
4.347187500000000e+01         8.560612690634003e-10         
4.347500000000000e+01         8.537316005844291e-10         
4.347812500000001e+01         8.514164200118568e-10         
4.348125000000000e+01         8.491108023709222e-10         
4.348437500000000e+01         8.468252400711899e-10         
4.348750000000000e+01         8.445538219267839e-10         
4.349062500000000e+01         8.422918548045301e-10         
4.349375000000001e+01         8.400550871990444e-10         
4.349687500000000e+01         8.378217836932113e-10         
4.350000000000000e+01         8.356031016084867e-10         
4.350312500000000e+01         8.334090295208570e-10         
4.350625000000000e+01         8.312188952193525e-10         
4.350937500000001e+01         8.290531127657350e-10         
4.351250000000000e+01         8.268915149396797e-10         
4.351562500000000e+01         8.247436885011334e-10         
4.351875000000000e+01         8.226203122571537e-10         
4.352187500000000e+01         8.205004565082380e-10         
4.352500000000001e+01         8.183996819211683e-10         
4.352812500000000e+01         8.163127966134623e-10         
4.353125000000000e+01         8.142347196221332e-10         
4.353437500000000e+01         8.121753403728401e-10         
4.353750000000000e+01         8.101298225723014e-10         
4.354062500000001e+01         8.080975948603483e-10         
4.354375000000000e+01         8.060738665212074e-10         
4.354687500000000e+01         8.040690097121877e-10         
4.355000000000000e+01         8.020773695522262e-10         
4.355312500000000e+01         8.000940844422950e-10         
4.355625000000001e+01         7.981343970806547e-10         
4.355937500000000e+01         7.961777589372043e-10         
4.356250000000000e+01         7.942343408578866e-10         
4.356562500000000e+01         7.923140672381471e-10         
4.356875000000000e+01         7.903969742652896e-10         
4.357187500000001e+01         7.885025705117534e-10         
4.357500000000000e+01         7.866114341857169e-10         
4.357812500000000e+01         7.847331260517791e-10         
4.358125000000000e+01         7.828774690901749e-10         
4.358437500000000e+01         7.810247219781836e-10         
4.358750000000001e+01         7.791896562504197e-10         
4.359062500000000e+01         7.773671887067948e-10         
4.359375000000000e+01         7.755522881850654e-10         
4.359687500000000e+01         7.737549129995176e-10         
4.360000000000000e+01         7.719699025036355e-10         
4.360312500000001e+01         7.701974482098327e-10         
4.360625000000000e+01         7.684323426619451e-10         
4.360937500000000e+01         7.666844302629200e-10         
4.361250000000000e+01         7.649487407858332e-10         
4.361562500000000e+01         7.632203770012731e-10         
4.361875000000001e+01         7.615136399410616e-10         
4.362187500000000e+01         7.598091404282725e-10         
4.362500000000000e+01         7.581216541658989e-10         
4.362812500000000e+01         7.564460827547045e-10         
4.363125000000000e+01         7.547773379929431e-10         
4.363437500000001e+01         7.531301525075636e-10         
4.363750000000000e+01         7.514849811584676e-10         
4.364062500000000e+01         7.498513617271340e-10         
4.364375000000000e+01         7.482390387973427e-10         
4.364687500000000e+01         7.466285500471780e-10         
4.365000000000001e+01         7.450344352365353e-10         
4.365312500000000e+01         7.434516820396832e-10         
4.365625000000000e+01         7.418754618246443e-10         
4.365937500000000e+01         7.403201184310882e-10         
4.366250000000000e+01         7.387664612726753e-10         
4.366562500000001e+01         7.372287062686778e-10         
4.366875000000000e+01         7.357022132397451e-10         
4.367187500000000e+01         7.341818488867511e-10         
4.367500000000000e+01         7.326774027538279e-10         
4.367812500000000e+01         7.311836416824824e-10         
4.368125000000001e+01         7.297009670834896e-10         
4.368437500000000e+01         7.282243523811701e-10         
4.368750000000000e+01         7.267627069673588e-10         
4.369062500000000e+01         7.253123884198655e-10         
4.369375000000000e+01         7.238679249743139e-10         
4.369687500000001e+01         7.224433770921134e-10         
4.370000000000000e+01         7.210198882400130e-10         
4.370312500000000e+01         7.196069637231833e-10         
4.370625000000000e+01         7.182134122154579e-10         
4.370937500000000e+01         7.168211893569671e-10         
4.371250000000001e+01         7.154486255987763e-10         
4.371562500000000e+01         7.140769493451683e-10         
4.371875000000000e+01         7.127156403070595e-10         
4.372187500000000e+01         7.113735418637895e-10         
4.372500000000000e+01         7.100324792557409e-10         
4.372812500000001e+01         7.087057534296167e-10         
4.373125000000000e+01         7.073891913920638e-10         
4.373437500000000e+01         7.060779405558236e-10         
4.373750000000000e+01         7.047816046858152e-10         
4.374062500000000e+01         7.034944754562117e-10         
4.374375000000001e+01         7.022175124500569e-10         
4.374687500000000e+01         7.009455093701036e-10         
4.375000000000000e+01         6.996875384066402e-10         
4.375312500000000e+01         6.984391036993997e-10         
4.375625000000000e+01         6.971960166187680e-10         
4.375937500000001e+01         6.959714325116457e-10         
4.376250000000000e+01         6.947472532014477e-10         
4.376562500000000e+01         6.935325539190601e-10         
4.376875000000000e+01         6.923362139433929e-10         
4.377187500000000e+01         6.911402776088962e-10         
4.377500000000001e+01         6.899619744097880e-10         
4.377812500000000e+01         6.887844438551085e-10         
4.378125000000000e+01         6.876159882956759e-10         
4.378437500000000e+01         6.864657405713970e-10         
4.378750000000000e+01         6.853156978772275e-10         
4.379062500000001e+01         6.841792084662094e-10         
4.379375000000000e+01         6.830511280707825e-10         
4.379687500000000e+01         6.819278766241490e-10         
4.380000000000000e+01         6.808180695949420e-10         
4.380312500000000e+01         6.797168505016098e-10         
4.380625000000001e+01         6.786247505572861e-10         
4.380937500000000e+01         6.775368826321275e-10         
4.381250000000000e+01         6.764618929335867e-10         
4.381562500000000e+01         6.753956029850861e-10         
4.381875000000000e+01         6.743378336286105e-10         
4.382187500000001e+01         6.732890985095709e-10         
4.382500000000000e+01         6.722443042205698e-10         
4.382812500000000e+01         6.712122650421294e-10         
4.383125000000000e+01         6.701888916268047e-10         
4.383437500000000e+01         6.691691945081797e-10         
4.383750000000001e+01         6.681665526006293e-10         
4.384062500000000e+01         6.671637895105416e-10         
4.384375000000000e+01         6.661692019794939e-10         
4.384687500000000e+01         6.651915635598046e-10         
4.385000000000000e+01         6.642135775609530e-10         
4.385312500000001e+01         6.632481460748491e-10         
4.385625000000000e+01         6.622904155776931e-10         
4.385937500000000e+01         6.613366602468611e-10         
4.386250000000000e+01         6.603992687952091e-10         
4.386562500000000e+01         6.594615835389890e-10         
4.386875000000001e+01         6.585364018395291e-10         
4.387187500000000e+01         6.576185639937987e-10         
4.387500000000000e+01         6.567045938309608e-10         
4.387812500000000e+01         6.558030824884186e-10         
4.388125000000000e+01         6.549085652355969e-10         
4.388437500000001e+01         6.540225556426847e-10         
4.388750000000000e+01         6.531398376331979e-10         
4.389062500000000e+01         6.522685651945718e-10         
4.389375000000000e+01         6.514056363991750e-10         
4.389687500000000e+01         6.505459215275090e-10         
4.390000000000001e+01         6.497017488447300e-10         
4.390312500000000e+01         6.488568903726460e-10         
4.390625000000000e+01         6.480198820440883e-10         
4.390937500000000e+01         6.471987674878900e-10         
4.391250000000000e+01         6.463767397530313e-10         
4.391562500000001e+01         6.455704487658423e-10         
4.391875000000000e+01         6.447629322071989e-10         
4.392187500000000e+01         6.439628685239116e-10         
4.392500000000000e+01         6.431780897597430e-10         
4.392812500000000e+01         6.423927838580643e-10         
4.393125000000001e+01         6.416190457246625e-10         
4.393437500000000e+01         6.408520147686546e-10         
4.393750000000000e+01         6.400881561073650e-10         
4.394062500000000e+01         6.393358472963491e-10         
4.394375000000000e+01         6.385903578704545e-10         
4.394687500000001e+01         6.378517187872213e-10         
4.395000000000000e+01         6.371165000918873e-10         
4.395312500000000e+01         6.363921938673219e-10         
4.395625000000000e+01         6.356753119690838e-10         
4.395937500000000e+01         6.349609505311976e-10         
4.396250000000001e+01         6.342619780277824e-10         
4.396562500000000e+01         6.335615524991534e-10         
4.396875000000000e+01         6.328673608916714e-10         
4.397187500000000e+01         6.321890425111801e-10         
4.397500000000000e+01         6.315091224189855e-10         
4.397812500000001e+01         6.308443189169692e-10         
4.398125000000000e+01         6.301779447928594e-10         
4.398437500000000e+01         6.295183445968746e-10         
4.398750000000000e+01         6.288734502436123e-10         
4.399062500000000e+01         6.282270998027249e-10         
4.399375000000001e+01         6.275918750749353e-10         
4.399687500000000e+01         6.269629039745714e-10         
4.400000000000000e+01         6.263367170605217e-10         
4.400312500000000e+01         6.257214880984845e-10         
4.400625000000000e+01         6.251120759369092e-10         
4.400937500000001e+01         6.245092880661580e-10         
4.401250000000000e+01         6.239092593984819e-10         
4.401562500000000e+01         6.233194628887963e-10         
4.401875000000000e+01         6.227368652865115e-10         
4.402187500000000e+01         6.221599812902985e-10         
4.402500000000001e+01         6.215899831590872e-10         
4.402812500000000e+01         6.210219270105841e-10         
4.403125000000000e+01         6.204642458410638e-10         
4.403437500000000e+01         6.199128239200321e-10         
4.403750000000000e+01         6.193638310657261e-10         
4.404062500000001e+01         6.188294713717635e-10         
4.404375000000000e+01         6.182929780047815e-10         
4.404687500000000e+01         6.177628327047741e-10         
4.405000000000000e+01         6.172471749370341e-10         
4.405312500000000e+01         6.167295208519820e-10         
4.405625000000001e+01         6.162217783995804e-10         
4.405937500000000e+01         6.157202654808478e-10         
4.406250000000000e+01         6.152211156098585e-10         
4.406562500000000e+01         6.147363401433745e-10         
4.406875000000000e+01         6.142492393034888e-10         
4.407187500000001e+01         6.137726975033484e-10         
4.407500000000000e+01         6.133012093336651e-10         
4.407812500000000e+01         6.128322789217409e-10         
4.408125000000000e+01         6.123738128957650e-10         
4.408437500000000e+01         6.119208427349120e-10         
4.408750000000001e+01         6.114743609557428e-10         
4.409062500000000e+01         6.110295228212932e-10         
4.409375000000000e+01         6.105944509086561e-10         
4.409687500000000e+01         6.101651399437553e-10         
4.410000000000000e+01         6.097380383307481e-10         
4.410312500000001e+01         6.093250350892041e-10         
4.410625000000000e+01         6.089096239768482e-10         
4.410937500000000e+01         6.085001330594085e-10         
4.411250000000000e+01         6.081046953534110e-10         
4.411562500000000e+01         6.077067986784813e-10         
4.411875000000001e+01         6.073223751198473e-10         
4.412187500000000e+01         6.069361620521276e-10         
4.412500000000000e+01         6.065555375177427e-10         
4.412812500000000e+01         6.061889837109425e-10         
4.413125000000000e+01         6.058198939870508e-10         
4.413437500000001e+01         6.054610361260886e-10         
4.413750000000000e+01         6.051072056587791e-10         
4.414062500000000e+01         6.047546845896706e-10         
4.414375000000000e+01         6.044128468510945e-10         
4.414687500000000e+01         6.040760345812923e-10         
4.415000000000001e+01         6.037455567709740e-10         
4.415312500000000e+01         6.034161787131607e-10         
4.415625000000000e+01         6.030962793916831e-10         
4.415937500000000e+01         6.027825400358591e-10         
4.416250000000000e+01         6.024694206864780e-10         
4.416562500000001e+01         6.021706483243502e-10         
4.416875000000000e+01         6.018692361371149e-10         
4.417187500000000e+01         6.015734245228360e-10         
4.417500000000000e+01         6.012912168375961e-10         
4.417812500000000e+01         6.010064469125417e-10         
4.418125000000001e+01         6.007346996495582e-10         
4.418437500000000e+01         6.004608484727114e-10         
4.418750000000000e+01         6.001925275116076e-10         
4.419062500000000e+01         5.999378096897065e-10         
4.419375000000000e+01         5.996804255543827e-10         
4.419687500000001e+01         5.994328672469836e-10         
4.420000000000000e+01         5.991900374884439e-10         
4.420312500000000e+01         5.989489538629076e-10         
4.420625000000000e+01         5.987169715478661e-10         
4.420937500000000e+01         5.984904534819552e-10         
4.421250000000001e+01         5.982698698888084e-10         
4.421562500000000e+01         5.980503964789039e-10         
4.421875000000000e+01         5.978400258084842e-10         
4.422187500000000e+01         5.976355375087394e-10         
4.422500000000000e+01         5.974358382471556e-10         
4.422812500000001e+01         5.972414664565438e-10         
4.423125000000000e+01         5.970486899357120e-10         
4.423437500000000e+01         5.968649931209425e-10         
4.423750000000000e+01         5.966871356922732e-10         
4.424062500000000e+01         5.965103141533487e-10         
4.424375000000001e+01         5.963467800151880e-10         
4.424687500000000e+01         5.961804983437185e-10         
4.425000000000000e+01         5.960188562504860e-10         
4.425312500000000e+01         5.958711598416574e-10         
4.425625000000000e+01         5.957207019414234e-10         
4.425937500000001e+01         5.955797469778248e-10         
4.426250000000000e+01         5.954434519460519e-10         
4.426562500000000e+01         5.953086976089770e-10         
4.426875000000000e+01         5.951865404540784e-10         
4.427187500000000e+01         5.950622003087246e-10         
4.427500000000001e+01         5.949474197403226e-10         
4.427812500000000e+01         5.948372042739034e-10         
4.428125000000000e+01         5.947284669898362e-10         
4.428437500000000e+01         5.946292973423605e-10         
4.428750000000000e+01         5.945346452032745e-10         
4.429062500000001e+01         5.944451830478253e-10         
4.429375000000000e+01         5.943571876627946e-10         
4.429687500000000e+01         5.942780475035214e-10         
4.430000000000000e+01         5.942046689588869e-10         
4.430312500000000e+01         5.941321439264903e-10         
4.430625000000001e+01         5.940727803364753e-10         
4.430937500000000e+01         5.940105418934780e-10         
4.431250000000000e+01         5.939534504279949e-10         
4.431562500000000e+01         5.939088928341344e-10         
4.431875000000000e+01         5.938620459198014e-10         
4.432187500000001e+01         5.938283317206449e-10         
4.432500000000000e+01         5.937917153354495e-10         
4.432812500000000e+01         5.937602168426296e-10         
4.433125000000000e+01         5.937418554696471e-10         
4.433437500000000e+01         5.937205722452225e-10         
4.433750000000001e+01         5.937080855437760e-10         
4.434062500000000e+01         5.937007105906614e-10         
4.434375000000000e+01         5.936947102837244e-10         
4.434687500000000e+01         5.936981136128253e-10         
4.435000000000000e+01         5.937060076835679e-10         
4.435312500000001e+01         5.937195776016124e-10         
4.435625000000000e+01         5.937333359542276e-10         
4.435937500000000e+01         5.937564621747208e-10         
4.436250000000000e+01         5.937852784106276e-10         
4.436562500000000e+01         5.938148379982235e-10         
4.436875000000001e+01         5.938574787781775e-10         
4.437187500000000e+01         5.938971819156110e-10         
4.437500000000000e+01         5.939419778199543e-10         
4.437812500000000e+01         5.939992130305199e-10         
4.438125000000000e+01         5.940541267764692e-10         
4.438437500000001e+01         5.941220893891662e-10         
4.438750000000000e+01         5.941871045706321e-10         
4.439062500000000e+01         5.942572046892018e-10         
4.439375000000000e+01         5.943403425099695e-10         
4.439687500000000e+01         5.944205581103894e-10         
4.440000000000001e+01         5.945094947707538e-10         
4.440312500000000e+01         5.946035233892683e-10         
4.440625000000000e+01         5.946988907720795e-10         
4.440937500000000e+01         5.948035748792571e-10         
4.441250000000000e+01         5.949127682914949e-10         
4.441562500000001e+01         5.950276116299061e-10         
4.441875000000000e+01         5.951432131476094e-10         
4.442187500000000e+01         5.952669368303587e-10         
4.442500000000000e+01         5.953969210033638e-10         
4.442812500000000e+01         5.955313545758210e-10         
4.443125000000001e+01         5.956714860919023e-10         
4.443437500000000e+01         5.958123341205721e-10         
4.443750000000000e+01         5.959619667759258e-10         
4.444062500000000e+01         5.961172149583788e-10         
4.444375000000000e+01         5.962726878071376e-10         
4.444687500000001e+01         5.964417566842400e-10         
4.445000000000000e+01         5.966079263141320e-10         
4.445312500000000e+01         5.967791604663273e-10         
4.445625000000000e+01         5.969634212959273e-10         
4.445937500000000e+01         5.971447950754268e-10         
4.446250000000001e+01         5.973349028766295e-10         
4.446562500000000e+01         5.975300856090973e-10         
4.446875000000000e+01         5.977266569120665e-10         
4.447187500000000e+01         5.979363602285417e-10         
4.447500000000000e+01         5.981430914560329e-10         
4.447812500000001e+01         5.983591977568371e-10         
4.448125000000000e+01         5.985798537835636e-10         
4.448437500000000e+01         5.988018164376297e-10         
4.448750000000000e+01         5.990326318899407e-10         
4.449062500000000e+01         5.992685001877912e-10         
4.449375000000001e+01         5.995100743320310e-10         
4.449687500000000e+01         5.997523929298276e-10         
4.450000000000000e+01         6.000036716838898e-10         
4.450312500000000e+01         6.002605217116523e-10         
4.450625000000000e+01         6.005182870421924e-10         
4.450937500000001e+01         6.007886094722734e-10         
4.451250000000000e+01         6.010566334223636e-10         
4.451562500000000e+01         6.013296159055310e-10         
4.451875000000000e+01         6.016158302805873e-10         
4.452187500000000e+01         6.018992153624804e-10         
4.452500000000001e+01         6.021956954601248e-10         
4.452812500000000e+01         6.024894254337786e-10         
4.453125000000000e+01         6.027876485069926e-10         
4.453437500000000e+01         6.030995457031280e-10         
4.453750000000000e+01         6.034086421873875e-10         
4.454062500000001e+01         6.037272007076654e-10         
4.454375000000000e+01         6.040503799429475e-10         
4.454687500000000e+01         6.043750221696907e-10         
4.455000000000000e+01         6.047085743995999e-10         
4.455312500000000e+01         6.050472926298298e-10         
4.455625000000001e+01         6.053917743489690e-10         
4.455937500000000e+01         6.057371691112436e-10         
4.456250000000000e+01         6.060914197838796e-10         
4.456562500000000e+01         6.064514538288444e-10         
4.456875000000000e+01         6.068125943840572e-10         
4.457187500000001e+01         6.071862890492945e-10         
4.457500000000000e+01         6.075578024175595e-10         
4.457812500000000e+01         6.079345025222843e-10         
4.458125000000000e+01         6.083244868256864e-10         
4.458437500000000e+01         6.087117466796752e-10         
4.458750000000001e+01         6.091122452301424e-10         
4.459062500000000e+01         6.095100049816990e-10         
4.459375000000000e+01         6.099130824493255e-10         
4.459687500000000e+01         6.103290454298698e-10         
4.460000000000000e+01         6.107427332718347e-10         
4.460312500000001e+01         6.111658984076854e-10         
4.460625000000000e+01         6.115939626100013e-10         
4.460937500000000e+01         6.120234087687870e-10         
4.461250000000000e+01         6.124626303647270e-10         
4.461562500000000e+01         6.129061163641951e-10         
4.461875000000001e+01         6.133559164029902e-10         
4.462187500000000e+01         6.138068912397142e-10         
4.462500000000000e+01         6.142668661943534e-10         
4.462812500000000e+01         6.147327883426046e-10         
4.463125000000000e+01         6.152035490795031e-10         
4.463437500000001e+01         6.156801445053986e-10         
4.463750000000000e+01         6.161573802454287e-10         
4.464062500000000e+01         6.166443335299194e-10         
4.464375000000000e+01         6.171372837307253e-10         
4.464687500000000e+01         6.176312800845516e-10         
4.465000000000001e+01         6.181388623378471e-10         
4.465312500000000e+01         6.186436471383477e-10         
4.465625000000000e+01         6.191540103534355e-10         
4.465937500000000e+01         6.196775289189637e-10         
4.466250000000000e+01         6.201986992046206e-10         
4.466562500000001e+01         6.207335307000908e-10         
4.466875000000000e+01         6.212658343701559e-10         
4.467187500000000e+01         6.218034282453402e-10         
4.467500000000000e+01         6.223548472800842e-10         
4.467812500000000e+01         6.229036340216282e-10         
4.468125000000001e+01         6.234617224364007e-10         
4.468437500000000e+01         6.240255551755030e-10         
4.468750000000000e+01         6.245910124598572e-10         
4.469062500000000e+01         6.251661050160633e-10         
4.469375000000000e+01         6.257465809605510e-10         
4.469687500000001e+01         6.263329357260125e-10         
4.470000000000000e+01         6.269207268695714e-10         
4.470312500000000e+01         6.275173209607020e-10         
4.470625000000000e+01         6.281206211741521e-10         
4.470937500000000e+01         6.287252367237492e-10         
4.471250000000001e+01         6.293436240590355e-10         
4.471562500000000e+01         6.299593233471418e-10         
4.471875000000000e+01         6.305808171050639e-10         
4.472187500000000e+01         6.312162156587589e-10         
4.472500000000000e+01         6.318487111431329e-10         
4.472812500000001e+01         6.324956142061116e-10         
4.473125000000000e+01         6.331398481501680e-10         
4.473437500000000e+01         6.337900612152000e-10         
4.473750000000000e+01         6.344539498214959e-10         
4.474062500000000e+01         6.351155007366650e-10         
4.474375000000001e+01         6.357865009538560e-10         
4.474687500000000e+01         6.364635216242925e-10         
4.475000000000000e+01         6.371423054517388e-10         
4.475312500000000e+01         6.378310461049690e-10         
4.475625000000000e+01         6.385253876806985e-10         
4.475937500000001e+01         6.392259439917845e-10         
4.476250000000000e+01         6.399280120740900e-10         
4.476562500000000e+01         6.406398147350517e-10         
4.476875000000000e+01         6.413576255342069e-10         
4.477187500000000e+01         6.420772720619181e-10         
4.477500000000001e+01         6.428109489514691e-10         
4.477812500000000e+01         6.435424376201430e-10         
4.478125000000000e+01         6.442797640869049e-10         
4.478437500000000e+01         6.450311551617593e-10         
4.478750000000000e+01         6.457803546834404e-10         
4.479062500000001e+01         6.465435121829531e-10         
4.479375000000000e+01         6.473045524206949e-10         
4.479687500000000e+01         6.480716316100698e-10         
4.480000000000000e+01         6.488528732794828e-10         
4.480312500000000e+01         6.496318494570234e-10         
4.480625000000001e+01         6.504212448872441e-10         
4.480937500000000e+01         6.512161584220616e-10         
4.481250000000000e+01         6.520129563564793e-10         
4.481562500000000e+01         6.528202564032965e-10         
4.481875000000000e+01         6.536334259489283e-10         
4.482187500000001e+01         6.544528605251000e-10         
4.482500000000000e+01         6.552740757033701e-10         
4.482812500000000e+01         6.561055447967638e-10         
4.483125000000000e+01         6.569431556877698e-10         
4.483437500000000e+01         6.577869353619586e-10         
4.483750000000001e+01         6.586370615274411e-10         
4.484062500000000e+01         6.594888786319703e-10         
4.484375000000000e+01         6.603510057687365e-10         
4.484687500000000e+01         6.612196460272913e-10         
4.485000000000000e+01         6.620900254907186e-10         
4.485312500000001e+01         6.629748042060312e-10         
4.485625000000000e+01         6.638575333667524e-10         
4.485937500000000e+01         6.647466798117675e-10         
4.486250000000000e+01         6.656504476856768e-10         
4.486562500000000e+01         6.665519480285654e-10         
4.486875000000001e+01         6.674680848771020e-10         
4.487187500000000e+01         6.683820413260586e-10         
4.487500000000000e+01         6.693024437585109e-10         
4.487812500000000e+01         6.702373745652772e-10         
4.488125000000000e+01         6.711703457737679e-10         
4.488437500000001e+01         6.721140185321248e-10         
4.488750000000000e+01         6.730636645030229e-10         
4.489062500000000e+01         6.740155237583692e-10         
4.489375000000000e+01         6.749782032664180e-10         
4.489687500000000e+01         6.759469506764861e-10         
4.490000000000001e+01         6.769222819508187e-10         
4.490312500000000e+01         6.778998813861163e-10         
4.490625000000000e+01         6.788879196359224e-10         
4.490937500000000e+01         6.798826196242080e-10         
4.491250000000000e+01         6.808791637784494e-10         
4.491562500000001e+01         6.818909188498924e-10         
4.491875000000000e+01         6.829005143574433e-10         
4.492187500000000e+01         6.839165800036555e-10         
4.492500000000000e+01         6.849475492793390e-10         
4.492812500000000e+01         6.859765987820391e-10         
4.493125000000001e+01         6.870206975852478e-10         
4.493437500000000e+01         6.880626891260741e-10         
4.493750000000000e+01         6.891111631150998e-10         
4.494062500000000e+01         6.901747586338331e-10         
4.494375000000000e+01         6.912364121684055e-10         
4.494687500000001e+01         6.923088911491829e-10         
4.495000000000000e+01         6.933876545585281e-10         
4.495312500000000e+01         6.944688498878059e-10         
4.495625000000000e+01         6.955610398289439e-10         
4.495937500000000e+01         6.966596878962549e-10         
4.496250000000001e+01         6.977649812655636e-10         
4.496562500000000e+01         6.988722173460811e-10         
4.496875000000000e+01         6.999909087748711e-10         
4.497187500000000e+01         7.011159313469621e-10         
4.497500000000000e+01         7.022431282417741e-10         
4.497812500000001e+01         7.033860489104152e-10         
4.498125000000000e+01         7.045266561907149e-10         
4.498437500000000e+01         7.056737962575970e-10         
4.498750000000000e+01         7.068363169473334e-10         
4.499062500000000e+01         7.079969844453673e-10         
4.499375000000001e+01         7.091728734428609e-10         
4.499687500000000e+01         7.103467809049605e-10         
4.500000000000000e+01         7.115272613612587e-10         
4.500312500000000e+01         7.127230665884641e-10         
4.500625000000000e+01         7.139167472889679e-10         
4.500937500000001e+01         7.151215693251419e-10         
4.501250000000000e+01         7.163333958982350e-10         
4.501562500000000e+01         7.175472726664309e-10         
4.501875000000000e+01         7.187721379059300e-10         
4.502187500000000e+01         7.200037129526078e-10         
4.502500000000001e+01         7.212421966577971e-10         
4.502812500000000e+01         7.224827432610500e-10         
4.503125000000000e+01         7.237343382530416e-10         
4.503437500000000e+01         7.249929287100978e-10         
4.503750000000000e+01         7.262579181967262e-10         
4.504062500000001e+01         7.275298947946437e-10         
4.504375000000000e+01         7.288037381977607e-10         
4.504687500000000e+01         7.300890267239993e-10         
4.505000000000000e+01         7.313808550502469e-10         
4.505312500000000e+01         7.326751951736507e-10         
4.505625000000001e+01         7.339847664319598e-10         
4.505937500000000e+01         7.352921957025815e-10         
4.506250000000000e+01         7.366064408930040e-10         
4.506562500000000e+01         7.379361864488674e-10         
4.506875000000000e+01         7.392636692366438e-10         
4.507187500000001e+01         7.406068101578236e-10         
4.507500000000000e+01         7.419476917536283e-10         
4.507812500000000e+01         7.432950823710064e-10         
4.508125000000000e+01         7.446581926036578e-10         
4.508437500000000e+01         7.460187859906776e-10         
4.508750000000001e+01         7.473906170087503e-10         
4.509062500000000e+01         7.487693398249550e-10         
4.509375000000000e+01         7.501498223444193e-10         
4.509687500000000e+01         7.515414493972704e-10         
4.510000000000000e+01         7.529398738694869e-10         
4.510312500000001e+01         7.543446261020878e-10         
4.510625000000000e+01         7.557514000426565e-10         
4.510937500000000e+01         7.571695525140587e-10         
4.511250000000000e+01         7.585939676074139e-10         
4.511562500000000e+01         7.600203409751589e-10         
4.511875000000001e+01         7.614625085320294e-10         
4.512187500000000e+01         7.629018127865516e-10         
4.512500000000000e+01         7.643477747448649e-10         
4.512812500000000e+01         7.658090823992820e-10         
4.513125000000000e+01         7.672678980815758e-10         
4.513437500000001e+01         7.687423028463320e-10         
4.513750000000000e+01         7.702139099621045e-10         
4.514062500000000e+01         7.716917314162872e-10         
4.514375000000000e+01         7.731851190249046e-10         
4.514687500000000e+01         7.746753773797509e-10         
4.515000000000001e+01         7.761767962067384e-10         
4.515312500000000e+01         7.776844904297549e-10         
4.515625000000000e+01         7.791936918467634e-10         
4.515937500000000e+01         7.807136939378382e-10         
4.516250000000000e+01         7.822403475700690e-10         
4.516562500000001e+01         7.837724250298923e-10         
4.516875000000000e+01         7.853061505232633e-10         
4.517187500000000e+01         7.868509220144586e-10         
4.517500000000000e+01         7.884012772407412e-10         
4.517812500000000e+01         7.899533658831279e-10         
4.518125000000001e+01         7.915205030620727e-10         
4.518437500000000e+01         7.930844938280187e-10         
4.518750000000000e+01         7.946541036371532e-10         
4.519062500000000e+01         7.962390421585647e-10         
4.519375000000000e+01         7.978203505507036e-10         
4.519687500000001e+01         7.994168687905808e-10         
4.520000000000000e+01         8.010100399508298e-10         
4.520312500000000e+01         8.026083780047281e-10         
4.520625000000000e+01         8.042219440482639e-10         
4.520937500000000e+01         8.058315192295847e-10         
4.521250000000001e+01         8.074512955778149e-10         
4.521562500000000e+01         8.090768759485748e-10         
4.521875000000000e+01         8.107027246908009e-10         
4.522187500000000e+01         8.123391384248105e-10         
4.522500000000000e+01         8.139808723657259e-10         
4.522812500000001e+01         8.156274395122367e-10         
4.523125000000000e+01         8.172746314976457e-10         
4.523437500000000e+01         8.189318625966270e-10         
4.523750000000000e+01         8.205937600268066e-10         
4.524062500000000e+01         8.222611387907806e-10         
4.524375000000001e+01         8.239334217193520e-10         
4.524687500000000e+01         8.256055364952003e-10         
4.525000000000000e+01         8.272876038803173e-10         
4.525312500000000e+01         8.289737913890314e-10         
4.525625000000000e+01         8.306601013438401e-10         
4.525937500000001e+01         8.323606736176917e-10         
4.526250000000000e+01         8.340562084323795e-10         
4.526562500000000e+01         8.357564717588261e-10         
4.526875000000000e+01         8.374702500988477e-10         
4.527187500000000e+01         8.391788249597210e-10         
4.527500000000001e+01         8.409011841056602e-10         
4.527812500000000e+01         8.426177040391222e-10         
4.528125000000000e+01         8.443385640050622e-10         
4.528437500000000e+01         8.460735524833917e-10         
4.528750000000000e+01         8.478020225237688e-10         
4.529062500000001e+01         8.495388967151918e-10         
4.529375000000000e+01         8.512800265840455e-10         
4.529687500000000e+01         8.530192435676298e-10         
4.530000000000000e+01         8.547667573306077e-10         
4.530312500000000e+01         8.565183684050893e-10         
4.530625000000001e+01         8.582730155760875e-10         
4.530937500000000e+01         8.600254320060883e-10         
4.531250000000000e+01         8.617862412553874e-10         
4.531562500000000e+01         8.635492892180377e-10         
4.531875000000000e+01         8.653107591313996e-10         
4.532187500000001e+01         8.670846682338415e-10         
4.532500000000000e+01         8.688513742808626e-10         
4.532812500000000e+01         8.706201786554874e-10         
4.533125000000000e+01         8.724021715797690e-10         
4.533437500000000e+01         8.741756179190869e-10         
4.533750000000001e+01         8.759613224753819e-10         
4.534062500000000e+01         8.777387425670091e-10         
4.534375000000000e+01         8.795183556571917e-10         
4.534687500000000e+01         8.813094792258421e-10         
4.535000000000000e+01         8.830921185648267e-10         
4.535312500000001e+01         8.848814658702520e-10         
4.535625000000000e+01         8.866721631568991e-10         
4.535937500000000e+01         8.884586553845666e-10         
4.536250000000000e+01         8.902508028284965e-10         
4.536562500000000e+01         8.920445608344969e-10         
4.536875000000001e+01         8.938384589622615e-10         
4.537187500000000e+01         8.956285881598336e-10         
4.537500000000000e+01         8.974238698948715e-10         
4.537812500000000e+01         8.992189756417532e-10         
4.538125000000000e+01         9.010091099968245e-10         
4.538437500000001e+01         9.028096416065274e-10         
4.538750000000000e+01         9.045995626538195e-10         
4.539062500000000e+01         9.063890765222265e-10         
4.539375000000000e+01         9.081889693590112e-10         
4.539687500000000e+01         9.099769535734866e-10         
4.540000000000001e+01         9.117747180236755e-10         
4.540312500000000e+01         9.135608213766542e-10         
4.540625000000000e+01         9.153456105094710e-10         
4.540937500000000e+01         9.171393439594771e-10         
4.541250000000000e+01         9.189210075925616e-10         
4.541562500000001e+01         9.207065089290349e-10         
4.541875000000000e+01         9.224900002474756e-10         
4.542187500000000e+01         9.242656703272680e-10         
4.542500000000000e+01         9.260437885308582e-10         
4.542812500000000e+01         9.278201248788742e-10         
4.543125000000001e+01         9.295928145248745e-10         
4.543437500000000e+01         9.313632582627915e-10         
4.543750000000000e+01         9.331248966668907e-10         
4.544062500000000e+01         9.348887573925374e-10         
4.544375000000000e+01         9.366491957942664e-10         
4.544687500000001e+01         9.384049400204893e-10         
4.545000000000000e+01         9.401517327019865e-10         
4.545312500000000e+01         9.418999330052863e-10         
4.545625000000000e+01         9.436429104713306e-10         
4.545937500000000e+01         9.453771698802533e-10         
4.546250000000001e+01         9.471163099177346e-10         
4.546562500000000e+01         9.488396856054817e-10         
4.546875000000000e+01         9.505576761087903e-10         
4.547187500000000e+01         9.522809757275556e-10         
4.547500000000000e+01         9.539876378278801e-10         
4.547812500000001e+01         9.556991019846956e-10         
4.548125000000000e+01         9.573942471395770e-10         
4.548437500000000e+01         9.590822001985081e-10         
4.548750000000000e+01         9.607742378275531e-10         
4.549062500000000e+01         9.624484796625514e-10         
4.549375000000001e+01         9.641205378190904e-10         
4.549687500000000e+01         9.657859372487501e-10         
4.550000000000000e+01         9.674378657486446e-10         
4.550312500000000e+01         9.690877465177211e-10         
4.550625000000000e+01         9.707294698448546e-10         
4.550937500000001e+01         9.723619343646802e-10         
4.551250000000000e+01         9.739807509406181e-10         
4.551562500000000e+01         9.755964191149376e-10         
4.551875000000000e+01         9.772021304810118e-10         
4.552187500000000e+01         9.787934510218062e-10         
4.552500000000001e+01         9.803870202780242e-10         
4.552812500000000e+01         9.819586778804362e-10         
4.553125000000000e+01         9.835202998051103e-10         
4.553437500000000e+01         9.850824336738217e-10         
4.553750000000000e+01         9.866229309447729e-10         
4.554062500000001e+01         9.881635329257854e-10         
4.554375000000000e+01         9.896818532340247e-10         
4.554687500000000e+01         9.911897417091490e-10         
4.555000000000000e+01         9.926960702145921e-10         
4.555312500000000e+01         9.941793762070660e-10         
4.555625000000001e+01         9.956556665037311e-10         
4.555937500000000e+01         9.971202528611018e-10         
4.556250000000000e+01         9.985662251106830e-10         
4.556562500000000e+01         1.000005184288380e-09         
4.556875000000000e+01         1.001430935265893e-09         
4.557187500000001e+01         1.002842267758662e-09         
4.557500000000000e+01         1.004234711254900e-09         
4.557812500000000e+01         1.005619273406680e-09         
4.558125000000000e+01         1.006988633197051e-09         
4.558437500000000e+01         1.008338427811967e-09         
4.558750000000001e+01         1.009685558860687e-09         
4.559062500000000e+01         1.011005448821936e-09         
4.559375000000000e+01         1.012310191563588e-09         
4.559687500000000e+01         1.013610714253479e-09         
4.560000000000000e+01         1.014884148708101e-09         
4.560312500000001e+01         1.016152890211094e-09         
4.560625000000000e+01         1.017394075991919e-09         
4.560937500000000e+01         1.018618798139715e-09         
4.561250000000000e+01         1.019839130965401e-09         
4.561562500000000e+01         1.021030160150383e-09         
4.561875000000001e+01         1.022209155421491e-09         
4.562187500000000e+01         1.023371715474887e-09         
4.562500000000000e+01         1.024510363211174e-09         
4.562812500000000e+01         1.025636375128754e-09         
4.563125000000000e+01         1.026745198240635e-09         
4.563437500000001e+01         1.027835735668741e-09         
4.563750000000000e+01         1.028907680586866e-09         
4.564062500000000e+01         1.029954590199089e-09         
4.564375000000000e+01         1.030987739919799e-09         
4.564687500000000e+01         1.032002683955355e-09         
4.565000000000001e+01         1.032997156395029e-09         
4.565312500000000e+01         1.033967781335336e-09         
4.565625000000000e+01         1.034923816325265e-09         
4.565937500000000e+01         1.035858768128882e-09         
4.566250000000000e+01         1.036768261165217e-09         
4.566562500000001e+01         1.037668812988490e-09         
4.566875000000000e+01         1.038537243483806e-09         
4.567187500000000e+01         1.039384869928959e-09         
4.567500000000000e+01         1.040224052594665e-09         
4.567812500000000e+01         1.041029525082690e-09         
4.568125000000001e+01         1.041825244217613e-09         
4.568437500000000e+01         1.042587891559712e-09         
4.568750000000000e+01         1.043328844385848e-09         
4.569062500000000e+01         1.044059598761130e-09         
4.569375000000000e+01         1.044756793430255e-09         
4.569687500000001e+01         1.045438197831484e-09         
4.570000000000000e+01         1.046097313857317e-09         
4.570312500000000e+01         1.046727705272497e-09         
4.570625000000000e+01         1.047340905177584e-09         
4.570937500000000e+01         1.047932441574539e-09         
4.571250000000001e+01         1.048500181282281e-09         
4.571562500000000e+01         1.049039698992825e-09         
4.571875000000000e+01         1.049562549293694e-09         
4.572187500000000e+01         1.050062310800432e-09         
4.572500000000000e+01         1.050532491700821e-09         
4.572812500000001e+01         1.050991010742110e-09         
4.573125000000000e+01         1.051414460856064e-09         
4.573437500000000e+01         1.051814442735225e-09         
4.573750000000000e+01         1.052202518583323e-09         
4.574062500000000e+01         1.052556347490891e-09         
4.574375000000001e+01         1.052897072380585e-09         
4.574687500000000e+01         1.053202396672541e-09         
4.575000000000000e+01         1.053483884331454e-09         
4.575312500000000e+01         1.053753161874169e-09         
4.575625000000000e+01         1.053986903167852e-09         
4.575937500000001e+01         1.054203047756017e-09         
4.576250000000000e+01         1.054395175022405e-09         
4.576562500000000e+01         1.054557005128770e-09         
4.576875000000000e+01         1.054700073817412e-09         
4.577187500000000e+01         1.054820204828753e-09         
4.577500000000001e+01         1.054915247911724e-09         
4.577812500000000e+01         1.054980930546212e-09         
4.578125000000000e+01         1.055028977047300e-09         
4.578437500000000e+01         1.055052967643959e-09         
4.578750000000000e+01         1.055046644179131e-09         
4.579062500000001e+01         1.055028004137015e-09         
4.579375000000000e+01         1.054973747861935e-09         
4.579687500000000e+01         1.054895635065094e-09         
4.580000000000000e+01         1.054805264901024e-09         
4.580312500000000e+01         1.054679422856896e-09         
4.580625000000001e+01         1.054542629609754e-09         
4.580937500000000e+01         1.054369314962671e-09         
4.581250000000000e+01         1.054172406096534e-09         
4.581562500000000e+01         1.053963697544664e-09         
4.581875000000000e+01         1.053719794364447e-09         
4.582187500000001e+01         1.053457783231603e-09         
4.582500000000000e+01         1.053173526497291e-09         
4.582812500000000e+01         1.052860682418363e-09         
4.583125000000000e+01         1.052529058965512e-09         
4.583437500000000e+01         1.052175492496429e-09         
4.583750000000001e+01         1.051798034357128e-09         
4.584062500000000e+01         1.051398767188502e-09         
4.584375000000000e+01         1.050970507787138e-09         
4.584687500000000e+01         1.050526138078869e-09         
4.585000000000000e+01         1.050059382046337e-09         
4.585312500000001e+01         1.049569257490161e-09         
4.585625000000000e+01         1.049051863336146e-09         
4.585937500000000e+01         1.048518689707284e-09         
4.586250000000000e+01         1.047962777931341e-09         
4.586562500000000e+01         1.047379885499650e-09         
4.586875000000001e+01         1.046788045286230e-09         
4.587187500000000e+01         1.046162305060065e-09         
4.587500000000000e+01         1.045515465021923e-09         
4.587812500000000e+01         1.044859170206975e-09         
4.588125000000000e+01         1.044170493595125e-09         
4.588437500000001e+01         1.043472941997353e-09         
4.588750000000000e+01         1.042743196260915e-09         
4.589062500000000e+01         1.041993334106392e-09         
4.589375000000000e+01         1.041235845637484e-09         
4.589687500000000e+01         1.040446050125772e-09         
4.590000000000001e+01         1.039641864936229e-09         
4.590312500000000e+01         1.038819317054914e-09         
4.590625000000000e+01         1.037971191384663e-09         
4.590937500000000e+01         1.037109361237818e-09         
4.591250000000000e+01         1.036229654055194e-09         
4.591562500000001e+01         1.035331159287600e-09         
4.591875000000000e+01         1.034408356092694e-09         
4.592187500000000e+01         1.033473493201436e-09         
4.592500000000000e+01         1.032519882889848e-09         
4.592812500000000e+01         1.031543119147915e-09         
4.593125000000001e+01         1.030560437368152e-09         
4.593437500000000e+01         1.029550008867042e-09         
4.593750000000000e+01         1.028521636381651e-09         
4.594062500000000e+01         1.027487763562442e-09         
4.594375000000000e+01         1.026426053994926e-09         
4.594687500000001e+01         1.025359607677255e-09         
4.595000000000000e+01         1.024265600906795e-09         
4.595312500000000e+01         1.023155817169955e-09         
4.595625000000000e+01         1.022042729781172e-09         
4.595937500000000e+01         1.020902037793357e-09         
4.596250000000001e+01         1.019751405297709e-09         
4.596562500000000e+01         1.018586966141585e-09         
4.596875000000000e+01         1.017401838924180e-09         
4.597187500000000e+01         1.016207543682838e-09         
4.597500000000000e+01         1.014999961399810e-09         
4.597812500000001e+01         1.013778611947662e-09         
4.598125000000000e+01         1.012537661864081e-09         
4.598437500000000e+01         1.011289449496434e-09         
4.598750000000000e+01         1.010027186257882e-09         
4.599062500000000e+01         1.008747017903232e-09         
4.599375000000001e+01         1.007465590430490e-09         
4.599687500000000e+01         1.006160526383879e-09         
4.600000000000000e+01         1.004850207124941e-09         
4.600312500000000e+01         1.003526495166223e-09         
4.600625000000000e+01         1.002185938086876e-09         
4.600937500000001e+01         1.000845324758456e-09         
4.601250000000000e+01         9.994824171272369e-10         
4.601562500000000e+01         9.981087016107527e-10         
4.601875000000000e+01         9.967356022098143e-10         
4.602187500000000e+01         9.953418677449947e-10         
4.602500000000001e+01         9.939425055341652e-10         
4.602812500000000e+01         9.925339564545845e-10         
4.603125000000000e+01         9.911100124185470e-10         
4.603437500000000e+01         9.896817608768580e-10         
4.603750000000000e+01         9.882452452339676e-10         
4.604062500000001e+01         9.868000190477762e-10         
4.604375000000000e+01         9.853462041169281e-10         
4.604687500000000e+01         9.838780279846318e-10         
4.605000000000000e+01         9.824067178272854e-10         
4.605312500000000e+01         9.809284295084455e-10         
4.605625000000001e+01         9.794417628901824e-10         
4.605937500000000e+01         9.779426516284025e-10         
4.606250000000000e+01         9.764420506632204e-10         
4.606562500000000e+01         9.749346674455432e-10         
4.606875000000000e+01         9.734146180496220e-10         
4.607187500000001e+01         9.718990403459519e-10         
4.607500000000000e+01         9.703662502896322e-10         
4.607812500000000e+01         9.688276426294468e-10         
4.608125000000000e+01         9.672937941810820e-10         
4.608437500000000e+01         9.657437762456413e-10         
4.608750000000001e+01         9.641997388197602e-10         
4.609062500000000e+01         9.626391258258780e-10         
4.609375000000000e+01         9.610736027046641e-10         
4.609687500000000e+01         9.595141132697151e-10         
4.610000000000000e+01         9.579392608906255e-10         
4.610312500000001e+01         9.563652436170455e-10         
4.610625000000000e+01         9.547878222390935e-10         
4.610937500000000e+01         9.532014281774313e-10         
4.611250000000000e+01         9.516156074325504e-10         
4.611562500000000e+01         9.500272016934821e-10         
4.611875000000001e+01         9.484346072547117e-10         
4.612187500000000e+01         9.468341896902849e-10         
4.612500000000000e+01         9.452362010151462e-10         
4.612812500000000e+01         9.436358244944557e-10         
4.613125000000000e+01         9.420269283159549e-10         
4.613437500000001e+01         9.404264838837714e-10         
4.613750000000000e+01         9.388135448348372e-10         
4.614062500000000e+01         9.371984348296064e-10         
4.614375000000000e+01         9.355920218200161e-10         
4.614687500000000e+01         9.339736393715590e-10         
4.615000000000001e+01         9.323648646304442e-10         
4.615312500000000e+01         9.307434909845141e-10         
4.615625000000000e+01         9.291214920344513e-10         
4.615937500000000e+01         9.275088678931527e-10         
4.616250000000000e+01         9.258848900487891e-10         
4.616562500000001e+01         9.242655068551514e-10         
4.616875000000000e+01         9.226459987239208e-10         
4.617187500000000e+01         9.210208828475805e-10         
4.617500000000000e+01         9.194012016242382e-10         
4.617812500000000e+01         9.177815557629161e-10         
4.618125000000001e+01         9.161614890336313e-10         
4.618437500000000e+01         9.145367036504409e-10         
4.618750000000000e+01         9.129181566298358e-10         
4.619062500000000e+01         9.112995440620472e-10         
4.619375000000000e+01         9.096769813754133e-10         
4.619687500000001e+01         9.080660687767230e-10         
4.620000000000000e+01         9.064455520892185e-10         
4.620312500000000e+01         9.048314167378449e-10         
4.620625000000000e+01         9.032182544141588e-10         
4.620937500000000e+01         9.016016517569959e-10         
4.621250000000001e+01         8.999968848843644e-10         
4.621562500000000e+01         8.983840320208432e-10         
4.621875000000000e+01         8.967724207441351e-10         
4.622187500000000e+01         8.951733565610167e-10         
4.622500000000000e+01         8.935657374593432e-10         
4.622812500000001e+01         8.919655551422886e-10         
4.623125000000000e+01         8.903679795338063e-10         
4.623437500000000e+01         8.887675945440156e-10         
4.623750000000000e+01         8.871750557109001e-10         
4.624062500000000e+01         8.855850913632474e-10         
4.624375000000001e+01         8.839973645149827e-10         
4.624687500000000e+01         8.824131371073098e-10         
4.625000000000000e+01         8.808264592641248e-10         
4.625312500000000e+01         8.792480664519321e-10         
4.625625000000000e+01         8.776728595895544e-10         
4.625937500000001e+01         8.761011705338562e-10         
4.626250000000000e+01         8.745275493992373e-10         
4.626562500000000e+01         8.729624348483730e-10         
4.626875000000000e+01         8.714007940069768e-10         
4.627187500000000e+01         8.698378324973114e-10         
4.627500000000001e+01         8.682885628221554e-10         
4.627812500000000e+01         8.667332406381997e-10         
4.628125000000000e+01         8.651820418393548e-10         
4.628437500000000e+01         8.636445461523222e-10         
4.628750000000000e+01         8.621010718764813e-10         
4.629062500000001e+01         8.605717674994974e-10         
4.629375000000000e+01         8.590367557836990e-10         
4.629687500000000e+01         8.575060643696833e-10         
4.630000000000000e+01         8.559896009728456e-10         
4.630312500000000e+01         8.544680219878721e-10         
4.630625000000001e+01         8.529553892479319e-10         
4.630937500000000e+01         8.514476491720469e-10         
4.631250000000000e+01         8.499396041738074e-10         
4.631562500000000e+01         8.484409406474162e-10         
4.631875000000000e+01         8.469475410734518e-10         
4.632187500000001e+01         8.454586801581084e-10         
4.632500000000000e+01         8.439698492131958e-10         
4.632812500000000e+01         8.424910246381993e-10         
4.633125000000000e+01         8.410170090777250e-10         
4.633437500000000e+01         8.395430489675118e-10         
4.633750000000001e+01         8.380843099648165e-10         
4.634062500000000e+01         8.366208710706981e-10         
4.634375000000000e+01         8.351626308421482e-10         
4.634687500000000e+01         8.337195853954197e-10         
4.635000000000000e+01         8.322720873118035e-10         
4.635312500000001e+01         8.308397577107606e-10         
4.635625000000000e+01         8.294029423174120e-10         
4.635937500000000e+01         8.279718365107859e-10         
4.636250000000000e+01         8.265556856529693e-10         
4.636562500000000e+01         8.251356055263447e-10         
4.636875000000001e+01         8.237260391277076e-10         
4.637187500000000e+01         8.223221166317202e-10         
4.637500000000000e+01         8.209190647305669e-10         
4.637812500000000e+01         8.195263458331719e-10         
4.638125000000000e+01         8.181395724175549e-10         
4.638437500000001e+01         8.167584764482605e-10         
4.638750000000000e+01         8.153785828171382e-10         
4.639062500000000e+01         8.140095723341779e-10         
4.639375000000000e+01         8.126459935586830e-10         
4.639687500000000e+01         8.112835422762341e-10         
4.640000000000001e+01         8.099369855433241e-10         
4.640312500000000e+01         8.085865259571350e-10         
4.640625000000000e+01         8.072470740666583e-10         
4.640937500000000e+01         8.059135878670502e-10         
4.641250000000000e+01         8.045817769681884e-10         
4.641562500000001e+01         8.032651681190261e-10         
4.641875000000000e+01         8.019453597500720e-10         
4.642187500000000e+01         8.006315800471305e-10         
4.642500000000000e+01         7.993335971595970e-10         
4.642812500000000e+01         7.980322603070333e-10         
4.643125000000001e+01         7.967419920975690e-10         
4.643437500000000e+01         7.954579340244326e-10         
4.643750000000000e+01         7.941752624969532e-10         
4.644062500000000e+01         7.929037307391427e-10         
4.644375000000000e+01         7.916384836646652e-10         
4.644687500000001e+01         7.903795409365190e-10         
4.645000000000000e+01         7.891270321537003e-10         
4.645312500000000e+01         7.878760469341861e-10         
4.645625000000000e+01         7.866362030634131e-10         
4.645937500000000e+01         7.854026571839428e-10         
4.646250000000001e+01         7.841753172076673e-10         
4.646562500000000e+01         7.829500352268565e-10         
4.646875000000000e+01         7.817357617519367e-10         
4.647187500000000e+01         7.805278218423766e-10         
4.647500000000000e+01         7.793216579484878e-10         
4.647812500000001e+01         7.781313233541127e-10         
4.648125000000000e+01         7.769382237196081e-10         
4.648437500000000e+01         7.757514914776867e-10         
4.648750000000000e+01         7.745805029005729e-10         
4.649062500000000e+01         7.734065812642546e-10         
4.649375000000001e+01         7.722486929764102e-10         
4.649687500000000e+01         7.710879123808060e-10         
4.650000000000000e+01         7.699338296881122e-10         
4.650312500000000e+01         7.687952397253835e-10         
4.650625000000000e+01         7.676539548775397e-10         
4.650937500000001e+01         7.665241633519502e-10         
4.651250000000000e+01         7.654004177314262e-10         
4.651562500000000e+01         7.642787647957331e-10         
4.651875000000000e+01         7.631682006964758e-10         
4.652187500000000e+01         7.620641943624585e-10         
4.652500000000001e+01         7.609669391683636e-10         
4.652812500000000e+01         7.598715762615377e-10         
4.653125000000000e+01         7.587872063735342e-10         
4.653437500000000e+01         7.577096869483875e-10         
4.653750000000000e+01         7.566338068355208e-10         
4.654062500000001e+01         7.555736675506278e-10         
4.654375000000000e+01         7.545111370013090e-10         
4.654687500000000e+01         7.534550252554269e-10         
4.655000000000000e+01         7.524145373676207e-10         
4.655312500000000e+01         7.513715959837163e-10         
4.655625000000001e+01         7.503442433787890e-10         
4.655937500000000e+01         7.493142098129523e-10         
4.656250000000000e+01         7.482907295614229e-10         
4.656562500000000e+01         7.472828969103000e-10         
4.656875000000000e+01         7.462727220027268e-10         
4.657187500000001e+01         7.452735980818837e-10         
4.657500000000000e+01         7.442808984068903e-10         
4.657812500000000e+01         7.432903517851935e-10         
4.658125000000000e+01         7.423108345483592e-10         
4.658437500000000e+01         7.413374855629438e-10         
4.658750000000001e+01         7.403709474524679e-10         
4.659062500000000e+01         7.394062646034201e-10         
4.659375000000000e+01         7.384527216161500e-10         
4.659687500000000e+01         7.375058366770497e-10         
4.660000000000000e+01         7.365608725584800e-10         
4.660312500000001e+01         7.356310649594555e-10         
4.660625000000000e+01         7.346991324879905e-10         
4.660937500000000e+01         7.337778217369338e-10         
4.661250000000000e+01         7.328634062573995e-10         
4.661562500000000e+01         7.319507423649864e-10         
4.661875000000001e+01         7.310536643309100e-10         
4.662187500000000e+01         7.301539306671569e-10         
4.662500000000000e+01         7.292608713402120e-10         
4.662812500000000e+01         7.283827084834472e-10         
4.663125000000000e+01         7.275024067538719e-10         
4.663437500000001e+01         7.266331273588344e-10         
4.663750000000000e+01         7.257699374478233e-10         
4.664062500000000e+01         7.249090161418850e-10         
4.664375000000000e+01         7.240588887321424e-10         
4.664687500000000e+01         7.232148960544217e-10         
4.665000000000001e+01         7.223774566635805e-10         
4.665312500000000e+01         7.215464081442487e-10         
4.665625000000000e+01         7.207173551977389e-10         
4.665937500000000e+01         7.198994062424317e-10         
4.666250000000000e+01         7.190873672365760e-10         
4.666562500000001e+01         7.182818677447450e-10         
4.666875000000000e+01         7.174783862379006e-10         
4.667187500000000e+01         7.166848079356993e-10         
4.667500000000000e+01         7.158987042002752e-10         
4.667812500000000e+01         7.151139961047739e-10         
4.668125000000001e+01         7.143446054408708e-10         
4.668437500000000e+01         7.135725401894345e-10         
4.668750000000000e+01         7.128070065785986e-10         
4.669062500000000e+01         7.120560541301528e-10         
4.669375000000000e+01         7.113029857099096e-10         
4.669687500000001e+01         7.105649693192771e-10         
4.670000000000000e+01         7.098243943551991e-10         
4.670312500000000e+01         7.090900660568636e-10         
4.670625000000000e+01         7.083708190410776e-10         
4.670937500000000e+01         7.076490559826513e-10         
4.671250000000001e+01         7.069378145482156e-10         
4.671562500000000e+01         7.062325969174433e-10         
4.671875000000000e+01         7.055295099408111e-10         
4.672187500000000e+01         7.048372028339565e-10         
4.672500000000000e+01         7.041506046529079e-10         
4.672812500000001e+01         7.034705603181578e-10         
4.673125000000000e+01         7.027923439425923e-10         
4.673437500000000e+01         7.021241249962919e-10         
4.673750000000000e+01         7.014622821960984e-10         
4.674062500000000e+01         7.008023847454857e-10         
4.674375000000001e+01         7.001573159979673e-10         
4.674687500000000e+01         6.995096365121875e-10         
4.675000000000000e+01         6.988681409246397e-10         
4.675312500000000e+01         6.982414447808872e-10         
4.675625000000000e+01         6.976117953668165e-10         
4.675937500000001e+01         6.969972085836135e-10         
4.676250000000000e+01         6.963800758080885e-10         
4.676562500000000e+01         6.957690517893303e-10         
4.676875000000000e+01         6.951727488401816e-10         
4.677187500000000e+01         6.945740349105669e-10         
4.677500000000001e+01         6.939856109396986e-10         
4.677812500000000e+01         6.934024816686685e-10         
4.678125000000000e+01         6.928217483472444e-10         
4.678437500000000e+01         6.922515634010791e-10         
4.678750000000000e+01         6.916868995270519e-10         
4.679062500000001e+01         6.911287185014482e-10         
4.679375000000000e+01         6.905719018297050e-10         
4.679687500000000e+01         6.900252869006117e-10         
4.680000000000000e+01         6.894845410438820e-10         
4.680312500000000e+01         6.889458028039387e-10         
4.680625000000001e+01         6.884215658981156e-10         
4.680937500000000e+01         6.878946730126320e-10         
4.681250000000000e+01         6.873777449516343e-10         
4.681562500000000e+01         6.868672431756954e-10         
4.681875000000000e+01         6.863581891556928e-10         
4.682187500000001e+01         6.858631685808437e-10         
4.682500000000000e+01         6.853659015614226e-10         
4.682812500000000e+01         6.848746054584953e-10         
4.683125000000000e+01         6.843976940431959e-10         
4.683437500000000e+01         6.839181964960887e-10         
4.683750000000001e+01         6.834490604589482e-10         
4.684062500000000e+01         6.829852633516508e-10         
4.684375000000000e+01         6.825228901690483e-10         
4.684687500000000e+01         6.820713674850984e-10         
4.685000000000000e+01         6.816251276835135e-10         
4.685312500000001e+01         6.811853521213485e-10         
4.685625000000000e+01         6.807508865586147e-10         
4.685937500000000e+01         6.803181683224027e-10         
4.686250000000000e+01         6.798958777450101e-10         
4.686562500000000e+01         6.794783261469244e-10         
4.686875000000001e+01         6.790675482704968e-10         
4.687187500000000e+01         6.786581650025629e-10         
4.687500000000000e+01         6.782585027430348e-10         
4.687812500000000e+01         6.778652544000479e-10         
4.688125000000000e+01         6.774730695659782e-10         
4.688437500000001e+01         6.770947629456011e-10         
4.688750000000000e+01         6.767142575357528e-10         
4.689062500000000e+01         6.763394638925433e-10         
4.689375000000000e+01         6.759790445211356e-10         
4.689687500000000e+01         6.756157315810463e-10         
4.690000000000001e+01         6.752667957877881e-10         
4.690312500000000e+01         6.749150126867911e-10         
4.690625000000000e+01         6.745689451429818e-10         
4.690937500000000e+01         6.742366549700401e-10         
4.691250000000000e+01         6.739021059457913e-10         
4.691562500000001e+01         6.735778195239887e-10         
4.691875000000000e+01         6.732586357918337e-10         
4.692187500000000e+01         6.729411848409679e-10         
4.692500000000000e+01         6.726339816039024e-10         
4.692812500000000e+01         6.723319358565723e-10         
4.693125000000001e+01         6.720355337627639e-10         
4.693437500000000e+01         6.717408437289694e-10         
4.693750000000000e+01         6.714558457948743e-10         
4.694062500000000e+01         6.711770846804996e-10         
4.694375000000000e+01         6.708994588323627e-10         
4.694687500000001e+01         6.706359905973011e-10         
4.695000000000000e+01         6.703691271593546e-10         
4.695312500000000e+01         6.701085098949813e-10         
4.695625000000000e+01         6.698620047652880e-10         
4.695937500000000e+01         6.696126445290488e-10         
4.696250000000001e+01         6.693774327007380e-10         
4.696562500000000e+01         6.691394260314563e-10         
4.696875000000000e+01         6.689070587094827e-10         
4.697187500000000e+01         6.686881883114587e-10         
4.697500000000000e+01         6.684670889020000e-10         
4.697812500000001e+01         6.682561798960137e-10         
4.698125000000000e+01         6.680502731683258e-10         
4.698437500000000e+01         6.678460622697380e-10         
4.698750000000000e+01         6.676520298665922e-10         
4.699062500000000e+01         6.674629607717268e-10         
4.699375000000001e+01         6.672795491953297e-10         
4.699687500000000e+01         6.670978126453670e-10         
4.700000000000000e+01         6.669256257040791e-10         
4.700312500000000e+01         6.667596405300067e-10         
4.700625000000000e+01         6.665947315334326e-10         
4.700937500000001e+01         6.664438943785304e-10         
4.701250000000000e+01         6.662902338069506e-10         
4.701562500000000e+01         6.661460539393215e-10         
4.701875000000000e+01         6.660075131596737e-10         
4.702187500000000e+01         6.658706713521770e-10         
4.702500000000001e+01         6.657478430707890e-10         
4.702812500000000e+01         6.656221875383934e-10         
4.703125000000000e+01         6.655021282714455e-10         
4.703437500000000e+01         6.653961111789257e-10         
4.703750000000000e+01         6.652866199488916e-10         
4.704062500000001e+01         6.651878828197914e-10         
4.704375000000000e+01         6.650941378770028e-10         
4.704687500000000e+01         6.650020587647888e-10         
4.705000000000000e+01         6.649240249299600e-10         
4.705312500000000e+01         6.648431521580690e-10         
4.705625000000001e+01         6.647723957048667e-10         
4.705937500000000e+01         6.647059885790427e-10         
4.706250000000000e+01         6.646419040609194e-10         
4.706562500000000e+01         6.645879321637093e-10         
4.706875000000000e+01         6.645389418330719e-10         
4.707187500000001e+01         6.644961879638319e-10         
4.707500000000000e+01         6.644545296168875e-10         
4.707812500000000e+01         6.644223404540454e-10         
4.708125000000000e+01         6.643957881329642e-10         
4.708437500000000e+01         6.643708982957323e-10         
4.708750000000001e+01         6.643600512280130e-10         
4.709062500000000e+01         6.643464308295311e-10         
4.709375000000000e+01         6.643383680376765e-10         
4.709687500000000e+01         6.643443637115530e-10         
4.710000000000000e+01         6.643475341904965e-10         
4.710312500000001e+01         6.643641286099365e-10         
4.710625000000000e+01         6.643785514283542e-10         
4.710937500000000e+01         6.643985669559120e-10         
4.711250000000000e+01         6.644326657617624e-10         
4.711562500000000e+01         6.644639477155502e-10         
4.711875000000001e+01         6.645054210054049e-10         
4.712187500000000e+01         6.645519051345423e-10         
4.712500000000000e+01         6.645994522336528e-10         
4.712812500000000e+01         6.646577910037534e-10         
4.713125000000000e+01         6.647211876304564e-10         
4.713437500000001e+01         6.647908260652274e-10         
4.713750000000000e+01         6.648616314897285e-10         
4.714062500000000e+01         6.649419810792843e-10         
4.714375000000000e+01         6.650286215338811e-10         
4.714687500000000e+01         6.651157348010033e-10         
4.715000000000001e+01         6.652175906248524e-10         
4.715312500000000e+01         6.653166655482874e-10         
4.715625000000000e+01         6.654215332969390e-10         
4.715937500000000e+01         6.655404364781651e-10         
4.716250000000000e+01         6.656565935355079e-10         
4.716562500000001e+01         6.657862425171578e-10         
4.716875000000000e+01         6.659137937707348e-10         
4.717187500000000e+01         6.660470764558749e-10         
4.717500000000000e+01         6.661944648358254e-10         
4.717812500000000e+01         6.663391597188308e-10         
4.718125000000001e+01         6.664941501411213e-10         
4.718437500000000e+01         6.666541790983795e-10         
4.718750000000000e+01         6.668160638236396e-10         
4.719062500000000e+01         6.669875954138094e-10         
4.719375000000000e+01         6.671649095626632e-10         
4.719687500000001e+01         6.673485599481191e-10         
4.720000000000000e+01         6.675335007723089e-10         
4.720312500000000e+01         6.677281020213970e-10         
4.720625000000000e+01         6.679290361819464e-10         
4.720937500000000e+01         6.681312909798145e-10         
4.721250000000001e+01         6.683471911253971e-10         
4.721562500000000e+01         6.685610026089199e-10         
4.721875000000000e+01         6.687845356848275e-10         
4.722187500000000e+01         6.690145237326222e-10         
4.722500000000000e+01         6.692458436178862e-10         
4.722812500000001e+01         6.694914350183529e-10         
4.723125000000000e+01         6.697338193583900e-10         
4.723437500000000e+01         6.699825842972824e-10         
4.723750000000000e+01         6.702457962481874e-10         
4.724062500000000e+01         6.705063622233590e-10         
4.724375000000001e+01         6.707773665109440e-10         
4.724687500000000e+01         6.710536272926116e-10         
4.725000000000000e+01         6.713318506940398e-10         
4.725312500000000e+01         6.716238557963919e-10         
4.725625000000000e+01         6.719139846467581e-10         
4.725937500000001e+01         6.722144688427539e-10         
4.726250000000000e+01         6.725203481488019e-10         
4.726562500000000e+01         6.728282706836712e-10         
4.726875000000000e+01         6.731466901986701e-10         
4.727187500000000e+01         6.734703482205355e-10         
4.727500000000001e+01         6.738000097660904e-10         
4.727812500000000e+01         6.741319117093185e-10         
4.728125000000000e+01         6.744736278827177e-10         
4.728437500000000e+01         6.748219564261072e-10         
4.728750000000000e+01         6.751719218846065e-10         
4.729062500000001e+01         6.755362382772553e-10         
4.729375000000000e+01         6.758981809169763e-10         
4.729687500000000e+01         6.762661907394772e-10         
4.730000000000000e+01         6.766481703223027e-10         
4.730312500000000e+01         6.770282995801407e-10         
4.730625000000001e+01         6.774232023930247e-10         
4.730937500000000e+01         6.778155782351584e-10         
4.731250000000000e+01         6.782140710875227e-10         
4.731562500000000e+01         6.786272850231099e-10         
4.731875000000000e+01         6.790374700980861e-10         
4.732187500000001e+01         6.794591431034546e-10         
4.732500000000000e+01         6.798862601243720e-10         
4.732812500000000e+01         6.803155696685956e-10         
4.733125000000000e+01         6.807558411731085e-10         
4.733437500000000e+01         6.812016845107228e-10         
4.733750000000001e+01         6.816544336144266e-10         
4.734062500000000e+01         6.821080656930590e-10         
4.734375000000000e+01         6.825727069458320e-10         
4.734687500000000e+01         6.830442115631662e-10         
4.735000000000000e+01         6.835174797401907e-10         
4.735312500000001e+01         6.840055631516617e-10         
4.735625000000000e+01         6.844914051077059e-10         
4.735937500000000e+01         6.849836247567223e-10         
4.736250000000000e+01         6.854901522403715e-10         
4.736562500000000e+01         6.859950128352752e-10         
4.736875000000001e+01         6.865150007996654e-10         
4.737187500000000e+01         6.870326862156595e-10         
4.737500000000000e+01         6.875568661492753e-10         
4.737812500000000e+01         6.880960864144289e-10         
4.738125000000000e+01         6.886332149774047e-10         
4.738437500000001e+01         6.891809264970628e-10         
4.738750000000000e+01         6.897349816637602e-10         
4.739062500000000e+01         6.902916159531234e-10         
4.739375000000000e+01         6.908592850865560e-10         
4.739687500000000e+01         6.914329860858435e-10         
4.740000000000001e+01         6.920139196411967e-10         
4.740312500000000e+01         6.925967269552891e-10         
4.740625000000000e+01         6.931896560948039e-10         
4.740937500000000e+01         6.937903125981895e-10         
4.741250000000000e+01         6.943930376114194e-10         
4.741562500000001e+01         6.950110751626329e-10         
4.741875000000000e+01         6.956271652377647e-10         
4.742187500000000e+01         6.962541467871501e-10         
4.742500000000000e+01         6.968875990658593e-10         
4.742812500000000e+01         6.975238161093327e-10         
4.743125000000001e+01         6.981755114568854e-10         
4.743437500000000e+01         6.988252209427558e-10         
4.743750000000000e+01         6.994819233475024e-10         
4.744062500000000e+01         7.001539445711707e-10         
4.744375000000000e+01         7.008243878606598e-10         
4.744687500000001e+01         7.015056387668070e-10         
4.745000000000000e+01         7.021937241551370e-10         
4.745312500000000e+01         7.028847502197840e-10         
4.745625000000000e+01         7.035913321664764e-10         
4.745937500000000e+01         7.042961521899688e-10         
4.746250000000001e+01         7.050126187884151e-10         
4.746562500000000e+01         7.057355041886339e-10         
4.746875000000000e+01         7.064613455874689e-10         
4.747187500000000e+01         7.071982220040886e-10         
4.747500000000000e+01         7.079423188786046e-10         
4.747812500000001e+01         7.086939043468317e-10         
4.748125000000000e+01         7.094479138499390e-10         
4.748437500000000e+01         7.102133656339403e-10         
4.748750000000000e+01         7.109864473684037e-10         
4.749062500000000e+01         7.117621119026592e-10         
4.749375000000001e+01         7.125531582001688e-10         
4.749687500000000e+01         7.133431263439424e-10         
4.750000000000000e+01         7.141403674088422e-10         
4.750312500000000e+01         7.149535434502629e-10         
4.750625000000000e+01         7.157654021215223e-10         
4.750937500000001e+01         7.165933102324671e-10         
4.751250000000000e+01         7.174193007507277e-10         
4.751562500000000e+01         7.182530655347947e-10         
4.751875000000000e+01         7.191030861961030e-10         
4.752187500000000e+01         7.199518367752672e-10         
4.752500000000001e+01         7.208126926758873e-10         
4.752812500000000e+01         7.216805126559426e-10         
4.753125000000000e+01         7.225516090682694e-10         
4.753437500000000e+01         7.234342045805154e-10         
4.753750000000000e+01         7.243248061833509e-10         
4.754062500000001e+01         7.252232024650381e-10         
4.754375000000000e+01         7.261246625170295e-10         
4.754687500000000e+01         7.270377498892109e-10         
4.755000000000000e+01         7.279590880581342e-10         
4.755312500000000e+01         7.288832874954308e-10         
4.755625000000001e+01         7.298237806982956e-10         
4.755937500000000e+01         7.307636152668870e-10         
4.756250000000000e+01         7.317109932411711e-10         
4.756562500000000e+01         7.326751139531362e-10         
4.756875000000000e+01         7.336384473172584e-10         
4.757187500000001e+01         7.346183144686754e-10         
4.757500000000000e+01         7.355971515673242e-10         
4.757812500000000e+01         7.365839344189972e-10         
4.758125000000000e+01         7.375873163233708e-10         
4.758437500000000e+01         7.385897863723059e-10         
4.758750000000001e+01         7.396050708677212e-10         
4.759062500000000e+01         7.406278947611338e-10         
4.759375000000000e+01         7.416544440131736e-10         
4.759687500000000e+01         7.426937526528936e-10         
4.760000000000000e+01         7.437405334138169e-10         
4.760312500000001e+01         7.447960890649347e-10         
4.760625000000000e+01         7.458552308483358e-10         
4.760937500000000e+01         7.469267451973684e-10         
4.761250000000000e+01         7.480070127338696e-10         
4.761562500000000e+01         7.490908652467169e-10         
4.761875000000001e+01         7.501918101646069e-10         
4.762187500000000e+01         7.512918716436351e-10         
4.762500000000000e+01         7.524049092947802e-10         
4.762812500000000e+01         7.535266123947655e-10         
4.763125000000000e+01         7.546519586449460e-10         
4.763437500000001e+01         7.557950062225265e-10         
4.763750000000000e+01         7.569373530004371e-10         
4.764062500000000e+01         7.580882103042082e-10         
4.764375000000000e+01         7.592561534148420e-10         
4.764687500000000e+01         7.604241107957099e-10         
4.765000000000001e+01         7.616054455827937e-10         
4.765312500000000e+01         7.627948548043580e-10         
4.765625000000000e+01         7.639884551798613e-10         
4.765937500000000e+01         7.651998005540395e-10         
4.766250000000000e+01         7.664108469570069e-10         
4.766562500000001e+01         7.676350698839340e-10         
4.766875000000000e+01         7.688679530358711e-10         
4.767187500000000e+01         7.701053718481595e-10         
4.767500000000000e+01         7.713561929439984e-10         
4.767812500000000e+01         7.726156894838343e-10         
4.768125000000001e+01         7.738841121559351e-10         
4.768437500000000e+01         7.751569683020255e-10         
4.768750000000000e+01         7.764426084460631e-10         
4.769062500000000e+01         7.777380954189813e-10         
4.769375000000000e+01         7.790378807352899e-10         
4.769687500000001e+01         7.803558573380100e-10         
4.770000000000000e+01         7.816736674310659e-10         
4.770312500000000e+01         7.830005117987326e-10         
4.770625000000000e+01         7.843455520751336e-10         
4.770937500000000e+01         7.856906706351908e-10         
4.771250000000001e+01         7.870543865293456e-10         
4.771562500000000e+01         7.884177691202292e-10         
4.771875000000000e+01         7.897905474090234e-10         
4.772187500000000e+01         7.911819815345540e-10         
4.772500000000000e+01         7.925732883819422e-10         
4.772812500000001e+01         7.939785142868031e-10         
4.773125000000000e+01         7.953931505315922e-10         
4.773437500000000e+01         7.968125823910577e-10         
4.773750000000000e+01         7.982463159185469e-10         
4.774062500000000e+01         7.996892110254571e-10         
4.774375000000001e+01         8.011418186620957e-10         
4.774687500000000e+01         8.025991682484965e-10         
4.775000000000000e+01         8.040706115955875e-10         
4.775312500000000e+01         8.055517996005802e-10         
4.775625000000000e+01         8.070378299042908e-10         
4.775937500000001e+01         8.085429195804809e-10         
4.776250000000000e+01         8.100481786528209e-10         
4.776562500000000e+01         8.115631825437524e-10         
4.776875000000000e+01         8.130974594739425e-10         
4.777187500000000e+01         8.146319441910689e-10         
4.777500000000001e+01         8.161857349652090e-10         
4.777812500000000e+01         8.177396918632481e-10         
4.778125000000000e+01         8.193034715041123e-10         
4.778437500000000e+01         8.208868477053951e-10         
4.778750000000000e+01         8.224702888157654e-10         
4.779062500000001e+01         8.240687086329548e-10         
4.779375000000000e+01         8.256765648178553e-10         
4.779687500000000e+01         8.272899685740892e-10         
4.780000000000000e+01         8.289181744629114e-10         
4.780312500000000e+01         8.305561749543029e-10         
4.780625000000001e+01         8.322043711996640e-10         
4.780937500000000e+01         8.338577092330196e-10         
4.781250000000000e+01         8.355259646983969e-10         
4.781562500000000e+01         8.372042738529392e-10         
4.781875000000000e+01         8.388928311943797e-10         
4.782187500000001e+01         8.405914099895004e-10         
4.782500000000000e+01         8.422954000357436e-10         
4.782812500000000e+01         8.440144391537058e-10         
4.783125000000000e+01         8.457435309359522e-10         
4.783437500000000e+01         8.474779962751404e-10         
4.783750000000001e+01         8.492326884653588e-10         
4.784062500000000e+01         8.509874896767484e-10         
4.784375000000000e+01         8.527528374938897e-10         
4.784687500000000e+01         8.545381208654573e-10         
4.785000000000000e+01         8.563238706217668e-10         
4.785312500000001e+01         8.581250204272770e-10         
4.785625000000000e+01         8.599364592289102e-10         
4.785937500000000e+01         8.617532636808018e-10         
4.786250000000000e+01         8.635903237254134e-10         
4.786562500000000e+01         8.654278131375111e-10         
4.786875000000001e+01         8.672808755133351e-10         
4.787187500000000e+01         8.691441371117623e-10         
4.787500000000000e+01         8.710126881960057e-10         
4.787812500000000e+01         8.728967469803288e-10         
4.788125000000000e+01         8.747912197886246e-10         
4.788437500000001e+01         8.766963037670981e-10         
4.788750000000000e+01         8.786065111379008e-10         
4.789062500000000e+01         8.805324242101300e-10         
4.789375000000000e+01         8.824687600391970e-10         
4.789687500000000e+01         8.844101768616707e-10         
4.790000000000001e+01         8.863725078658849e-10         
4.790312500000000e+01         8.883350580227895e-10         
4.790625000000000e+01         8.903081110712744e-10         
4.790937500000000e+01         8.923016517673050e-10         
4.791250000000000e+01         8.942955193573552e-10         
4.791562500000001e+01         8.963100226351828e-10         
4.791875000000000e+01         8.983245766955613e-10         
4.792187500000000e+01         9.003496934037909e-10         
4.792500000000000e+01         9.023956050804007e-10         
4.792812500000000e+01         9.044415524816173e-10         
4.793125000000001e+01         9.065029175733622e-10         
4.793437500000000e+01         9.085747265243326e-10         
4.793750000000000e+01         9.106517563337261e-10         
4.794062500000000e+01         9.127441912133972e-10         
4.794375000000000e+01         9.148469629256113e-10         
4.794687500000001e+01         9.169601343862614e-10         
4.795000000000000e+01         9.190781802699339e-10         
4.795312500000000e+01         9.212118613657451e-10         
4.795625000000000e+01         9.233556727461421e-10         
4.795937500000000e+01         9.255045631768302e-10         
4.796250000000001e+01         9.276740507138326e-10         
4.796562500000000e+01         9.298431831746276e-10         
4.796875000000000e+01         9.320225227022013e-10         
4.797187500000000e+01         9.342223441224603e-10         
4.797500000000000e+01         9.364216735467254e-10         
4.797812500000001e+01         9.386416556303896e-10         
4.798125000000000e+01         9.408609499779574e-10         
4.798437500000000e+01         9.430902702694699e-10         
4.798750000000000e+01         9.453400577432606e-10         
4.799062500000000e+01         9.475887907391998e-10         
4.799375000000001e+01         9.498526867646912e-10         
4.799687500000000e+01         9.521263648314505e-10         
4.800000000000000e+01         9.544043351430842e-10         
4.800312500000000e+01         9.566970266156319e-10         
4.800625000000000e+01         9.589994813923320e-10         
4.800937500000001e+01         9.613115627244585e-10         
4.801250000000000e+01         9.636274745102875e-10         
4.801562500000000e+01         9.659582439369567e-10         
4.801875000000000e+01         9.682980382690179e-10         
4.802187500000000e+01         9.706473101623561e-10         
4.802500000000001e+01         9.730053123017394e-10         
4.802812500000000e+01         9.753672658100096e-10         
4.803125000000000e+01         9.777436858961598e-10         
4.803437500000000e+01         9.801288919316636e-10         
4.803750000000000e+01         9.825172567185046e-10         
4.804062500000001e+01         9.849252101610889e-10         
4.804375000000000e+01         9.873308273013736e-10         
4.804687500000000e+01         9.897447741792085e-10         
4.805000000000000e+01         9.921783533478722e-10         
4.805312500000000e+01         9.946090655522998e-10         
4.805625000000001e+01         9.970534614948596e-10         
4.805937500000000e+01         9.995061197047028e-10         
4.806250000000000e+01         1.001960912551593e-09         
4.806562500000000e+01         1.004434638810092e-09         
4.806875000000000e+01         1.006904843962728e-09         
4.807187500000001e+01         1.009387995179798e-09         
4.807500000000000e+01         1.011879253004732e-09         
4.807812500000000e+01         1.014371743533201e-09         
4.808125000000000e+01         1.016876904581201e-09         
4.808437500000000e+01         1.019389148220506e-09         
4.808750000000001e+01         1.021907788913883e-09         
4.809062500000000e+01         1.024427937638532e-09         
4.809375000000000e+01         1.026960414485105e-09         
4.809687500000000e+01         1.029499174559002e-09         
4.810000000000000e+01         1.032038188091999e-09         
4.810312500000001e+01         1.034594600170025e-09         
4.810625000000000e+01         1.037145558447327e-09         
4.810937500000000e+01         1.039702053176615e-09         
4.811250000000000e+01         1.042275675081011e-09         
4.811562500000000e+01         1.044842732997842e-09         
4.811875000000001e+01         1.047427134539918e-09         
4.812187500000000e+01         1.050004443000186e-09         
4.812500000000000e+01         1.052586282665682e-09         
4.812812500000000e+01         1.055184106991652e-09         
4.813125000000000e+01         1.057774743524384e-09         
4.813437500000001e+01         1.060374803048823e-09         
4.813750000000000e+01         1.062979224813842e-09         
4.814062500000000e+01         1.065581675076875e-09         
4.814375000000000e+01         1.068192551317259e-09         
4.814687500000000e+01         1.070806975676068e-09         
4.815000000000001e+01         1.073423767615852e-09         
4.815312500000000e+01         1.076037539222867e-09         
4.815625000000000e+01         1.078659639548138e-09         
4.815937500000000e+01         1.081283464290630e-09         
4.816250000000000e+01         1.083904050486825e-09         
4.816562500000001e+01         1.086537202126328e-09         
4.816875000000000e+01         1.089159862012862e-09         
4.817187500000000e+01         1.091783460684915e-09         
4.817500000000000e+01         1.094419550957392e-09         
4.817812500000000e+01         1.097044221761199e-09         
4.818125000000001e+01         1.099681498251211e-09         
4.818437500000000e+01         1.102306003630285e-09         
4.818750000000000e+01         1.104929504113580e-09         
4.819062500000000e+01         1.107564629509596e-09         
4.819375000000000e+01         1.110186207628812e-09         
4.819687500000001e+01         1.112812155039059e-09         
4.820000000000000e+01         1.115436664262906e-09         
4.820312500000000e+01         1.118052489017279e-09         
4.820625000000000e+01         1.120672415593337e-09         
4.820937500000000e+01         1.123289119135804e-09         
4.821250000000001e+01         1.125902213898752e-09         
4.821562500000000e+01         1.128505456538498e-09         
4.821875000000000e+01         1.131111445615218e-09         
4.822187500000000e+01         1.133711983246396e-09         
4.822500000000000e+01         1.136308672842147e-09         
4.822812500000001e+01         1.138900043901289e-09         
4.823125000000000e+01         1.141479428264750e-09         
4.823437500000000e+01         1.144059210214842e-09         
4.823750000000000e+01         1.146631862296469e-09         
4.824062500000000e+01         1.149191852574010e-09         
4.824375000000001e+01         1.151757069179780e-09         
4.824687500000000e+01         1.154302132673832e-09         
4.825000000000000e+01         1.156839934133050e-09         
4.825312500000000e+01         1.159380670640808e-09         
4.825625000000000e+01         1.161900223648106e-09         
4.825937500000001e+01         1.164416056317752e-09         
4.826250000000000e+01         1.166922785600923e-09         
4.826562500000000e+01         1.169412495100235e-09         
4.826875000000000e+01         1.171904969021733e-09         
4.827187500000000e+01         1.174372593782573e-09         
4.827500000000001e+01         1.176834512712029e-09         
4.827812500000000e+01         1.179284991504989e-09         
4.828125000000000e+01         1.181715969823883e-09         
4.828437500000000e+01         1.184139696117783e-09         
4.828750000000000e+01         1.186550723086436e-09         
4.829062500000001e+01         1.188947554690929e-09         
4.829375000000000e+01         1.191322936491763e-09         
4.829687500000000e+01         1.193689936550580e-09         
4.830000000000000e+01         1.196040494328805e-09         
4.830312500000000e+01         1.198368899763076e-09         
4.830625000000001e+01         1.200693387575155e-09         
4.830937500000000e+01         1.202987931654791e-09         
4.831250000000000e+01         1.205264804249886e-09         
4.831562500000000e+01         1.207537290558600e-09         
4.831875000000000e+01         1.209777109828826e-09         
4.832187500000001e+01         1.212010775435199e-09         
4.832500000000000e+01         1.214211664782405e-09         
4.832812500000000e+01         1.216392317575708e-09         
4.833125000000000e+01         1.218565104831439e-09         
4.833437500000000e+01         1.220703583199686e-09         
4.833750000000001e+01         1.222827161368460e-09         
4.834062500000000e+01         1.224928325718524e-09         
4.834375000000000e+01         1.226999640073382e-09         
4.834687500000000e+01         1.229053373839740e-09         
4.835000000000000e+01         1.231084284711395e-09         
4.835312500000001e+01         1.233089528544815e-09         
4.835625000000000e+01         1.235064948684079e-09         
4.835937500000000e+01         1.237020554105596e-09         
4.836250000000000e+01         1.238949326033476e-09         
4.836562500000000e+01         1.240845348912808e-09         
4.836875000000001e+01         1.242727269564410e-09         
4.837187500000000e+01         1.244568524227149e-09         
4.837500000000000e+01         1.246381599702904e-09         
4.837812500000000e+01         1.248180235722985e-09         
4.838125000000000e+01         1.249935478725227e-09         
4.838437500000001e+01         1.251674229201677e-09         
4.838750000000000e+01         1.253369625071173e-09         
4.839062500000000e+01         1.255034324401483e-09         
4.839375000000000e+01         1.256681189168374e-09         
4.839687500000000e+01         1.258283123224084e-09         
4.840000000000001e+01         1.259860164511116e-09         
4.840312500000000e+01         1.261404539142356e-09         
4.840625000000000e+01         1.262908573352671e-09         
4.840937500000000e+01         1.264385291266808e-09         
4.841250000000000e+01         1.265829226944838e-09         
4.841562500000001e+01         1.267237498349126e-09         
4.841875000000000e+01         1.268604808864384e-09         
4.842187500000000e+01         1.269945161190448e-09         
4.842500000000000e+01         1.271247611270424e-09         
4.842812500000000e+01         1.272515119332309e-09         
4.843125000000001e+01         1.273744803917468e-09         
4.843437500000000e+01         1.274931558526820e-09         
4.843750000000000e+01         1.276088187733706e-09         
4.844062500000000e+01         1.277206032800703e-09         
4.844375000000000e+01         1.278280702716728e-09         
4.844687500000001e+01         1.279329308707554e-09         
4.845000000000000e+01         1.280325657440729e-09         
4.845312500000000e+01         1.281282963939136e-09         
4.845625000000000e+01         1.282214392166482e-09         
4.845937500000000e+01         1.283092400684812e-09         
4.846250000000001e+01         1.283937756437065e-09         
4.846562500000000e+01         1.284742881587815e-09         
4.846875000000000e+01         1.285499990026587e-09         
4.847187500000000e+01         1.286229772549264e-09         
4.847500000000000e+01         1.286904829126056e-09         
4.847812500000001e+01         1.287544856869414e-09         
4.848125000000000e+01         1.288144311016641e-09         
4.848437500000000e+01         1.288694639663106e-09         
4.848750000000000e+01         1.289210559932175e-09         
4.849062500000000e+01         1.289684131271855e-09         
4.849375000000001e+01         1.290114191478042e-09         
4.849687500000000e+01         1.290495603549433e-09         
4.850000000000000e+01         1.290841826502377e-09         
4.850312500000000e+01         1.291143939283817e-09         
4.850625000000000e+01         1.291397109249121e-09         
4.850937500000001e+01         1.291621943324338e-09         
4.851250000000000e+01         1.291789086958784e-09         
4.851562500000000e+01         1.291913137574558e-09         
4.851875000000000e+01         1.292007461908604e-09         
4.852187500000000e+01         1.292045199439141e-09         
4.852500000000001e+01         1.292053127016695e-09         
4.852812500000000e+01         1.292004372261853e-09         
4.853125000000000e+01         1.291913649563570e-09         
4.853437500000000e+01         1.291791831186076e-09         
4.853750000000000e+01         1.291613513521150e-09         
4.854062500000001e+01         1.291398255618773e-09         
4.854375000000000e+01         1.291141039604762e-09         
4.854687500000000e+01         1.290833531842591e-09         
4.855000000000000e+01         1.290490623758801e-09         
4.855312500000000e+01         1.290104981293676e-09         
4.855625000000001e+01         1.289675414787001e-09         
4.855937500000000e+01         1.289197322278508e-09         
4.856250000000000e+01         1.288684110114152e-09         
4.856562500000000e+01         1.288127719418261e-09         
4.856875000000000e+01         1.287523161973377e-09         
4.857187500000001e+01         1.286891429787142e-09         
4.857500000000000e+01         1.286203586901267e-09         
4.857812500000000e+01         1.285474412552897e-09         
4.858125000000000e+01         1.284717530458653e-09         
4.858437500000000e+01         1.283906443668989e-09         
4.858750000000001e+01         1.283068170136628e-09         
4.859062500000000e+01         1.282176074625237e-09         
4.859375000000000e+01         1.281244181551243e-09         
4.859687500000000e+01         1.280287070040129e-09         
4.860000000000000e+01         1.279275960147417e-09         
4.860312500000001e+01         1.278231909527503e-09         
4.860625000000000e+01         1.277150276971513e-09         
4.860937500000000e+01         1.276023015866994e-09         
4.861250000000000e+01         1.274863852502697e-09         
4.861562500000000e+01         1.273669327392992e-09         
4.861875000000001e+01         1.272435165967897e-09         
4.862187500000000e+01         1.271158079139114e-09         
4.862500000000000e+01         1.269851780094216e-09         
4.862812500000000e+01         1.268508178382164e-09         
4.863125000000000e+01         1.267130106206769e-09         
4.863437500000001e+01         1.265715681097860e-09         
4.863750000000000e+01         1.264261377781092e-09         
4.864062500000000e+01         1.262778942098340e-09         
4.864375000000000e+01         1.261261339445755e-09         
4.864687500000000e+01         1.259704303882854e-09         
4.865000000000001e+01         1.258127470520738e-09         
4.865312500000000e+01         1.256504835246262e-09         
4.865625000000000e+01         1.254850288777838e-09         
4.865937500000000e+01         1.253178266027251e-09         
4.866250000000000e+01         1.251461057686371e-09         
4.866562500000001e+01         1.249726419387685e-09         
4.866875000000000e+01         1.247948440462553e-09         
4.867187500000000e+01         1.246140784645958e-09         
4.867500000000000e+01         1.244317272198431e-09         
4.867812500000000e+01         1.242452074323703e-09         
4.868125000000001e+01         1.240565894531916e-09         
4.868437500000000e+01         1.238652200324274e-09         
4.868750000000000e+01         1.236704391157264e-09         
4.869062500000000e+01         1.234735976478391e-09         
4.869375000000000e+01         1.232742628341865e-09         
4.869687500000001e+01         1.230722824306991e-09         
4.870000000000000e+01         1.228672104499094e-09         
4.870312500000000e+01         1.226605112480994e-09         
4.870625000000000e+01         1.224511894504940e-09         
4.870937500000000e+01         1.222389566086301e-09         
4.871250000000001e+01         1.220257247793638e-09         
4.871562500000000e+01         1.218089810186362e-09         
4.871875000000000e+01         1.215900598101409e-09         
4.872187500000000e+01         1.213702855259567e-09         
4.872500000000000e+01         1.211472706604787e-09         
4.872812500000001e+01         1.209234029668993e-09         
4.873125000000000e+01         1.206963065014836e-09         
4.873437500000000e+01         1.204672910979145e-09         
4.873750000000000e+01         1.202376842919069e-09         
4.874062500000000e+01         1.200050032548836e-09         
4.874375000000001e+01         1.197712460548683e-09         
4.874687500000000e+01         1.195357843885731e-09         
4.875000000000000e+01         1.192979846262355e-09         
4.875312500000000e+01         1.190591369993467e-09         
4.875625000000000e+01         1.188188608925886e-09         
4.875937500000001e+01         1.185769872937729e-09         
4.876250000000000e+01         1.183330716521446e-09         
4.876562500000000e+01         1.180884423853978e-09         
4.876875000000000e+01         1.178424307300195e-09         
4.877187500000000e+01         1.175944679044500e-09         
4.877500000000001e+01         1.173464601697126e-09         
4.877812500000000e+01         1.170960252689090e-09         
4.878125000000000e+01         1.168444291583367e-09         
4.878437500000000e+01         1.165929531144883e-09         
4.878750000000000e+01         1.163391725393766e-09         
4.879062500000001e+01         1.160856852574372e-09         
4.879375000000000e+01         1.158299118620221e-09         
4.879687500000000e+01         1.155732095599383e-09         
4.880000000000000e+01         1.153168276112091e-09         
4.880312500000000e+01         1.150583856687481e-09         
4.880625000000001e+01         1.147997067075732e-09         
4.880937500000000e+01         1.145403894536243e-09         
4.881250000000000e+01         1.142797929538332e-09         
4.881562500000000e+01         1.140189832543541e-09         
4.881875000000000e+01         1.137576434701776e-09         
4.882187500000001e+01         1.134956123928514e-09         
4.882500000000000e+01         1.132324827060138e-09         
4.882812500000000e+01         1.129694805943429e-09         
4.883125000000000e+01         1.127060094910708e-09         
4.883437500000000e+01         1.124421275045134e-09         
4.883750000000001e+01         1.121777558748844e-09         
4.884062500000000e+01         1.119124731446225e-09         
4.884375000000000e+01         1.116475028806704e-09         
4.884687500000000e+01         1.113821853960019e-09         
4.885000000000000e+01         1.111160548447988e-09         
4.885312500000001e+01         1.108509800278838e-09         
4.885625000000000e+01         1.105844680795142e-09         
4.885937500000000e+01         1.103178335689531e-09         
4.886250000000000e+01         1.100522223644181e-09         
4.886562500000000e+01         1.097854070439212e-09         
4.886875000000001e+01         1.095196693459631e-09         
4.887187500000000e+01         1.092527794484222e-09         
4.887500000000000e+01         1.089859121044134e-09         
4.887812500000000e+01         1.087203258636530e-09         
4.888125000000000e+01         1.084535758205275e-09         
4.888437500000001e+01         1.081874688620768e-09         
4.888750000000000e+01         1.079215823122726e-09         
4.889062500000000e+01         1.076552494926060e-09         
4.889375000000000e+01         1.073896506110646e-09         
4.889687500000000e+01         1.071243996603625e-09         
4.890000000000001e+01         1.068592456003442e-09         
4.890312500000000e+01         1.065938613368785e-09         
4.890625000000000e+01         1.063293396717344e-09         
4.890937500000000e+01         1.060650722779528e-09         
4.891250000000000e+01         1.058006370916622e-09         
4.891562500000001e+01         1.055376833819749e-09         
4.891875000000000e+01         1.052740931048106e-09         
4.892187500000000e+01         1.050108245496310e-09         
4.892500000000000e+01         1.047491099764170e-09         
4.892812500000000e+01         1.044867476951067e-09         
4.893125000000001e+01         1.042259560930806e-09         
4.893437500000000e+01         1.039645689507568e-09         
4.893750000000000e+01         1.037037184928564e-09         
4.894062500000000e+01         1.034445620866691e-09         
4.894375000000000e+01         1.031847898012908e-09         
4.894687500000001e+01         1.029261153683871e-09         
4.895000000000000e+01         1.026681094175797e-09         
4.895312500000000e+01         1.024101230853948e-09         
4.895625000000000e+01         1.021532772767045e-09         
4.895937500000000e+01         1.018971552959026e-09         
4.896250000000001e+01         1.016417007124175e-09         
4.896562500000000e+01         1.013863321451930e-09         
4.896875000000000e+01         1.011322283686962e-09         
4.897187500000000e+01         1.008787930352994e-09         
4.897500000000000e+01         1.006255582413635e-09         
4.897812500000001e+01         1.003741396752639e-09         
4.898125000000000e+01         1.001223845294551e-09         
4.898437500000000e+01         9.987147426094976e-10         
4.898750000000000e+01         9.962232778517154e-10         
4.899062500000000e+01         9.937292180547314e-10         
4.899375000000001e+01         9.912536539623630e-10         
4.899687500000000e+01         9.887759522236699e-10         
4.900000000000000e+01         9.863062376029564e-10         
4.900312500000000e+01         9.838554957901118e-10         
4.900625000000000e+01         9.814032036146127e-10         
4.900937500000001e+01         9.789638137308217e-10         
4.901250000000000e+01         9.765338291372682e-10         
4.901562500000000e+01         9.741070539762634e-10         
4.901875000000000e+01         9.716941005582266e-10         
4.902187500000000e+01         9.692905632533213e-10         
4.902500000000001e+01         9.668960097090612e-10         
4.902812500000000e+01         9.645051989816542e-10         
4.903125000000000e+01         9.621292164957402e-10         
4.903437500000000e+01         9.597616547714672e-10         
4.903750000000000e+01         9.574040695836057e-10         
4.904062500000001e+01         9.550554409848019e-10         
4.904375000000000e+01         9.527113440190149e-10         
4.904687500000000e+01         9.503822252465109e-10         
4.905000000000000e+01         9.480627195282722e-10         
4.905312500000000e+01         9.457474822493608e-10         
4.905625000000001e+01         9.434522348417525e-10         
4.905937500000000e+01         9.411566215638643e-10         
4.906250000000000e+01         9.388706611049840e-10         
4.906562500000000e+01         9.366050296073137e-10         
4.906875000000000e+01         9.343391054814964e-10         
4.907187500000001e+01         9.320937004853424e-10         
4.907500000000000e+01         9.298478334609359e-10         
4.907812500000000e+01         9.276118778511722e-10         
4.908125000000000e+01         9.253961178542250e-10         
4.908437500000000e+01         9.231805964202739e-10         
4.908750000000001e+01         9.209799982526654e-10         
4.909062500000000e+01         9.187903763757436e-10         
4.909375000000000e+01         9.166053829779361e-10         
4.909687500000000e+01         9.144355613811502e-10         
4.910000000000000e+01         9.122763038685330e-10         
4.910312500000001e+01         9.101270813896545e-10         
4.910625000000000e+01         9.079833177800978e-10         
4.910937500000000e+01         9.058550835794976e-10         
4.911250000000000e+01         9.037374261509961e-10         
4.911562500000000e+01         9.016248210492302e-10         
4.911875000000001e+01         8.995324173705622e-10         
4.912187500000000e+01         8.974407102312548e-10         
4.912500000000000e+01         8.953594802510700e-10         
4.912812500000000e+01         8.932984617338386e-10         
4.913125000000000e+01         8.912381126811498e-10         
4.913437500000001e+01         8.891983217517381e-10         
4.913750000000000e+01         8.871589661614114e-10         
4.914062500000000e+01         8.851299124867781e-10         
4.914375000000000e+01         8.831211979997618e-10         
4.914687500000000e+01         8.811132114568960e-10         
4.915000000000001e+01         8.791205888003221e-10         
4.915312500000000e+01         8.771385414956498e-10         
4.915625000000000e+01         8.751620003870730e-10         
4.915937500000000e+01         8.732010665979603e-10         
4.916250000000000e+01         8.712504982412787e-10         
4.916562500000001e+01         8.693102507860199e-10         
4.916875000000000e+01         8.673756316251885e-10         
4.917187500000000e+01         8.654565567693530e-10         
4.917500000000000e+01         8.635477160809756e-10         
4.917812500000000e+01         8.616448501410153e-10         
4.918125000000001e+01         8.597615709769820e-10         
4.918437500000000e+01         8.578794341069709e-10         
4.918750000000000e+01         8.560076148796227e-10         
4.919062500000000e+01         8.541557027906535e-10         
4.919375000000000e+01         8.523045673207754e-10         
4.919687500000001e+01         8.504734042881373e-10         
4.920000000000000e+01         8.486433202607506e-10         
4.920312500000000e+01         8.468234741982446e-10         
4.920625000000000e+01         8.450234108351341e-10         
4.920937500000000e+01         8.432240555968983e-10         
4.921250000000001e+01         8.414396838827629e-10         
4.921562500000000e+01         8.396659131213032e-10         
4.921875000000000e+01         8.378975255644693e-10         
4.922187500000000e+01         8.361442568091899e-10         
4.922500000000000e+01         8.344009183351727e-10         
4.922812500000001e+01         8.326678176987693e-10         
4.923125000000000e+01         8.309401492147938e-10         
4.923437500000000e+01         8.292273947421343e-10         
4.923750000000000e+01         8.275246149251545e-10         
4.924062500000000e+01         8.258322085363750e-10         
4.924375000000001e+01         8.241497302078019e-10         
4.924687500000000e+01         8.224727214345498e-10         
4.925000000000000e+01         8.208105179410613e-10         
4.925312500000000e+01         8.191579631834161e-10         
4.925625000000000e+01         8.175110560798624e-10         
4.925937500000001e+01         8.158832142674917e-10         
4.926250000000000e+01         8.142562265391639e-10         
4.926562500000000e+01         8.126390843678982e-10         
4.926875000000000e+01         8.110408905793467e-10         
4.927187500000000e+01         8.094435675326765e-10         
4.927500000000001e+01         8.078650936076954e-10         
4.927812500000000e+01         8.062873863861891e-10         
4.928125000000000e+01         8.047194644918094e-10         
4.928437500000000e+01         8.031703046814376e-10         
4.928750000000000e+01         8.016219452134348e-10         
4.929062500000001e+01         8.000874874768839e-10         
4.929375000000000e+01         7.985628794903107e-10         
4.929687500000000e+01         7.970433980209181e-10         
4.930000000000000e+01         7.955380836379314e-10         
4.930312500000000e+01         7.940423958614546e-10         
4.930625000000001e+01         7.925559477254126e-10         
4.930937500000000e+01         7.910750545836775e-10         
4.931250000000000e+01         7.896076930440898e-10         
4.931562500000000e+01         7.881498160485114e-10         
4.931875000000000e+01         7.866972076270956e-10         
4.932187500000001e+01         7.852626118431449e-10         
4.932500000000000e+01         7.838285841823524e-10         
4.932812500000000e+01         7.824039656550266e-10         
4.933125000000000e+01         7.809972919442089e-10         
4.933437500000000e+01         7.795911775210858e-10         
4.933750000000001e+01         7.782030355595070e-10         
4.934062500000000e+01         7.768154146429835e-10         
4.934375000000000e+01         7.754368995304797e-10         
4.934687500000000e+01         7.740763441031777e-10         
4.935000000000000e+01         7.727162198497958e-10         
4.935312500000001e+01         7.713693932664011e-10         
4.935625000000000e+01         7.700313849908170e-10         
4.935937500000000e+01         7.686984255525382e-10         
4.936250000000000e+01         7.673788259524042e-10         
4.936562500000000e+01         7.660681053977142e-10         
4.936875000000001e+01         7.647662331853964e-10         
4.937187500000000e+01         7.634687556247810e-10         
4.937500000000000e+01         7.621846840835414e-10         
4.937812500000000e+01         7.609095148581193e-10         
4.938125000000000e+01         7.596387667088619e-10         
4.938437500000001e+01         7.583853280340393e-10         
4.938750000000000e+01         7.571321341644967e-10         
4.939062500000000e+01         7.558877403501489e-10         
4.939375000000000e+01         7.546601883176585e-10         
4.939687500000000e+01         7.534330506638977e-10         
4.940000000000001e+01         7.522228982808159e-10         
4.940312500000000e+01         7.510130385719206e-10         
4.940625000000000e+01         7.498115698405508e-10         
4.940937500000000e+01         7.486271727389846e-10         
4.941250000000000e+01         7.474427455724299e-10         
4.941562500000001e+01         7.462710119286393e-10         
4.941875000000000e+01         7.451075850576026e-10         
4.942187500000000e+01         7.439484677295556e-10         
4.942500000000000e+01         7.428020281251863e-10         
4.942812500000000e+01         7.416638169594238e-10         
4.943125000000001e+01         7.405338349625318e-10         
4.943437500000000e+01         7.394121268004513e-10         
4.943750000000000e+01         7.382944834559648e-10         
4.944062500000000e+01         7.371893550326923e-10         
4.944375000000000e+01         7.360922123162575e-10         
4.944687500000001e+01         7.350034631818996e-10         
4.945000000000000e+01         7.339185178273673e-10         
4.945312500000000e+01         7.328457375788598e-10         
4.945625000000000e+01         7.317813237508766e-10         
4.945937500000000e+01         7.307203852565931e-10         
4.946250000000001e+01         7.296761723865172e-10         
4.946562500000000e+01         7.286314316359538e-10         
4.946875000000000e+01         7.275945722430988e-10         
4.947187500000000e+01         7.265740849237127e-10         
4.947500000000000e+01         7.255530435868701e-10         
4.947812500000001e+01         7.245483567736198e-10         
4.948125000000000e+01         7.235429195452313e-10         
4.948437500000000e+01         7.225454326710580e-10         
4.948750000000000e+01         7.215642035584634e-10         
4.949062500000000e+01         7.205822112341261e-10         
4.949375000000001e+01         7.196123704410374e-10         
4.949687500000000e+01         7.186498808555283e-10         
4.950000000000000e+01         7.176909891065292e-10         
4.950312500000000e+01         7.167437643406914e-10         
4.950625000000000e+01         7.158041218205406e-10         
4.950937500000001e+01         7.148723608227732e-10         
4.951250000000000e+01         7.139440031341704e-10         
4.951562500000000e+01         7.130270794901818e-10         
4.951875000000000e+01         7.121180005531093e-10         
4.952187500000000e+01         7.112120446792903e-10         
4.952500000000001e+01         7.103215468084429e-10         
4.952812500000000e+01         7.094305012979388e-10         
4.953125000000000e+01         7.085468755218629e-10         
4.953437500000000e+01         7.076788704485542e-10         
4.953750000000000e+01         7.068099503018553e-10         
4.954062500000001e+01         7.059565680856755e-10         
4.954375000000000e+01         7.051022676886398e-10         
4.954687500000000e+01         7.042549106386467e-10         
4.955000000000000e+01         7.034233617201585e-10         
4.955312500000000e+01         7.025907936804462e-10         
4.955625000000001e+01         7.017697769697998e-10         
4.955937500000000e+01         7.009555203013554e-10         
4.956250000000000e+01         7.001443851012968e-10         
4.956562500000000e+01         6.993444196517420e-10         
4.956875000000000e+01         6.985515691638026e-10         
4.957187500000001e+01         6.977661276495435e-10         
4.957500000000000e+01         6.969834430180633e-10         
4.957812500000000e+01         6.962116771213815e-10         
4.958125000000000e+01         6.954473491141338e-10         
4.958437500000000e+01         6.946857831042778e-10         
4.958750000000001e+01         6.939388421576717e-10         
4.959062500000000e+01         6.931910521031534e-10         
4.959375000000000e+01         6.924502613899904e-10         
4.959687500000000e+01         6.917244916961797e-10         
4.960000000000000e+01         6.909975416853365e-10         
4.960312500000001e+01         6.902853980718610e-10         
4.960625000000000e+01         6.895720124192717e-10         
4.960937500000000e+01         6.888655656293969e-10         
4.961250000000000e+01         6.881734527027983e-10         
4.961562500000000e+01         6.874804078924753e-10         
4.961875000000001e+01         6.867984326826385e-10         
4.962187500000000e+01         6.861227665602226e-10         
4.962500000000000e+01         6.854499335401503e-10         
4.962812500000000e+01         6.847881064669098e-10         
4.963125000000000e+01         6.841324424926048e-10         
4.963437500000001e+01         6.834834835850594e-10         
4.963750000000000e+01         6.828410927799285e-10         
4.964062500000000e+01         6.822015119258085e-10         
4.964375000000000e+01         6.815727375050756e-10         
4.964687500000000e+01         6.809501514344746e-10         
4.965000000000001e+01         6.803344737803289e-10         
4.965312500000000e+01         6.797206896137969e-10         
4.965625000000000e+01         6.791176449568650e-10         
4.965937500000000e+01         6.785215774368585e-10         
4.966250000000000e+01         6.779276691842069e-10         
4.966562500000001e+01         6.773482485076597e-10         
4.966875000000000e+01         6.767673292587579e-10         
4.967187500000000e+01         6.761928396260007e-10         
4.967500000000000e+01         6.756321558874094e-10         
4.967812500000000e+01         6.750703906519548e-10         
4.968125000000001e+01         6.745230087950880e-10         
4.968437500000000e+01         6.739739978588456e-10         
4.968750000000000e+01         6.734312856759118e-10         
4.969062500000000e+01         6.729028102946084e-10         
4.969375000000000e+01         6.723727387659927e-10         
4.969687500000001e+01         6.718526778623050e-10         
4.970000000000000e+01         6.713389418619303e-10         
4.970312500000000e+01         6.708276649992470e-10         
4.970625000000000e+01         6.703268751559928e-10         
4.970937500000000e+01         6.698318024763222e-10         
4.971250000000001e+01         6.693434448394205e-10         
4.971562500000000e+01         6.688569880781486e-10         
4.971875000000000e+01         6.683805784530584e-10         
4.972187500000000e+01         6.679102137261547e-10         
4.972500000000000e+01         6.674422935965896e-10         
4.972812500000001e+01         6.669884688671159e-10         
4.973125000000000e+01         6.665328113113508e-10         
4.973437500000000e+01         6.660833084963354e-10         
4.973750000000000e+01         6.656477652517564e-10         
4.974062500000000e+01         6.652098946944013e-10         
4.974375000000001e+01         6.647865800482322e-10         
4.974687500000000e+01         6.643613392202664e-10         
4.975000000000000e+01         6.639420796095618e-10         
4.975312500000000e+01         6.635368258575996e-10         
4.975625000000000e+01         6.631297278605437e-10         
4.975937500000001e+01         6.627322601551141e-10         
4.976250000000000e+01         6.623408342685563e-10         
4.976562500000000e+01         6.619516596179204e-10         
4.976875000000000e+01         6.615726750924434e-10         
4.977187500000000e+01         6.611991152384441e-10         
4.977500000000001e+01         6.608320100757922e-10         
4.977812500000000e+01         6.604666916018514e-10         
4.978125000000000e+01         6.601108994134064e-10         
4.978437500000000e+01         6.597610765185266e-10         
4.978750000000000e+01         6.594134482466288e-10         
4.979062500000001e+01         6.590796151219243e-10         
4.979375000000000e+01         6.587437531651151e-10         
4.979687500000000e+01         6.584137945218321e-10         
4.980000000000000e+01         6.580974693487673e-10         
4.980312500000000e+01         6.577791906831354e-10         
4.980625000000001e+01         6.574740781662813e-10         
4.980937500000000e+01         6.571675582566626e-10         
4.981250000000000e+01         6.568667617179990e-10         
4.981562500000000e+01         6.565796239603200e-10         
4.981875000000000e+01         6.562904525560783e-10         
4.982187500000001e+01         6.560112549442905e-10         
4.982500000000000e+01         6.557374181125291e-10         
4.982812500000000e+01         6.554650650350485e-10         
4.983125000000000e+01         6.552031849463036e-10         
4.983437500000000e+01         6.549465209149546e-10         
4.983750000000001e+01         6.546962834807228e-10         
4.984062500000000e+01         6.544510566110585e-10         
4.984375000000000e+01         6.542081161210619e-10         
4.984687500000000e+01         6.539744537284507e-10         
4.985000000000000e+01         6.537465676616635e-10         
4.985312500000001e+01         6.535248242389668e-10         
4.985625000000000e+01         6.533047784782825e-10         
4.985937500000000e+01         6.530940391916450e-10         
4.986250000000000e+01         6.528895650551716e-10         
4.986562500000000e+01         6.526865428231294e-10         
4.986875000000001e+01         6.524964717124632e-10         
4.987187500000000e+01         6.523049165322991e-10         
4.987500000000000e+01         6.521188615077403e-10         
4.987812500000000e+01         6.519464540470372e-10         
4.988125000000000e+01         6.517718827338673e-10         
4.988437500000001e+01         6.516106502207494e-10         
4.988750000000000e+01         6.514473156368928e-10         
4.989062500000000e+01         6.512896698780189e-10         
4.989375000000000e+01         6.511449150503064e-10         
4.989687500000000e+01         6.509985247193508e-10         
4.990000000000001e+01         6.508619544406285e-10         
4.990312500000000e+01         6.507304575112468e-10         
4.990625000000000e+01         6.506010265993797e-10         
4.990937500000000e+01         6.504814247415761e-10         
4.991250000000000e+01         6.503668257449524e-10         
4.991562500000001e+01         6.502578401105497e-10         
4.991875000000000e+01         6.501508783008593e-10         
4.992187500000000e+01         6.500532384108659e-10         
4.992500000000000e+01         6.499616561949876e-10         
4.992812500000000e+01         6.498715806191568e-10         
4.993125000000001e+01         6.497947753536357e-10         
4.993437500000000e+01         6.497153674501422e-10         
4.993750000000000e+01         6.496421662876033e-10         
4.994062500000000e+01         6.495821788610614e-10         
4.994375000000000e+01         6.495201148849564e-10         
4.994687500000001e+01         6.494714500041019e-10         
4.995000000000000e+01         6.494205681023051e-10         
4.995312500000000e+01         6.493752690623488e-10         
4.995625000000000e+01         6.493427337143276e-10         
4.995937500000000e+01         6.493086323460420e-10         
4.996250000000001e+01         6.492843001938572e-10         
4.996562500000000e+01         6.492650525003675e-10         
4.996875000000000e+01         6.492477289978299e-10         
4.997187500000000e+01         6.492402197552021e-10         
4.997500000000000e+01         6.492377469566287e-10         
4.997812500000001e+01         6.492408412642148e-10         
4.998125000000000e+01         6.492459419127212e-10         
4.998437500000000e+01         6.492602278962089e-10         
4.998750000000000e+01         6.492807807490088e-10         
4.999062500000000e+01         6.493025464072440e-10         
4.999375000000001e+01         6.493378903965395e-10         
4.999687500000000e+01         6.493710179815969e-10         
5.000000000000000e+01         6.494096788222616e-10         
