time                          relative_error                
0.000000000000000e+00         0.000000000000000e+00         
1.250000000000000e-02         7.175345386685384e-11         
2.500000000000000e-02         1.434341737866351e-10         
3.750000000000001e-02         2.149699098227298e-10         
5.000000000000000e-02         2.862892720507026e-10         
6.250000000000000e-02         3.573223325676572e-10         
7.500000000000001e-02         4.280009351486265e-10         
8.750000000000001e-02         4.982590841500176e-10         
1.000000000000000e-01         5.680333710666174e-10         
1.125000000000000e-01         6.372632424346450e-10         
1.250000000000000e-01         7.058915267948671e-10         
1.375000000000000e-01         7.738644511832553e-10         
1.500000000000000e-01         8.411318199801014e-10         
1.625000000000000e-01         9.076474071032433e-10         
1.750000000000000e-01         9.733692089128788e-10         
1.875000000000000e-01         1.038258979495463e-09         
2.000000000000000e-01         1.102282740764737e-09         
2.125000000000000e-01         1.165410898319319e-09         
2.250000000000000e-01         1.227617545052373e-09         
2.375000000000000e-01         1.288881540096387e-09         
2.500000000000000e-01         1.349185023267526e-09         
2.625000000000000e-01         1.408514592783863e-09         
2.750000000000000e-01         1.466860293502867e-09         
2.875000000000000e-01         1.524215735534859e-09         
3.000000000000000e-01         1.580578467699572e-09         
3.125000000000000e-01         1.635948359382430e-09         
3.250000000000000e-01         1.690329142274412e-09         
3.375000000000000e-01         1.743727139173419e-09         
3.500000000000000e-01         1.796151021531635e-09         
3.625000000000000e-01         1.847612105116199e-09         
3.750000000000000e-01         1.898124104108094e-09         
3.875000000000000e-01         1.947702483041497e-09         
4.000000000000000e-01         1.996364399108459e-09         
4.125000000000000e-01         2.044129077735354e-09         
4.250000000000000e-01         2.091016584747853e-09         
4.375000000000000e-01         2.137048907395595e-09         
4.500000000000000e-01         2.182248912311934e-09         
4.625000000000000e-01         2.226639812950010e-09         
4.750000000000000e-01         2.270246178211085e-09         
4.875000000000000e-01         2.313093501252620e-09         
5.000000000000000e-01         2.355206762057508e-09         
5.125000000000001e-01         2.396612754737771e-09         
5.250000000000000e-01         2.437337300452224e-09         
5.375000000000000e-01         2.477407144312883e-09         
5.500000000000000e-01         2.516849006005606e-09         
5.625000000000000e-01         2.555689364376656e-09         
5.750000000000001e-01         2.593954892323106e-09         
5.875000000000000e-01         2.631672105755471e-09         
6.000000000000001e-01         2.668867955066351e-09         
6.125000000000000e-01         2.705567685805028e-09         
6.250000000000000e-01         2.741797910828312e-09         
6.375000000000001e-01         2.777584153042859e-09         
6.500000000000000e-01         2.812951854952607e-09         
6.625000000000001e-01         2.847925923759078e-09         
6.750000000000000e-01         2.882530638893876e-09         
6.875000000000000e-01         2.916791226701924e-09         
7.000000000000001e-01         2.950730943359614e-09         
7.125000000000000e-01         2.984373132794329e-09         
7.250000000000001e-01         3.017741763025392e-09         
7.375000000000000e-01         3.050858666380528e-09         
7.500000000000000e-01         3.083746868089346e-09         
7.625000000000001e-01         3.116428017048809e-09         
7.750000000000000e-01         3.148923862027640e-09         
7.875000000000001e-01         3.181255226322398e-09         
8.000000000000000e-01         3.213443033221421e-09         
8.125000000000000e-01         3.245507747306326e-09         
8.250000000000001e-01         3.277469553989019e-09         
8.375000000000000e-01         3.309347944648276e-09         
8.500000000000001e-01         3.341162918648742e-09         
8.625000000000000e-01         3.372932646295839e-09         
8.750000000000000e-01         3.404676615468634e-09         
8.875000000000001e-01         3.436412903904583e-09         
9.000000000000000e-01         3.468159786362407e-09         
9.125000000000001e-01         3.499935628631074e-09         
9.250000000000000e-01         3.531757489575163e-09         
9.375000000000000e-01         3.563643154414849e-09         
9.500000000000001e-01         3.595609977754242e-09         
9.625000000000000e-01         3.627674665642182e-09         
9.750000000000001e-01         3.659854525179401e-09         
9.875000000000000e-01         3.692165845634734e-09         
1.000000000000000e+00         3.724625313850157e-09         
1.012500000000000e+00         3.757249371484819e-09         
1.025000000000000e+00         3.790054687761723e-09         
1.037500000000000e+00         3.823056909510190e-09         
1.050000000000000e+00         3.856272206406168e-09         
1.062500000000000e+00         3.889716849988382e-09         
1.075000000000000e+00         3.923406951677740e-09         
1.087500000000000e+00         3.957358158673980e-09         
1.100000000000000e+00         3.991586465750598e-09         
1.112500000000000e+00         4.026107893574093e-09         
1.125000000000000e+00         4.060938069416579e-09         
1.137500000000000e+00         4.096093323774705e-09         
1.150000000000000e+00         4.131589821119278e-09         
1.162500000000000e+00         4.167442861032477e-09         
1.175000000000000e+00         4.203669156648785e-09         
1.187500000000000e+00         4.240284921088705e-09         
1.200000000000000e+00         4.277306249437508e-09         
1.212500000000000e+00         4.314749527397767e-09         
1.225000000000000e+00         4.352631548238120e-09         
1.237500000000000e+00         4.390969115140470e-09         
1.250000000000000e+00         4.429778810890972e-09         
1.262500000000000e+00         4.469078057353193e-09         
1.275000000000000e+00         4.508883995077148e-09         
1.287500000000000e+00         4.549214048428912e-09         
1.300000000000000e+00         4.590085984436990e-09         
1.312500000000000e+00         4.631517880481144e-09         
1.325000000000000e+00         4.673528201222936e-09         
1.337500000000000e+00         4.716135033082134e-09         
1.350000000000000e+00         4.759357488722109e-09         
1.362500000000000e+00         4.803214842676127e-09         
1.375000000000000e+00         4.847726393165813e-09         
1.387500000000000e+00         4.892912270574592e-09         
1.400000000000000e+00         4.938792614664515e-09         
1.412500000000000e+00         4.985387919194029e-09         
1.425000000000000e+00         5.032719441626412e-09         
1.437500000000000e+00         5.080808727726952e-09         
1.450000000000000e+00         5.129677728763544e-09         
1.462500000000000e+00         5.179348646940843e-09         
1.475000000000000e+00         5.229844681778052e-09         
1.487500000000000e+00         5.281189281992041e-09         
1.500000000000000e+00         5.333406406118257e-09         
1.512500000000000e+00         5.386520650284683e-09         
1.525000000000000e+00         5.440557122098147e-09         
1.537500000000000e+00         5.495541612474111e-09         
1.550000000000000e+00         5.551500448511935e-09         
1.562500000000000e+00         5.608460804330294e-09         
1.575000000000000e+00         5.666450617553384e-09         
1.587500000000000e+00         5.725497825969636e-09         
1.600000000000000e+00         5.785632142373907e-09         
1.612500000000000e+00         5.846883308583010e-09         
1.625000000000000e+00         5.909282098224372e-09         
1.637500000000000e+00         5.972860105877366e-09         
1.650000000000000e+00         6.037649881129805e-09         
1.662500000000000e+00         6.103684421825337e-09         
1.675000000000000e+00         6.170997958067488e-09         
1.687500000000000e+00         6.239626137634113e-09         
1.700000000000000e+00         6.309604519490461e-09         
1.712500000000000e+00         6.380970137820672e-09         
1.725000000000000e+00         6.453761415826507e-09         
1.737500000000000e+00         6.528017584986557e-09         
1.750000000000000e+00         6.603778620434910e-09         
1.762500000000000e+00         6.681086339642377e-09         
1.775000000000000e+00         6.759982620576808e-09         
1.787500000000000e+00         6.840511510441663e-09         
1.800000000000000e+00         6.922717998262669e-09         
1.812500000000000e+00         7.006648193953243e-09         
1.825000000000000e+00         7.092349554165670e-09         
1.837500000000000e+00         7.179870601964393e-09         
1.850000000000000e+00         7.269261341806540e-09         
1.862500000000000e+00         7.360573278679197e-09         
1.875000000000000e+00         7.453859271446609e-09         
1.887500000000000e+00         7.549173155433675e-09         
1.900000000000000e+00         7.646570343310559e-09         
1.912500000000000e+00         7.746108249705755e-09         
1.925000000000000e+00         7.847845221624429e-09         
1.937500000000000e+00         7.951840550048538e-09         
1.950000000000000e+00         8.058155788386811e-09         
1.962500000000000e+00         8.166854012866460e-09         
1.975000000000000e+00         8.277998370647867e-09         
1.987500000000000e+00         8.391654776147093e-09         
2.000000000000000e+00         8.507890428628591e-09         
2.012500000000000e+00         8.626773235045860e-09         
2.025000000000000e+00         8.748371897255758e-09         
2.037500000000000e+00         8.872758246967793e-09         
2.050000000000000e+00         9.000003828729075e-09         
2.062500000000000e+00         9.130180281594468e-09         
2.075000000000000e+00         9.263363106672184e-09         
2.087500000000000e+00         9.399625441912973e-09         
2.100000000000000e+00         9.539042974556852e-09         
2.112500000000000e+00         9.681691396814446e-09         
2.125000000000000e+00         9.827645709889965e-09         
2.137500000000000e+00         9.976982658197515e-09         
2.150000000000000e+00         1.012977708423034e-08         
2.162500000000000e+00         1.028610397663330e-08         
2.175000000000000e+00         1.044603709683449e-08         
2.187500000000000e+00         1.060964843010651e-08         
2.200000000000000e+00         1.077700865641205e-08         
2.212500000000000e+00         1.094818589569141e-08         
2.225000000000000e+00         1.112324505421903e-08         
2.237500000000000e+00         1.130224710785330e-08         
2.250000000000000e+00         1.148524896955176e-08         
2.262500000000000e+00         1.167230267973948e-08         
2.275000000000000e+00         1.186345209308766e-08         
2.287500000000000e+00         1.205873709304446e-08         
2.300000000000000e+00         1.225818679059017e-08         
2.312500000000000e+00         1.246182061909407e-08         
2.325000000000000e+00         1.266964934732922e-08         
2.337500000000000e+00         1.288166870939644e-08         
2.350000000000000e+00         1.309786272544647e-08         
2.362500000000000e+00         1.331819916617759e-08         
2.375000000000000e+00         1.354262740907798e-08         
2.387500000000000e+00         1.377107852577252e-08         
2.400000000000000e+00         1.400346274331429e-08         
2.412500000000000e+00         1.423966465913719e-08         
2.425000000000000e+00         1.447954591934656e-08         
2.437500000000000e+00         1.472293755553239e-08         
2.450000000000000e+00         1.496964125757365e-08         
2.462500000000000e+00         1.521942631261683e-08         
2.475000000000000e+00         1.547202530452519e-08         
2.487500000000000e+00         1.572713420551551e-08         
2.500000000000000e+00         1.598440941955010e-08         
2.512500000000000e+00         1.624346576722760e-08         
2.525000000000000e+00         1.650387283089367e-08         
2.537500000000000e+00         1.676515679304807e-08         
2.550000000000000e+00         1.702679807734952e-08         
2.562500000000000e+00         1.728822837967945e-08         
2.575000000000000e+00         1.754883640316536e-08         
2.587500000000000e+00         1.780796251240547e-08         
2.600000000000000e+00         1.806490337560985e-08         
2.612500000000000e+00         1.831891663339013e-08         
2.625000000000000e+00         1.856921908141692e-08         
2.637500000000000e+00         1.881499758265067e-08         
2.650000000000000e+00         1.905540874431775e-08         
2.662500000000000e+00         1.928958855625812e-08         
2.675000000000000e+00         1.951666295495571e-08         
2.687500000000000e+00         1.973575051055462e-08         
2.700000000000000e+00         1.994597747041207e-08         
2.712500000000000e+00         2.014648644359442e-08         
2.725000000000000e+00         2.033644586445795e-08         
2.737500000000000e+00         2.051506379190341e-08         
2.750000000000000e+00         2.068159853738054e-08         
2.762500000000000e+00         2.083536919715850e-08         
2.775000000000000e+00         2.097576513207195e-08         
2.787500000000000e+00         2.110225811736013e-08         
2.800000000000000e+00         2.121440892715440e-08         
2.812500000000000e+00         2.131187269870980e-08         
2.825000000000000e+00         2.139440901605171e-08         
2.837500000000000e+00         2.146187860084801e-08         
2.850000000000000e+00         2.151424827303678e-08         
2.862500000000000e+00         2.155159183482999e-08         
2.875000000000000e+00         2.157408290136691e-08         
2.887500000000000e+00         2.158199338502561e-08         
2.900000000000000e+00         2.157568786815455e-08         
2.912500000000000e+00         2.155561208469358e-08         
2.925000000000000e+00         2.152229080001819e-08         
2.937500000000000e+00         2.147631065440457e-08         
2.950000000000000e+00         2.141831619982326e-08         
2.962500000000000e+00         2.134899664665224e-08         
2.975000000000000e+00         2.126907512443630e-08         
2.987500000000000e+00         2.117930021126045e-08         
3.000000000000000e+00         2.108043541913238e-08         
3.012500000000000e+00         2.097325056351424e-08         
3.025000000000000e+00         2.085851227938434e-08         
3.037500000000000e+00         2.073697881653389e-08         
3.050000000000000e+00         2.060939241101251e-08         
3.062500000000000e+00         2.047647197913456e-08         
3.075000000000000e+00         2.033891399907893e-08         
3.087500000000000e+00         2.019738215546087e-08         
3.100000000000000e+00         2.005250788619030e-08         
3.112500000000000e+00         1.990489104291480e-08         
3.125000000000000e+00         1.975509176009167e-08         
3.137500000000000e+00         1.960363733775940e-08         
3.150000000000000e+00         1.945101571683799e-08         
3.162500000000000e+00         1.929767890607456e-08         
3.175000000000000e+00         1.914404515513390e-08         
3.187500000000000e+00         1.899049568755489e-08         
3.200000000000000e+00         1.883737935811129e-08         
3.212500000000000e+00         1.868501399024038e-08         
3.225000000000000e+00         1.853368501250979e-08         
3.237500000000000e+00         1.838365038718970e-08         
3.250000000000000e+00         1.823514162471959e-08         
3.262500000000000e+00         1.808836438604885e-08         
3.275000000000000e+00         1.794350005472739e-08         
3.287500000000000e+00         1.780070933164388e-08         
3.300000000000000e+00         1.766013324834492e-08         
3.312500000000000e+00         1.752189225444674e-08         
3.325000000000000e+00         1.738609274536871e-08         
3.337500000000000e+00         1.725282307748606e-08         
3.350000000000000e+00         1.712215840835351e-08         
3.362500000000000e+00         1.699416212589353e-08         
3.375000000000000e+00         1.686888422181142e-08         
3.387500000000000e+00         1.674636562291352e-08         
3.400000000000000e+00         1.662663727801216e-08         
3.412500000000000e+00         1.650972106614418e-08         
3.425000000000000e+00         1.639563338227876e-08         
3.437500000000000e+00         1.628438146915935e-08         
3.450000000000000e+00         1.617596822715137e-08         
3.462500000000000e+00         1.607039099371929e-08         
3.475000000000000e+00         1.596764180133785e-08         
3.487500000000000e+00         1.586770947741185e-08         
3.500000000000000e+00         1.577057909025196e-08         
3.512500000000000e+00         1.567623247713690e-08         
3.525000000000000e+00         1.558464985837221e-08         
3.537500000000000e+00         1.549580638992438e-08         
3.550000000000000e+00         1.540968008763041e-08         
3.562500000000000e+00         1.532624306670983e-08         
3.575000000000000e+00         1.524546844999947e-08         
3.587500000000000e+00         1.516732761356710e-08         
3.600000000000000e+00         1.509179168505008e-08         
3.612500000000000e+00         1.501883087739895e-08         
3.625000000000000e+00         1.494841528241083e-08         
3.637500000000000e+00         1.488051551982929e-08         
3.650000000000000e+00         1.481509959806767e-08         
3.662500000000000e+00         1.475213816032267e-08         
3.675000000000000e+00         1.469160142926134e-08         
3.687500000000000e+00         1.463345978592887e-08         
3.700000000000000e+00         1.457768363090285e-08         
3.712500000000000e+00         1.452424507272164e-08         
3.725000000000000e+00         1.447311382453697e-08         
3.737500000000000e+00         1.442426485609287e-08         
3.750000000000000e+00         1.437766953083268e-08         
3.762500000000000e+00         1.433330186562511e-08         
3.775000000000000e+00         1.429113663665953e-08         
3.787500000000000e+00         1.425114892151933e-08         
3.800000000000000e+00         1.421331500467957e-08         
3.812500000000000e+00         1.417761167795386e-08         
3.825000000000000e+00         1.414401679275608e-08         
3.837500000000000e+00         1.411250933723550e-08         
3.850000000000000e+00         1.408306809430928e-08         
3.862500000000000e+00         1.405567410361201e-08         
3.875000000000000e+00         1.403030853467319e-08         
3.887500000000000e+00         1.400695379730411e-08         
3.900000000000000e+00         1.398559305811887e-08         
3.912500000000000e+00         1.396621062212725e-08         
3.925000000000000e+00         1.394879196845695e-08         
3.937500000000000e+00         1.393332164349128e-08         
3.950000000000000e+00         1.391978860909223e-08         
3.962500000000000e+00         1.390817943578012e-08         
3.975000000000000e+00         1.389848326654675e-08         
3.987500000000000e+00         1.389069022441214e-08         
4.000000000000000e+00         1.388479075986773e-08         
4.012500000000000e+00         1.388077670504890e-08         
4.025000000000000e+00         1.387864111902133e-08         
4.037500000000001e+00         1.387837665289075e-08         
4.050000000000000e+00         1.387997772706010e-08         
4.062500000000000e+00         1.388344129539467e-08         
4.075000000000000e+00         1.388876232064960e-08         
4.087500000000000e+00         1.389593845831771e-08         
4.100000000000001e+00         1.390496864396421e-08         
4.112500000000000e+00         1.391585039965524e-08         
4.125000000000000e+00         1.392858536716556e-08         
4.137500000000000e+00         1.394317456517694e-08         
4.150000000000000e+00         1.395961915933717e-08         
4.162500000000001e+00         1.397792247245817e-08         
4.175000000000000e+00         1.399808824477823e-08         
4.187500000000000e+00         1.402012140988215e-08         
4.200000000000000e+00         1.404402789066820e-08         
4.212500000000000e+00         1.406981469341357e-08         
4.225000000000001e+00         1.409748866478391e-08         
4.237500000000000e+00         1.412705831272101e-08         
4.250000000000000e+00         1.415853436320840e-08         
4.262500000000000e+00         1.419192733450141e-08         
4.275000000000000e+00         1.422724782050836e-08         
4.287500000000001e+00         1.426450939645437e-08         
4.300000000000000e+00         1.430372424098207e-08         
4.312500000000000e+00         1.434490841459990e-08         
4.325000000000000e+00         1.438807696895746e-08         
4.337500000000000e+00         1.443324701107528e-08         
4.350000000000001e+00         1.448043539147451e-08         
4.362500000000000e+00         1.452966065918048e-08         
4.375000000000000e+00         1.458094407297732e-08         
4.387500000000000e+00         1.463430515699919e-08         
4.400000000000000e+00         1.468976644949440e-08         
4.412500000000001e+00         1.474735144185423e-08         
4.425000000000000e+00         1.480708289919540e-08         
4.437500000000000e+00         1.486898735249251e-08         
4.450000000000000e+00         1.493309184585200e-08         
4.462500000000000e+00         1.499942260201163e-08         
4.475000000000001e+00         1.506800928902885e-08         
4.487500000000000e+00         1.513888178144605e-08         
4.500000000000000e+00         1.521207157742502e-08         
4.512500000000000e+00         1.528761105559085e-08         
4.525000000000000e+00         1.536553462787462e-08         
4.537500000000001e+00         1.544587634313647e-08         
4.550000000000000e+00         1.552867274101463e-08         
4.562500000000000e+00         1.561396295938516e-08         
4.575000000000000e+00         1.570178429507930e-08         
4.587500000000000e+00         1.579217819547975e-08         
4.600000000000001e+00         1.588518667828893e-08         
4.612500000000000e+00         1.598085146540770e-08         
4.625000000000000e+00         1.607921860684893e-08         
4.637500000000000e+00         1.618033459134107e-08         
4.650000000000000e+00         1.628424530419687e-08         
4.662500000000001e+00         1.639100100623960e-08         
4.675000000000000e+00         1.650065172415144e-08         
4.687500000000000e+00         1.661324953654340e-08         
4.700000000000000e+00         1.672884806368490e-08         
4.712500000000000e+00         1.684750284747715e-08         
4.725000000000001e+00         1.696926942075204e-08         
4.737500000000000e+00         1.709420600784558e-08         
4.750000000000000e+00         1.722237373214986e-08         
4.762500000000000e+00         1.735383236318490e-08         
4.775000000000000e+00         1.748864515124234e-08         
4.787500000000001e+00         1.762687703716483e-08         
4.800000000000001e+00         1.776859266752551e-08         
4.812500000000000e+00         1.791385960724895e-08         
4.825000000000000e+00         1.806274757333230e-08         
4.837500000000000e+00         1.821532688911441e-08         
4.850000000000001e+00         1.837166825594341e-08         
4.862500000000001e+00         1.853184572510250e-08         
4.875000000000000e+00         1.869593222924163e-08         
4.887500000000000e+00         1.886400466326839e-08         
4.900000000000000e+00         1.903613939812677e-08         
4.912500000000001e+00         1.921241490794425e-08         
4.925000000000001e+00         1.939290883270894e-08         
4.937500000000000e+00         1.957770064835810e-08         
4.950000000000000e+00         1.976687233642286e-08         
4.962500000000000e+00         1.996050327663519e-08         
4.975000000000001e+00         2.015867490230220e-08         
4.987500000000001e+00         2.036146894473891e-08         
5.000000000000000e+00         2.056896541564563e-08         
5.012500000000000e+00         2.078124632930018e-08         
5.025000000000000e+00         2.099839195135814e-08         
5.037500000000001e+00         2.122048040296556e-08         
5.050000000000001e+00         2.144758989225269e-08         
5.062500000000000e+00         2.167979637414782e-08         
5.075000000000000e+00         2.191717400510418e-08         
5.087500000000000e+00         2.215979332619248e-08         
5.100000000000001e+00         2.240772315766548e-08         
5.112500000000001e+00         2.266102606250723e-08         
5.125000000000000e+00         2.291976143477822e-08         
5.137500000000000e+00         2.318398519424526e-08         
5.150000000000000e+00         2.345374356430873e-08         
5.162500000000001e+00         2.372907818227206e-08         
5.175000000000001e+00         2.401002276725920e-08         
5.187500000000000e+00         2.429660003293554e-08         
5.200000000000000e+00         2.458882573293861e-08         
5.212500000000000e+00         2.488670309887858e-08         
5.225000000000001e+00         2.519022126519208e-08         
5.237500000000001e+00         2.549935723744070e-08         
5.250000000000000e+00         2.581407165776693e-08         
5.262500000000000e+00         2.613431076060252e-08         
5.275000000000000e+00         2.645999796825377e-08         
5.287500000000001e+00         2.679103959177767e-08         
5.300000000000001e+00         2.712731727876068e-08         
5.312500000000000e+00         2.746868933493109e-08         
5.325000000000000e+00         2.781498926985673e-08         
5.337500000000000e+00         2.816602175810616e-08         
5.350000000000001e+00         2.852155815648408e-08         
5.362500000000001e+00         2.888134090879230e-08         
5.375000000000000e+00         2.924507442124641e-08         
5.387500000000000e+00         2.961242958028024e-08         
5.400000000000000e+00         2.998303577031834e-08         
5.412500000000001e+00         3.035648325635234e-08         
5.425000000000001e+00         3.073231668334003e-08         
5.437500000000000e+00         3.111003772018589e-08         
5.450000000000000e+00         3.148910440985889e-08         
5.462500000000000e+00         3.186892322147625e-08         
5.475000000000001e+00         3.224885579617327e-08         
5.487500000000001e+00         3.262821566336357e-08         
5.500000000000000e+00         3.300626510741892e-08         
5.512500000000000e+00         3.338222363513444e-08         
5.525000000000000e+00         3.375526313733397e-08         
5.537500000000001e+00         3.412450952105828e-08         
5.550000000000001e+00         3.448905057055699e-08         
5.562500000000000e+00         3.484793610845279e-08         
5.575000000000000e+00         3.520018311326834e-08         
5.587500000000000e+00         3.554478137535409e-08         
5.600000000000001e+00         3.588070149203390e-08         
5.612500000000001e+00         3.620689685782095e-08         
5.625000000000000e+00         3.652231819454564e-08         
5.637500000000000e+00         3.682592136315492e-08         
5.650000000000000e+00         3.711667037310258e-08         
5.662500000000001e+00         3.739355540297295e-08         
5.675000000000001e+00         3.765559977507188e-08         
5.687500000000000e+00         3.790186737145148e-08         
5.700000000000000e+00         3.813148205110393e-08         
5.712500000000000e+00         3.834362944789279e-08         
5.725000000000001e+00         3.853756752972173e-08         
5.737500000000001e+00         3.871264236195306e-08         
5.750000000000000e+00         3.886829005735136e-08         
5.762500000000000e+00         3.900404531482824e-08         
5.775000000000000e+00         3.911955015461293e-08         
5.787500000000001e+00         3.921455510717638e-08         
5.800000000000001e+00         3.928892089920237e-08         
5.812500000000000e+00         3.934262365300361e-08         
5.825000000000000e+00         3.937575413101897e-08         
5.837500000000000e+00         3.938851170195660e-08         
5.850000000000001e+00         3.938120177452465e-08         
5.862500000000001e+00         3.935423481444190e-08         
5.875000000000000e+00         3.930811262856871e-08         
5.887500000000000e+00         3.924342945344128e-08         
5.900000000000000e+00         3.916085687345558e-08         
5.912500000000001e+00         3.906113726880061e-08         
5.925000000000001e+00         3.894507133637133e-08         
5.937500000000000e+00         3.881351272931177e-08         
5.950000000000000e+00         3.866735742914338e-08         
5.962500000000000e+00         3.850752713059128e-08         
5.975000000000001e+00         3.833496913726965e-08         
5.987500000000001e+00         3.815064215871421e-08         
6.000000000000000e+00         3.795550535345166e-08         
6.012500000000000e+00         3.775051874753523e-08         
6.025000000000000e+00         3.753662885604346e-08         
6.037500000000001e+00         3.731476341626694e-08         
6.050000000000001e+00         3.708582888089891e-08         
6.062500000000000e+00         3.685070363613858e-08         
6.075000000000000e+00         3.661023442271849e-08         
6.087500000000000e+00         3.636523322259441e-08         
6.100000000000001e+00         3.611647587562593e-08         
6.112500000000001e+00         3.586469644615346e-08         
6.125000000000000e+00         3.561059106550556e-08         
6.137500000000000e+00         3.535481691843372e-08         
6.150000000000000e+00         3.509798567191763e-08         
6.162500000000001e+00         3.484067155831562e-08         
6.175000000000001e+00         3.458340840025460e-08         
6.187500000000000e+00         3.432668781392958e-08         
6.200000000000000e+00         3.407096806058500e-08         
6.212500000000000e+00         3.381666809567197e-08         
6.225000000000001e+00         3.356417040000454e-08         
6.237500000000001e+00         3.331382548253782e-08         
6.250000000000000e+00         3.306595100685281e-08         
6.262500000000000e+00         3.282083686370502e-08         
6.275000000000000e+00         3.257874018091431e-08         
6.287500000000001e+00         3.233989471399670e-08         
6.300000000000001e+00         3.210450677201869e-08         
6.312500000000000e+00         3.187276045042988e-08         
6.325000000000000e+00         3.164481929872842e-08         
6.337500000000000e+00         3.142082549016568e-08         
6.350000000000001e+00         3.120090137040564e-08         
6.362500000000001e+00         3.098515493326153e-08         
6.375000000000000e+00         3.077367483862334e-08         
6.387500000000000e+00         3.056653958244425e-08         
6.400000000000000e+00         3.036381161847804e-08         
6.412500000000001e+00         3.016554286075084e-08         
6.425000000000001e+00         2.997177211896468e-08         
6.437500000000000e+00         2.978253037555478e-08         
6.450000000000000e+00         2.959784056941393e-08         
6.462500000000000e+00         2.941771462106837e-08         
6.475000000000001e+00         2.924215924960065e-08         
6.487500000000001e+00         2.907117521607516e-08         
6.500000000000000e+00         2.890475486854843e-08         
6.512500000000000e+00         2.874288901828920e-08         
6.525000000000000e+00         2.858556231400378e-08         
6.537500000000001e+00         2.843275433005981e-08         
6.550000000000001e+00         2.828444310362122e-08         
6.562500000000000e+00         2.814060286826414e-08         
6.575000000000000e+00         2.800120580022721e-08         
6.587500000000000e+00         2.786622160604951e-08         
6.600000000000001e+00         2.773561886179044e-08         
6.612500000000001e+00         2.760936298530352e-08         
6.625000000000000e+00         2.748741955500739e-08         
6.637500000000000e+00         2.736975482451899e-08         
6.650000000000000e+00         2.725633125057081e-08         
6.662500000000001e+00         2.714711276891054e-08         
6.675000000000001e+00         2.704206328451787e-08         
6.687500000000000e+00         2.694114474504109e-08         
6.700000000000000e+00         2.684432201668638e-08         
6.712500000000000e+00         2.675155926559570e-08         
6.725000000000001e+00         2.666281929889636e-08         
6.737500000000001e+00         2.657806767590991e-08         
6.750000000000000e+00         2.649726938887459e-08         
6.762500000000000e+00         2.642039117600611e-08         
6.775000000000000e+00         2.634739992979824e-08         
6.787500000000001e+00         2.627826388448384e-08         
6.800000000000001e+00         2.621295099938870e-08         
6.812500000000000e+00         2.615143135482026e-08         
6.825000000000000e+00         2.609367711234230e-08         
6.837500000000000e+00         2.603966019374191e-08         
6.850000000000001e+00         2.598935311470192e-08         
6.862500000000001e+00         2.594273176054268e-08         
6.875000000000000e+00         2.589977008180481e-08         
6.887500000000000e+00         2.586044716221969e-08         
6.900000000000000e+00         2.582474098924948e-08         
6.912500000000001e+00         2.579263183516070e-08         
6.925000000000001e+00         2.576409998161003e-08         
6.937500000000000e+00         2.573912767271004e-08         
6.950000000000000e+00         2.571770096794693e-08         
6.962500000000000e+00         2.569980357342683e-08         
6.975000000000001e+00         2.568542266200344e-08         
6.987500000000001e+00         2.567454647894234e-08         
7.000000000000000e+00         2.566716488055828e-08         
7.012500000000000e+00         2.566326877063946e-08         
7.025000000000000e+00         2.566285088932850e-08         
7.037500000000001e+00         2.566590617172113e-08         
7.050000000000001e+00         2.567242804362220e-08         
7.062500000000000e+00         2.568241355420889e-08         
7.075000000000000e+00         2.569586282339053e-08         
7.087500000000000e+00         2.571277614221117e-08         
7.100000000000001e+00         2.573315240611340e-08         
7.112500000000001e+00         2.575699550067626e-08         
7.125000000000000e+00         2.578430975848348e-08         
7.137500000000000e+00         2.581510061206567e-08         
7.150000000000000e+00         2.584937561678235e-08         
7.162500000000001e+00         2.588714309488583e-08         
7.175000000000001e+00         2.592841332710724e-08         
7.187500000000000e+00         2.597319755843318e-08         
7.200000000000000e+00         2.602150894521065e-08         
7.212500000000000e+00         2.607336216216619e-08         
7.225000000000001e+00         2.612877285722914e-08         
7.237500000000001e+00         2.618775933538068e-08         
7.250000000000000e+00         2.625033738225051e-08         
7.262500000000000e+00         2.631653037820897e-08         
7.275000000000000e+00         2.638635986733935e-08         
7.287500000000001e+00         2.645984702564274e-08         
7.300000000000001e+00         2.653701710072868e-08         
7.312500000000000e+00         2.661789615918277e-08         
7.325000000000000e+00         2.670251158163850e-08         
7.337500000000000e+00         2.679089193704427e-08         
7.350000000000001e+00         2.688306710663318e-08         
7.362500000000001e+00         2.697906879560314e-08         
7.375000000000000e+00         2.707892920746835e-08         
7.387500000000000e+00         2.718268287507472e-08         
7.400000000000000e+00         2.729036480733397e-08         
7.412500000000001e+00         2.740201181950531e-08         
7.425000000000001e+00         2.751766251616096e-08         
7.437500000000000e+00         2.763735274903561e-08         
7.450000000000000e+00         2.776112598643622e-08         
7.462500000000000e+00         2.788902317936856e-08         
7.475000000000001e+00         2.802108489660121e-08         
7.487500000000001e+00         2.815735529547088e-08         
7.500000000000000e+00         2.829787875745451e-08         
7.512500000000000e+00         2.844270018314207e-08         
7.525000000000000e+00         2.859186603683397e-08         
7.537500000000001e+00         2.874542255599455e-08         
7.550000000000001e+00         2.890341725182819e-08         
7.562500000000000e+00         2.906589824533008e-08         
7.575000000000000e+00         2.923291361795924e-08         
7.587500000000000e+00         2.940451225901738e-08         
7.600000000000001e+00         2.958074272195235e-08         
7.612500000000001e+00         2.976165513900856e-08         
7.625000000000000e+00         2.994729507612533e-08         
7.637500000000000e+00         3.013771431126117e-08         
7.650000000000000e+00         3.033295966707394e-08         
7.662500000000001e+00         3.053307978528978e-08         
7.675000000000001e+00         3.073811866854928e-08         
7.687500000000000e+00         3.094812191796548e-08         
7.700000000000000e+00         3.116313647381485e-08         
7.712500000000000e+00         3.138320161255396e-08         
7.725000000000001e+00         3.160835827934391e-08         
7.737500000000001e+00         3.183864469988539e-08         
7.750000000000000e+00         3.207409588715489e-08         
7.762500000000000e+00         3.231474388821383e-08         
7.775000000000000e+00         3.256061741462200e-08         
7.787500000000001e+00         3.281174114914617e-08         
7.800000000000001e+00         3.306813487213860e-08         
7.812500000000000e+00         3.332981411801197e-08         
7.825000000000000e+00         3.359678860234146e-08         
7.837500000000000e+00         3.386906145763544e-08         
7.850000000000001e+00         3.414663097836455e-08         
7.862500000000001e+00         3.442948360005739e-08         
7.875000000000000e+00         3.471760041722341e-08         
7.887500000000000e+00         3.501095711970807e-08         
7.900000000000000e+00         3.530951254141247e-08         
7.912500000000001e+00         3.561321925029728e-08         
7.925000000000001e+00         3.592201747602958e-08         
7.937500000000000e+00         3.623583475103291e-08         
7.950000000000000e+00         3.655458512737228e-08         
7.962500000000000e+00         3.687816800048713e-08         
7.975000000000001e+00         3.720646738312313e-08         
7.987500000000001e+00         3.753935055607955e-08         
8.000000000000000e+00         3.787666669835923e-08         
8.012500000000001e+00         3.821824763742028e-08         
8.025000000000000e+00         3.856389956202747e-08         
8.037500000000000e+00         3.891341482487448e-08         
8.050000000000001e+00         3.926656003072868e-08         
8.062500000000000e+00         3.962307322976362e-08         
8.075000000000001e+00         3.998267720915076e-08         
8.087500000000000e+00         4.034505940691034e-08         
8.100000000000000e+00         4.070988424296868e-08         
8.112500000000001e+00         4.107679173318903e-08         
8.125000000000000e+00         4.144538469088753e-08         
8.137500000000001e+00         4.181524221632278e-08         
8.150000000000000e+00         4.218591100192288e-08         
8.162500000000000e+00         4.255690715445626e-08         
8.175000000000001e+00         4.292771504125425e-08         
8.187500000000000e+00         4.329778876598089e-08         
8.200000000000001e+00         4.366655180974150e-08         
8.212500000000000e+00         4.403339219974561e-08         
8.225000000000000e+00         4.439767623340884e-08         
8.237500000000001e+00         4.475873719179749e-08         
8.250000000000000e+00         4.511587758757330e-08         
8.262500000000001e+00         4.546838384611770e-08         
8.275000000000000e+00         4.581550989020827e-08         
8.287500000000000e+00         4.615649315327211e-08         
8.300000000000001e+00         4.649055898528413e-08         
8.312500000000000e+00         4.681690981889722e-08         
8.325000000000001e+00         4.713474423016806e-08         
8.337500000000000e+00         4.744325491625826e-08         
8.350000000000000e+00         4.774163315269205e-08         
8.362500000000001e+00         4.802907538566271e-08         
8.375000000000000e+00         4.830478849524118e-08         
8.387500000000001e+00         4.856799575030522e-08         
8.400000000000000e+00         4.881793730973768e-08         
8.412500000000000e+00         4.905388926860195e-08         
8.425000000000001e+00         4.927515706988126e-08         
8.437500000000000e+00         4.948108186066870e-08         
8.450000000000001e+00         4.967105994469114e-08         
8.462500000000000e+00         4.984452889163958e-08         
8.475000000000000e+00         5.000098663721739e-08         
8.487500000000001e+00         5.013999703767936e-08         
8.500000000000000e+00         5.026117839200383e-08         
8.512500000000001e+00         5.036423034988281e-08         
8.525000000000000e+00         5.044891376738274e-08         
8.537500000000000e+00         5.051506831209082e-08         
8.550000000000001e+00         5.056261328150746e-08         
8.562500000000000e+00         5.059153551368176e-08         
8.575000000000001e+00         5.060190574994286e-08         
8.587500000000000e+00         5.059386164153085e-08         
8.600000000000000e+00         5.056762383162302e-08         
8.612500000000001e+00         5.052347852569007e-08         
8.625000000000000e+00         5.046177525971704e-08         
8.637500000000001e+00         5.038293791896891e-08         
8.650000000000000e+00         5.028743773513373e-08         
8.662500000000000e+00         5.017581034815037e-08         
8.675000000000001e+00         5.004863636381103e-08         
8.687500000000000e+00         4.990653580699813e-08         
8.700000000000001e+00         4.975017665209663e-08         
8.712500000000000e+00         4.958024893807559e-08         
8.725000000000000e+00         4.939747339550755e-08         
8.737500000000001e+00         4.920259579882378e-08         
8.750000000000000e+00         4.899636793974394e-08         
8.762500000000001e+00         4.877955836456302e-08         
8.775000000000000e+00         4.855293402762094e-08         
8.787500000000000e+00         4.831726891485713e-08         
8.800000000000001e+00         4.807332712892659e-08         
8.812500000000000e+00         4.782186581224573e-08         
8.825000000000001e+00         4.756363047231661e-08         
8.837500000000000e+00         4.729934602018037e-08         
8.850000000000000e+00         4.702972631761935e-08         
8.862500000000001e+00         4.675546101533478e-08         
8.875000000000000e+00         4.647721195961079e-08         
8.887500000000001e+00         4.619562614540696e-08         
8.900000000000000e+00         4.591131495534933e-08         
8.912500000000000e+00         4.562486680578982e-08         
8.925000000000001e+00         4.533684564316461e-08         
8.937500000000000e+00         4.504778043202473e-08         
8.950000000000001e+00         4.475817609537764e-08         
8.962500000000000e+00         4.446850807531483e-08         
8.975000000000000e+00         4.417922424896792e-08         
8.987500000000001e+00         4.389074365974619e-08         
9.000000000000000e+00         4.360345938653446e-08         
9.012500000000001e+00         4.331773864697511e-08         
9.025000000000000e+00         4.303391831114802e-08         
9.037500000000000e+00         4.275231798247362e-08         
9.050000000000001e+00         4.247322944936753e-08         
9.062500000000000e+00         4.219691800267539e-08         
9.075000000000001e+00         4.192363621144265e-08         
9.087500000000000e+00         4.165360648590751e-08         
9.100000000000000e+00         4.138703605923057e-08         
9.112500000000001e+00         4.112411660601984e-08         
9.125000000000000e+00         4.086501505233830e-08         
9.137500000000001e+00         4.060988702431917e-08         
9.150000000000000e+00         4.035887054530595e-08         
9.162500000000000e+00         4.011208981349700e-08         
9.175000000000001e+00         3.986965507217247e-08         
9.187500000000000e+00         3.963166441094089e-08         
9.200000000000001e+00         3.939820449164012e-08         
9.212500000000000e+00         3.916934699597266e-08         
9.225000000000000e+00         3.894516058679060e-08         
9.237500000000001e+00         3.872570059961107e-08         
9.250000000000000e+00         3.851101058145615e-08         
9.262500000000001e+00         3.830113432661767e-08         
9.275000000000000e+00         3.809610040975037e-08         
9.287500000000000e+00         3.789593435762425e-08         
9.300000000000001e+00         3.770065863333927e-08         
9.312500000000000e+00         3.751028372173867e-08         
9.325000000000001e+00         3.732481986772434e-08         
9.337500000000000e+00         3.714427183736994e-08         
9.350000000000000e+00         3.696863982613992e-08         
9.362500000000001e+00         3.679792109131578e-08         
9.375000000000000e+00         3.663210958924566e-08         
9.387500000000001e+00         3.647119739698631e-08         
9.400000000000000e+00         3.631517012455807e-08         
9.412500000000000e+00         3.616401752514956e-08         
9.425000000000001e+00         3.601772436798927e-08         
9.437500000000000e+00         3.587627087727160e-08         
9.450000000000001e+00         3.573964342310209e-08         
9.462500000000000e+00         3.560781959282145e-08         
9.475000000000000e+00         3.548077997605107e-08         
9.487500000000001e+00         3.535850730620095e-08         
9.500000000000000e+00         3.524097761439563e-08         
9.512500000000001e+00         3.512817118766493e-08         
9.525000000000000e+00         3.502006704773872e-08         
9.537500000000000e+00         3.491664310627915e-08         
9.550000000000001e+00         3.481788233357361e-08         
9.562500000000000e+00         3.472376100494560e-08         
9.575000000000001e+00         3.463426177299115e-08         
9.587500000000000e+00         3.454936253100461e-08         
9.600000000000001e+00         3.446904893951404e-08         
9.612500000000001e+00         3.439330037568808e-08         
9.625000000000000e+00         3.432210033211362e-08         
9.637500000000001e+00         3.425543660161024e-08         
9.650000000000000e+00         3.419329033472865e-08         
9.662500000000001e+00         3.413565226117924e-08         
9.675000000000001e+00         3.408250742477181e-08         
9.687500000000000e+00         3.403384512140051e-08         
9.700000000000001e+00         3.398965861570507e-08         
9.712500000000000e+00         3.394993739806059e-08         
9.725000000000001e+00         3.391467654962310e-08         
9.737500000000001e+00         3.388386807762188e-08         
9.750000000000000e+00         3.385751182754892e-08         
9.762500000000001e+00         3.383560605512910e-08         
9.775000000000000e+00         3.381814736770113e-08         
9.787500000000001e+00         3.380514159948943e-08         
9.800000000000001e+00         3.379658788514119e-08         
9.812500000000000e+00         3.379249463963808e-08         
9.825000000000001e+00         3.379286883339494e-08         
9.837500000000000e+00         3.379771644527940e-08         
9.850000000000001e+00         3.380705217613966e-08         
9.862500000000001e+00         3.382088587443678e-08         
9.875000000000000e+00         3.383923275728337e-08         
9.887500000000001e+00         3.386211247816271e-08         
9.900000000000000e+00         3.388954093008792e-08         
9.912500000000001e+00         3.392154078020794e-08         
9.925000000000001e+00         3.395813512747632e-08         
9.937500000000000e+00         3.399934950950983e-08         
9.950000000000001e+00         3.404521213462039e-08         
9.962500000000000e+00         3.409575300678925e-08         
9.975000000000001e+00         3.415100569597106e-08         
9.987500000000001e+00         3.421100273089923e-08         
1.000000000000000e+01         3.427578442129264e-08         
1.001250000000000e+01         3.434539091666496e-08         
1.002500000000000e+01         3.441986172644237e-08         
1.003750000000000e+01         3.449924650128053e-08         
1.005000000000000e+01         3.458359019955083e-08         
1.006250000000000e+01         3.467294370715201e-08         
1.007500000000000e+01         3.476736376468942e-08         
1.008750000000000e+01         3.486690388579048e-08         
1.010000000000000e+01         3.497162485493277e-08         
1.011250000000000e+01         3.508158908795851e-08         
1.012500000000000e+01         3.519686252158135e-08         
1.013750000000000e+01         3.531751399596450e-08         
1.015000000000000e+01         3.544361578353017e-08         
1.016250000000000e+01         3.557524453266628e-08         
1.017500000000000e+01         3.571247625669735e-08         
1.018750000000000e+01         3.585539620155028e-08         
1.020000000000000e+01         3.600409133973680e-08         
1.021250000000000e+01         3.615864787443181e-08         
1.022500000000000e+01         3.631916374757589e-08         
1.023750000000000e+01         3.648573357414921e-08         
1.025000000000000e+01         3.665845911223807e-08         
1.026250000000000e+01         3.683744888511309e-08         
1.027500000000000e+01         3.702281009080758e-08         
1.028750000000000e+01         3.721465803803169e-08         
1.030000000000000e+01         3.741311121531956e-08         
1.031250000000000e+01         3.761829331532643e-08         
1.032500000000000e+01         3.783033227583486e-08         
1.033750000000000e+01         3.804936085163474e-08         
1.035000000000000e+01         3.827551767940885e-08         
1.036250000000000e+01         3.850894263435412e-08         
1.037500000000000e+01         3.874978667055611e-08         
1.038750000000000e+01         3.899820307831015e-08         
1.040000000000000e+01         3.925434752719492e-08         
1.041250000000000e+01         3.951838827398259e-08         
1.042500000000000e+01         3.979049199601093e-08         
1.043750000000000e+01         4.007083455687291e-08         
1.045000000000000e+01         4.035960070344504e-08         
1.046250000000000e+01         4.065697455832681e-08         
1.047500000000000e+01         4.096315136228661e-08         
1.048750000000000e+01         4.127833073679874e-08         
1.050000000000000e+01         4.160271809619832e-08         
1.051250000000000e+01         4.193652926465419e-08         
1.052500000000000e+01         4.227998007402738e-08         
1.053750000000000e+01         4.263329851303709e-08         
1.055000000000000e+01         4.299671355597931e-08         
1.056250000000000e+01         4.337046761964592e-08         
1.057500000000000e+01         4.375480581259057e-08         
1.058750000000000e+01         4.414997668443312e-08         
1.060000000000000e+01         4.455624352583421e-08         
1.061250000000000e+01         4.497386756503882e-08         
1.062500000000000e+01         4.540311987045246e-08         
1.063750000000000e+01         4.584428120598476e-08         
1.065000000000000e+01         4.629762969432985e-08         
1.066250000000000e+01         4.676345812553701e-08         
1.067500000000000e+01         4.724205673673809e-08         
1.068750000000000e+01         4.773372322938762e-08         
1.070000000000000e+01         4.823876384379782e-08         
1.071250000000000e+01         4.875747969381028e-08         
1.072500000000000e+01         4.929018174064523e-08         
1.073750000000000e+01         4.983717557672195e-08         
1.075000000000000e+01         5.039877547613103e-08         
1.076250000000000e+01         5.097529106641614e-08         
1.077500000000000e+01         5.156702624732417e-08         
1.078750000000000e+01         5.217428941129469e-08         
1.080000000000000e+01         5.279737461297102e-08         
1.081250000000000e+01         5.343657610917246e-08         
1.082500000000000e+01         5.409217416125857e-08         
1.083750000000000e+01         5.476443323482717e-08         
1.085000000000000e+01         5.545361023941728e-08         
1.086250000000000e+01         5.615993426387275e-08         
1.087500000000000e+01         5.688361431154582e-08         
1.088750000000000e+01         5.762483703947688e-08         
1.090000000000000e+01         5.838374772957231e-08         
1.091250000000000e+01         5.916046031402063e-08         
1.092500000000000e+01         5.995504373485755e-08         
1.093750000000000e+01         6.076751678763340e-08         
1.095000000000000e+01         6.159784092171167e-08         
1.096250000000000e+01         6.244591320354647e-08         
1.097500000000000e+01         6.331155890404111e-08         
1.098750000000000e+01         6.419451379029371e-08         
1.100000000000000e+01         6.509443082786262e-08         
1.101250000000000e+01         6.601085555309826e-08         
1.102500000000000e+01         6.694321378711532e-08         
1.103750000000000e+01         6.789081597066191e-08         
1.105000000000000e+01         6.885282282997090e-08         
1.106250000000000e+01         6.982824786504455e-08         
1.107500000000000e+01         7.081594412599274e-08         
1.108750000000000e+01         7.181457691362283e-08         
1.110000000000000e+01         7.282262614278594e-08         
1.111250000000000e+01         7.383836562793192e-08         
1.112500000000000e+01         7.485985342327975e-08         
1.113750000000000e+01         7.588491960717122e-08         
1.115000000000000e+01         7.691115849516905e-08         
1.116250000000000e+01         7.793592329953461e-08         
1.117500000000000e+01         7.895631331064312e-08         
1.118750000000000e+01         7.996919090936263e-08         
1.120000000000000e+01         8.097116907082176e-08         
1.121250000000000e+01         8.195862109851532e-08         
1.122500000000000e+01         8.292771146630524e-08         
1.123750000000000e+01         8.387439014562034e-08         
1.125000000000000e+01         8.479443876321170e-08         
1.126250000000000e+01         8.568350413381731e-08         
1.127500000000000e+01         8.653712043471193e-08         
1.128750000000000e+01         8.735077625191098e-08         
1.130000000000000e+01         8.811996057999308e-08         
1.131250000000000e+01         8.884022100481090e-08         
1.132500000000000e+01         8.950722977211131e-08         
1.133750000000000e+01         9.011685186815319e-08         
1.135000000000000e+01         9.066521486614290e-08         
1.136250000000000e+01         9.114876552948907e-08         
1.137500000000000e+01         9.156435884582387e-08         
1.138750000000000e+01         9.190929800666137e-08         
1.140000000000000e+01         9.218138795616564e-08         
1.141250000000000e+01         9.237900128673282e-08         
1.142500000000000e+01         9.250108220062821e-08         
1.143750000000000e+01         9.254718600064596e-08         
1.145000000000000e+01         9.251748970331331e-08         
1.146250000000000e+01         9.241276704813163e-08         
1.147500000000000e+01         9.223438769839940e-08         
1.148750000000000e+01         9.198427925514725e-08         
1.150000000000000e+01         9.166488536204953e-08         
1.151250000000000e+01         9.127911240523709e-08         
1.152500000000000e+01         9.083027513708118e-08         
1.153750000000000e+01         9.032203092722453e-08         
1.155000000000000e+01         8.975830371274690e-08         
1.156250000000000e+01         8.914323868200541e-08         
1.157500000000000e+01         8.848111520172461e-08         
1.158750000000000e+01         8.777628658917588e-08         
1.160000000000000e+01         8.703313764904525e-08         
1.161250000000000e+01         8.625600720419100e-08         
1.162500000000000e+01         8.544915804243770e-08         
1.163750000000000e+01         8.461673623696119e-08         
1.165000000000000e+01         8.376272010680157e-08         
1.166250000000000e+01         8.289091968584816e-08         
1.167500000000000e+01         8.200492758185490e-08         
1.168750000000000e+01         8.110812383966304e-08         
1.170000000000000e+01         8.020366546983076e-08         
1.171250000000000e+01         7.929446495179551e-08         
1.172500000000000e+01         7.838320955745757e-08         
1.173750000000000e+01         7.747234714805153e-08         
1.175000000000000e+01         7.656410879106698e-08         
1.176250000000000e+01         7.566050305801956e-08         
1.177500000000000e+01         7.476332449372476e-08         
1.178750000000000e+01         7.387418148398611e-08         
1.180000000000000e+01         7.299448234817268e-08         
1.181250000000000e+01         7.212547347554399e-08         
1.182500000000000e+01         7.126823431440672e-08         
1.183750000000000e+01         7.042368985033421e-08         
1.185000000000000e+01         6.959263882523269e-08         
1.186250000000000e+01         6.877574456848204e-08         
1.187500000000000e+01         6.797355947950240e-08         
1.188750000000000e+01         6.718653777927660e-08         
1.190000000000000e+01         6.641503191353267e-08         
1.191250000000000e+01         6.565931510808284e-08         
1.192500000000000e+01         6.491958613411476e-08         
1.193750000000000e+01         6.419597564025199e-08         
1.195000000000000e+01         6.348855609646526e-08         
1.196250000000000e+01         6.279734738136969e-08         
1.197500000000000e+01         6.212232531979333e-08         
1.198750000000000e+01         6.146341981054344e-08         
1.200000000000000e+01         6.082053494096537e-08         
1.201250000000000e+01         6.019354008772028e-08         
1.202500000000000e+01         5.958227542896677e-08         
1.203750000000000e+01         5.898656839394680e-08         
1.205000000000000e+01         5.840621872620948e-08         
1.206250000000000e+01         5.784101524273734e-08         
1.207500000000000e+01         5.729073771545621e-08         
1.208750000000000e+01         5.675514820161693e-08         
1.210000000000000e+01         5.623400648532011e-08         
1.211250000000000e+01         5.572706444691526e-08         
1.212500000000000e+01         5.523407044077023e-08         
1.213750000000000e+01         5.475476928357075e-08         
1.215000000000000e+01         5.428890514999092e-08         
1.216250000000000e+01         5.383622282567550e-08         
1.217500000000000e+01         5.339646293295670e-08         
1.218750000000000e+01         5.296937482314339e-08         
1.220000000000000e+01         5.255470712696903e-08         
1.221250000000000e+01         5.215220727845673e-08         
1.222500000000000e+01         5.176163465489893e-08         
1.223750000000000e+01         5.138274488698391e-08         
1.225000000000000e+01         5.101530103036737e-08         
1.226250000000000e+01         5.065907447336304e-08         
1.227500000000000e+01         5.031383464632100e-08         
1.228750000000000e+01         4.997936112642963e-08         
1.230000000000000e+01         4.965543702594165e-08         
1.231250000000000e+01         4.934185172980139e-08         
1.232500000000000e+01         4.903839996319611e-08         
1.233750000000000e+01         4.874488183615841e-08         
1.235000000000000e+01         4.846110451400240e-08         
1.236250000000000e+01         4.818687649815002e-08         
1.237500000000000e+01         4.792201902878972e-08         
1.238750000000000e+01         4.766635489063892e-08         
1.240000000000000e+01         4.741970994865962e-08         
1.241250000000000e+01         4.718192338102567e-08         
1.242500000000000e+01         4.695283160150707e-08         
1.243750000000000e+01         4.673228080151229e-08         
1.245000000000000e+01         4.652012523167199e-08         
1.246250000000000e+01         4.631621836845209e-08         
1.247500000000000e+01         4.612042304088209e-08         
1.248750000000000e+01         4.593260628961643e-08         
1.250000000000000e+01         4.575263956043535e-08         
1.251250000000000e+01         4.558040298674051e-08         
1.252500000000000e+01         4.541577566918154e-08         
1.253750000000000e+01         4.525864666367999e-08         
1.255000000000000e+01         4.510890527747712e-08         
1.256250000000000e+01         4.496645049944797e-08         
1.257500000000000e+01         4.483118371892292e-08         
1.258750000000000e+01         4.470300733488202e-08         
1.260000000000000e+01         4.458183571569408e-08         
1.261250000000000e+01         4.446757991546653e-08         
1.262500000000000e+01         4.436015878565424e-08         
1.263750000000000e+01         4.425949813622259e-08         
1.265000000000000e+01         4.416552099650340e-08         
1.266250000000000e+01         4.407816172276493e-08         
1.267500000000000e+01         4.399735279065535e-08         
1.268750000000000e+01         4.392303280603111e-08         
1.270000000000000e+01         4.385514707530663e-08         
1.271250000000000e+01         4.379363901056107e-08         
1.272500000000000e+01         4.373846094592234e-08         
1.273750000000000e+01         4.368956286507838e-08         
1.275000000000000e+01         4.364690544487419e-08         
1.276250000000000e+01         4.361044924266432e-08         
1.277500000000000e+01         4.358015532148800e-08         
1.278750000000000e+01         4.355599510343355e-08         
1.280000000000000e+01         4.353793575305929e-08         
1.281250000000000e+01         4.352595415463533e-08         
1.282500000000000e+01         4.352002803531792e-08         
1.283750000000000e+01         4.352013518711819e-08         
1.285000000000000e+01         4.352626337196485e-08         
1.286250000000000e+01         4.353839643038592e-08         
1.287500000000000e+01         4.355652517117225e-08         
1.288750000000000e+01         4.358064553377907e-08         
1.290000000000000e+01         4.361075070278735e-08         
1.291250000000000e+01         4.364684164999113e-08         
1.292500000000000e+01         4.368892033167124e-08         
1.293750000000000e+01         4.373699239479891e-08         
1.295000000000000e+01         4.379106618390937e-08         
1.296250000000000e+01         4.385115306397766e-08         
1.297500000000000e+01         4.391726828715727e-08         
1.298750000000000e+01         4.398942628863344e-08         
1.300000000000000e+01         4.406764987993573e-08         
1.301250000000000e+01         4.415196224107160e-08         
1.302500000000000e+01         4.424238608200461e-08         
1.303750000000000e+01         4.433895431767713e-08         
1.305000000000000e+01         4.444169532382263e-08         
1.306250000000000e+01         4.455064345929190e-08         
1.307500000000000e+01         4.466583913776163e-08         
1.308750000000000e+01         4.478731918355839e-08         
1.310000000000000e+01         4.491512747516235e-08         
1.311250000000000e+01         4.504930949049529e-08         
1.312500000000000e+01         4.518991356826821e-08         
1.313750000000000e+01         4.533699076775066e-08         
1.315000000000000e+01         4.549059474391004e-08         
1.316250000000000e+01         4.565078320058071e-08         
1.317500000000000e+01         4.581761208310127e-08         
1.318750000000000e+01         4.599114593075403e-08         
1.320000000000000e+01         4.617144969344130e-08         
1.321250000000000e+01         4.635858689921902e-08         
1.322500000000000e+01         4.655263119522945e-08         
1.323750000000000e+01         4.675365162770932e-08         
1.325000000000000e+01         4.696172267648212e-08         
1.326250000000000e+01         4.717692414574433e-08         
1.327500000000000e+01         4.739933226989989e-08         
1.328750000000000e+01         4.762902966254420e-08         
1.330000000000000e+01         4.786609963495694e-08         
1.331250000000000e+01         4.811062815431348e-08         
1.332500000000000e+01         4.836270308547609e-08         
1.333750000000000e+01         4.862241397763898e-08         
1.335000000000000e+01         4.888985316877927e-08         
1.336250000000000e+01         4.916511053657058e-08         
1.337500000000000e+01         4.944828389327369e-08         
1.338750000000000e+01         4.973946890455566e-08         
1.340000000000000e+01         5.003875940908497e-08         
1.341250000000000e+01         5.034625742847540e-08         
1.342500000000000e+01         5.066205841161576e-08         
1.343750000000000e+01         5.098626103053552e-08         
1.345000000000000e+01         5.131896782008996e-08         
1.346250000000000e+01         5.166027410956728e-08         
1.347500000000000e+01         5.201027974458962e-08         
1.348750000000000e+01         5.236908162046030e-08         
1.350000000000000e+01         5.273677646041095e-08         
1.351250000000000e+01         5.311345837733816e-08         
1.352500000000000e+01         5.349921958291446e-08         
1.353750000000000e+01         5.389415046651273e-08         
1.355000000000000e+01         5.429833409344239e-08         
1.356250000000000e+01         5.471185553000495e-08         
1.357500000000000e+01         5.513479241296282e-08         
1.358750000000000e+01         5.556721272784045e-08         
1.360000000000000e+01         5.600918709891569e-08         
1.361250000000000e+01         5.646077057643173e-08         
1.362500000000000e+01         5.692201353689275e-08         
1.363750000000000e+01         5.739296055012296e-08         
1.365000000000000e+01         5.787363873561097e-08         
1.366250000000000e+01         5.836407218155639e-08         
1.367500000000000e+01         5.886426425005124e-08         
1.368750000000000e+01         5.937420833901590e-08         
1.370000000000000e+01         5.989388546011711e-08         
1.371250000000000e+01         6.042325296444202e-08         
1.372500000000000e+01         6.096225451479279e-08         
1.373750000000000e+01         6.151080905923997e-08         
1.375000000000000e+01         6.206881885593618e-08         
1.376250000000000e+01         6.263615939095272e-08         
1.377500000000000e+01         6.321267579212193e-08         
1.378750000000000e+01         6.379819389723311e-08         
1.380000000000000e+01         6.439249891924571e-08         
1.381250000000000e+01         6.499535151137138e-08         
1.382500000000000e+01         6.560647426444694e-08         
1.383750000000000e+01         6.622554722680104e-08         
1.385000000000000e+01         6.685221992877145e-08         
1.386250000000000e+01         6.748609076508919e-08         
1.387500000000000e+01         6.812671531945527e-08         
1.388750000000000e+01         6.877360676591119e-08         
1.390000000000000e+01         6.942621949659139e-08         
1.391250000000000e+01         7.008396116580048e-08         
1.392500000000000e+01         7.074618301237549e-08         
1.393750000000000e+01         7.141217892783607e-08         
1.395000000000000e+01         7.208118440857819e-08         
1.396250000000000e+01         7.275237452124861e-08         
1.397500000000000e+01         7.342486147070809e-08         
1.398750000000000e+01         7.409769573909036e-08         
1.400000000000000e+01         7.476986319157554e-08         
1.401250000000000e+01         7.544028649194521e-08         
1.402500000000000e+01         7.610782561769165e-08         
1.403750000000000e+01         7.677128017585475e-08         
1.405000000000000e+01         7.742937872985178e-08         
1.406250000000000e+01         7.808080967740486e-08         
1.407500000000000e+01         7.872419720322422e-08         
1.408750000000000e+01         7.935810750003393e-08         
1.410000000000000e+01         7.998108203868796e-08         
1.411250000000000e+01         8.059160204323469e-08         
1.412500000000000e+01         8.118812598119720e-08         
1.413750000000000e+01         8.176909757198792e-08         
1.415000000000000e+01         8.233292327700373e-08         
1.416250000000000e+01         8.287802911432008e-08         
1.417500000000000e+01         8.340282467431722e-08         
1.418750000000000e+01         8.390574521335254e-08         
1.420000000000000e+01         8.438526271475755e-08         
1.421250000000000e+01         8.483987255229287e-08         
1.422500000000000e+01         8.526813492365052e-08         
1.423750000000000e+01         8.566867320651816e-08         
1.425000000000000e+01         8.604018963706255e-08         
1.426250000000000e+01         8.638147779654421e-08         
1.427500000000000e+01         8.669143412150748e-08         
1.428750000000000e+01         8.696906931129132e-08         
1.430000000000000e+01         8.721351952893346e-08         
1.431250000000000e+01         8.742405287781586e-08         
1.432500000000000e+01         8.760007955813697e-08         
1.433750000000000e+01         8.774115775639971e-08         
1.435000000000000e+01         8.784699694790654e-08         
1.436250000000000e+01         8.791746171545925e-08         
1.437500000000000e+01         8.795257259067173e-08         
1.438750000000000e+01         8.795250527062356e-08         
1.440000000000000e+01         8.791758806414033e-08         
1.441250000000000e+01         8.784829738292994e-08         
1.442500000000000e+01         8.774525312996810e-08         
1.443750000000000e+01         8.760920881706348e-08         
1.445000000000000e+01         8.744104486016058e-08         
1.446250000000000e+01         8.724175915110403e-08         
1.447500000000000e+01         8.701245686684694e-08         
1.448750000000000e+01         8.675432594142076e-08         
1.450000000000000e+01         8.646865506130734e-08         
1.451250000000000e+01         8.615679365202332e-08         
1.452500000000000e+01         8.582013857120382e-08         
1.453750000000000e+01         8.546015456840374e-08         
1.455000000000000e+01         8.507831728465763e-08         
1.456250000000000e+01         8.467613376175292e-08         
1.457500000000000e+01         8.425513065252335e-08         
1.458750000000000e+01         8.381681724567895e-08         
1.460000000000000e+01         8.336270474705367e-08         
1.461250000000000e+01         8.289428452209840e-08         
1.462500000000000e+01         8.241302223734956e-08         
1.463750000000000e+01         8.192034960468702e-08         
1.465000000000000e+01         8.141766164863244e-08         
1.466250000000000e+01         8.090630886455929e-08         
1.467500000000000e+01         8.038759297268101e-08         
1.468750000000000e+01         7.986276517629980e-08         
1.470000000000000e+01         7.933302201300781e-08         
1.471250000000000e+01         7.879950388788540e-08         
1.472500000000000e+01         7.826329332893370e-08         
1.473750000000000e+01         7.772541587959918e-08         
1.475000000000000e+01         7.718683706831767e-08         
1.476250000000000e+01         7.664846537837654e-08         
1.477500000000000e+01         7.611115166222614e-08         
1.478750000000000e+01         7.557568995221279e-08         
1.480000000000000e+01         7.504281975703318e-08         
1.481250000000000e+01         7.451322706677729e-08         
1.482500000000000e+01         7.398754631984805e-08         
1.483750000000000e+01         7.346636206555438e-08         
1.485000000000000e+01         7.295021427730674e-08         
1.486250000000000e+01         7.243958729709894e-08         
1.487500000000000e+01         7.193493739194878e-08         
1.488750000000000e+01         7.143667252577026e-08         
1.490000000000000e+01         7.094515421525940e-08         
1.491250000000000e+01         7.046072569362977e-08         
1.492500000000000e+01         6.998367842019746e-08         
1.493750000000000e+01         6.951427870998316e-08         
1.495000000000000e+01         6.905277166261196e-08         
1.496250000000000e+01         6.859935833430355e-08         
1.497500000000000e+01         6.815422512845628e-08         
1.498750000000000e+01         6.771753085336783e-08         
1.500000000000000e+01         6.728941291579216e-08         
1.501250000000000e+01         6.686998762189827e-08         
1.502500000000000e+01         6.645935360020225e-08         
1.503750000000000e+01         6.605759091446041e-08         
1.505000000000000e+01         6.566476415951334e-08         
1.506250000000000e+01         6.528092466067742e-08         
1.507500000000000e+01         6.490610888202456e-08         
1.508750000000000e+01         6.454034261903364e-08         
1.510000000000000e+01         6.418364043780395e-08         
1.511250000000000e+01         6.383600752971211e-08         
1.512500000000000e+01         6.349743990616238e-08         
1.513750000000000e+01         6.316792614120281e-08         
1.515000000000000e+01         6.284744794743274e-08         
1.516250000000000e+01         6.253598085163290e-08         
1.517500000000000e+01         6.223349509814394e-08         
1.518750000000000e+01         6.193995606572329e-08         
1.520000000000000e+01         6.165532540012185e-08         
1.521250000000000e+01         6.137956129006549e-08         
1.522500000000000e+01         6.111262104065783e-08         
1.523750000000000e+01         6.085445120439097e-08         
1.525000000000000e+01         6.060500930490693e-08         
1.526250000000000e+01         6.036424464131551e-08         
1.527500000000000e+01         6.013209958255862e-08         
1.528750000000000e+01         5.990853035337495e-08         
1.530000000000000e+01         5.969347579803201e-08         
1.531250000000000e+01         5.948688970553831e-08         
1.532500000000000e+01         5.928871978907009e-08         
1.533750000000000e+01         5.909890755692689e-08         
1.535000000000000e+01         5.891741050389936e-08         
1.536250000000000e+01         5.874417207060257e-08         
1.537500000000000e+01         5.857914302214922e-08         
1.538750000000000e+01         5.842228186608402e-08         
1.540000000000000e+01         5.827353621735894e-08         
1.541250000000000e+01         5.813286367695018e-08         
1.542500000000000e+01         5.800022097436666e-08         
1.543750000000000e+01         5.787556760042734e-08         
1.545000000000000e+01         5.775886471343810e-08         
1.546250000000000e+01         5.765007520707136e-08         
1.547500000000000e+01         5.754916504648614e-08         
1.548750000000000e+01         5.745610199719837e-08         
1.550000000000000e+01         5.737085612413975e-08         
1.551250000000000e+01         5.729340061597995e-08         
1.552500000000000e+01         5.722371058085768e-08         
1.553750000000000e+01         5.716176399565324e-08         
1.555000000000000e+01         5.710754179179553e-08         
1.556250000000000e+01         5.706102722017288e-08         
1.557500000000000e+01         5.702220674199592e-08         
1.558750000000000e+01         5.699106904436219e-08         
1.560000000000000e+01         5.696760678645741e-08         
1.561250000000000e+01         5.695181438172970e-08         
1.562500000000000e+01         5.694368986592779e-08         
1.563750000000000e+01         5.694323460844021e-08         
1.565000000000000e+01         5.695045214851081e-08         
1.566250000000000e+01         5.696535176305456e-08         
1.567500000000000e+01         5.698793773819137e-08         
1.568750000000000e+01         5.701822934598997e-08         
1.570000000000000e+01         5.705624314660661e-08         
1.571250000000000e+01         5.710199306914636e-08         
1.572500000000000e+01         5.715551007476910e-08         
1.573750000000000e+01         5.721681405289928e-08         
1.575000000000000e+01         5.728593511824760e-08         
1.576250000000000e+01         5.736291194246761e-08         
1.577500000000000e+01         5.744777456303069e-08         
1.578750000000000e+01         5.754056467805940e-08         
1.580000000000000e+01         5.764132512924179e-08         
1.581250000000000e+01         5.775010244521372e-08         
1.582500000000000e+01         5.786694618648849e-08         
1.583750000000000e+01         5.799190965270990e-08         
1.585000000000000e+01         5.812504953731066e-08         
1.586250000000000e+01         5.826642549736200e-08         
1.587500000000000e+01         5.841610155907512e-08         
1.588750000000000e+01         5.857414467656170e-08         
1.590000000000000e+01         5.874062502943796e-08         
1.591250000000000e+01         5.891561717650341e-08         
1.592500000000000e+01         5.909919813961100e-08         
1.593750000000000e+01         5.929144890441217e-08         
1.595000000000000e+01         5.949245395324109e-08         
1.596250000000000e+01         5.970230128200130e-08         
1.597500000000000e+01         5.992108204114812e-08         
1.598750000000000e+01         6.014889100189653e-08         
1.600000000000000e+01         6.038582637041721e-08         
1.601250000000000e+01         6.063198909319030e-08         
1.602500000000000e+01         6.088748659106392e-08         
1.603750000000000e+01         6.115242199369970e-08         
1.605000000000000e+01         6.142690675582934e-08         
1.606250000000000e+01         6.171105861223993e-08         
1.607500000000000e+01         6.200499286143415e-08         
1.608750000000000e+01         6.230883166066520e-08         
1.610000000000000e+01         6.262269251367151e-08         
1.611250000000000e+01         6.294670353237382e-08         
1.612500000000000e+01         6.328098944364654e-08         
1.613750000000000e+01         6.362568446160597e-08         
1.615000000000000e+01         6.398092040655019e-08         
1.616250000000000e+01         6.434682596333184e-08         
1.617500000000000e+01         6.472353833100767e-08         
1.618750000000000e+01         6.511119116761010e-08         
1.620000000000000e+01         6.550992580274708e-08         
1.621250000000000e+01         6.591987899163208e-08         
1.622500000000000e+01         6.634118417179947e-08         
1.623750000000000e+01         6.677397968990003e-08         
1.625000000000000e+01         6.721840143399489e-08         
1.626250000000000e+01         6.767458143810824e-08         
1.627500000000000e+01         6.814265844929075e-08         
1.628750000000000e+01         6.862275435629787e-08         
1.630000000000000e+01         6.911499726388292e-08         
1.631250000000000e+01         6.961950809323969e-08         
1.632500000000000e+01         7.013640185059121e-08         
1.633750000000000e+01         7.066579024862389e-08         
1.635000000000000e+01         7.120776804043695e-08         
1.636250000000000e+01         7.176243533901237e-08         
1.637500000000000e+01         7.232987177267461e-08         
1.638750000000000e+01         7.291014969519884e-08         
1.640000000000000e+01         7.350332978845341e-08         
1.641250000000000e+01         7.410944855194545e-08         
1.642500000000000e+01         7.472854115764754e-08         
1.643750000000000e+01         7.536061413461360e-08         
1.645000000000000e+01         7.600565652174868e-08         
1.646250000000000e+01         7.666363684245502e-08         
1.647500000000000e+01         7.733449170671711e-08         
1.648750000000000e+01         7.801813476178721e-08         
1.650000000000000e+01         7.871445430376923e-08         
1.651250000000000e+01         7.942329871199114e-08         
1.652500000000000e+01         8.014448426018019e-08         
1.653750000000000e+01         8.087778080452044e-08         
1.655000000000000e+01         8.162292342355226e-08         
1.656250000000000e+01         8.237959466030939e-08         
1.657500000000000e+01         8.314743623778083e-08         
1.658750000000000e+01         8.392602998843383e-08         
1.660000000000000e+01         8.471489519014880e-08         
1.661250000000000e+01         8.551349746284540e-08         
1.662500000000000e+01         8.632123375333921e-08         
1.663750000000000e+01         8.713742832493216e-08         
1.665000000000000e+01         8.796134296141048e-08         
1.666250000000000e+01         8.879214517337681e-08         
1.667500000000000e+01         8.962893117251841e-08         
1.668750000000000e+01         9.047070932408363e-08         
1.670000000000000e+01         9.131639935813621e-08         
1.671250000000000e+01         9.216482882679760e-08         
1.672500000000000e+01         9.301473115580969e-08         
1.673750000000000e+01         9.386474332978359e-08         
1.675000000000000e+01         9.471340438308093e-08         
1.676250000000000e+01         9.555915504685350e-08         
1.677500000000000e+01         9.640034100088605e-08         
1.678750000000000e+01         9.723519933264481e-08         
1.680000000000000e+01         9.806189080910151e-08         
1.681250000000000e+01         9.887847374906227e-08         
1.682500000000000e+01         9.968292420945728e-08         
1.683750000000000e+01         1.004731419599692e-07         
1.685000000000000e+01         1.012469481278464e-07         
1.686250000000000e+01         1.020021087698100e-07         
1.687500000000000e+01         1.027363461811422e-07         
1.688750000000000e+01         1.034473378007870e-07         
1.690000000000000e+01         1.041327455237930e-07         
1.691250000000000e+01         1.047902170136254e-07         
1.692500000000000e+01         1.054174212293240e-07         
1.693750000000000e+01         1.060120524944506e-07         
1.695000000000000e+01         1.065718665209357e-07         
1.696250000000000e+01         1.070946834105769e-07         
1.697500000000000e+01         1.075784119587960e-07         
1.698750000000000e+01         1.080210834033498e-07         
1.700000000000000e+01         1.084208587224187e-07         
1.701250000000000e+01         1.087760648353436e-07         
1.702500000000000e+01         1.090851966145670e-07         
1.703750000000000e+01         1.093469354296613e-07         
1.705000000000000e+01         1.095601807425057e-07         
1.706250000000000e+01         1.097240510774375e-07         
1.707500000000000e+01         1.098378934133617e-07         
1.708750000000000e+01         1.099013100080529e-07         
1.710000000000000e+01         1.099141297876349e-07         
1.711250000000000e+01         1.098764406695774e-07         
1.712500000000000e+01         1.097885750849357e-07         
1.713750000000000e+01         1.096511066470242e-07         
1.715000000000000e+01         1.094648463456396e-07         
1.716250000000000e+01         1.092308157471555e-07         
1.717500000000000e+01         1.089502665163554e-07         
1.718750000000000e+01         1.086246324034452e-07         
1.720000000000000e+01         1.082555271821464e-07         
1.721250000000000e+01         1.078447272517374e-07         
1.722500000000000e+01         1.073941383911366e-07         
1.723750000000000e+01         1.069057901144023e-07         
1.725000000000000e+01         1.063818161096921e-07         
1.726250000000000e+01         1.058244157180547e-07         
1.727500000000000e+01         1.052358500123811e-07         
1.728750000000000e+01         1.046184069622615e-07         
1.730000000000000e+01         1.039743967679217e-07         
1.731250000000000e+01         1.033061348954148e-07         
1.732500000000000e+01         1.026159107968541e-07         
1.733750000000000e+01         1.019059875271109e-07         
1.735000000000000e+01         1.011785743359859e-07         
1.736250000000000e+01         1.004358326834963e-07         
1.737500000000000e+01         9.967985146623363e-08         
1.738750000000000e+01         9.891265395385045e-08         
1.740000000000000e+01         9.813617475909994e-08         
1.741250000000000e+01         9.735225701390852e-08         
1.742500000000000e+01         9.656266124497727e-08         
1.743750000000000e+01         9.576905025763898e-08         
1.745000000000000e+01         9.497299073258722e-08         
1.746250000000000e+01         9.417596352078809e-08         
1.747500000000000e+01         9.337933795252718e-08         
1.748750000000000e+01         9.258440028732571e-08         
1.750000000000000e+01         9.179234117100278e-08         
1.751250000000000e+01         9.100426146874984e-08         
1.752500000000000e+01         9.022117721293658e-08         
1.753750000000000e+01         8.944401040176039e-08         
1.755000000000000e+01         8.867361799938354e-08         
1.756250000000000e+01         8.791076950433119e-08         
1.757500000000000e+01         8.715616392246775e-08         
1.758750000000000e+01         8.641043393673691e-08         
1.760000000000000e+01         8.567413659140445e-08         
1.761250000000000e+01         8.494778347007435e-08         
1.762500000000000e+01         8.423181791700149e-08         
1.763750000000000e+01         8.352663266114845e-08         
1.765000000000000e+01         8.283257281727039e-08         
1.766250000000000e+01         8.214993029708033e-08         
1.767500000000000e+01         8.147895838510777e-08         
1.768750000000000e+01         8.081987634164890e-08         
1.770000000000000e+01         8.017285950488138e-08         
1.771250000000000e+01         7.953805488404775e-08         
1.772500000000000e+01         7.891557127581505e-08         
1.773750000000000e+01         7.830549707508765e-08         
1.775000000000000e+01         7.770789070242783e-08         
1.776250000000000e+01         7.712279445105173e-08         
1.777500000000000e+01         7.655022518035774e-08         
1.778750000000000e+01         7.599017616978509e-08         
1.780000000000000e+01         7.544263100349704e-08         
1.781250000000000e+01         7.490755600611078e-08         
1.782500000000000e+01         7.438490140787899e-08         
1.783750000000000e+01         7.387461514120259e-08         
1.785000000000000e+01         7.337662082724747e-08         
1.786250000000000e+01         7.289084213735522e-08         
1.787500000000000e+01         7.241719242277671e-08         
1.788750000000000e+01         7.195557586625161e-08         
1.790000000000000e+01         7.150589979959645e-08         
1.791250000000000e+01         7.106805352180076e-08         
1.792500000000000e+01         7.064193074909577e-08         
1.793750000000000e+01         7.022742011081185e-08         
1.795000000000000e+01         6.982440741539992e-08         
1.796250000000000e+01         6.943277904354709e-08         
1.797500000000000e+01         6.905241073606919e-08         
1.798750000000000e+01         6.868319151163217e-08         
1.800000000000000e+01         6.832500033226588e-08         
1.801250000000000e+01         6.797771887117397e-08         
1.802500000000000e+01         6.764123197330762e-08         
1.803750000000000e+01         6.731541820744217e-08         
1.805000000000000e+01         6.700016271952132e-08         
1.806250000000000e+01         6.669535486718074e-08         
1.807500000000000e+01         6.640088091899028e-08         
1.808750000000000e+01         6.611663299840031e-08         
1.810000000000000e+01         6.584249837843379e-08         
1.811250000000000e+01         6.557837446998377e-08         
1.812500000000000e+01         6.532415616460221e-08         
1.813750000000000e+01         6.507974754879768e-08         
1.815000000000000e+01         6.484505161486775e-08         
1.816250000000000e+01         6.461997015503603e-08         
1.817500000000000e+01         6.440441454037230e-08         
1.818750000000000e+01         6.419829526175182e-08         
1.820000000000000e+01         6.400153192935403e-08         
1.821250000000000e+01         6.381404366070181e-08         
1.822500000000000e+01         6.363574950009883e-08         
1.823750000000000e+01         6.346657733226446e-08         
1.825000000000000e+01         6.330645710559785e-08         
1.826250000000000e+01         6.315532076977578e-08         
1.827500000000000e+01         6.301311096782404e-08         
1.828750000000000e+01         6.287976301259805e-08         
1.830000000000000e+01         6.275522339801852e-08         
1.831250000000000e+01         6.263944107763694e-08         
1.832500000000000e+01         6.253236841530107e-08         
1.833750000000000e+01         6.243396358444485e-08         
1.835000000000000e+01         6.234418116724622e-08         
1.836250000000000e+01         6.226299089252924e-08         
1.837500000000000e+01         6.219035911746846e-08         
1.838750000000000e+01         6.212625778987533e-08         
1.840000000000000e+01         6.207066533578852e-08         
1.841250000000000e+01         6.202355586992477e-08         
1.842500000000000e+01         6.198491917341174e-08         
1.843750000000000e+01         6.195474207197206e-08         
1.845000000000000e+01         6.193301677555658e-08         
1.846250000000000e+01         6.191974196463226e-08         
1.847500000000000e+01         6.191491441976109e-08         
1.848750000000000e+01         6.191853928229075e-08         
1.850000000000000e+01         6.193062935443792e-08         
1.851250000000000e+01         6.195119633760133e-08         
1.852500000000000e+01         6.198026050787714e-08         
1.853750000000000e+01         6.201783947838429e-08         
1.855000000000000e+01         6.206396245425390e-08         
1.856250000000000e+01         6.211865848960302e-08         
1.857500000000000e+01         6.218196693863914e-08         
1.858750000000000e+01         6.225392824928874e-08         
1.860000000000000e+01         6.233458331099822e-08         
1.861250000000000e+01         6.242398363422035e-08         
1.862500000000000e+01         6.252218346725717e-08         
1.863750000000000e+01         6.262924062139833e-08         
1.865000000000000e+01         6.274522437899433e-08         
1.866250000000000e+01         6.287019796927307e-08         
1.867500000000000e+01         6.300423780003449e-08         
1.868750000000000e+01         6.314742309350655e-08         
1.870000000000000e+01         6.329983835999690e-08         
1.871250000000000e+01         6.346157362056278e-08         
1.872500000000000e+01         6.363272390314785e-08         
1.873750000000000e+01         6.381339021694916e-08         
1.875000000000000e+01         6.400367921539904e-08         
1.876250000000000e+01         6.420370301980582e-08         
1.877500000000000e+01         6.441358169939562e-08         
1.878750000000000e+01         6.463343395615360e-08         
1.880000000000000e+01         6.486339509747177e-08         
1.881250000000000e+01         6.510360050018418e-08         
1.882500000000000e+01         6.535419228641399e-08         
1.883750000000000e+01         6.561532274051319e-08         
1.885000000000000e+01         6.588714353887309e-08         
1.886250000000000e+01         6.616981766978871e-08         
1.887500000000000e+01         6.646351907998234e-08         
1.888750000000000e+01         6.676842291853051e-08         
1.890000000000000e+01         6.708471528094344e-08         
1.891250000000000e+01         6.741258409762422e-08         
1.892500000000000e+01         6.775223082274057e-08         
1.893750000000000e+01         6.810386066600611e-08         
1.895000000000000e+01         6.846769267055048e-08         
1.896250000000000e+01         6.884395031017920e-08         
1.897500000000000e+01         6.923286081765255e-08         
1.898750000000000e+01         6.963466666107197e-08         
1.900000000000000e+01         7.004961617458279e-08         
1.901250000000000e+01         7.047796537504841e-08         
1.902500000000000e+01         7.091998643128884e-08         
1.903750000000000e+01         7.137594891785061e-08         
1.905000000000000e+01         7.184614001998560e-08         
1.906250000000000e+01         7.233085390158780e-08         
1.907500000000000e+01         7.283039260975996e-08         
1.908750000000000e+01         7.334507612244762e-08         
1.910000000000000e+01         7.387522136007948e-08         
1.911250000000000e+01         7.442116387222360e-08         
1.912500000000000e+01         7.498324720435768e-08         
1.913750000000000e+01         7.556182439034503e-08         
1.915000000000000e+01         7.615726136676073e-08         
1.916250000000000e+01         7.676992446773140e-08         
1.917500000000000e+01         7.740020412840681e-08         
1.918750000000000e+01         7.804849089932391e-08         
1.920000000000000e+01         7.871519000348477e-08         
1.921250000000000e+01         7.940070903805875e-08         
1.922500000000000e+01         8.010547195025135e-08         
1.923750000000000e+01         8.082990633721986e-08         
1.925000000000000e+01         8.157445529627848e-08         
1.926250000000000e+01         8.233956538918688e-08         
1.927500000000000e+01         8.312568509951074e-08         
1.928750000000000e+01         8.393327677289003e-08         
1.930000000000000e+01         8.476280250972374e-08         
1.931250000000000e+01         8.561473665240493e-08         
1.932500000000000e+01         8.648955130009155e-08         
1.933750000000000e+01         8.738771511585084e-08         
1.935000000000000e+01         8.830970409294323e-08         
1.936250000000000e+01         8.925598893244424e-08         
1.937500000000000e+01         9.022703365042488e-08         
1.938750000000000e+01         9.122330534179465e-08         
1.940000000000000e+01         9.224524568796736e-08         
1.941250000000000e+01         9.329329303250623e-08         
1.942500000000000e+01         9.436786647575430e-08         
1.943750000000000e+01         9.546936350497609e-08         
1.945000000000000e+01         9.659815816960238e-08         
1.946250000000000e+01         9.775458345759812e-08         
1.947500000000000e+01         9.893895018867490e-08         
1.948750000000000e+01         1.001515152206691e-07         
1.950000000000000e+01         1.013924874795592e-07         
1.951250000000000e+01         1.026620187865823e-07         
1.952500000000000e+01         1.039601863322558e-07         
1.953750000000000e+01         1.052869940435062e-07         
1.955000000000000e+01         1.066423641219539e-07         
1.956250000000000e+01         1.080261108424946e-07         
1.957500000000000e+01         1.094379407305842e-07         
1.958750000000000e+01         1.108774275950469e-07         
1.960000000000000e+01         1.123440092515324e-07         
1.961250000000000e+01         1.138369740339274e-07         
1.962500000000000e+01         1.153554290127175e-07         
1.963750000000000e+01         1.168982969337253e-07         
1.965000000000000e+01         1.184642827492330e-07         
1.966250000000000e+01         1.200518740050133e-07         
1.967500000000000e+01         1.216593049066181e-07         
1.968750000000000e+01         1.232845535629676e-07         
1.970000000000000e+01         1.249253054860622e-07         
1.971250000000000e+01         1.265789362213316e-07         
1.972500000000000e+01         1.282425072578961e-07         
1.973750000000000e+01         1.299127387144611e-07         
1.975000000000000e+01         1.315859947475993e-07         
1.976250000000000e+01         1.332582885229521e-07         
1.977500000000000e+01         1.349252419354278e-07         
1.978750000000000e+01         1.365821155411703e-07         
1.980000000000000e+01         1.382237955427043e-07         
1.981250000000000e+01         1.398448041943968e-07         
1.982500000000000e+01         1.414393184466547e-07         
1.983750000000000e+01         1.430011960030201e-07         
1.985000000000000e+01         1.445240054187299e-07         
1.986250000000000e+01         1.460010721856174e-07         
1.987500000000000e+01         1.474255315503633e-07         
1.988750000000000e+01         1.487903959129332e-07         
1.990000000000000e+01         1.500886082801709e-07         
1.991250000000000e+01         1.513131634722200e-07         
1.992500000000000e+01         1.524571593173962e-07         
1.993750000000000e+01         1.535139109281515e-07         
1.995000000000000e+01         1.544770523504474e-07         
1.996250000000000e+01         1.553406211162074e-07         
1.997500000000000e+01         1.560991789524634e-07         
1.998750000000000e+01         1.567479082840687e-07         
2.000000000000000e+01         1.572826793555046e-07         
2.001250000000000e+01         1.577001486087593e-07         
2.002500000000000e+01         1.579978049910737e-07         
2.003750000000000e+01         1.581740396569736e-07         
2.005000000000000e+01         1.582281566919124e-07         
2.006250000000000e+01         1.581604095300530e-07         
2.007500000000000e+01         1.579719683859356e-07         
2.008750000000000e+01         1.576648984109438e-07         
2.010000000000000e+01         1.572421313975765e-07         
2.011250000000000e+01         1.567073921688635e-07         
2.012500000000000e+01         1.560651239880188e-07         
2.013750000000000e+01         1.553204208205269e-07         
2.015000000000000e+01         1.544788995674146e-07         
2.016250000000000e+01         1.535466359074424e-07         
2.017500000000000e+01         1.525300483292184e-07         
2.018750000000000e+01         1.514357971119552e-07         
2.020000000000000e+01         1.502707105276913e-07         
2.021250000000000e+01         1.490416525670351e-07         
2.022500000000000e+01         1.477554827517681e-07         
2.023750000000000e+01         1.464189609689864e-07         
2.025000000000000e+01         1.450386865027955e-07         
2.026250000000000e+01         1.436210469654416e-07         
2.027500000000000e+01         1.421721565423328e-07         
2.028750000000000e+01         1.406978522322153e-07         
2.030000000000000e+01         1.392036342698583e-07         
2.031250000000000e+01         1.376946649982873e-07         
2.032500000000000e+01         1.361757560664665e-07         
2.033750000000000e+01         1.346513500550836e-07         
2.035000000000000e+01         1.331255391560686e-07         
2.036250000000000e+01         1.316020706752906e-07         
2.037500000000000e+01         1.300843368137664e-07         
2.038750000000000e+01         1.285754068887379e-07         
2.040000000000000e+01         1.270780249647298e-07         
2.041250000000000e+01         1.255946412950122e-07         
2.042500000000000e+01         1.241274308165867e-07         
2.043750000000000e+01         1.226782949776953e-07         
2.045000000000000e+01         1.212488958854580e-07         
2.046250000000000e+01         1.198406597661155e-07         
2.047500000000000e+01         1.184548130872125e-07         
2.048750000000000e+01         1.170923850388444e-07         
2.050000000000000e+01         1.157542393937963e-07         
2.051250000000000e+01         1.144410759113260e-07         
2.052500000000000e+01         1.131534444482029e-07         
2.053750000000000e+01         1.118917759136802e-07         
2.055000000000000e+01         1.106563818961386e-07         
2.056250000000000e+01         1.094474684237343e-07         
2.057500000000000e+01         1.082651608754739e-07         
2.058750000000000e+01         1.071094869246026e-07         
2.060000000000000e+01         1.059804131528408e-07         
2.061250000000000e+01         1.048778410659182e-07         
2.062500000000000e+01         1.038016169789291e-07         
2.063750000000000e+01         1.027515433346113e-07         
2.065000000000000e+01         1.017273699063009e-07         
2.066250000000000e+01         1.007288282994812e-07         
2.067500000000000e+01         9.975560943244739e-08         
2.068750000000000e+01         9.880738240365044e-08         
2.070000000000000e+01         9.788379833802713e-08         
2.071250000000000e+01         9.698448171623514e-08         
2.072500000000000e+01         9.610905868556350e-08         
2.073750000000000e+01         9.525713560539130e-08         
2.075000000000000e+01         9.442831337532169e-08         
2.076250000000000e+01         9.362219087236162e-08         
2.077500000000000e+01         9.283835633747845e-08         
2.078750000000000e+01         9.207640206931083e-08         
2.080000000000000e+01         9.133592552328581e-08         
2.081250000000000e+01         9.061651891177070e-08         
2.082500000000000e+01         8.991778239576037e-08         
2.083750000000000e+01         8.923931291169711e-08         
2.085000000000000e+01         8.858072044973080e-08         
2.086250000000000e+01         8.794161539625381e-08         
2.087500000000000e+01         8.732162238729844e-08         
2.088750000000000e+01         8.672036802989207e-08         
2.090000000000000e+01         8.613748174369289e-08         
2.091250000000000e+01         8.557260856462115e-08         
2.092500000000000e+01         8.502539898572097e-08         
2.093750000000000e+01         8.449551015150419e-08         
2.095000000000000e+01         8.398261655985388e-08         
2.096250000000000e+01         8.348638808481968e-08         
2.097500000000000e+01         8.300651302371959e-08         
2.098750000000000e+01         8.254268564956195e-08         
2.100000000000000e+01         8.209460797621084e-08         
2.101250000000000e+01         8.166199909980146e-08         
2.102500000000000e+01         8.124457444055704e-08         
2.103750000000000e+01         8.084206665755891e-08         
2.105000000000000e+01         8.045421560473179e-08         
2.106250000000000e+01         8.008076960330054e-08         
2.107500000000000e+01         7.972148802215552e-08         
2.108750000000000e+01         7.937613018913496e-08         
2.110000000000000e+01         7.904447669406294e-08         
2.111250000000000e+01         7.872630783731016e-08         
2.112500000000000e+01         7.842141442072606e-08         
2.113750000000000e+01         7.812959783367507e-08         
2.115000000000000e+01         7.785066021857565e-08         
2.116250000000000e+01         7.758441636108342e-08         
2.117500000000000e+01         7.733069306981713e-08         
2.118750000000000e+01         7.708931818345917e-08         
2.120000000000000e+01         7.686013116099144e-08         
2.121250000000000e+01         7.664297213658431e-08         
2.122500000000000e+01         7.643769521765133e-08         
2.123750000000000e+01         7.624415694581928e-08         
2.125000000000000e+01         7.606222749569477e-08         
2.126250000000000e+01         7.589177911534387e-08         
2.127500000000000e+01         7.573268635345227e-08         
2.128750000000000e+01         7.558483721802868e-08         
2.130000000000000e+01         7.544812162068073e-08         
2.131250000000000e+01         7.532244157081016e-08         
2.132500000000000e+01         7.520770132397889e-08         
2.133750000000000e+01         7.510380755215147e-08         
2.135000000000000e+01         7.501067843068034e-08         
2.136250000000000e+01         7.492823622687694e-08         
2.137500000000000e+01         7.485640673602460e-08         
2.138750000000000e+01         7.479512955193450e-08         
2.140000000000000e+01         7.474433723888361e-08         
2.141250000000000e+01         7.470397689410124e-08         
2.142500000000000e+01         7.467399852951913e-08         
2.143750000000000e+01         7.465435675659170e-08         
2.145000000000000e+01         7.464501441218312e-08         
2.146250000000000e+01         7.464593084875010e-08         
2.147500000000000e+01         7.465708199064668e-08         
2.148750000000000e+01         7.467844207413373e-08         
2.150000000000000e+01         7.470999139895758e-08         
2.151250000000000e+01         7.475171704735023e-08         
2.152500000000000e+01         7.480360484241518e-08         
2.153750000000000e+01         7.486564970043792e-08         
2.155000000000000e+01         7.493785464380779e-08         
2.156250000000000e+01         7.502022121871288e-08         
2.157500000000000e+01         7.511276068738112e-08         
2.158750000000000e+01         7.521548119086600e-08         
2.160000000000000e+01         7.532839982305736e-08         
2.161250000000000e+01         7.545154193459990e-08         
2.162500000000000e+01         7.558493123325383e-08         
2.163750000000000e+01         7.572859913422507e-08         
2.165000000000000e+01         7.588257598399235e-08         
2.166250000000000e+01         7.604690152455577e-08         
2.167500000000000e+01         7.622161566708056e-08         
2.168750000000000e+01         7.640676758862677e-08         
2.170000000000000e+01         7.660240725844011e-08         
2.171250000000000e+01         7.680858299432334e-08         
2.172500000000000e+01         7.702535449713609e-08         
2.173750000000000e+01         7.725278126694554e-08         
2.175000000000000e+01         7.749092528910849e-08         
2.176250000000000e+01         7.773985938889940e-08         
2.177500000000000e+01         7.799964718964054e-08         
2.178750000000000e+01         7.827036392736790e-08         
2.180000000000000e+01         7.855208530440484e-08         
2.181250000000000e+01         7.884489043362364e-08         
2.182500000000000e+01         7.914886059938923e-08         
2.183750000000000e+01         7.946407873620245e-08         
2.185000000000000e+01         7.979063087566507e-08         
2.186250000000000e+01         8.012860471969634e-08         
2.187500000000000e+01         8.047808982724335e-08         
2.188750000000000e+01         8.083917900331385e-08         
2.190000000000000e+01         8.121195847852097e-08         
2.191250000000000e+01         8.159652733679486e-08         
2.192500000000000e+01         8.199297723371204e-08         
2.193750000000000e+01         8.240140215518927e-08         
2.195000000000000e+01         8.282189786096595e-08         
2.196250000000000e+01         8.325455339178528e-08         
2.197500000000000e+01         8.369946138297784e-08         
2.198750000000000e+01         8.415671634585641e-08         
2.200000000000000e+01         8.462640519022131e-08         
2.201250000000000e+01         8.510861639736655e-08         
2.202500000000000e+01         8.560342880328464e-08         
2.203750000000000e+01         8.611092339926384e-08         
2.205000000000000e+01         8.663117322142746e-08         
2.206250000000000e+01         8.716425191312639e-08         
2.207500000000000e+01         8.771022274274561e-08         
2.208750000000000e+01         8.826913774301573e-08         
2.210000000000000e+01         8.884104718306377e-08         
2.211250000000000e+01         8.942599082457989e-08         
2.212500000000000e+01         9.002399546386623e-08         
2.213750000000000e+01         9.063508583967957e-08         
2.215000000000000e+01         9.125926083445557e-08         
2.216250000000000e+01         9.189651479326489e-08         
2.217500000000000e+01         9.254682361546362e-08         
2.218750000000000e+01         9.321014525411753e-08         
2.220000000000000e+01         9.388642778324501e-08         
2.221250000000000e+01         9.457558584261893e-08         
2.222500000000000e+01         9.527752124325415e-08         
2.223750000000000e+01         9.599210986136473e-08         
2.225000000000000e+01         9.671920200768558e-08         
2.226250000000000e+01         9.745862207825314e-08         
2.227500000000000e+01         9.821015616800680e-08         
2.228750000000000e+01         9.897357118539104e-08         
2.230000000000000e+01         9.974859075546617e-08         
2.231250000000000e+01         1.005349035838318e-07         
2.232500000000000e+01         1.013321616075434e-07         
2.233750000000000e+01         1.021399676063941e-07         
2.235000000000000e+01         1.029578842727977e-07         
2.236250000000000e+01         1.037854322334474e-07         
2.237500000000000e+01         1.046220745932537e-07         
2.238750000000000e+01         1.054672268828664e-07         
2.240000000000000e+01         1.063202426624226e-07         
2.241250000000000e+01         1.071804221153906e-07         
2.242500000000000e+01         1.080470106486172e-07         
2.243750000000000e+01         1.089191837381907e-07         
2.245000000000000e+01         1.097960570913601e-07         
2.246250000000000e+01         1.106766722653805e-07         
2.247500000000000e+01         1.115600104114713e-07         
2.248750000000000e+01         1.124449774441764e-07         
2.250000000000000e+01         1.133304172586757e-07         
2.251250000000000e+01         1.142150969762953e-07         
2.252500000000000e+01         1.150977067237140e-07         
2.253750000000000e+01         1.159768743543914e-07         
2.255000000000000e+01         1.168511547739630e-07         
2.256250000000000e+01         1.177190321820792e-07         
2.257500000000000e+01         1.185789360790652e-07         
2.258750000000000e+01         1.194292181245748e-07         
2.260000000000000e+01         1.202681816316375e-07         
2.261250000000000e+01         1.210940731888911e-07         
2.262500000000000e+01         1.219050929864714e-07         
2.263750000000000e+01         1.226994026283386e-07         
2.265000000000000e+01         1.234751203434280e-07         
2.266250000000000e+01         1.242303559710396e-07         
2.267500000000000e+01         1.249631938709382e-07         
2.268750000000000e+01         1.256717170262561e-07         
2.270000000000000e+01         1.263540167464168e-07         
2.271250000000000e+01         1.270081936924684e-07         
2.272500000000000e+01         1.276323963797776e-07         
2.273750000000000e+01         1.282248059853237e-07         
2.275000000000000e+01         1.287836648629656e-07         
2.276250000000000e+01         1.293072898369255e-07         
2.277500000000000e+01         1.297940730667010e-07         
2.278750000000000e+01         1.302425118602367e-07         
2.280000000000000e+01         1.306512203216631e-07         
2.281250000000000e+01         1.310189273070330e-07         
2.282500000000000e+01         1.313445020916021e-07         
2.283750000000000e+01         1.316269526045103e-07         
2.285000000000000e+01         1.318654472928327e-07         
2.286250000000000e+01         1.320593138705711e-07         
2.287500000000000e+01         1.322080568815117e-07         
2.288750000000000e+01         1.323113491840920e-07         
2.290000000000000e+01         1.323690346538005e-07         
2.291250000000000e+01         1.323811434193559e-07         
2.292500000000000e+01         1.323478808391637e-07         
2.293750000000000e+01         1.322696224678997e-07         
2.295000000000000e+01         1.321469287251244e-07         
2.296250000000000e+01         1.319805062717423e-07         
2.297500000000000e+01         1.317712314998643e-07         
2.298750000000000e+01         1.315201264054631e-07         
2.300000000000000e+01         1.312283526674198e-07         
2.301250000000000e+01         1.308971979631464e-07         
2.302500000000000e+01         1.305280689451613e-07         
2.303750000000000e+01         1.301224732298364e-07         
2.305000000000000e+01         1.296820102074593e-07         
2.306250000000000e+01         1.292083558635232e-07         
2.307500000000000e+01         1.287032529912857e-07         
2.308750000000000e+01         1.281684837013590e-07         
2.310000000000000e+01         1.276058849173606e-07         
2.311250000000000e+01         1.270173081328833e-07         
2.312500000000000e+01         1.264046198781744e-07         
2.313750000000000e+01         1.257696922993452e-07         
2.315000000000000e+01         1.251143811147483e-07         
2.316250000000000e+01         1.244405298603509e-07         
2.317500000000000e+01         1.237499595610023e-07         
2.318750000000000e+01         1.230444494624393e-07         
2.320000000000000e+01         1.223257421953449e-07         
2.321250000000000e+01         1.215955252919573e-07         
2.322500000000000e+01         1.208554410051179e-07         
2.323750000000000e+01         1.201070693042755e-07         
2.325000000000000e+01         1.193519371480179e-07         
2.326250000000000e+01         1.185915031730371e-07         
2.327500000000000e+01         1.178271553104043e-07         
2.328750000000000e+01         1.170602228812711e-07         
2.330000000000000e+01         1.162919618163232e-07         
2.331250000000000e+01         1.155235689913677e-07         
2.332500000000000e+01         1.147561683695305e-07         
2.333750000000000e+01         1.139908116750478e-07         
2.335000000000000e+01         1.132284935581983e-07         
2.336250000000000e+01         1.124701414447009e-07         
2.337500000000000e+01         1.117166178244846e-07         
2.338750000000000e+01         1.109687349817741e-07         
2.340000000000000e+01         1.102272316415321e-07         
2.341250000000000e+01         1.094927996293354e-07         
2.342500000000000e+01         1.087660751598574e-07         
2.343750000000000e+01         1.080476425596026e-07         
2.345000000000000e+01         1.073380397567363e-07         
2.346250000000000e+01         1.066377483374585e-07         
2.347500000000000e+01         1.059472203198196e-07         
2.348750000000000e+01         1.052668564373848e-07         
2.350000000000000e+01         1.045970204480729e-07         
2.351250000000000e+01         1.039380418536443e-07         
2.352500000000000e+01         1.032902088464658e-07         
2.353750000000000e+01         1.026537813224358e-07         
2.355000000000000e+01         1.020289945484193e-07         
2.356250000000000e+01         1.014160484444942e-07         
2.357500000000000e+01         1.008151213060546e-07         
2.358750000000000e+01         1.002263609918746e-07         
2.360000000000000e+01         9.964989735567667e-08         
2.361250000000000e+01         9.908584457700281e-08         
2.362500000000000e+01         9.853429100439996e-08         
2.363750000000000e+01         9.799531232060331e-08         
2.365000000000000e+01         9.746896165502726e-08         
2.366250000000000e+01         9.695528445986339e-08         
2.367500000000000e+01         9.645430901457334e-08         
2.368750000000000e+01         9.596605813119051e-08         
2.370000000000000e+01         9.549053982506016e-08         
2.371250000000000e+01         9.502774755053795e-08         
2.372500000000000e+01         9.457767362487393e-08         
2.373750000000000e+01         9.414030047747424e-08         
2.375000000000000e+01         9.371560126000703e-08         
2.376250000000000e+01         9.330355273697566e-08         
2.377500000000000e+01         9.290411288411734e-08         
2.378750000000000e+01         9.251724435502866e-08         
2.380000000000000e+01         9.214290412738771e-08         
2.381250000000000e+01         9.178104625869378e-08         
2.382500000000000e+01         9.143162244562133e-08         
2.383750000000000e+01         9.109458222215113e-08         
2.385000000000000e+01         9.076987384316938e-08         
2.386250000000000e+01         9.045744495137854e-08         
2.387500000000000e+01         9.015724258442373e-08         
2.388750000000000e+01         8.986921577106242e-08         
2.390000000000000e+01         8.959330616132570e-08         
2.391250000000000e+01         8.932946757204285e-08         
2.392500000000000e+01         8.907764746799832e-08         
2.393750000000000e+01         8.883779628020134e-08         
2.395000000000000e+01         8.860986799479965e-08         
2.396250000000000e+01         8.839381293976651e-08         
2.397500000000000e+01         8.818958703417829e-08         
2.398750000000000e+01         8.799715298039255e-08         
2.400000000000000e+01         8.781646948848650e-08         
2.401250000000000e+01         8.764750299387400e-08         
2.402500000000000e+01         8.749021573044125e-08         
2.403750000000000e+01         8.734457942168234e-08         
2.405000000000000e+01         8.721056583468756e-08         
2.406250000000000e+01         8.708815542803556e-08         
2.407500000000000e+01         8.697732853996004e-08         
2.408750000000000e+01         8.687806448529208e-08         
2.410000000000000e+01         8.679035361086507e-08         
2.411250000000000e+01         8.671418722584239e-08         
2.412500000000000e+01         8.664955920630771e-08         
2.413750000000000e+01         8.659647593326725e-08         
2.415000000000000e+01         8.655493547211562e-08         
2.416250000000000e+01         8.652494812508354e-08         
2.417500000000000e+01         8.650652749980852e-08         
2.418750000000000e+01         8.649968953430523e-08         
2.420000000000000e+01         8.650446277852057e-08         
2.421250000000000e+01         8.652086849507279e-08         
2.422500000000000e+01         8.654894085288398e-08         
2.423750000000000e+01         8.658871714542089e-08         
2.425000000000000e+01         8.664023991824291e-08         
2.426250000000000e+01         8.670355880656129e-08         
2.427500000000000e+01         8.677871987689643e-08         
2.428750000000000e+01         8.686578817054597e-08         
2.430000000000000e+01         8.696482500792488e-08         
2.431250000000000e+01         8.707589944903174e-08         
2.432500000000000e+01         8.719908871477079e-08         
2.433750000000000e+01         8.733446881403372e-08         
2.435000000000000e+01         8.748212654678884e-08         
2.436250000000000e+01         8.764215785300013e-08         
2.437500000000000e+01         8.781465953930253e-08         
2.438750000000000e+01         8.799973856769060e-08         
2.440000000000000e+01         8.819750066274611e-08         
2.441250000000000e+01         8.840806355631976e-08         
2.442500000000000e+01         8.863155451677835e-08         
2.443750000000000e+01         8.886810154317742e-08         
2.445000000000000e+01         8.911784356388833e-08         
2.446250000000000e+01         8.938091992651752e-08         
2.447500000000000e+01         8.965748294739813e-08         
2.448750000000000e+01         8.994768782218662e-08         
2.450000000000000e+01         9.025170282527657e-08         
2.451250000000000e+01         9.056969951000751e-08         
2.452500000000000e+01         9.090185252719468e-08         
2.453750000000000e+01         9.124834985592982e-08         
2.455000000000000e+01         9.160938489460494e-08         
2.456250000000000e+01         9.198515682740250e-08         
2.457500000000000e+01         9.237588052110327e-08         
2.458750000000000e+01         9.278176568479141e-08         
2.460000000000000e+01         9.320303833906825e-08         
2.461250000000000e+01         9.363993082539681e-08         
2.462500000000000e+01         9.409268274547757e-08         
2.463750000000000e+01         9.456154391861358e-08         
2.465000000000000e+01         9.504676325126602e-08         
2.466250000000000e+01         9.554861079802789e-08         
2.467500000000000e+01         9.606735569267546e-08         
2.468750000000000e+01         9.660327725494201e-08         
2.470000000000000e+01         9.715666521337802e-08         
2.471250000000000e+01         9.772780762902926e-08         
2.472500000000000e+01         9.831701336516379e-08         
2.473750000000000e+01         9.892459063012862e-08         
2.475000000000000e+01         9.955085670303769e-08         
2.476250000000000e+01         1.001961380606482e-07         
2.477500000000000e+01         1.008607616753021e-07         
2.478750000000000e+01         1.015450650047390e-07         
2.480000000000000e+01         1.022493962274035e-07         
2.481250000000000e+01         1.029741025857901e-07         
2.482500000000000e+01         1.037195407511471e-07         
2.483750000000000e+01         1.044860647083430e-07         
2.485000000000000e+01         1.052740392046945e-07         
2.486250000000000e+01         1.060838274344581e-07         
2.487500000000000e+01         1.069158010827820e-07         
2.488750000000000e+01         1.077703287813782e-07         
2.490000000000000e+01         1.086477727548175e-07         
2.491250000000000e+01         1.095485015482360e-07         
2.492500000000000e+01         1.104728782073637e-07         
2.493750000000000e+01         1.114212577852795e-07         
2.495000000000000e+01         1.123939982590167e-07         
2.496250000000000e+01         1.133914337888295e-07         
2.497500000000000e+01         1.144138970844516e-07         
2.498750000000000e+01         1.154617037264044e-07         
2.500000000000000e+01         1.165351502401313e-07         
2.501250000000000e+01         1.176345217424637e-07         
2.502500000000000e+01         1.187600650936812e-07         
2.503750000000000e+01         1.199120086471758e-07         
2.505000000000000e+01         1.210905455413638e-07         
2.506250000000000e+01         1.222958322877190e-07         
2.507500000000000e+01         1.235279845129551e-07         
2.508750000000000e+01         1.247870592172115e-07         
2.510000000000000e+01         1.260730746152992e-07         
2.511250000000000e+01         1.273859764078583e-07         
2.512500000000000e+01         1.287256444532836e-07         
2.513750000000000e+01         1.300918840021740e-07         
2.515000000000000e+01         1.314844068502725e-07         
2.516250000000000e+01         1.329028357729387e-07         
2.517500000000000e+01         1.343466940434534e-07         
2.518750000000000e+01         1.358153817558414e-07         
2.520000000000000e+01         1.373081792950047e-07         
2.521250000000000e+01         1.388242200581351e-07         
2.522500000000000e+01         1.403624973908566e-07         
2.523750000000000e+01         1.419218359841201e-07         
2.525000000000000e+01         1.435008946988437e-07         
2.526250000000000e+01         1.450981384558008e-07         
2.527500000000000e+01         1.467118251839555e-07         
2.528750000000000e+01         1.483400068400132e-07         
2.530000000000000e+01         1.499805033694908e-07         
2.531250000000000e+01         1.516309033105578e-07         
2.532500000000000e+01         1.532885400402958e-07         
2.533750000000000e+01         1.549504787948419e-07         
2.535000000000000e+01         1.566135255587363e-07         
2.536250000000000e+01         1.582742082946076e-07         
2.537500000000000e+01         1.599287711154559e-07         
2.538750000000000e+01         1.615731910947086e-07         
2.540000000000000e+01         1.632031487222569e-07         
2.541250000000000e+01         1.648140641931554e-07         
2.542500000000000e+01         1.664010947183810e-07         
2.543750000000000e+01         1.679591526144994e-07         
2.545000000000000e+01         1.694829308735121e-07         
2.546250000000000e+01         1.709669125147423e-07         
2.547500000000000e+01         1.724054387783192e-07         
2.548750000000000e+01         1.737927113007899e-07         
2.550000000000000e+01         1.751228591525651e-07         
2.551250000000000e+01         1.763899866213954e-07         
2.552500000000000e+01         1.775882184470690e-07         
2.553750000000000e+01         1.787117757314267e-07         
2.555000000000000e+01         1.797550442288650e-07         
2.556250000000000e+01         1.807126223888707e-07         
2.557500000000000e+01         1.815794080973675e-07         
2.558750000000000e+01         1.823506523122519e-07         
2.560000000000000e+01         1.830220414667502e-07         
2.561250000000000e+01         1.835897632826461e-07         
2.562500000000000e+01         1.840505447695540e-07         
2.563750000000000e+01         1.844017236156147e-07         
2.565000000000000e+01         1.846412712810728e-07         
2.566250000000000e+01         1.847678486401321e-07         
2.567500000000000e+01         1.847808095548107e-07         
2.568750000000000e+01         1.846802297909773e-07         
2.570000000000000e+01         1.844668856547981e-07         
2.571250000000000e+01         1.841422440854760e-07         
2.572500000000000e+01         1.837084502950001e-07         
2.573750000000000e+01         1.831682834296452e-07         
2.575000000000000e+01         1.825251079919807e-07         
2.576250000000000e+01         1.817828407915181e-07         
2.577500000000000e+01         1.809458540670543e-07         
2.578750000000000e+01         1.800189469156027e-07         
2.580000000000000e+01         1.790072608854561e-07         
2.581250000000000e+01         1.779162120918724e-07         
2.582500000000000e+01         1.767514254017625e-07         
2.583750000000000e+01         1.755186675981954e-07         
2.585000000000000e+01         1.742237804456612e-07         
2.586250000000000e+01         1.728726230394298e-07         
2.587500000000000e+01         1.714710162095777e-07         
2.588750000000000e+01         1.700246967752163e-07         
2.590000000000000e+01         1.685392557901389e-07         
2.591250000000000e+01         1.670201370425542e-07         
2.592500000000000e+01         1.654725695206704e-07         
2.593750000000000e+01         1.639015603229317e-07         
2.595000000000000e+01         1.623118735067019e-07         
2.596250000000000e+01         1.607080032097982e-07         
2.597500000000000e+01         1.590941797938043e-07         
2.598750000000000e+01         1.574743646139657e-07         
2.600000000000000e+01         1.558522316316062e-07         
2.601250000000000e+01         1.542311851373281e-07         
2.602500000000000e+01         1.526143499561288e-07         
2.603750000000000e+01         1.510045953722818e-07         
2.605000000000000e+01         1.494045279977992e-07         
2.606250000000000e+01         1.478165191779008e-07         
2.607500000000000e+01         1.462426991696167e-07         
2.608750000000000e+01         1.446849718308761e-07         
2.610000000000000e+01         1.431450390871233e-07         
2.611250000000000e+01         1.416244043510524e-07         
2.612500000000000e+01         1.401243846097663e-07         
2.613750000000000e+01         1.386461370022319e-07         
2.615000000000000e+01         1.371906447995898e-07         
2.616250000000000e+01         1.357587560514689e-07         
2.617500000000000e+01         1.343511826301624e-07         
2.618750000000000e+01         1.329685106179685e-07         
2.620000000000000e+01         1.316112254585660e-07         
2.621250000000000e+01         1.302796940567970e-07         
2.622500000000000e+01         1.289742026283785e-07         
2.623750000000000e+01         1.276949509582101e-07         
2.625000000000000e+01         1.264420642354224e-07         
2.626250000000000e+01         1.252156025851371e-07         
2.627500000000000e+01         1.240155568031084e-07         
2.628750000000000e+01         1.228418787971280e-07         
2.630000000000000e+01         1.216944639575871e-07         
2.631250000000000e+01         1.205731678126730e-07         
2.632500000000000e+01         1.194778122264764e-07         
2.633750000000000e+01         1.184081803082112e-07         
2.635000000000000e+01         1.173640322583808e-07         
2.636250000000000e+01         1.163451095345751e-07         
2.637500000000000e+01         1.153511264789650e-07         
2.638750000000000e+01         1.143817851690262e-07         
2.640000000000000e+01         1.134367670197563e-07         
2.641250000000000e+01         1.125157466749364e-07         
2.642500000000000e+01         1.116183943603040e-07         
2.643750000000000e+01         1.107443669779732e-07         
2.645000000000000e+01         1.098933203970602e-07         
2.646250000000000e+01         1.090649008602564e-07         
2.647500000000000e+01         1.082587595907652e-07         
2.648750000000000e+01         1.074745428680454e-07         
2.650000000000000e+01         1.067119044953446e-07         
2.651250000000000e+01         1.059704956021583e-07         
2.652500000000000e+01         1.052499660094129e-07         
2.653750000000000e+01         1.045499752375234e-07         
2.655000000000000e+01         1.038701852228733e-07         
2.656250000000000e+01         1.032102609951235e-07         
2.657500000000000e+01         1.025698811868255e-07         
2.658750000000000e+01         1.019487175549617e-07         
2.660000000000000e+01         1.013464569465075e-07         
2.661250000000000e+01         1.007627908960846e-07         
2.662500000000000e+01         1.001974179731542e-07         
2.663750000000000e+01         9.965004561570067e-08         
2.665000000000000e+01         9.912038070268881e-08         
2.666250000000000e+01         9.860815020017130e-08         
2.667500000000000e+01         9.811308037918818e-08         
2.668750000000000e+01         9.763490742382096e-08         
2.670000000000000e+01         9.717337779104884e-08         
2.671250000000000e+01         9.672823724740685e-08         
2.672500000000000e+01         9.629925176517160e-08         
2.673750000000000e+01         9.588618747446783e-08         
2.675000000000000e+01         9.548882052301866e-08         
2.676250000000000e+01         9.510693651331834e-08         
2.677500000000000e+01         9.474032367169058e-08         
2.678750000000000e+01         9.438878197210062e-08         
2.680000000000000e+01         9.405212241840474e-08         
2.681250000000000e+01         9.373015905165945e-08         
2.682500000000000e+01         9.342271720678149e-08         
2.683750000000000e+01         9.312962295414038e-08         
2.685000000000000e+01         9.285071766582631e-08         
2.686250000000000e+01         9.258584530005588e-08         
2.687500000000000e+01         9.233486309720339e-08         
2.688750000000000e+01         9.209763245441820e-08         
2.690000000000000e+01         9.187401735921540e-08         
2.691250000000000e+01         9.166389565456310e-08         
2.692500000000000e+01         9.146715008803239e-08         
2.693750000000000e+01         9.128366921031889e-08         
2.695000000000000e+01         9.111335596858176e-08         
2.696250000000000e+01         9.095610823947153e-08         
2.697500000000000e+01         9.081183944710789e-08         
2.698750000000000e+01         9.068046760194051e-08         
2.700000000000000e+01         9.056191749319185e-08         
2.701250000000000e+01         9.045612169884992e-08         
2.702500000000000e+01         9.036301819881430e-08         
2.703750000000000e+01         9.028255250914545e-08         
2.705000000000000e+01         9.021467665517549e-08         
2.706250000000000e+01         9.015934950313666e-08         
2.707500000000000e+01         9.011653834352832e-08         
2.708750000000000e+01         9.008620970334109e-08         
2.710000000000000e+01         9.006834767205516e-08         
2.711250000000000e+01         9.006293576700393e-08         
2.712500000000000e+01         9.006996594105334e-08         
2.713750000000000e+01         9.008943859301033e-08         
2.715000000000000e+01         9.012135476784086e-08         
2.716250000000000e+01         9.016572604468275e-08         
2.717500000000000e+01         9.022257490346947e-08         
2.718750000000000e+01         9.029192403949537e-08         
2.720000000000000e+01         9.037380718822797e-08         
2.721250000000000e+01         9.046825829504220e-08         
2.722500000000000e+01         9.057532436278629e-08         
2.723750000000000e+01         9.069505487921966e-08         
2.725000000000000e+01         9.082751241400987e-08         
2.726250000000000e+01         9.097276214400346e-08         
2.727500000000000e+01         9.113087195695794e-08         
2.728750000000000e+01         9.130192296034379e-08         
2.730000000000000e+01         9.148599923713162e-08         
2.731250000000000e+01         9.168319732212638e-08         
2.732500000000000e+01         9.189361732400073e-08         
2.733750000000000e+01         9.211736275798404e-08         
2.735000000000000e+01         9.235455001024182e-08         
2.736250000000000e+01         9.260530082087795e-08         
2.737500000000000e+01         9.286974252130014e-08         
2.738750000000000e+01         9.314801752757253e-08         
2.740000000000000e+01         9.344026386904278e-08         
2.741250000000000e+01         9.374663603941954e-08         
2.742500000000000e+01         9.406729338606140e-08         
2.743750000000000e+01         9.440240349021485e-08         
2.745000000000000e+01         9.475214383060603e-08         
2.746250000000000e+01         9.511669195121181e-08         
2.747500000000000e+01         9.549624499347728e-08         
2.748750000000000e+01         9.589100158741822e-08         
2.750000000000000e+01         9.630116970036843e-08         
2.751250000000000e+01         9.672696808112068e-08         
2.752500000000000e+01         9.716861777106914e-08         
2.753750000000000e+01         9.762635268970343e-08         
2.755000000000000e+01         9.810041916941470e-08         
2.756250000000000e+01         9.859106655995932e-08         
2.757500000000000e+01         9.909855753959435e-08         
2.758750000000000e+01         9.962315667375219e-08         
2.760000000000000e+01         1.001651421402964e-07         
2.761250000000000e+01         1.007248049205600e-07         
2.762500000000000e+01         1.013024391319581e-07         
2.763750000000000e+01         1.018983518354807e-07         
2.765000000000000e+01         1.025128533911513e-07         
2.766250000000000e+01         1.031462687036090e-07         
2.767500000000000e+01         1.037989279606635e-07         
2.768750000000000e+01         1.044711758367557e-07         
2.770000000000000e+01         1.051633621630644e-07         
2.771250000000000e+01         1.058758406278985e-07         
2.772500000000000e+01         1.066089798891528e-07         
2.773750000000000e+01         1.073631545818310e-07         
2.775000000000000e+01         1.081387445657711e-07         
2.776250000000000e+01         1.089361460342299e-07         
2.777500000000000e+01         1.097557487542033e-07         
2.778750000000000e+01         1.105979579732257e-07         
2.780000000000000e+01         1.114631825037699e-07         
2.781250000000000e+01         1.123518360089345e-07         
2.782500000000000e+01         1.132643366178281e-07         
2.783750000000000e+01         1.142011056909024e-07         
2.785000000000000e+01         1.151625671970655e-07         
2.786250000000000e+01         1.161491455953160e-07         
2.787500000000000e+01         1.171612655709899e-07         
2.788750000000000e+01         1.181993498492951e-07         
2.790000000000000e+01         1.192638179123769e-07         
2.791250000000000e+01         1.203550830685580e-07         
2.792500000000000e+01         1.214735516700655e-07         
2.793750000000000e+01         1.226196195891468e-07         
2.795000000000000e+01         1.237936702381634e-07         
2.796250000000000e+01         1.249960710356774e-07         
2.797500000000000e+01         1.262271703942234e-07         
2.798750000000000e+01         1.274872939085330e-07         
2.800000000000000e+01         1.287767403657834e-07         
2.801250000000000e+01         1.300957772752428e-07         
2.802500000000000e+01         1.314446359329289e-07         
2.803750000000000e+01         1.328235059438950e-07         
2.805000000000000e+01         1.342325293263908e-07         
2.806250000000000e+01         1.356717940709123e-07         
2.807500000000000e+01         1.371413321465322e-07         
2.808750000000000e+01         1.386410870412797e-07         
2.810000000000000e+01         1.401709556968886e-07         
2.811250000000000e+01         1.417307287033888e-07         
2.812500000000000e+01         1.433201073532707e-07         
2.813750000000000e+01         1.449386913684138e-07         
2.815000000000000e+01         1.465859494407504e-07         
2.816250000000000e+01         1.482612321612777e-07         
2.817500000000000e+01         1.499637620760127e-07         
2.818750000000000e+01         1.516925916249929e-07         
2.820000000000000e+01         1.534466186194066e-07         
2.821250000000000e+01         1.552245436366114e-07         
2.822500000000000e+01         1.570248904878543e-07         
2.823750000000000e+01         1.588459627358581e-07         
2.825000000000000e+01         1.606858593896091e-07         
2.826250000000000e+01         1.625424298317604e-07         
2.827500000000000e+01         1.644132619435111e-07         
2.828750000000000e+01         1.662956949377291e-07         
2.830000000000000e+01         1.681867813171064e-07         
2.831250000000000e+01         1.700833050885534e-07         
2.832500000000000e+01         1.719817408624348e-07         
2.833750000000000e+01         1.738782490473607e-07         
2.835000000000000e+01         1.757687013404105e-07         
2.836250000000000e+01         1.776486566442213e-07         
2.837500000000000e+01         1.795133614166926e-07         
2.838750000000000e+01         1.813577940087835e-07         
2.840000000000000e+01         1.831766088262393e-07         
2.841250000000000e+01         1.849642206673945e-07         
2.842500000000000e+01         1.867147955727605e-07         
2.843750000000000e+01         1.884222883015621e-07         
2.845000000000000e+01         1.900804785769384e-07         
2.846250000000000e+01         1.916830145330093e-07         
2.847500000000000e+01         1.932234621268766e-07         
2.848750000000000e+01         1.946953618588326e-07         
2.850000000000000e+01         1.960922900650524e-07         
2.851250000000000e+01         1.974079257536456e-07         
2.852500000000000e+01         1.986361207849237e-07         
2.853750000000000e+01         1.997709743249036e-07         
2.855000000000000e+01         2.008069062258184e-07         
2.856250000000000e+01         2.017387320736683e-07         
2.857500000000000e+01         2.025617341058781e-07         
2.858750000000000e+01         2.032717320786384e-07         
2.860000000000000e+01         2.038651422160744e-07         
2.861250000000000e+01         2.043390315842338e-07         
2.862500000000000e+01         2.046911668617461e-07         
2.863750000000000e+01         2.049200456320585e-07         
2.865000000000000e+01         2.050249227348750e-07         
2.866250000000000e+01         2.050058171272238e-07         
2.867500000000000e+01         2.048635122451633e-07         
2.868750000000000e+01         2.045995413600551e-07         
2.870000000000000e+01         2.042161578879868e-07         
2.871250000000000e+01         2.037163032810327e-07         
2.872500000000000e+01         2.031035528891383e-07         
2.873750000000000e+01         2.023820624936435e-07         
2.875000000000000e+01         2.015565040047472e-07         
2.876250000000000e+01         2.006319972673821e-07         
2.877500000000000e+01         1.996140374485049e-07         
2.878750000000000e+01         1.985084227939661e-07         
2.880000000000000e+01         1.973211802244075e-07         
2.881250000000000e+01         1.960584954014548e-07         
2.882500000000000e+01         1.947266429352756e-07         
2.883750000000000e+01         1.933319255712742e-07         
2.885000000000000e+01         1.918806101199049e-07         
2.886250000000000e+01         1.903788793492338e-07         
2.887500000000000e+01         1.888327832221828e-07         
2.888750000000000e+01         1.872482041482360e-07         
2.890000000000000e+01         1.856307911651765e-07         
2.891250000000000e+01         1.839859982220655e-07         
2.892500000000000e+01         1.823189952776579e-07         
2.893750000000000e+01         1.806346839631937e-07         
2.895000000000000e+01         1.789376889811938e-07         
2.896250000000000e+01         1.772323249116168e-07         
2.897500000000000e+01         1.755226241797578e-07         
2.898750000000000e+01         1.738123395909537e-07         
2.900000000000000e+01         1.721049163010661e-07         
2.901250000000000e+01         1.704035297609677e-07         
2.902500000000000e+01         1.687110632720573e-07         
2.903750000000000e+01         1.670301562485215e-07         
2.905000000000000e+01         1.653631844086431e-07         
2.906250000000000e+01         1.637123031297687e-07         
2.907500000000000e+01         1.620794288232308e-07         
2.908750000000000e+01         1.604662551031820e-07         
2.910000000000000e+01         1.588742936297953e-07         
2.911250000000000e+01         1.573048661977913e-07         
2.912500000000000e+01         1.557591162880004e-07         
2.913750000000000e+01         1.542380512958553e-07         
2.915000000000000e+01         1.527424981509808e-07         
2.916250000000000e+01         1.512731729305439e-07         
2.917500000000000e+01         1.498306616447919e-07         
2.918750000000000e+01         1.484154338721262e-07         
2.920000000000000e+01         1.470278785585889e-07         
2.921250000000000e+01         1.456682603812743e-07         
2.922500000000000e+01         1.443367819181073e-07         
2.923750000000000e+01         1.430335658692230e-07         
2.925000000000000e+01         1.417586671824837e-07         
2.926250000000000e+01         1.405120816353412e-07         
2.927500000000000e+01         1.392937514520237e-07         
2.928750000000000e+01         1.381035716641545e-07         
2.930000000000000e+01         1.369413951558638e-07         
2.931250000000000e+01         1.358070396614977e-07         
2.932500000000000e+01         1.347002901531010e-07         
2.933750000000000e+01         1.336209046283207e-07         
2.935000000000000e+01         1.325686177898674e-07         
2.936250000000000e+01         1.315431437558086e-07         
2.937500000000000e+01         1.305441802729630e-07         
2.938750000000000e+01         1.295714111822410e-07         
2.940000000000000e+01         1.286245087610436e-07         
2.941250000000000e+01         1.277031370189803e-07         
2.942500000000000e+01         1.268069528650840e-07         
2.943750000000000e+01         1.259356081464243e-07         
2.945000000000000e+01         1.250887523397686e-07         
2.946250000000000e+01         1.242660322056706e-07         
2.947500000000000e+01         1.234670949204364e-07         
2.948750000000000e+01         1.226915888866777e-07         
2.950000000000000e+01         1.219391639493292e-07         
2.951250000000000e+01         1.212094733761405e-07         
2.952500000000000e+01         1.205021737246385e-07         
2.953750000000000e+01         1.198169265312223e-07         
2.955000000000000e+01         1.191533983532104e-07         
2.956250000000000e+01         1.185112613877555e-07         
2.957500000000000e+01         1.178901947882454e-07         
2.958750000000000e+01         1.172898830789805e-07         
2.960000000000000e+01         1.167100183822967e-07         
2.961250000000000e+01         1.161503007174357e-07         
2.962500000000000e+01         1.156104366972647e-07         
2.963750000000000e+01         1.150901454798058e-07         
2.965000000000000e+01         1.145891370791404e-07         
2.966250000000000e+01         1.141071545797351e-07         
2.967500000000000e+01         1.136439330020883e-07         
2.968750000000000e+01         1.131992195763807e-07         
2.970000000000000e+01         1.127727736858853e-07         
2.971250000000000e+01         1.123643461884663e-07         
2.972500000000000e+01         1.119737224745042e-07         
2.973750000000000e+01         1.116006782478646e-07         
2.975000000000000e+01         1.112450024060373e-07         
2.976250000000000e+01         1.109064964579714e-07         
2.977500000000000e+01         1.105849568592197e-07         
2.978750000000000e+01         1.102801975474641e-07         
2.980000000000000e+01         1.099920479875690e-07         
2.981250000000000e+01         1.097203343172952e-07         
2.982500000000000e+01         1.094648984878639e-07         
2.983750000000000e+01         1.092255775975672e-07         
2.985000000000000e+01         1.090022294437146e-07         
2.986250000000000e+01         1.087947116611422e-07         
2.987500000000000e+01         1.086029011465515e-07         
2.988750000000000e+01         1.084266747179049e-07         
2.990000000000000e+01         1.082659087918142e-07         
2.991250000000000e+01         1.081204991357773e-07         
2.992500000000000e+01         1.079903448802494e-07         
2.993750000000000e+01         1.078753487297378e-07         
2.995000000000000e+01         1.077754358969348e-07         
2.996250000000000e+01         1.076905156715665e-07         
2.997500000000000e+01         1.076205197898719e-07         
2.998750000000000e+01         1.075653830644928e-07         
3.000000000000000e+01         1.075250472629451e-07         
3.001250000000000e+01         1.074994612362090e-07         
3.002500000000000e+01         1.074885795846286e-07         
3.003750000000000e+01         1.074923641884496e-07         
3.005000000000000e+01         1.075107841295042e-07         
3.006250000000000e+01         1.075438139763437e-07         
3.007500000000000e+01         1.075914353862834e-07         
3.008750000000000e+01         1.076536353061408e-07         
3.010000000000000e+01         1.077304079241513e-07         
3.011250000000000e+01         1.078217531599174e-07         
3.012500000000000e+01         1.079276767965797e-07         
3.013750000000000e+01         1.080481917532456e-07         
3.015000000000000e+01         1.081833150021927e-07         
3.016250000000000e+01         1.083330704716608e-07         
3.017500000000000e+01         1.084974876321946e-07         
3.018750000000000e+01         1.086766013388893e-07         
3.020000000000000e+01         1.088704520445693e-07         
3.021250000000000e+01         1.090790857523626e-07         
3.022500000000000e+01         1.093025533248389e-07         
3.023750000000000e+01         1.095409111744964e-07         
3.025000000000000e+01         1.097942203915214e-07         
3.026250000000000e+01         1.100625476762403e-07         
3.027500000000000e+01         1.103459628793897e-07         
3.028750000000000e+01         1.106445423690688e-07         
3.030000000000000e+01         1.109583656312411e-07         
3.031250000000000e+01         1.112875169618323e-07         
3.032500000000000e+01         1.116320846375942e-07         
3.033750000000000e+01         1.119921601747039e-07         
3.035000000000000e+01         1.123678392414720e-07         
3.036250000000000e+01         1.127592206887144e-07         
3.037500000000000e+01         1.131664068585490e-07         
3.038750000000000e+01         1.135895025534089e-07         
3.040000000000000e+01         1.140286143945761e-07         
3.041250000000000e+01         1.144838521951717e-07         
3.042500000000000e+01         1.149553268412298e-07         
3.043750000000000e+01         1.154431513306564e-07         
3.045000000000000e+01         1.159474428838598e-07         
3.046250000000000e+01         1.164683027404707e-07         
3.047500000000000e+01         1.170058575747883e-07         
3.048750000000000e+01         1.175602160555589e-07         
3.050000000000000e+01         1.181314903582090e-07         
3.051250000000000e+01         1.187197948205148e-07         
3.052500000000000e+01         1.193252286482628e-07         
3.053750000000000e+01         1.199478959397914e-07         
3.055000000000000e+01         1.205879049590030e-07         
3.056250000000000e+01         1.212453471411457e-07         
3.057500000000000e+01         1.219203153013728e-07         
3.058750000000000e+01         1.226128829096208e-07         
3.060000000000000e+01         1.233231238978627e-07         
3.061250000000000e+01         1.240511118421692e-07         
3.062500000000000e+01         1.247968964197963e-07         
3.063750000000000e+01         1.255605239648468e-07         
3.065000000000000e+01         1.263420140564831e-07         
3.066250000000000e+01         1.271413850580204e-07         
3.067500000000000e+01         1.279586292596393e-07         
3.068750000000000e+01         1.287937344621627e-07         
3.070000000000000e+01         1.296466587293831e-07         
3.071250000000000e+01         1.305173293039321e-07         
3.072500000000000e+01         1.314056612297030e-07         
3.073750000000000e+01         1.323115398763696e-07         
3.075000000000000e+01         1.332348153712458e-07         
3.076250000000000e+01         1.341753256287427e-07         
3.077500000000000e+01         1.351328459760194e-07         
3.078750000000000e+01         1.361071333898673e-07         
3.080000000000000e+01         1.370978996565083e-07         
3.081250000000000e+01         1.381048139746426e-07         
3.082500000000000e+01         1.391274990697786e-07         
3.083750000000000e+01         1.401655280603105e-07         
3.085000000000000e+01         1.412184210474934e-07         
3.086250000000000e+01         1.422856422636140e-07         
3.087500000000000e+01         1.433665956357507e-07         
3.088750000000000e+01         1.444606216287059e-07         
3.090000000000000e+01         1.455669936943214e-07         
3.091250000000000e+01         1.466849150204633e-07         
3.092500000000000e+01         1.478135142054455e-07         
3.093750000000000e+01         1.489518417396743e-07         
3.095000000000000e+01         1.500988674861471e-07         
3.096250000000000e+01         1.512534773109264e-07         
3.097500000000000e+01         1.524144690061932e-07         
3.098750000000000e+01         1.535805507754119e-07         
3.100000000000000e+01         1.547503383278120e-07         
3.101250000000000e+01         1.559223517233271e-07         
3.102500000000000e+01         1.570950171834844e-07         
3.103750000000000e+01         1.582666619722049e-07         
3.105000000000000e+01         1.594355169695290e-07         
3.106250000000000e+01         1.605997160040083e-07         
3.107500000000000e+01         1.617572967438647e-07         
3.108750000000000e+01         1.629062038465452e-07         
3.110000000000000e+01         1.640442906676275e-07         
3.111250000000000e+01         1.651693245208180e-07         
3.112500000000000e+01         1.662789911378505e-07         
3.113750000000000e+01         1.673709012524151e-07         
3.115000000000000e+01         1.684425992679915e-07         
3.116250000000000e+01         1.694915705252486e-07         
3.117500000000000e+01         1.705152517682714e-07         
3.118750000000000e+01         1.715110439927317e-07         
3.120000000000000e+01         1.724763237976810e-07         
3.121250000000000e+01         1.734084591771465e-07         
3.122500000000000e+01         1.743048220905728e-07         
3.123750000000000e+01         1.751628070765265e-07         
3.125000000000000e+01         1.759798457557828e-07         
3.126250000000000e+01         1.767534332694090e-07         
3.127500000000000e+01         1.774811157417317e-07         
3.128750000000000e+01         1.781605682940001e-07         
3.130000000000000e+01         1.787895540496056e-07         
3.131250000000000e+01         1.793659727668632e-07         
3.132500000000000e+01         1.798878792652979e-07         
3.133750000000000e+01         1.803534760599769e-07         
3.135000000000000e+01         1.807611600132099e-07         
3.136250000000000e+01         1.811095381377547e-07         
3.137500000000000e+01         1.813974092644346e-07         
3.138750000000000e+01         1.816238065728639e-07         
3.140000000000000e+01         1.817879782915997e-07         
3.141250000000000e+01         1.818894211190283e-07         
3.142500000000000e+01         1.819278902249664e-07         
3.143750000000000e+01         1.819033678051330e-07         
3.145000000000000e+01         1.818160944697359e-07         
3.146250000000000e+01         1.816665373087351e-07         
3.147500000000000e+01         1.814554197533721e-07         
3.148750000000000e+01         1.811836830283856e-07         
3.150000000000000e+01         1.808525103521718e-07         
3.151250000000000e+01         1.804632812455797e-07         
3.152500000000000e+01         1.800175613047443e-07         
3.153750000000000e+01         1.795171146034039e-07         
3.155000000000000e+01         1.789638651041898e-07         
3.156250000000000e+01         1.783598790125936e-07         
3.157500000000000e+01         1.777073754278697e-07         
3.158750000000000e+01         1.770086511020408e-07         
3.160000000000000e+01         1.762661186367645e-07         
3.161250000000000e+01         1.754822595232189e-07         
3.162500000000000e+01         1.746596115095978e-07         
3.163750000000000e+01         1.738007514145633e-07         
3.165000000000000e+01         1.729082778064163e-07         
3.166250000000000e+01         1.719847953794522e-07         
3.167500000000000e+01         1.710328998759438e-07         
3.168750000000000e+01         1.700551641269578e-07         
3.170000000000000e+01         1.690541255567031e-07         
3.171250000000000e+01         1.680322762093054e-07         
3.172500000000000e+01         1.669920489790601e-07         
3.173750000000000e+01         1.659358129497640e-07         
3.175000000000000e+01         1.648658638335319e-07         
3.176250000000000e+01         1.637844175238975e-07         
3.177500000000000e+01         1.626936063605604e-07         
3.178750000000000e+01         1.615954731136132e-07         
3.180000000000000e+01         1.604919695695045e-07         
3.181250000000000e+01         1.593849532018098e-07         
3.182500000000000e+01         1.582761869292538e-07         
3.183750000000000e+01         1.571673390349591e-07         
3.185000000000000e+01         1.560599822498309e-07         
3.186250000000000e+01         1.549555953161767e-07         
3.187500000000000e+01         1.538555640804421e-07         
3.188750000000000e+01         1.527611844278101e-07         
3.190000000000000e+01         1.516736636391240e-07         
3.191250000000000e+01         1.505941230901118e-07         
3.192500000000000e+01         1.495236018269315e-07         
3.193750000000000e+01         1.484630588344840e-07         
3.195000000000000e+01         1.474133771441483e-07         
3.196250000000000e+01         1.463753668054842e-07         
3.197500000000000e+01         1.453497680363030e-07         
3.198750000000000e+01         1.443372555831152e-07         
3.200000000000000e+01         1.433384416068758e-07         
3.201250000000000e+01         1.423538791409662e-07         
3.202500000000000e+01         1.413840659473403e-07         
3.203750000000000e+01         1.404294473385320e-07         
3.205000000000000e+01         1.394904245740627e-07         
3.206250000000000e+01         1.385673345949300e-07         
3.207500000000000e+01         1.376605043101659e-07         
3.208750000000000e+01         1.367701839494028e-07         
3.210000000000000e+01         1.358966191855131e-07         
3.211250000000000e+01         1.350400079377455e-07         
3.212500000000000e+01         1.342005028080049e-07         
3.213750000000000e+01         1.333782598160556e-07         
3.215000000000000e+01         1.325733715512531e-07         
3.216250000000000e+01         1.317859378407665e-07         
3.217500000000000e+01         1.310160229921300e-07         
3.218750000000000e+01         1.302636580545446e-07         
3.220000000000000e+01         1.295288856569022e-07         
3.221250000000000e+01         1.288116974500018e-07         
3.222500000000000e+01         1.281121046175645e-07         
3.223750000000000e+01         1.274300749679932e-07         
3.225000000000000e+01         1.267655764520598e-07         
3.226250000000000e+01         1.261185801994990e-07         
3.227500000000000e+01         1.254890174216114e-07         
3.228750000000000e+01         1.248768452375251e-07         
3.230000000000000e+01         1.242819846739205e-07         
3.231250000000000e+01         1.237043622323822e-07         
3.232500000000000e+01         1.231439126772713e-07         
3.233750000000000e+01         1.226005372384511e-07         
3.235000000000000e+01         1.220741666599416e-07         
3.236250000000000e+01         1.215647003734942e-07         
3.237500000000000e+01         1.210720480158992e-07         
3.238750000000000e+01         1.205961307345984e-07         
3.240000000000000e+01         1.201368395573734e-07         
3.241250000000000e+01         1.196940990323817e-07         
3.242500000000000e+01         1.192678047461035e-07         
3.243750000000000e+01         1.188578700414078e-07         
3.245000000000000e+01         1.184642052805096e-07         
3.246250000000000e+01         1.180867185036102e-07         
3.247500000000000e+01         1.177253366779222e-07         
3.248750000000000e+01         1.173799642671379e-07         
3.250000000000000e+01         1.170505245969729e-07         
3.251250000000000e+01         1.167369413820438e-07         
3.252500000000000e+01         1.164391367620602e-07         
3.253750000000000e+01         1.161570524086168e-07         
3.255000000000000e+01         1.158906110985664e-07         
3.256250000000000e+01         1.156397541367313e-07         
3.257500000000000e+01         1.154044252035401e-07         
3.258750000000000e+01         1.151845705384846e-07         
3.260000000000000e+01         1.149801430924294e-07         
3.261250000000000e+01         1.147910999862929e-07         
3.262500000000000e+01         1.146174026345615e-07         
3.263750000000000e+01         1.144590197334758e-07         
3.265000000000000e+01         1.143159233499076e-07         
3.266250000000000e+01         1.141880933340471e-07         
3.267500000000000e+01         1.140755172176636e-07         
3.268750000000000e+01         1.139781740941532e-07         
3.270000000000000e+01         1.138960728544834e-07         
3.271250000000000e+01         1.138292111947124e-07         
3.272500000000000e+01         1.137775994882845e-07         
3.273750000000000e+01         1.137412566033269e-07         
3.275000000000000e+01         1.137201927485898e-07         
3.276250000000000e+01         1.137144490746573e-07         
3.277500000000000e+01         1.137240570443299e-07         
3.278750000000000e+01         1.137490603865312e-07         
3.280000000000000e+01         1.137895121603408e-07         
3.281250000000000e+01         1.138454577891550e-07         
3.282500000000000e+01         1.139169743276283e-07         
3.283750000000000e+01         1.140041290135570e-07         
3.285000000000000e+01         1.141070024384054e-07         
3.286250000000000e+01         1.142256862191834e-07         
3.287500000000000e+01         1.143602638146845e-07         
3.288750000000000e+01         1.145108552327460e-07         
3.290000000000000e+01         1.146775562739096e-07         
3.291250000000000e+01         1.148605001096400e-07         
3.292500000000000e+01         1.150598150196139e-07         
3.293750000000000e+01         1.152756276761412e-07         
3.295000000000000e+01         1.155081011917410e-07         
3.296250000000000e+01         1.157573751488012e-07         
3.297500000000000e+01         1.160236278135137e-07         
3.298750000000000e+01         1.163070333525686e-07         
3.300000000000000e+01         1.166077657447749e-07         
3.301250000000000e+01         1.169260347331023e-07         
3.302500000000000e+01         1.172620298242907e-07         
3.303750000000000e+01         1.176159828038333e-07         
3.305000000000000e+01         1.179881078892372e-07         
3.306250000000000e+01         1.183786412467888e-07         
3.307500000000000e+01         1.187878434736793e-07         
3.308750000000000e+01         1.192159579497517e-07         
3.310000000000000e+01         1.196632725396112e-07         
3.311250000000000e+01         1.201300578204920e-07         
3.312500000000000e+01         1.206166085047626e-07         
3.313750000000000e+01         1.211232450257581e-07         
3.315000000000000e+01         1.216502713403503e-07         
3.316250000000000e+01         1.221980370443604e-07         
3.317500000000000e+01         1.227668769951673e-07         
3.318750000000000e+01         1.233571507361043e-07         
3.320000000000000e+01         1.239692454510736e-07         
3.321250000000000e+01         1.246035322564228e-07         
3.322500000000000e+01         1.252604308519878e-07         
3.323750000000000e+01         1.259403457966853e-07         
3.325000000000000e+01         1.266437135488842e-07         
3.326250000000000e+01         1.273709821734665e-07         
3.327500000000000e+01         1.281226100454209e-07         
3.328750000000000e+01         1.288990892704458e-07         
3.330000000000000e+01         1.297009016418935e-07         
3.331250000000000e+01         1.305285619578160e-07         
3.332500000000000e+01         1.313825982780362e-07         
3.333750000000000e+01         1.322635498526954e-07         
3.335000000000000e+01         1.331719905518611e-07         
3.336250000000000e+01         1.341084845474121e-07         
3.337500000000000e+01         1.350736295610350e-07         
3.338750000000000e+01         1.360680371983108e-07         
3.340000000000000e+01         1.370923340461935e-07         
3.341250000000000e+01         1.381471646257939e-07         
3.342500000000000e+01         1.392331889012189e-07         
3.343750000000000e+01         1.403510823631594e-07         
3.345000000000000e+01         1.415015369263782e-07         
3.346250000000000e+01         1.426852581445223e-07         
3.347500000000000e+01         1.439029670180381e-07         
3.348750000000000e+01         1.451554015097981e-07         
3.350000000000000e+01         1.464432930120858e-07         
3.351250000000000e+01         1.477674123380786e-07         
3.352500000000000e+01         1.491285205117513e-07         
3.353750000000000e+01         1.505273913343346e-07         
3.355000000000000e+01         1.519648082350956e-07         
3.356250000000000e+01         1.534415387876296e-07         
3.357500000000000e+01         1.549583802721163e-07         
3.358750000000000e+01         1.565161069479539e-07         
3.360000000000000e+01         1.581154923667633e-07         
3.361250000000000e+01         1.597573035505164e-07         
3.362500000000000e+01         1.614422727329050e-07         
3.363750000000000e+01         1.631711468289169e-07         
3.365000000000000e+01         1.649446048340859e-07         
3.366250000000000e+01         1.667633287040713e-07         
3.367500000000000e+01         1.686279440717702e-07         
3.368750000000000e+01         1.705390105646585e-07         
3.370000000000000e+01         1.724970662833095e-07         
3.371250000000000e+01         1.745025368236947e-07         
3.372500000000000e+01         1.765558038680592e-07         
3.373750000000000e+01         1.786571387791848e-07         
3.375000000000000e+01         1.808066870403950e-07         
3.376250000000000e+01         1.830045092041974e-07         
3.377500000000000e+01         1.852504782737571e-07         
3.378750000000000e+01         1.875443459679029e-07         
3.380000000000000e+01         1.898856665687788e-07         
3.381250000000000e+01         1.922737715049664e-07         
3.382500000000000e+01         1.947078059745334e-07         
3.383750000000000e+01         1.971866143150441e-07         
3.385000000000000e+01         1.997088071595659e-07         
3.386250000000000e+01         2.022726424779509e-07         
3.387500000000000e+01         2.048760556196678e-07         
3.388750000000000e+01         2.075166278571523e-07         
3.390000000000000e+01         2.101914897929147e-07         
3.391250000000000e+01         2.128973843193646e-07         
3.392500000000000e+01         2.156305363871490e-07         
3.393750000000000e+01         2.183866847422988e-07         
3.395000000000000e+01         2.211610501411263e-07         
3.396250000000000e+01         2.239482376904783e-07         
3.397500000000000e+01         2.267423150313042e-07         
3.398750000000000e+01         2.295366834709491e-07         
3.400000000000000e+01         2.323241347143476e-07         
3.401250000000000e+01         2.350968371197807e-07         
3.402500000000000e+01         2.378462688321845e-07         
3.403750000000000e+01         2.405633310625224e-07         
3.405000000000000e+01         2.432382622350171e-07         
3.406250000000000e+01         2.458607564948433e-07         
3.407500000000000e+01         2.484199698928310e-07         
3.408750000000000e+01         2.509045953030684e-07         
3.410000000000000e+01         2.533029759763967e-07         
3.411250000000000e+01         2.556031351617733e-07         
3.412500000000000e+01         2.577929682644622e-07         
3.413750000000000e+01         2.598603373002089e-07         
3.415000000000000e+01         2.617932256997282e-07         
3.416250000000000e+01         2.635799322631704e-07         
3.417500000000000e+01         2.652091681889126e-07         
3.418750000000000e+01         2.666703118147213e-07         
3.420000000000000e+01         2.679535414951017e-07         
3.421250000000000e+01         2.690500209591709e-07         
3.422500000000000e+01         2.699520558629617e-07         
3.423750000000000e+01         2.706532468469798e-07         
3.425000000000000e+01         2.711486101650611e-07         
3.426250000000000e+01         2.714346744771599e-07         
3.427500000000000e+01         2.715095606681841e-07         
3.428750000000000e+01         2.713730091763261e-07         
3.430000000000000e+01         2.710263996069295e-07         
3.431250000000000e+01         2.704726784508192e-07         
3.432500000000000e+01         2.697163758555476e-07         
3.433750000000000e+01         2.687634368342585e-07         
3.435000000000000e+01         2.676211347754375e-07         
3.436250000000000e+01         2.662979399145762e-07         
3.437500000000000e+01         2.648033127048078e-07         
3.438750000000000e+01         2.631476184742717e-07         
3.440000000000000e+01         2.613418751449924e-07         
3.441250000000000e+01         2.593976089447939e-07         
3.442500000000000e+01         2.573266920560405e-07         
3.443750000000000e+01         2.551411320239221e-07         
3.445000000000000e+01         2.528530119341934e-07         
3.446250000000000e+01         2.504742318030622e-07         
3.447500000000000e+01         2.480165040496252e-07         
3.448750000000000e+01         2.454911750869063e-07         
3.450000000000000e+01         2.429091349786111e-07         
3.451250000000000e+01         2.402808220901888e-07         
3.452500000000000e+01         2.376160599014880e-07         
3.453750000000000e+01         2.349241273200535e-07         
3.455000000000000e+01         2.322136604458919e-07         
3.456250000000000e+01         2.294926420475144e-07         
3.457500000000000e+01         2.267684665574982e-07         
3.458750000000000e+01         2.240478466075528e-07         
3.460000000000000e+01         2.213369269586179e-07         
3.461250000000000e+01         2.186412381070933e-07         
3.462500000000000e+01         2.159657230855760e-07         
3.463750000000000e+01         2.133148288531914e-07         
3.465000000000000e+01         2.106924419493245e-07         
3.466250000000000e+01         2.081020220064843e-07         
3.467500000000000e+01         2.055465401625531e-07         
3.468750000000000e+01         2.030285753428608e-07         
3.470000000000000e+01         2.005503449321552e-07         
3.471250000000000e+01         1.981136780705370e-07         
3.472500000000000e+01         1.957201338347140e-07         
3.473750000000000e+01         1.933709432076214e-07         
3.475000000000000e+01         1.910670956806623e-07         
3.476250000000000e+01         1.888093627692606e-07         
3.477500000000000e+01         1.865982669923101e-07         
3.478750000000000e+01         1.844341889344837e-07         
3.480000000000000e+01         1.823173037706336e-07         
3.481250000000000e+01         1.802476624788863e-07         
3.482500000000000e+01         1.782251795020870e-07         
3.483750000000000e+01         1.762496523124263e-07         
3.485000000000000e+01         1.743207996760097e-07         
3.486250000000000e+01         1.724382227982473e-07         
3.487500000000000e+01         1.706014718634155e-07         
3.488750000000000e+01         1.688100277757743e-07         
3.490000000000000e+01         1.670633143370748e-07         
3.491250000000000e+01         1.653607305114388e-07         
3.492500000000000e+01         1.637016092139765e-07         
3.493750000000000e+01         1.620852738741391e-07         
3.495000000000000e+01         1.605110189836258e-07         
3.496250000000000e+01         1.589781180046937e-07         
3.497500000000000e+01         1.574858493272213e-07         
3.498750000000000e+01         1.560334550418108e-07         
3.500000000000000e+01         1.546201908535019e-07         
3.501250000000000e+01         1.532453067047679e-07         
3.502500000000000e+01         1.519080540198439e-07         
3.503750000000000e+01         1.506076878733384e-07         
3.505000000000000e+01         1.493434745268038e-07         
3.506250000000000e+01         1.481146694100619e-07         
3.507500000000000e+01         1.469205655684113e-07         
3.508750000000000e+01         1.457604487539855e-07         
3.510000000000000e+01         1.446336214523318e-07         
3.511250000000000e+01         1.435394036400643e-07         
3.512500000000000e+01         1.424771115063294e-07         
3.513750000000000e+01         1.414461027356429e-07         
3.515000000000000e+01         1.404457322227286e-07         
3.516250000000000e+01         1.394753749602971e-07         
3.517500000000000e+01         1.385344263629359e-07         
3.518750000000000e+01         1.376222804989733e-07         
3.520000000000000e+01         1.367383735459932e-07         
3.521250000000000e+01         1.358821406679818e-07         
3.522500000000000e+01         1.350530380197159e-07         
3.523750000000000e+01         1.342505416721401e-07         
3.525000000000000e+01         1.334741280661283e-07         
3.526250000000000e+01         1.327233185625911e-07         
3.527500000000000e+01         1.319976168044307e-07         
3.528750000000000e+01         1.312965720873420e-07         
3.530000000000000e+01         1.306197361934522e-07         
3.531250000000000e+01         1.299666641072499e-07         
3.532500000000000e+01         1.293369552221791e-07         
3.533750000000000e+01         1.287301908454302e-07         
3.535000000000000e+01         1.281459958448472e-07         
3.536250000000000e+01         1.275839965263841e-07         
3.537500000000000e+01         1.270438217708525e-07         
3.538750000000000e+01         1.265251429776281e-07         
3.540000000000000e+01         1.260276126138297e-07         
3.541250000000000e+01         1.255509248558763e-07         
3.542500000000000e+01         1.250947750835953e-07         
3.543750000000000e+01         1.246588593170617e-07         
3.545000000000000e+01         1.242429146844477e-07         
3.546250000000000e+01         1.238466583885235e-07         
3.547500000000000e+01         1.234698519106047e-07         
3.548750000000000e+01         1.231122414887298e-07         
3.550000000000000e+01         1.227735955393794e-07         
3.551250000000000e+01         1.224537071763535e-07         
3.552500000000000e+01         1.221523524497493e-07         
3.553750000000000e+01         1.218693505666205e-07         
3.555000000000000e+01         1.216045039179419e-07         
3.556250000000000e+01         1.213576370729886e-07         
3.557500000000000e+01         1.211285975803601e-07         
3.558750000000000e+01         1.209172149368335e-07         
3.560000000000000e+01         1.207233613275587e-07         
3.561250000000000e+01         1.205468908095039e-07         
3.562500000000000e+01         1.203876824263369e-07         
3.563750000000000e+01         1.202456226230380e-07         
3.565000000000000e+01         1.201206023239068e-07         
3.566250000000000e+01         1.200125380699006e-07         
3.567500000000000e+01         1.199213320409907e-07         
3.568750000000000e+01         1.198469107788397e-07         
3.570000000000000e+01         1.197892074531287e-07         
3.571250000000000e+01         1.197481588506541e-07         
3.572500000000000e+01         1.197237270527093e-07         
3.573750000000000e+01         1.197158600369304e-07         
3.575000000000000e+01         1.197245284944569e-07         
3.576250000000000e+01         1.197497101837131e-07         
3.577500000000000e+01         1.197913854712255e-07         
3.578750000000000e+01         1.198495600101498e-07         
3.580000000000000e+01         1.199242243316200e-07         
3.581250000000000e+01         1.200153923430980e-07         
3.582500000000000e+01         1.201230843382876e-07         
3.583750000000000e+01         1.202473262795900e-07         
3.585000000000000e+01         1.203881549850733e-07         
3.586250000000000e+01         1.205456177464508e-07         
3.587500000000000e+01         1.207197549513113e-07         
3.588750000000000e+01         1.209106389957651e-07         
3.590000000000000e+01         1.211183342396035e-07         
3.591250000000000e+01         1.213429181494675e-07         
3.592500000000000e+01         1.215844790363920e-07         
3.593750000000000e+01         1.218430983633784e-07         
3.595000000000000e+01         1.221188891746710e-07         
3.596250000000000e+01         1.224119570539236e-07         
3.597500000000000e+01         1.227224191866078e-07         
3.598750000000000e+01         1.230504051035087e-07         
3.600000000000000e+01         1.233960366081756e-07         
3.601250000000000e+01         1.237594674081358e-07         
3.602500000000000e+01         1.241408425557601e-07         
3.603750000000000e+01         1.245403205588552e-07         
3.605000000000000e+01         1.249580704221471e-07         
3.606250000000000e+01         1.253942542772846e-07         
3.607500000000000e+01         1.258490691257420e-07         
3.608750000000000e+01         1.263226884541920e-07         
3.610000000000000e+01         1.268153214647849e-07         
3.611250000000000e+01         1.273271722689415e-07         
3.612500000000000e+01         1.278584420364034e-07         
3.613750000000000e+01         1.284093664545604e-07         
3.615000000000000e+01         1.289801564173643e-07         
3.616250000000000e+01         1.295710588921644e-07         
3.617500000000000e+01         1.301823150300352e-07         
3.618750000000000e+01         1.308141615236637e-07         
3.620000000000000e+01         1.314668693233506e-07         
3.621250000000000e+01         1.321406841121172e-07         
3.622500000000000e+01         1.328358899552680e-07         
3.623750000000000e+01         1.335527479169981e-07         
3.625000000000000e+01         1.342915372190617e-07         
3.626250000000000e+01         1.350525540467155e-07         
3.627500000000000e+01         1.358360710291791e-07         
3.628750000000000e+01         1.366423970608144e-07         
3.630000000000000e+01         1.374718168152842e-07         
3.631250000000000e+01         1.383246293040946e-07         
3.632500000000000e+01         1.392011483320366e-07         
3.633750000000000e+01         1.401016604685128e-07         
3.635000000000000e+01         1.410264859461671e-07         
3.636250000000000e+01         1.419759151985496e-07         
3.637500000000000e+01         1.429502496504316e-07         
3.638750000000000e+01         1.439498013448061e-07         
3.640000000000000e+01         1.449748478891302e-07         
3.641250000000000e+01         1.460256962021851e-07         
3.642500000000000e+01         1.471026159102632e-07         
3.643750000000000e+01         1.482058850141291e-07         
3.645000000000000e+01         1.493357671168680e-07         
3.646250000000000e+01         1.504925083129071e-07         
3.647500000000000e+01         1.516763573170611e-07         
3.648750000000000e+01         1.528875193585689e-07         
3.650000000000000e+01         1.541261971197913e-07         
3.651250000000000e+01         1.553925658219979e-07         
3.652500000000000e+01         1.566867698010557e-07         
3.653750000000000e+01         1.580089427099146e-07         
3.655000000000000e+01         1.593591566876136e-07         
3.656250000000000e+01         1.607374656266523e-07         
3.657500000000000e+01         1.621438768949295e-07         
3.658750000000000e+01         1.635783520234513e-07         
3.660000000000000e+01         1.650408011499821e-07         
3.661250000000000e+01         1.665310780997357e-07         
3.662500000000000e+01         1.680489751414869e-07         
3.663750000000000e+01         1.695942157679769e-07         
3.665000000000000e+01         1.711664504171359e-07         
3.666250000000000e+01         1.727652472822690e-07         
3.667500000000000e+01         1.743900922352342e-07         
3.668750000000000e+01         1.760403558654772e-07         
3.670000000000000e+01         1.777153349715658e-07         
3.671250000000000e+01         1.794141965988996e-07         
3.672500000000000e+01         1.811359919881065e-07         
3.673750000000000e+01         1.828796513325392e-07         
3.675000000000000e+01         1.846439468645372e-07         
3.676250000000000e+01         1.864275372090500e-07         
3.677500000000000e+01         1.882289071476791e-07         
3.678750000000000e+01         1.900463831625193e-07         
3.680000000000000e+01         1.918781283988160e-07         
3.681250000000000e+01         1.937221048721937e-07         
3.682500000000000e+01         1.955761208121336e-07         
3.683750000000000e+01         1.974377720331804e-07         
3.685000000000000e+01         1.993044580297777e-07         
3.686250000000000e+01         2.011733826526932e-07         
3.687500000000000e+01         2.030415196377093e-07         
3.688750000000000e+01         2.049056726518589e-07         
3.690000000000000e+01         2.067623915720232e-07         
3.691250000000000e+01         2.086080569670092e-07         
3.692500000000000e+01         2.104388315493325e-07         
3.693750000000000e+01         2.122506605655305e-07         
3.695000000000000e+01         2.140393441940424e-07         
3.696250000000000e+01         2.158004607404031e-07         
3.697500000000000e+01         2.175294695545748e-07         
3.698750000000000e+01         2.192216736940338e-07         
3.700000000000000e+01         2.208722369917684e-07         
3.701250000000000e+01         2.224762765132980e-07         
3.702500000000000e+01         2.240287958372358e-07         
3.703750000000000e+01         2.255248172140241e-07         
3.705000000000000e+01         2.269593266362225e-07         
3.706250000000000e+01         2.283273730155143e-07         
3.707500000000000e+01         2.296241080104185e-07         
3.708750000000000e+01         2.308447672884715e-07         
3.710000000000000e+01         2.319848094624176e-07         
3.711250000000000e+01         2.330398658188560e-07         
3.712500000000000e+01         2.340058490703972e-07         
3.713750000000000e+01         2.348789942568492e-07         
3.715000000000000e+01         2.356558398746805e-07         
3.716250000000000e+01         2.363333609501556e-07         
3.717500000000000e+01         2.369089076653292e-07         
3.718750000000000e+01         2.373803047338829e-07         
3.720000000000000e+01         2.377458720845068e-07         
3.721250000000000e+01         2.380043852439444e-07         
3.722500000000000e+01         2.381551835618287e-07         
3.723750000000000e+01         2.381980823881797e-07         
3.725000000000000e+01         2.381334461336811e-07         
3.726250000000000e+01         2.379621471099201e-07         
3.727500000000000e+01         2.376855577098207e-07         
3.728750000000000e+01         2.373055609742665e-07         
3.730000000000000e+01         2.368244631202067e-07         
3.731250000000000e+01         2.362450304845764e-07         
3.732500000000000e+01         2.355704188013081e-07         
3.733750000000000e+01         2.348041403243493e-07         
3.735000000000000e+01         2.339500532208093e-07         
3.736250000000000e+01         2.330122560124589e-07         
3.737500000000000e+01         2.319951083413998e-07         
3.738750000000000e+01         2.309031515467936e-07         
3.740000000000000e+01         2.297410776163471e-07         
3.741250000000000e+01         2.285136801990880e-07         
3.742500000000000e+01         2.272258174396042e-07         
3.743750000000000e+01         2.258823747270169e-07         
3.745000000000000e+01         2.244882229241296e-07         
3.746250000000000e+01         2.230481929722184e-07         
3.747500000000000e+01         2.215670384996632e-07         
3.748750000000000e+01         2.200494209221575e-07         
3.750000000000000e+01         2.184998537446103e-07         
3.751250000000000e+01         2.169227426965844e-07         
3.752500000000000e+01         2.153223113539887e-07         
3.753750000000000e+01         2.137026133351788e-07         
3.755000000000000e+01         2.120675277068379e-07         
3.756250000000000e+01         2.104207161220523e-07         
3.757500000000000e+01         2.087656802940403e-07         
3.758750000000000e+01         2.071057002697704e-07         
3.760000000000000e+01         2.054438598124450e-07         
3.761250000000000e+01         2.037830514337298e-07         
3.762500000000000e+01         2.021259484641856e-07         
3.763750000000000e+01         2.004750706595508e-07         
3.765000000000000e+01         1.988327063349723e-07         
3.766250000000000e+01         1.972010006318354e-07         
3.767500000000000e+01         1.955819090220690e-07         
3.768750000000000e+01         1.939772022450872e-07         
3.770000000000000e+01         1.923885294481335e-07         
3.771250000000000e+01         1.908173458458464e-07         
3.772500000000000e+01         1.892649996516805e-07         
3.773750000000000e+01         1.877326880501319e-07         
3.775000000000000e+01         1.862214652941486e-07         
3.776250000000000e+01         1.847323029943329e-07         
3.777500000000000e+01         1.832660195456354e-07         
3.778750000000000e+01         1.818233666315057e-07         
3.780000000000000e+01         1.804049831306412e-07         
3.781250000000000e+01         1.790114039884777e-07         
3.782500000000000e+01         1.776431170943069e-07         
3.783750000000000e+01         1.763004947911186e-07         
3.785000000000000e+01         1.749838790191093e-07         
3.786250000000000e+01         1.736935133974821e-07         
3.787500000000000e+01         1.724295984782709e-07         
3.788750000000000e+01         1.711922957922960e-07         
3.790000000000000e+01         1.699816851813435e-07         
3.791250000000000e+01         1.687978412215055e-07         
3.792500000000000e+01         1.676407651785432e-07         
3.793750000000000e+01         1.665104380225299e-07         
3.795000000000000e+01         1.654068229401333e-07         
3.796250000000000e+01         1.643298217273050e-07         
3.797500000000000e+01         1.632793487744934e-07         
3.798750000000000e+01         1.622552637438294e-07         
3.800000000000000e+01         1.612574251500393e-07         
3.801250000000000e+01         1.602856706968309e-07         
3.802500000000000e+01         1.593398182130292e-07         
3.803750000000000e+01         1.584196914822071e-07         
3.805000000000000e+01         1.575250770788958e-07         
3.806250000000000e+01         1.566557698257373e-07         
3.807500000000000e+01         1.558115545725502e-07         
3.808750000000000e+01         1.549922045082753e-07         
3.810000000000000e+01         1.541975074672077e-07         
3.811250000000000e+01         1.534272210519370e-07         
3.812500000000000e+01         1.526811191216420e-07         
3.813750000000000e+01         1.519589704412574e-07         
3.815000000000000e+01         1.512605389723572e-07         
3.816250000000000e+01         1.505856077338888e-07         
3.817500000000000e+01         1.499339350816417e-07         
3.818750000000000e+01         1.493052986303316e-07         
3.820000000000000e+01         1.486994761066497e-07         
3.821250000000000e+01         1.481162474833385e-07         
3.822500000000000e+01         1.475553982326715e-07         
3.823750000000000e+01         1.470167175485301e-07         
3.825000000000000e+01         1.464999989040910e-07         
3.826250000000000e+01         1.460050434098672e-07         
3.827500000000000e+01         1.455316555604815e-07         
3.828750000000000e+01         1.450796476600781e-07         
3.830000000000000e+01         1.446488419032476e-07         
3.831250000000000e+01         1.442390488996495e-07         
3.832500000000000e+01         1.438501136545606e-07         
3.833750000000000e+01         1.434818693623919e-07         
3.835000000000000e+01         1.431341614059785e-07         
3.836250000000000e+01         1.428068465293055e-07         
3.837500000000000e+01         1.424997705043908e-07         
3.838750000000000e+01         1.422128148611237e-07         
3.840000000000001e+01         1.419458524198183e-07         
3.841250000000000e+01         1.416987534635366e-07         
3.842500000000000e+01         1.414714256044801e-07         
3.843750000000000e+01         1.412637480999418e-07         
3.845000000000000e+01         1.410756448772445e-07         
3.846250000000001e+01         1.409070152554571e-07         
3.847500000000000e+01         1.407577806545444e-07         
3.848750000000000e+01         1.406278837031119e-07         
3.850000000000000e+01         1.405172426713837e-07         
3.851250000000000e+01         1.404258213220775e-07         
3.852500000000001e+01         1.403535586574664e-07         
3.853750000000000e+01         1.403004158813080e-07         
3.855000000000000e+01         1.402663737049261e-07         
3.856250000000000e+01         1.402513925176044e-07         
3.857500000000000e+01         1.402554744539070e-07         
3.858750000000001e+01         1.402785988010303e-07         
3.860000000000000e+01         1.403207666231761e-07         
3.861250000000000e+01         1.403819981745130e-07         
3.862500000000000e+01         1.404622943574500e-07         
3.863750000000000e+01         1.405616951997424e-07         
3.865000000000001e+01         1.406802213464079e-07         
3.866250000000000e+01         1.408179169380496e-07         
3.867500000000000e+01         1.409748296777343e-07         
3.868750000000000e+01         1.411510116986132e-07         
3.870000000000000e+01         1.413465384636294e-07         
3.871250000000001e+01         1.415614693932184e-07         
3.872500000000000e+01         1.417958876570876e-07         
3.873750000000000e+01         1.420498802386642e-07         
3.875000000000000e+01         1.423235369516746e-07         
3.876250000000000e+01         1.426169719452246e-07         
3.877500000000001e+01         1.429302832950174e-07         
3.878750000000000e+01         1.432635897296407e-07         
3.880000000000000e+01         1.436170172225343e-07         
3.881250000000000e+01         1.439906964148522e-07         
3.882500000000000e+01         1.443847655739067e-07         
3.883750000000001e+01         1.447993704089555e-07         
3.885000000000000e+01         1.452346614986769e-07         
3.886250000000000e+01         1.456907997009909e-07         
3.887500000000000e+01         1.461679480069391e-07         
3.888750000000000e+01         1.466662793627209e-07         
3.890000000000001e+01         1.471859753358577e-07         
3.891250000000000e+01         1.477272054306964e-07         
3.892500000000000e+01         1.482901725175949e-07         
3.893750000000000e+01         1.488750644590513e-07         
3.895000000000000e+01         1.494820816067289e-07         
3.896250000000001e+01         1.501114310835669e-07         
3.897500000000000e+01         1.507633063723188e-07         
3.898750000000000e+01         1.514379324079013e-07         
3.900000000000000e+01         1.521355172481321e-07         
3.901250000000000e+01         1.528562785712437e-07         
3.902500000000001e+01         1.536004375115542e-07         
3.903750000000000e+01         1.543682007013256e-07         
3.905000000000000e+01         1.551598058806201e-07         
3.906250000000000e+01         1.559754534496021e-07         
3.907500000000000e+01         1.568153755528275e-07         
3.908750000000001e+01         1.576797864708064e-07         
3.910000000000000e+01         1.585688852218437e-07         
3.911250000000000e+01         1.594828966443244e-07         
3.912500000000000e+01         1.604220041550761e-07         
3.913750000000000e+01         1.613864152449807e-07         
3.915000000000001e+01         1.623763141019840e-07         
3.916250000000000e+01         1.633918617572558e-07         
3.917500000000000e+01         1.644332375380200e-07         
3.918750000000000e+01         1.655005709917713e-07         
3.920000000000000e+01         1.665940060370761e-07         
3.921250000000001e+01         1.677136544517955e-07         
3.922500000000000e+01         1.688595926135582e-07         
3.923750000000000e+01         1.700319051125431e-07         
3.925000000000000e+01         1.712306124671833e-07         
3.926250000000000e+01         1.724557422255559e-07         
3.927500000000001e+01         1.737072557412742e-07         
3.928750000000000e+01         1.749850912220738e-07         
3.930000000000000e+01         1.762891607827991e-07         
3.931250000000000e+01         1.776192974811303e-07         
3.932500000000000e+01         1.789753239114707e-07         
3.933750000000001e+01         1.803569747655682e-07         
3.935000000000000e+01         1.817639407353503e-07         
3.936250000000000e+01         1.831958630737260e-07         
3.937500000000000e+01         1.846522798374972e-07         
3.938750000000000e+01         1.861326931542773e-07         
3.940000000000001e+01         1.876364898178990e-07         
3.941250000000000e+01         1.891629848188024e-07         
3.942500000000000e+01         1.907114147305549e-07         
3.943750000000000e+01         1.922808808118535e-07         
3.945000000000000e+01         1.938704190688062e-07         
3.946250000000001e+01         1.954789153340770e-07         
3.947500000000000e+01         1.971051575328796e-07         
3.948750000000000e+01         1.987477991601818e-07         
3.950000000000000e+01         2.004053572369784e-07         
3.951250000000000e+01         2.020762275235814e-07         
3.952500000000001e+01         2.037586271498453e-07         
3.953750000000000e+01         2.054506431996815e-07         
3.955000000000000e+01         2.071501967257931e-07         
3.956250000000000e+01         2.088550424353635e-07         
3.957500000000000e+01         2.105627864268292e-07         
3.958750000000001e+01         2.122708331594222e-07         
3.960000000000000e+01         2.139764347245600e-07         
3.961250000000000e+01         2.156766620357279e-07         
3.962500000000000e+01         2.173684150141897e-07         
3.963750000000000e+01         2.190484177119485e-07         
3.965000000000001e+01         2.207132296043570e-07         
3.966250000000000e+01         2.223592456607498e-07         
3.967500000000000e+01         2.239827065820767e-07         
3.968750000000000e+01         2.255797094382126e-07         
3.970000000000000e+01         2.271462172594109e-07         
3.971250000000001e+01         2.286780865514365e-07         
3.972500000000000e+01         2.301710482014352e-07         
3.973750000000000e+01         2.316207931273203e-07         
3.975000000000000e+01         2.330229322636591e-07         
3.976250000000000e+01         2.343730540363025e-07         
3.977500000000001e+01         2.356667529631639e-07         
3.978750000000000e+01         2.368996272962175e-07         
3.980000000000000e+01         2.380673759924736e-07         
3.981250000000000e+01         2.391657688788352e-07         
3.982500000000000e+01         2.401907133966299e-07         
3.983750000000001e+01         2.411382912091281e-07         
3.985000000000000e+01         2.420047618431092e-07         
3.986250000000000e+01         2.427866687654837e-07         
3.987500000000000e+01         2.434807787278524e-07         
3.988750000000000e+01         2.440842105843610e-07         
3.990000000000001e+01         2.445944018455885e-07         
3.991250000000000e+01         2.450091365049696e-07         
3.992500000000000e+01         2.453266351849482e-07         
3.993750000000000e+01         2.455454763442885e-07         
3.995000000000000e+01         2.456647120760474e-07         
3.996250000000001e+01         2.456838115659158e-07         
3.997500000000000e+01         2.456026726220433e-07         
3.998750000000000e+01         2.454216786176999e-07         
4.000000000000000e+01         2.451416055646130e-07         
4.001250000000000e+01         2.447637058956037e-07         
4.002500000000001e+01         2.442896289494716e-07         
4.003750000000000e+01         2.437214071951912e-07         
4.005000000000000e+01         2.430614869064130e-07         
4.006250000000000e+01         2.423126199885355e-07         
4.007500000000000e+01         2.414779219042582e-07         
4.008750000000001e+01         2.405607518764531e-07         
4.010000000000000e+01         2.395647452076960e-07         
4.011250000000000e+01         2.384937656639120e-07         
4.012500000000000e+01         2.373518216014236e-07         
4.013750000000000e+01         2.361431093416010e-07         
4.015000000000001e+01         2.348718963844808e-07         
4.016250000000000e+01         2.335425420512804e-07         
4.017500000000000e+01         2.321594626775275e-07         
4.018750000000000e+01         2.307270483248688e-07         
4.020000000000000e+01         2.292497125059576e-07         
4.021250000000001e+01         2.277317867404363e-07         
4.022500000000000e+01         2.261775541503849e-07         
4.023750000000000e+01         2.245912016331070e-07         
4.025000000000000e+01         2.229768009168968e-07         
4.026250000000000e+01         2.213383183299605e-07         
4.027500000000001e+01         2.196795495073588e-07         
4.028750000000000e+01         2.180041596857964e-07         
4.030000000000000e+01         2.163156496197785e-07         
4.031250000000000e+01         2.146173479000908e-07         
4.032500000000000e+01         2.129124354053611e-07         
4.033750000000001e+01         2.112038852302946e-07         
4.035000000000000e+01         2.094945193512706e-07         
4.036250000000000e+01         2.077869794924006e-07         
4.037500000000000e+01         2.060837310018182e-07         
4.038750000000000e+01         2.043870913370294e-07         
4.040000000000001e+01         2.026991803417406e-07         
4.041250000000000e+01         2.010219796460753e-07         
4.042500000000000e+01         1.993573100039295e-07         
4.043750000000000e+01         1.977068435325987e-07         
4.045000000000000e+01         1.960721092924767e-07         
4.046250000000001e+01         1.944545001518706e-07         
4.047500000000000e+01         1.928552795623091e-07         
4.048750000000000e+01         1.912755882873478e-07         
4.050000000000000e+01         1.897164513864855e-07         
4.051250000000000e+01         1.881787844425944e-07         
4.052500000000001e+01         1.866634064073552e-07         
4.053750000000000e+01         1.851710213628899e-07         
4.055000000000000e+01         1.837022718939646e-07         
4.056250000000000e+01         1.822576991846978e-07         
4.057500000000000e+01         1.808377720750211e-07         
4.058750000000001e+01         1.794428926649657e-07         
4.060000000000000e+01         1.780733789316619e-07         
4.061250000000000e+01         1.767295150943469e-07         
4.062500000000000e+01         1.754115128548920e-07         
4.063750000000000e+01         1.741195359987128e-07         
4.065000000000001e+01         1.728537069484107e-07         
4.066250000000000e+01         1.716140879763698e-07         
4.067500000000000e+01         1.704007336910135e-07         
4.068750000000000e+01         1.692136288986382e-07         
4.070000000000000e+01         1.680527574148735e-07         
4.071250000000001e+01         1.669180623471126e-07         
4.072500000000000e+01         1.658094478336023e-07         
4.073750000000000e+01         1.647268266425022e-07         
4.075000000000000e+01         1.636700566201215e-07         
4.076250000000000e+01         1.626390084822127e-07         
4.077500000000001e+01         1.616335250356507e-07         
4.078750000000000e+01         1.606534228675990e-07         
4.080000000000000e+01         1.596985371690665e-07         
4.081250000000000e+01         1.587686594504531e-07         
4.082500000000000e+01         1.578636033639014e-07         
4.083750000000001e+01         1.569831625779408e-07         
4.085000000000000e+01         1.561271139905705e-07         
4.086250000000000e+01         1.552952591965143e-07         
4.087500000000000e+01         1.544873640329809e-07         
4.088750000000000e+01         1.537032255994335e-07         
4.090000000000001e+01         1.529426119050069e-07         
4.091250000000000e+01         1.522053026515502e-07         
4.092500000000000e+01         1.514910914617822e-07         
4.093750000000000e+01         1.507997445081058e-07         
4.095000000000000e+01         1.501310628989190e-07         
4.096250000000001e+01         1.494848228250616e-07         
4.097500000000000e+01         1.488608155892866e-07         
4.098750000000000e+01         1.482588483319610e-07         
4.100000000000000e+01         1.476787052918368e-07         
4.101250000000000e+01         1.471202067712780e-07         
4.102500000000001e+01         1.465831508883127e-07         
4.103750000000000e+01         1.460673571012541e-07         
4.105000000000000e+01         1.455726463873977e-07         
4.106250000000000e+01         1.450988429832123e-07         
4.107500000000000e+01         1.446457917968168e-07         
4.108750000000001e+01         1.442133225874044e-07         
4.110000000000000e+01         1.438012848857347e-07         
4.111250000000000e+01         1.434095346473494e-07         
4.112500000000000e+01         1.430379295261486e-07         
4.113750000000000e+01         1.426863493273563e-07         
4.115000000000001e+01         1.423546602583018e-07         
4.116250000000000e+01         1.420427486701845e-07         
4.117500000000000e+01         1.417505087816328e-07         
4.118750000000000e+01         1.414778344840821e-07         
4.120000000000000e+01         1.412246465945759e-07         
4.121250000000001e+01         1.409908500193919e-07         
4.122500000000000e+01         1.407763713584309e-07         
4.123750000000000e+01         1.405811455620087e-07         
4.125000000000000e+01         1.404051113270298e-07         
4.126250000000000e+01         1.402482209088964e-07         
4.127500000000001e+01         1.401104341863422e-07         
4.128750000000000e+01         1.399917075353835e-07         
4.130000000000000e+01         1.398920292649892e-07         
4.131250000000000e+01         1.398113782375496e-07         
4.132500000000000e+01         1.397497506272368e-07         
4.133750000000001e+01         1.397071509556881e-07         
4.135000000000000e+01         1.396835811891849e-07         
4.136250000000000e+01         1.396790733649969e-07         
4.137500000000000e+01         1.396936541883537e-07         
4.138750000000000e+01         1.397273656050988e-07         
4.140000000000001e+01         1.397802597215654e-07         
4.141250000000000e+01         1.398523856375964e-07         
4.142500000000000e+01         1.399438240558067e-07         
4.143750000000000e+01         1.400546511619491e-07         
4.145000000000000e+01         1.401849566489748e-07         
4.146250000000001e+01         1.403348444706524e-07         
4.147500000000000e+01         1.405044145283094e-07         
4.148750000000000e+01         1.406938026511536e-07         
4.150000000000000e+01         1.409031266667036e-07         
4.151250000000000e+01         1.411325406220661e-07         
4.152500000000001e+01         1.413821991479691e-07         
4.153750000000000e+01         1.416522571089161e-07         
4.155000000000000e+01         1.419429068046512e-07         
4.156250000000000e+01         1.422543227522597e-07         
4.157500000000000e+01         1.425867176356037e-07         
4.158750000000001e+01         1.429403050758772e-07         
4.160000000000000e+01         1.433153005779902e-07         
4.161250000000000e+01         1.437119579913392e-07         
4.162500000000000e+01         1.441305147404613e-07         
4.163750000000000e+01         1.445712514140755e-07         
4.165000000000001e+01         1.450344367598295e-07         
4.166250000000000e+01         1.455203623550881e-07         
4.167500000000000e+01         1.460293488639245e-07         
4.168750000000000e+01         1.465617028525032e-07         
4.170000000000000e+01         1.471177765248017e-07         
4.171250000000001e+01         1.476979116572981e-07         
4.172500000000000e+01         1.483024747260560e-07         
4.173750000000000e+01         1.489318634439706e-07         
4.175000000000000e+01         1.495864609387423e-07         
4.176250000000000e+01         1.502667016164166e-07         
4.177500000000001e+01         1.509730082007543e-07         
4.178750000000000e+01         1.517058313051823e-07         
4.180000000000000e+01         1.524656546797129e-07         
4.181250000000000e+01         1.532529491654808e-07         
4.182500000000000e+01         1.540682396491454e-07         
4.183750000000001e+01         1.549120392281245e-07         
4.185000000000000e+01         1.557848981033864e-07         
4.186250000000000e+01         1.566873838157215e-07         
4.187500000000000e+01         1.576200770155013e-07         
4.188750000000000e+01         1.585835990360129e-07         
4.190000000000001e+01         1.595785651314844e-07         
4.191250000000000e+01         1.606056304677492e-07         
4.192500000000000e+01         1.616654672960452e-07         
4.193750000000000e+01         1.627587653663487e-07         
4.195000000000000e+01         1.638862561408425e-07         
4.196250000000001e+01         1.650486661058571e-07         
4.197500000000000e+01         1.662467631761951e-07         
4.198750000000000e+01         1.674813339628196e-07         
4.200000000000000e+01         1.687531841690320e-07         
4.201250000000000e+01         1.700631606391966e-07         
4.202500000000001e+01         1.714121072315714e-07         
4.203750000000000e+01         1.728009085143194e-07         
4.205000000000000e+01         1.742304676573451e-07         
4.206250000000000e+01         1.757017108948255e-07         
4.207500000000000e+01         1.772155860055383e-07         
4.208750000000001e+01         1.787730674215700e-07         
4.210000000000000e+01         1.803751309865960e-07         
4.211250000000000e+01         1.820228001172215e-07         
4.212500000000000e+01         1.837170977764073e-07         
4.213750000000000e+01         1.854590677741108e-07         
4.215000000000001e+01         1.872497731070330e-07         
4.216250000000000e+01         1.890902701351558e-07         
4.217500000000000e+01         1.909816529402385e-07         
4.218750000000000e+01         1.929250022746832e-07         
4.220000000000000e+01         1.949214072600926e-07         
4.221250000000001e+01         1.969719591250439e-07         
4.222500000000000e+01         1.990777231795730e-07         
4.223750000000000e+01         2.012397817662740e-07         
4.225000000000000e+01         2.034591786692686e-07         
4.226250000000000e+01         2.057369369830865e-07         
4.227500000000001e+01         2.080740495815099e-07         
4.228750000000000e+01         2.104714459136862e-07         
4.230000000000000e+01         2.129300368233728e-07         
4.231250000000000e+01         2.154506253336137e-07         
4.232500000000000e+01         2.180339717873460e-07         
4.233750000000001e+01         2.206807258367268e-07         
4.235000000000000e+01         2.233914110738394e-07         
4.236250000000000e+01         2.261664585084176e-07         
4.237500000000000e+01         2.290061066815248e-07         
4.238750000000000e+01         2.319104590831249e-07         
4.240000000000001e+01         2.348794082749873e-07         
4.241250000000000e+01         2.379126033117057e-07         
4.242500000000000e+01         2.410094801996220e-07         
4.243750000000000e+01         2.441691450617861e-07         
4.245000000000000e+01         2.473904278724715e-07         
4.246250000000001e+01         2.506717622546898e-07         
4.247500000000000e+01         2.540112016031327e-07         
4.248750000000000e+01         2.574063773903527e-07         
4.250000000000000e+01         2.608543972231175e-07         
4.251250000000000e+01         2.643518861100221e-07         
4.252500000000001e+01         2.678948505837901e-07         
4.253750000000000e+01         2.714786886081198e-07         
4.255000000000000e+01         2.750981461113193e-07         
4.256250000000000e+01         2.787472012528007e-07         
4.257500000000000e+01         2.824191169062214e-07         
4.258750000000001e+01         2.861063053907479e-07         
4.260000000000000e+01         2.898003507368005e-07         
4.261250000000000e+01         2.934919857728862e-07         
4.262500000000000e+01         2.971709969303677e-07         
4.263750000000000e+01         3.008263248251515e-07         
4.265000000000001e+01         3.044459566664180e-07         
4.266250000000000e+01         3.080170297505782e-07         
4.267500000000000e+01         3.115258306389075e-07         
4.268750000000000e+01         3.149578569569360e-07         
4.270000000000000e+01         3.182979366955548e-07         
4.271250000000001e+01         3.215302575923688e-07         
4.272500000000000e+01         3.246385775346466e-07         
4.273750000000000e+01         3.276063433522122e-07         
4.275000000000000e+01         3.304168731185372e-07         
4.276250000000000e+01         3.330536030060037e-07         
4.277500000000001e+01         3.355002285516458e-07         
4.278750000000000e+01         3.377410357987078e-07         
4.280000000000000e+01         3.397610967813491e-07         
4.281250000000000e+01         3.415465457017474e-07         
4.282500000000000e+01         3.430848224055165e-07         
4.283750000000001e+01         3.443649089421752e-07         
4.285000000000000e+01         3.453775538488254e-07         
4.286250000000000e+01         3.461154442144357e-07         
4.287500000000000e+01         3.465733782946653e-07         
4.288750000000000e+01         3.467483539724833e-07         
4.290000000000001e+01         3.466396541971706e-07         
4.291250000000000e+01         3.462488166112103e-07         
4.292500000000000e+01         3.455796701342766e-07         
4.293750000000000e+01         3.446381844800118e-07         
4.295000000000000e+01         3.434323628131148e-07         
4.296250000000001e+01         3.419720869639389e-07         
4.297500000000000e+01         3.402688737282954e-07         
4.298750000000000e+01         3.383357197997282e-07         
4.300000000000000e+01         3.361867946506797e-07         
4.301250000000000e+01         3.338372100829470e-07         
4.302500000000001e+01         3.313027880546409e-07         
4.303750000000000e+01         3.285997613486225e-07         
4.305000000000000e+01         3.257446316443962e-07         
4.306250000000000e+01         3.227538437537726e-07         
4.307500000000000e+01         3.196436958578093e-07         
4.308750000000001e+01         3.164301066628776e-07         
4.310000000000000e+01         3.131284576470103e-07         
4.311250000000000e+01         3.097535586467006e-07         
4.312500000000000e+01         3.063194348189249e-07         
4.313750000000000e+01         3.028393672776335e-07         
4.315000000000001e+01         2.993257754101428e-07         
4.316250000000000e+01         2.957901783285779e-07         
4.317500000000000e+01         2.922432603113352e-07         
4.318750000000000e+01         2.886947609126913e-07         
4.320000000000000e+01         2.851535995732384e-07         
4.321250000000001e+01         2.816278253751456e-07         
4.322500000000000e+01         2.781246508840252e-07         
4.323750000000000e+01         2.746505600397713e-07         
4.325000000000000e+01         2.712112456463819e-07         
4.326250000000000e+01         2.678117649026461e-07         
4.327500000000001e+01         2.644564841849280e-07         
4.328750000000000e+01         2.611491936657991e-07         
4.330000000000000e+01         2.578931533012004e-07         
4.331250000000000e+01         2.546910739392943e-07         
4.332500000000000e+01         2.515452586066315e-07         
4.333750000000001e+01         2.484575479909574e-07         
4.335000000000000e+01         2.454294276548190e-07         
4.336250000000000e+01         2.424620592710446e-07         
4.337500000000000e+01         2.395562602471477e-07         
4.338750000000000e+01         2.367126254600299e-07         
4.340000000000001e+01         2.339314668568829e-07         
4.341250000000000e+01         2.312129046271863e-07         
4.342500000000000e+01         2.285568862909378e-07         
4.343750000000000e+01         2.259631578538526e-07         
4.345000000000000e+01         2.234313685399311e-07         
4.346250000000001e+01         2.209610050822020e-07         
4.347500000000000e+01         2.185514719741873e-07         
4.348750000000000e+01         2.162020771339820e-07         
4.350000000000000e+01         2.139120491200969e-07         
4.351250000000000e+01         2.116805732946763e-07         
4.352500000000001e+01         2.095067518153831e-07         
4.353750000000000e+01         2.073896669036624e-07         
4.355000000000000e+01         2.053283608353657e-07         
4.356250000000000e+01         2.033218476583401e-07         
4.357500000000000e+01         2.013691420462189e-07         
4.358750000000001e+01         1.994692168744871e-07         
4.360000000000000e+01         1.976210582629739e-07         
4.361250000000000e+01         1.958236455932266e-07         
4.362500000000000e+01         1.940759596499820e-07         
4.363750000000000e+01         1.923769874525310e-07         
4.365000000000001e+01         1.907257240343049e-07         
4.366250000000000e+01         1.891211762060861e-07         
4.367500000000000e+01         1.875623641340274e-07         
4.368750000000000e+01         1.860483224414301e-07         
4.370000000000000e+01         1.845781048173045e-07         
4.371250000000001e+01         1.831507851786172e-07         
4.372500000000000e+01         1.817654405600600e-07         
4.373750000000000e+01         1.804211947478177e-07         
4.375000000000000e+01         1.791171739061153e-07         
4.376250000000000e+01         1.778525311741959e-07         
4.377500000000001e+01         1.766264453339469e-07         
4.378750000000000e+01         1.754380999477169e-07         
4.380000000000000e+01         1.742867267880714e-07         
4.381250000000000e+01         1.731715629507696e-07         
4.382500000000000e+01         1.720918721187778e-07         
4.383750000000001e+01         1.710469442329721e-07         
4.385000000000000e+01         1.700360746335195e-07         
4.386250000000000e+01         1.690586101488810e-07         
4.387500000000000e+01         1.681138858329386e-07         
4.388750000000000e+01         1.672012873133871e-07         
4.390000000000001e+01         1.663202082776374e-07         
4.391250000000000e+01         1.654700519348889e-07         
4.392500000000000e+01         1.646502698795005e-07         
4.393750000000000e+01         1.638603017894065e-07         
4.395000000000000e+01         1.630996351810225e-07         
4.396250000000001e+01         1.623677651007358e-07         
4.397500000000000e+01         1.616641923465622e-07         
4.398750000000000e+01         1.609884665640236e-07         
4.400000000000000e+01         1.603401220913768e-07         
4.401250000000000e+01         1.597187395411283e-07         
4.402500000000001e+01         1.591239055389601e-07         
4.403750000000000e+01         1.585552100264552e-07         
4.405000000000000e+01         1.580122907813775e-07         
4.406250000000000e+01         1.574947666683271e-07         
4.407500000000000e+01         1.570023071880154e-07         
4.408750000000001e+01         1.565345689936213e-07         
4.410000000000000e+01         1.560912342710955e-07         
4.411250000000000e+01         1.556720152882676e-07         
4.412500000000000e+01         1.552766079346344e-07         
4.413750000000000e+01         1.549047577408438e-07         
4.415000000000001e+01         1.545561934091356e-07         
4.416250000000000e+01         1.542306706490951e-07         
4.417500000000000e+01         1.539279722892124e-07         
4.418750000000000e+01         1.536478633477329e-07         
4.420000000000000e+01         1.533901570502743e-07         
4.421250000000001e+01         1.531546487816294e-07         
4.422500000000000e+01         1.529411640151475e-07         
4.423750000000000e+01         1.527495360635397e-07         
4.425000000000000e+01         1.525796061032275e-07         
4.426250000000000e+01         1.524312443764903e-07         
4.427500000000001e+01         1.523043069726577e-07         
4.428750000000000e+01         1.521986785647276e-07         
4.430000000000000e+01         1.521142510041684e-07         
4.431250000000000e+01         1.520509233924955e-07         
4.432500000000000e+01         1.520086205829904e-07         
4.433750000000001e+01         1.519872560225142e-07         
4.435000000000000e+01         1.519867685162724e-07         
4.436250000000000e+01         1.520071036311765e-07         
4.437500000000000e+01         1.520482134792462e-07         
4.438750000000000e+01         1.521100751542659e-07         
4.440000000000001e+01         1.521926535965709e-07         
4.441250000000000e+01         1.522959383084879e-07         
4.442500000000000e+01         1.524199249149989e-07         
4.443750000000000e+01         1.525646186082929e-07         
4.445000000000000e+01         1.527300339965600e-07         
4.446250000000001e+01         1.529161952019124e-07         
4.447500000000000e+01         1.531231354426687e-07         
4.448750000000000e+01         1.533508969971797e-07         
4.450000000000000e+01         1.535995312956136e-07         
4.451250000000000e+01         1.538690985503718e-07         
4.452500000000001e+01         1.541596716673234e-07         
4.453750000000000e+01         1.544713156487129e-07         
4.455000000000000e+01         1.548041290438949e-07         
4.456250000000000e+01         1.551582018552952e-07         
4.457500000000000e+01         1.555336366863433e-07         
4.458750000000001e+01         1.559305478989357e-07         
4.460000000000000e+01         1.563490413027880e-07         
4.461250000000000e+01         1.567892557885671e-07         
4.462500000000000e+01         1.572513191493110e-07         
4.463750000000000e+01         1.577353735140596e-07         
4.465000000000001e+01         1.582415705834930e-07         
4.466250000000000e+01         1.587700517681416e-07         
4.467500000000000e+01         1.593209954780628e-07         
4.468750000000000e+01         1.598945521585661e-07         
4.470000000000000e+01         1.604909082196961e-07         
4.471250000000001e+01         1.611102417129293e-07         
4.472500000000000e+01         1.617527252754039e-07         
4.473750000000000e+01         1.624185654524461e-07         
4.475000000000000e+01         1.631079383241855e-07         
4.476250000000000e+01         1.638210553460992e-07         
4.477500000000001e+01         1.645581171311430e-07         
4.478750000000000e+01         1.653193163250460e-07         
4.480000000000000e+01         1.661048761250894e-07         
4.481250000000000e+01         1.669149886613872e-07         
4.482500000000000e+01         1.677498763733447e-07         
4.483750000000001e+01         1.686097487899151e-07         
4.485000000000000e+01         1.694948031437900e-07         
4.486250000000000e+01         1.704052640837378e-07         
4.487500000000000e+01         1.713413203540120e-07         
4.488750000000000e+01         1.723031906914867e-07         
4.490000000000001e+01         1.732910599090095e-07         
4.491250000000000e+01         1.743051193757706e-07         
4.492500000000000e+01         1.753455655030267e-07         
4.493750000000000e+01         1.764125566007715e-07         
4.495000000000000e+01         1.775062745525414e-07         
4.496250000000001e+01         1.786268592203292e-07         
4.497500000000000e+01         1.797744485034770e-07         
4.498750000000000e+01         1.809491782916021e-07         
4.500000000000000e+01         1.821511358588965e-07         
4.501250000000000e+01         1.833804216176012e-07         
4.502500000000001e+01         1.846370834255863e-07         
4.503750000000000e+01         1.859211607617304e-07         
4.505000000000000e+01         1.872326600693487e-07         
4.506250000000000e+01         1.885715518270978e-07         
4.507500000000000e+01         1.899377890591725e-07         
4.508750000000001e+01         1.913312597336417e-07         
4.510000000000000e+01         1.927518285773289e-07         
4.511250000000000e+01         1.941993086092606e-07         
4.512500000000000e+01         1.956734591618658e-07         
4.513750000000000e+01         1.971740031113438e-07         
4.515000000000001e+01         1.987005766010140e-07         
4.516250000000000e+01         2.002527715256774e-07         
4.517500000000000e+01         2.018301044679469e-07         
4.518750000000000e+01         2.034320156581592e-07         
4.520000000000000e+01         2.050578831759488e-07         
4.521250000000001e+01         2.067069718408995e-07         
4.522500000000000e+01         2.083784762303296e-07         
4.523750000000000e+01         2.100714872155661e-07         
4.525000000000000e+01         2.117849960328891e-07         
4.526250000000000e+01         2.135178818457070e-07         
4.527500000000001e+01         2.152689176226740e-07         
4.528750000000000e+01         2.170367337523579e-07         
4.530000000000000e+01         2.188198637654050e-07         
4.531250000000000e+01         2.206166914100054e-07         
4.532500000000000e+01         2.224254644063458e-07         
4.533750000000001e+01         2.242442960567879e-07         
4.535000000000000e+01         2.260711296688635e-07         
4.536250000000000e+01         2.279037887039597e-07         
4.537500000000000e+01         2.297399221834661e-07         
4.538750000000000e+01         2.315770237162482e-07         
4.540000000000001e+01         2.334124375634984e-07         
4.541250000000000e+01         2.352433234500765e-07         
4.542500000000000e+01         2.370667164943750e-07         
4.543750000000000e+01         2.388794727521570e-07         
4.545000000000000e+01         2.406783007231203e-07         
4.546250000000001e+01         2.424597665093112e-07         
4.547500000000000e+01         2.442202731112737e-07         
4.548750000000000e+01         2.459561317562925e-07         
4.550000000000000e+01         2.476634868958992e-07         
4.551250000000000e+01         2.493384165214449e-07         
4.552500000000001e+01         2.509768890835636e-07         
4.553750000000000e+01         2.525747809419783e-07         
4.555000000000000e+01         2.541279556324268e-07         
4.556250000000000e+01         2.556321964941689e-07         
4.557500000000000e+01         2.570833199468693e-07         
4.558750000000001e+01         2.584771421742126e-07         
4.560000000000000e+01         2.598095056720622e-07         
4.561250000000000e+01         2.610763695418973e-07         
4.562500000000000e+01         2.622737478660977e-07         
4.563750000000000e+01         2.633978387695935e-07         
4.565000000000001e+01         2.644449620537997e-07         
4.566250000000000e+01         2.654116572016491e-07         
4.567500000000000e+01         2.662947039941851e-07         
4.568750000000000e+01         2.670910995504061e-07         
4.570000000000000e+01         2.677981751774952e-07         
4.571250000000001e+01         2.684135280070689e-07         
4.572500000000000e+01         2.689351123192918e-07         
4.573750000000000e+01         2.693612488762905e-07         
4.575000000000000e+01         2.696905939521167e-07         
4.576250000000000e+01         2.699222323139591e-07         
4.577500000000001e+01         2.700556017614373e-07         
4.578750000000000e+01         2.700905618286262e-07         
4.580000000000000e+01         2.700273843741319e-07         
4.581250000000000e+01         2.698667024512490e-07         
4.582500000000000e+01         2.696095815197554e-07         
4.583750000000001e+01         2.692574279589328e-07         
4.585000000000000e+01         2.688120335848859e-07         
4.586250000000000e+01         2.682755250572912e-07         
4.587500000000000e+01         2.676503522825098e-07         
4.588750000000000e+01         2.669392800612698e-07         
4.590000000000001e+01         2.661453134417261e-07         
4.591250000000000e+01         2.652717215065413e-07         
4.592500000000000e+01         2.643219803241072e-07         
4.593750000000000e+01         2.632997434526791e-07         
4.595000000000000e+01         2.622088367883311e-07         
4.596250000000001e+01         2.610531757578957e-07         
4.597500000000000e+01         2.598367876379262e-07         
4.598750000000000e+01         2.585637562203314e-07         
4.600000000000000e+01         2.572382003918754e-07         
4.601250000000000e+01         2.558642430897430e-07         
4.602500000000001e+01         2.544459958700248e-07         
4.603750000000000e+01         2.529875273483425e-07         
4.605000000000000e+01         2.514928478095010e-07         
4.606250000000000e+01         2.499658888174224e-07         
4.607500000000000e+01         2.484104879466845e-07         
4.608750000000001e+01         2.468303801639373e-07         
4.610000000000000e+01         2.452291567492455e-07         
4.611250000000000e+01         2.436103135924536e-07         
4.612500000000000e+01         2.419771850574396e-07         
4.613750000000000e+01         2.403329671123246e-07         
4.615000000000001e+01         2.386807118477493e-07         
4.616250000000000e+01         2.370232976736623e-07         
4.617500000000000e+01         2.353634829877478e-07         
4.618750000000000e+01         2.337038502346088e-07         
4.620000000000000e+01         2.320468348632723e-07         
4.621250000000001e+01         2.303947261804975e-07         
4.622500000000000e+01         2.287496460839574e-07         
4.623750000000000e+01         2.271136016288323e-07         
4.625000000000000e+01         2.254884387782176e-07         
4.626250000000000e+01         2.238758738173130e-07         
4.627500000000001e+01         2.222774957247792e-07         
4.628750000000000e+01         2.206947494941805e-07         
4.630000000000000e+01         2.191289930300970e-07         
4.631250000000000e+01         2.175814318189355e-07         
4.632500000000000e+01         2.160531957904060e-07         
4.633750000000001e+01         2.145452979601925e-07         
4.635000000000000e+01         2.130586391573248e-07         
4.636250000000000e+01         2.115940628316195e-07         
4.637500000000000e+01         2.101522877983670e-07         
4.638750000000000e+01         2.087339853138980e-07         
4.640000000000001e+01         2.073397383133857e-07         
4.641250000000000e+01         2.059700437438736e-07         
4.642500000000000e+01         2.046253674153723e-07         
4.643750000000000e+01         2.033060767647891e-07         
4.645000000000000e+01         2.020125206403857e-07         
4.646250000000001e+01         2.007449632804685e-07         
4.647500000000000e+01         1.995036357589909e-07         
4.648750000000000e+01         1.982887393780178e-07         
4.650000000000000e+01         1.971004021864639e-07         
4.651250000000000e+01         1.959387533597773e-07         
4.652500000000001e+01         1.948038564631608e-07         
4.653750000000000e+01         1.936957585223982e-07         
4.655000000000000e+01         1.926144929982244e-07         
4.656250000000000e+01         1.915600367362266e-07         
4.657500000000000e+01         1.905323810972545e-07         
4.658750000000001e+01         1.895314659411916e-07         
4.660000000000000e+01         1.885572272554669e-07         
4.661250000000000e+01         1.876095987974565e-07         
4.662500000000000e+01         1.866884701518043e-07         
4.663750000000000e+01         1.857937537230669e-07         
4.665000000000001e+01         1.849253224121538e-07         
4.666250000000000e+01         1.840830568715886e-07         
4.667500000000000e+01         1.832668269389072e-07         
4.668750000000000e+01         1.824764923973123e-07         
4.670000000000000e+01         1.817119254236479e-07         
4.671250000000001e+01         1.809729695907264e-07         
4.672500000000000e+01         1.802594826505937e-07         
4.673750000000000e+01         1.795713172610750e-07         
4.675000000000000e+01         1.789083209792064e-07         
4.676250000000000e+01         1.782703586666267e-07         
4.677500000000001e+01         1.776572718175209e-07         
4.678750000000000e+01         1.770689184795829e-07         
4.680000000000000e+01         1.765051575820547e-07         
4.681250000000000e+01         1.759658496355880e-07         
4.682500000000000e+01         1.754508588752764e-07         
4.683750000000001e+01         1.749600545501436e-07         
4.685000000000000e+01         1.744933080862088e-07         
4.686250000000000e+01         1.740504999270077e-07         
4.687500000000000e+01         1.736315115020352e-07         
4.688750000000000e+01         1.732362337204215e-07         
4.690000000000001e+01         1.728645662557916e-07         
4.691250000000000e+01         1.725163974672485e-07         
4.692500000000000e+01         1.721916502864574e-07         
4.693750000000000e+01         1.718902343417880e-07         
4.695000000000000e+01         1.716120742459659e-07         
4.696250000000001e+01         1.713571046310524e-07         
4.697500000000000e+01         1.711252502525294e-07         
4.698750000000000e+01         1.709164714676673e-07         
4.700000000000000e+01         1.707307162923742e-07         
4.701250000000000e+01         1.705679499312716e-07         
4.702500000000001e+01         1.704281455866129e-07         
4.703750000000000e+01         1.703112713957203e-07         
4.705000000000000e+01         1.702173334910725e-07         
4.706250000000000e+01         1.701463113967438e-07         
4.707500000000000e+01         1.700982260121252e-07         
4.708750000000001e+01         1.700730913876439e-07         
4.710000000000000e+01         1.700709218871493e-07         
4.711250000000000e+01         1.700917678870467e-07         
4.712500000000000e+01         1.701356577134058e-07         
4.713750000000000e+01         1.702026591432194e-07         
4.715000000000001e+01         1.702928344689621e-07         
4.716250000000000e+01         1.704062467762405e-07         
4.717500000000000e+01         1.705429959521458e-07         
4.718750000000000e+01         1.707031609114843e-07         
4.720000000000000e+01         1.708868583118369e-07         
4.721250000000001e+01         1.710942034209111e-07         
4.722500000000000e+01         1.713253105428237e-07         
4.723750000000000e+01         1.715803319494422e-07         
4.725000000000000e+01         1.718593994479225e-07         
4.726250000000000e+01         1.721626871898461e-07         
4.727500000000001e+01         1.724903527248463e-07         
4.728750000000000e+01         1.728425768296391e-07         
4.730000000000000e+01         1.732195628135593e-07         
4.731250000000000e+01         1.736214981872274e-07         
4.732500000000000e+01         1.740486134821312e-07         
4.733750000000001e+01         1.745011233688249e-07         
4.735000000000000e+01         1.749792636499346e-07         
4.736250000000000e+01         1.754832976894825e-07         
4.737500000000000e+01         1.760134699026054e-07         
4.738750000000000e+01         1.765700692818426e-07         
4.740000000000001e+01         1.771533692825940e-07         
4.741250000000000e+01         1.777636646918107e-07         
4.742500000000000e+01         1.784012782395039e-07         
4.743750000000000e+01         1.790665135514135e-07         
4.745000000000000e+01         1.797597193709352e-07         
4.746250000000001e+01         1.804812282593272e-07         
4.747500000000000e+01         1.812313988857351e-07         
4.748750000000000e+01         1.820106012366769e-07         
4.750000000000000e+01         1.828192085939048e-07         
4.751250000000000e+01         1.836576257144653e-07         
4.752500000000001e+01         1.845262425387785e-07         
4.753750000000000e+01         1.854254746791940e-07         
4.755000000000000e+01         1.863557481534732e-07         
4.756250000000000e+01         1.873174911191031e-07         
4.757500000000000e+01         1.883111623107996e-07         
4.758750000000001e+01         1.893372017359590e-07         
4.760000000000000e+01         1.903960761915788e-07         
4.761250000000000e+01         1.914882579973805e-07         
4.762500000000000e+01         1.926142245555846e-07         
4.763750000000000e+01         1.937744628276567e-07         
4.765000000000001e+01         1.949694631701381e-07         
4.766250000000000e+01         1.961997218613489e-07         
4.767500000000000e+01         1.974657389696034e-07         
4.768750000000000e+01         1.987680160126232e-07         
4.770000000000000e+01         2.001070569795145e-07         
4.771250000000001e+01         2.014833672577334e-07         
4.772500000000000e+01         2.028974323260802e-07         
4.773750000000000e+01         2.043497602482417e-07         
4.775000000000000e+01         2.058408329817283e-07         
4.776250000000000e+01         2.073711276686707e-07         
4.777500000000001e+01         2.089411133178435e-07         
4.778750000000000e+01         2.105512236141250e-07         
4.780000000000000e+01         2.122019019769902e-07         
4.781250000000000e+01         2.138935487574467e-07         
4.782500000000000e+01         2.156265424554852e-07         
4.783750000000001e+01         2.174012335569437e-07         
4.785000000000000e+01         2.192179156518568e-07         
4.786250000000000e+01         2.210768745903772e-07         
4.787500000000000e+01         2.229783069123997e-07         
4.788750000000000e+01         2.249223886999298e-07         
4.790000000000001e+01         2.269092186898902e-07         
4.791250000000000e+01         2.289388095019475e-07         
4.792500000000000e+01         2.310111302175213e-07         
4.793750000000000e+01         2.331260212915226e-07         
4.795000000000000e+01         2.352832609854839e-07         
4.796250000000001e+01         2.374825043463108e-07         
4.797500000000000e+01         2.397232703653783e-07         
4.798750000000000e+01         2.420049840029920e-07         
4.800000000000000e+01         2.443268828011891e-07         
4.801250000000000e+01         2.466880846772684e-07         
4.802500000000001e+01         2.490875193265690e-07         
4.803750000000000e+01         2.515239138984979e-07         
4.805000000000000e+01         2.539958306770971e-07         
4.806250000000000e+01         2.565015710098263e-07         
4.807500000000000e+01         2.590392451593642e-07         
4.808750000000001e+01         2.616066731543823e-07         
4.810000000000000e+01         2.642014248376654e-07         
4.811250000000000e+01         2.668207996069754e-07         
4.812500000000000e+01         2.694617575682264e-07         
4.813750000000000e+01         2.721209847881830e-07         
4.815000000000001e+01         2.747947954977695e-07         
4.816250000000000e+01         2.774791731388842e-07         
4.817500000000000e+01         2.801697580882936e-07         
4.818750000000000e+01         2.828617813733130e-07         
4.820000000000000e+01         2.855501411685895e-07         
4.821250000000001e+01         2.882293117907064e-07         
4.822500000000000e+01         2.908934066148896e-07         
4.823750000000000e+01         2.935361517295782e-07         
4.825000000000000e+01         2.961508933023470e-07         
4.826250000000000e+01         2.987306399778531e-07         
4.827500000000001e+01         3.012680235098385e-07         
4.828750000000000e+01         3.037553822082917e-07         
4.830000000000000e+01         3.061847643636503e-07         
4.831250000000000e+01         3.085479661556503e-07         
4.832500000000000e+01         3.108366131886470e-07         
4.833750000000001e+01         3.130421460198106e-07         
4.835000000000000e+01         3.151559500210645e-07         
4.836250000000000e+01         3.171693900231260e-07         
4.837500000000000e+01         3.190738846368319e-07         
4.838750000000000e+01         3.208610223906480e-07         
4.840000000000001e+01         3.225225755529756e-07         
4.841250000000000e+01         3.240506586342105e-07         
4.842500000000000e+01         3.254377834548594e-07         
4.843750000000000e+01         3.266769549945282e-07         
4.845000000000000e+01         3.277617587412881e-07         
4.846250000000001e+01         3.286864447418598e-07         
4.847500000000000e+01         3.294460042261714e-07         
4.848750000000000e+01         3.300362395628028e-07         
4.850000000000000e+01         3.304538233505790e-07         
4.851250000000000e+01         3.306963473552526e-07         
4.852500000000001e+01         3.307623635947259e-07         
4.853750000000000e+01         3.306513755043415e-07         
4.855000000000000e+01         3.303639064200503e-07         
4.856250000000000e+01         3.299014312435633e-07         
4.857500000000000e+01         3.292663855134554e-07         
4.858750000000001e+01         3.284621293478123e-07         
4.860000000000000e+01         3.274928691317073e-07         
4.861250000000000e+01         3.263636576459877e-07         
4.862500000000000e+01         3.250802694499604e-07         
4.863750000000000e+01         3.236491419967442e-07         
4.865000000000001e+01         3.220773040963869e-07         
4.866250000000000e+01         3.203722518508247e-07         
4.867500000000000e+01         3.185419271482972e-07         
4.868750000000000e+01         3.165945372742780e-07         
4.870000000000000e+01         3.145385554182897e-07         
4.871250000000001e+01         3.123825817319792e-07         
4.872500000000000e+01         3.101352518579967e-07         
4.873750000000000e+01         3.078052313495659e-07         
4.875000000000000e+01         3.054010542868753e-07         
4.876250000000000e+01         3.029311483084763e-07         
4.877500000000001e+01         3.004037279243457e-07         
4.878750000000000e+01         2.978267367261042e-07         
4.880000000000000e+01         2.952078788684614e-07         
4.881250000000000e+01         2.925544884009018e-07         
4.882500000000000e+01         2.898735976138281e-07         
4.883750000000001e+01         2.871718614229602e-07         
4.885000000000000e+01         2.844555360513094e-07         
4.886250000000000e+01         2.817305395367889e-07         
4.887500000000000e+01         2.790023535843550e-07         
4.888750000000000e+01         2.762761240811515e-07         
4.890000000000001e+01         2.735565741820199e-07         
4.891250000000000e+01         2.708480736279446e-07         
4.892500000000000e+01         2.681546484702084e-07         
4.893750000000000e+01         2.654799344927181e-07         
4.895000000000000e+01         2.628272801419607e-07         
4.896250000000001e+01         2.601996738414975e-07         
4.897500000000000e+01         2.575998191225869e-07         
4.898750000000000e+01         2.550301499689569e-07         
4.900000000000000e+01         2.524927922154889e-07         
4.901250000000000e+01         2.499896640544792e-07         
4.902500000000001e+01         2.475224098232580e-07         
4.903750000000000e+01         2.450924777075225e-07         
4.905000000000000e+01         2.427011074006824e-07         
4.906250000000000e+01         2.403493466806681e-07         
4.907500000000000e+01         2.380380925617687e-07         
4.908750000000001e+01         2.357680513774221e-07         
4.910000000000000e+01         2.335398086444481e-07         
4.911250000000000e+01         2.313538104360911e-07         
4.912500000000000e+01         2.292103794138746e-07         
4.913750000000000e+01         2.271097504619263e-07         
4.915000000000001e+01         2.250520294215923e-07         
4.916250000000000e+01         2.230372559574080e-07         
4.917500000000000e+01         2.210653840778898e-07         
4.918750000000000e+01         2.191362942975644e-07         
4.920000000000000e+01         2.172498225895379e-07         
4.921250000000001e+01         2.154057211566917e-07         
4.922500000000000e+01         2.136037139235870e-07         
4.923750000000000e+01         2.118434752181351e-07         
4.925000000000000e+01         2.101246445469907e-07         
4.926250000000000e+01         2.084468278773447e-07         
4.927500000000001e+01         2.068096093694493e-07         
4.928750000000000e+01         2.052125322329244e-07         
4.930000000000000e+01         2.036551470921908e-07         
4.931250000000000e+01         2.021369715892486e-07         
4.932500000000000e+01         2.006575148162819e-07         
4.933750000000001e+01         1.992162811369730e-07         
4.935000000000000e+01         1.978127505088716e-07         
4.936250000000000e+01         1.964464239486117e-07         
4.937500000000000e+01         1.951167831927685e-07         
4.938750000000000e+01         1.938233136285940e-07         
4.940000000000001e+01         1.925655054404638e-07         
4.941250000000000e+01         1.913428352660417e-07         
4.942500000000000e+01         1.901548084926922e-07         
4.943750000000000e+01         1.890009184804572e-07         
4.945000000000000e+01         1.878806699848305e-07         
4.946250000000001e+01         1.867935782052018e-07         
4.947500000000000e+01         1.857391499071900e-07         
4.948750000000000e+01         1.847169298879288e-07         
4.950000000000000e+01         1.837264388580521e-07         
4.951250000000000e+01         1.827672364018976e-07         
4.952500000000001e+01         1.818388797989302e-07         
4.953750000000000e+01         1.809409255739509e-07         
4.955000000000000e+01         1.800729689105952e-07         
4.956250000000000e+01         1.792345847646825e-07         
4.957500000000000e+01         1.784253875633214e-07         
4.958750000000001e+01         1.776449915498958e-07         
4.960000000000000e+01         1.768930114195438e-07         
4.961250000000000e+01         1.761691011303080e-07         
4.962500000000000e+01         1.754728960918278e-07         
4.963750000000000e+01         1.748040748324022e-07         
4.965000000000001e+01         1.741623018016794e-07         
4.966250000000000e+01         1.735472637345749e-07         
4.967500000000000e+01         1.729586736657889e-07         
4.968750000000000e+01         1.723962290481242e-07         
4.970000000000000e+01         1.718596702121766e-07         
4.971250000000001e+01         1.713487242673619e-07         
4.972500000000000e+01         1.708631400253576e-07         
4.973750000000000e+01         1.704026930447967e-07         
4.975000000000000e+01         1.699671416419918e-07         
4.976250000000000e+01         1.695562893947044e-07         
4.977500000000001e+01         1.691699246733966e-07         
4.978750000000000e+01         1.688078578285511e-07         
4.980000000000000e+01         1.684699258510843e-07         
4.981250000000000e+01         1.681559481565649e-07         
4.982500000000000e+01         1.678657896174309e-07         
4.983750000000001e+01         1.675992980196994e-07         
4.985000000000000e+01         1.673563492165729e-07         
4.986250000000000e+01         1.671368292593248e-07         
4.987500000000000e+01         1.669406284609842e-07         
4.988750000000000e+01         1.667676683910374e-07         
4.990000000000001e+01         1.666178564040934e-07         
4.991250000000000e+01         1.664911288266188e-07         
4.992500000000000e+01         1.663874297255991e-07         
4.993750000000000e+01         1.663067108483372e-07         
4.995000000000000e+01         1.662489525885703e-07         
4.996250000000001e+01         1.662141220311110e-07         
4.997500000000000e+01         1.662022154423622e-07         
4.998750000000000e+01         1.662132363312140e-07         
5.000000000000000e+01         1.662471971587405e-07         
